stem,image_exists,mask_exists,img_h,img_w,pixels,aspect_ratio,mask_h,mask_w,mask_coverage,mask_pixels,mask_size_class,same_size,touch_top,touch_bottom,touch_left,touch_right,touches_any_border,n_borders_touched
ISIC_0000000,True,True,767,1022,783874,1.332464146023468,767,1022,0.46973238045910437,368211,normal,True,False,False,False,False,False,0
ISIC_0000001,True,True,767,1022,783874,1.332464146023468,767,1022,0.07050367788700736,55266,normal,True,False,False,False,False,False,0
ISIC_0000003,True,True,767,1022,783874,1.332464146023468,767,1022,0.3365693976327828,263828,normal,True,False,False,False,False,False,0
ISIC_0000004,True,True,767,1022,783874,1.332464146023468,767,1022,0.3449738095663334,270416,normal,True,False,False,False,False,False,0
ISIC_0000006,True,True,767,1022,783874,1.332464146023468,767,1022,0.09172264930333192,71899,normal,True,False,False,False,False,False,0
ISIC_0000007,True,True,767,1022,783874,1.332464146023468,767,1022,0.08805879516350842,69027,normal,True,False,False,False,False,False,0
ISIC_0000008,True,True,767,1022,783874,1.332464146023468,767,1022,0.33748408545250896,264545,normal,True,False,False,False,False,False,0
ISIC_0000009,True,True,767,1022,783874,1.332464146023468,767,1022,0.2313790226490482,181372,normal,True,False,False,False,False,False,0
ISIC_0000011,True,True,767,1022,783874,1.332464146023468,767,1022,0.18024708052569674,141291,normal,True,False,False,False,False,False,0
ISIC_0000012,True,True,767,1022,783874,1.332464146023468,767,1022,0.0503218629524643,39446,normal,True,False,False,False,False,False,0
ISIC_0000013,True,True,767,1022,783874,1.332464146023468,767,1022,0.2757675340679752,216167,normal,True,False,False,False,False,False,0
ISIC_0000014,True,True,767,1022,783874,1.332464146023468,767,1022,0.28055784475566226,219922,normal,True,False,False,False,False,False,0
ISIC_0000015,True,True,767,1022,783874,1.332464146023468,767,1022,0.2277419585290493,178521,normal,True,False,False,False,False,False,0
ISIC_0000016,True,True,767,1022,783874,1.332464146023468,767,1022,0.20810104685191752,163125,normal,True,False,False,False,False,False,0
ISIC_0000017,True,True,1129,1504,1698016,1.3321523472099204,1129,1504,0.15428888773721802,261985,normal,True,False,False,False,False,False,0
ISIC_0000018,True,True,1129,1504,1698016,1.3321523472099204,1129,1504,0.23557198518741873,400005,normal,True,False,False,False,False,False,0
ISIC_0000019,True,True,1129,1504,1698016,1.3321523472099204,1129,1504,0.32150698226636265,545924,normal,True,False,False,False,False,False,0
ISIC_0000020,True,True,1129,1504,1698016,1.3321523472099204,1129,1504,0.239541912443699,406746,normal,True,False,False,False,False,False,0
ISIC_0000021,True,True,1129,1504,1698016,1.3321523472099204,1129,1504,0.25398288355351184,431267,normal,True,False,False,False,False,False,0
ISIC_0000022,True,True,1129,1504,1698016,1.3321523472099204,1129,1504,0.40905091589242976,694575,normal,True,False,False,False,False,False,0
ISIC_0000023,True,True,1129,1504,1698016,1.3321523472099204,1129,1504,0.17712495053050148,300761,normal,True,False,False,False,False,False,0
ISIC_0000024,True,True,1129,1504,1698016,1.3321523472099204,1129,1504,0.33282313005295594,565139,normal,True,False,False,False,False,False,0
ISIC_0000025,True,True,1129,1504,1698016,1.3321523472099204,1129,1504,0.1961406724082694,333050,normal,True,False,False,False,False,False,0
ISIC_0000026,True,True,1129,1504,1698016,1.3321523472099204,1129,1504,0.5335939119537154,906051,normal,True,False,False,False,False,False,0
ISIC_0000027,True,True,1129,1504,1698016,1.3321523472099204,1129,1504,0.19029797127942258,323129,normal,True,False,False,False,False,False,0
ISIC_0000028,True,True,1129,1504,1698016,1.3321523472099204,1129,1504,0.24007606524320146,407653,normal,True,False,False,False,False,False,0
ISIC_0000029,True,True,1129,1504,1698016,1.3321523472099204,1129,1504,0.3876859817575335,658297,normal,True,False,False,False,False,False,0
ISIC_0000030,True,True,1129,1503,1696887,1.3312666076173605,1129,1503,0.49775559598252567,844635,normal,True,False,False,False,False,False,0
ISIC_0000031,True,True,1129,1504,1698016,1.3321523472099204,1129,1504,0.32612001300341104,553757,normal,True,False,False,False,False,False,0
ISIC_0000032,True,True,1129,1504,1698016,1.3321523472099204,1129,1504,0.32923835817801483,559052,normal,True,False,False,False,False,False,0
ISIC_0000034,True,True,1129,1504,1698016,1.3321523472099204,1129,1504,0.20596861278103387,349738,normal,True,False,False,False,False,False,0
ISIC_0000035,True,True,1129,1504,1698016,1.3321523472099204,1129,1504,0.4655362493639636,790488,normal,True,False,False,False,False,False,0
ISIC_0000036,True,True,1129,1504,1698016,1.3321523472099204,1129,1504,0.3923155023274221,666158,normal,True,False,False,False,False,False,0
ISIC_0000037,True,True,1129,1504,1698016,1.3321523472099204,1129,1504,0.4297815803855794,729776,normal,True,False,False,False,False,False,0
ISIC_0000038,True,True,1129,1504,1698016,1.3321523472099204,1129,1504,0.5224461960311328,887122,normal,True,False,False,False,False,False,0
ISIC_0000039,True,True,1129,1504,1698016,1.3321523472099204,1129,1504,0.22121228539660404,375622,normal,True,False,False,False,False,False,0
ISIC_0000040,True,True,1129,1504,1698016,1.3321523472099204,1129,1504,0.2685840416109153,456060,normal,True,False,False,False,False,False,0
ISIC_0000041,True,True,1129,1504,1698016,1.3321523472099204,1129,1504,0.06928262160073874,117643,normal,True,False,False,False,False,False,0
ISIC_0000042,True,True,1129,1504,1698016,1.3321523472099204,1129,1504,0.33521651150519194,569203,normal,True,False,False,False,False,False,0
ISIC_0000043,True,True,1129,1504,1698016,1.3321523472099204,1129,1504,0.4100002591259446,696187,normal,True,False,False,False,False,False,0
ISIC_0000044,True,True,1129,1504,1698016,1.3321523472099204,1129,1504,0.5100511420387087,866075,normal,True,False,False,False,False,False,0
ISIC_0000045,True,True,1129,1504,1698016,1.3321523472099204,1129,1504,0.32183147861975386,546475,normal,True,False,False,False,False,False,0
ISIC_0000046,True,True,1129,1504,1698016,1.3321523472099204,1129,1504,0.3805947647136423,646256,normal,True,False,False,False,False,False,0
ISIC_0000047,True,True,1129,1504,1698016,1.3321523472099204,1129,1504,0.24681451764883253,419095,normal,True,False,False,False,False,False,0
ISIC_0000048,True,True,1129,1504,1698016,1.3321523472099204,1129,1504,0.12742812788572075,216375,normal,True,False,False,False,False,False,0
ISIC_0000049,True,True,1129,1504,1698016,1.3321523472099204,1129,1504,0.655867789231668,1113674,normal,True,False,False,False,False,False,0
ISIC_0000050,True,True,1129,1504,1698016,1.3321523472099204,1129,1504,0.28205387935096016,478932,normal,True,False,False,False,False,False,0
ISIC_0000051,True,True,1129,1504,1698016,1.3321523472099204,1129,1504,0.2873111914139796,487859,normal,True,False,False,False,False,False,0
ISIC_0000052,True,True,1129,1504,1698016,1.3321523472099204,1129,1504,0.6176066656615721,1048706,normal,True,False,False,False,False,False,0
ISIC_0000053,True,True,1129,1504,1698016,1.3321523472099204,1129,1504,0.5533881895105818,939662,normal,True,False,False,False,False,False,0
ISIC_0000054,True,True,1129,1504,1698016,1.3321523472099204,1129,1504,0.21147975048527223,359096,normal,True,False,False,False,False,False,0
ISIC_0000055,True,True,1129,1504,1698016,1.3321523472099204,1129,1504,0.4219047405913725,716401,normal,True,False,False,False,False,False,0
ISIC_0000056,True,True,1129,1504,1698016,1.3321523472099204,1129,1504,0.4973262913894804,844468,normal,True,False,False,False,False,False,0
ISIC_0000057,True,True,1129,1504,1698016,1.3321523472099204,1129,1504,0.19623961140531068,333218,normal,True,False,False,False,False,False,0
ISIC_0000058,True,True,1129,1504,1698016,1.3321523472099204,1129,1504,0.47335949720143977,803772,normal,True,False,False,False,False,False,0
ISIC_0000059,True,True,1129,1504,1698016,1.3321523472099204,1129,1504,0.42730928330475093,725578,normal,True,False,False,False,False,False,0
ISIC_0000060,True,True,1129,1504,1698016,1.3321523472099204,1129,1504,0.505168973672804,857785,normal,True,False,False,False,False,False,0
ISIC_0000061,True,True,1129,1504,1698016,1.3321523472099204,1129,1504,0.3197849725797637,543000,normal,True,False,False,False,False,False,0
ISIC_0000062,True,True,1129,1504,1698016,1.3321523472099204,1129,1504,0.0821264346154571,139452,normal,True,False,False,False,False,False,0
ISIC_0000063,True,True,1129,1504,1698016,1.3321523472099204,1129,1504,0.43302065469347756,735276,normal,True,False,False,False,False,False,0
ISIC_0000064,True,True,1129,1504,1698016,1.3321523472099204,1129,1504,0.3378360392363794,573651,normal,True,False,False,False,False,False,0
ISIC_0000065,True,True,1129,1504,1698016,1.3321523472099204,1129,1504,0.2574257250815069,437113,normal,True,False,False,False,False,False,0
ISIC_0000066,True,True,722,962,694564,1.332409972299169,722,962,0.5062888373137681,351650,normal,True,False,False,False,False,False,0
ISIC_0000067,True,True,722,962,694564,1.332409972299169,722,962,0.2761790130211183,191824,normal,True,False,False,False,False,False,0
ISIC_0000068,True,True,722,962,694564,1.332409972299169,722,962,0.36380664704764426,252687,normal,True,False,False,False,False,False,0
ISIC_0000069,True,True,767,1022,783874,1.332464146023468,767,1022,0.13102105695558214,102704,normal,True,False,False,False,False,False,0
ISIC_0000071,True,True,767,1022,783874,1.332464146023468,767,1022,0.09008973380926016,70619,normal,True,False,False,False,False,False,0
ISIC_0000072,True,True,767,1022,783874,1.332464146023468,767,1022,0.1231498939880644,96534,normal,True,False,False,False,False,False,0
ISIC_0000073,True,True,767,1022,783874,1.332464146023468,767,1022,0.343955788812998,269618,normal,True,False,False,False,False,False,0
ISIC_0000074,True,True,767,1022,783874,1.332464146023468,767,1022,0.3710009516835614,290818,normal,True,False,False,False,False,False,0
ISIC_0000075,True,True,767,1022,783874,1.332464146023468,767,1022,0.6189094165643968,485147,normal,True,False,False,False,False,False,0
ISIC_0000077,True,True,1129,1504,1698016,1.3321523472099204,1129,1504,0.41464921414168066,704081,normal,True,False,False,False,False,False,0
ISIC_0000078,True,True,1129,1504,1698016,1.3321523472099204,1129,1504,0.11222214631664248,190555,normal,True,False,False,False,False,False,0
ISIC_0000079,True,True,1129,1504,1698016,1.3321523472099204,1129,1504,0.05949767257787913,101028,normal,True,False,False,False,False,False,0
ISIC_0000080,True,True,1944,2592,5038848,1.3333333333333333,1944,2592,0.18533323489813544,933866,normal,True,False,False,False,False,False,0
ISIC_0000081,True,True,1536,2048,3145728,1.3333333333333333,1536,2048,0.1140899658203125,358896,normal,True,False,False,False,False,False,0
ISIC_0000082,True,True,1536,2048,3145728,1.3333333333333333,1536,2048,0.2588062286376953,814134,normal,True,False,False,False,False,False,0
ISIC_0000085,True,True,1536,2048,3145728,1.3333333333333333,1536,2048,0.12877559661865234,405093,normal,True,False,False,False,False,False,0
ISIC_0000086,True,True,1944,2592,5038848,1.3333333333333333,1944,2592,0.2349634281486562,1183945,normal,True,False,False,False,False,False,0
ISIC_0000087,True,True,1536,2048,3145728,1.3333333333333333,1536,2048,0.38705889383951825,1217582,normal,True,False,False,False,False,False,0
ISIC_0000088,True,True,1536,2048,3145728,1.3333333333333333,1536,2048,0.220306396484375,693024,normal,True,False,False,False,False,False,0
ISIC_0000089,True,True,1536,2048,3145728,1.3333333333333333,1536,2048,0.12315845489501953,387423,normal,True,False,False,False,False,False,0
ISIC_0000091,True,True,1536,2048,3145728,1.3333333333333333,1536,2048,0.13789685567220053,433786,normal,True,False,False,False,False,False,0
ISIC_0000092,True,True,1536,2048,3145728,1.3333333333333333,1536,2048,0.08748308817545573,275198,normal,True,False,False,False,False,False,0
ISIC_0000093,True,True,1536,2048,3145728,1.3333333333333333,1536,2048,0.10937086741129558,344051,normal,True,False,False,False,False,False,0
ISIC_0000094,True,True,1536,2048,3145728,1.3333333333333333,1536,2048,0.059680938720703125,187740,normal,True,False,False,False,False,False,0
ISIC_0000095,True,True,1536,2048,3145728,1.3333333333333333,1536,2048,0.0778656005859375,244944,normal,True,False,False,False,False,False,0
ISIC_0000096,True,True,1536,2048,3145728,1.3333333333333333,1536,2048,0.2753582000732422,866202,normal,True,False,False,False,False,False,0
ISIC_0000097,True,True,1536,2048,3145728,1.3333333333333333,1536,2048,0.243467648824056,765883,normal,True,False,False,False,False,False,0
ISIC_0000098,True,True,1536,2048,3145728,1.3333333333333333,1536,2048,0.022532145182291668,70880,small,True,False,False,False,False,False,0
ISIC_0000099,True,True,1536,2048,3145728,1.3333333333333333,1536,2048,0.39893849690755206,1254952,normal,True,False,False,False,False,False,0
ISIC_0000100,True,True,1704,2272,3871488,1.3333333333333333,1704,2272,0.3857860336904053,1493566,normal,True,False,False,False,False,False,0
ISIC_0000101,True,True,1704,2272,3871488,1.3333333333333333,1704,2272,0.38988833234146664,1509448,normal,True,False,False,False,False,False,0
ISIC_0000102,True,True,1536,2048,3145728,1.3333333333333333,1536,2048,0.028177579243977863,88639,small,True,False,False,False,False,False,0
ISIC_0000103,True,True,1536,2048,3145728,1.3333333333333333,1536,2048,0.39398924509684247,1239383,normal,True,False,False,False,False,False,0
ISIC_0000104,True,True,1536,2048,3145728,1.3333333333333333,1536,2048,0.23731231689453125,746520,normal,True,False,False,False,False,False,0
ISIC_0000105,True,True,1944,2592,5038848,1.3333333333333333,1944,2592,0.07218574563074734,363733,normal,True,False,False,False,False,False,0
ISIC_0000107,True,True,1536,2048,3145728,1.3333333333333333,1536,2048,0.19564247131347656,615438,normal,True,False,False,False,False,False,0
ISIC_0000108,True,True,1536,2048,3145728,1.3333333333333333,1536,2048,0.18654314676920572,586814,normal,True,False,False,False,False,False,0
ISIC_0000109,True,True,1536,2048,3145728,1.3333333333333333,1536,2048,0.3553476333618164,1117827,normal,True,False,False,False,False,False,0
ISIC_0000110,True,True,1536,2048,3145728,1.3333333333333333,1536,2048,0.105499267578125,331872,normal,True,False,False,False,False,False,0
ISIC_0000111,True,True,1536,2048,3145728,1.3333333333333333,1536,2048,0.6033420562744141,1897950,normal,True,False,False,False,False,False,0
ISIC_0000112,True,True,1536,2048,3145728,1.3333333333333333,1536,2048,0.20266342163085938,637524,normal,True,False,False,False,False,False,0
ISIC_0000113,True,True,2112,2816,5947392,1.3333333333333333,2112,2816,0.1806818854381887,1074586,normal,True,False,False,False,False,False,0
ISIC_0000115,True,True,1536,2048,3145728,1.3333333333333333,1536,2048,0.2164281209309896,680824,normal,True,False,False,False,False,False,0
ISIC_0000116,True,True,1536,2048,3145728,1.3333333333333333,1536,2048,0.3614047368367513,1136881,normal,True,False,False,False,False,False,0
ISIC_0000117,True,True,1536,2048,3145728,1.3333333333333333,1536,2048,0.22948710123697916,721904,normal,True,False,False,False,False,False,0
ISIC_0000119,True,True,1536,2048,3145728,1.3333333333333333,1536,2048,0.16963672637939453,533631,normal,True,False,False,False,False,False,0
ISIC_0000120,True,True,1536,2048,3145728,1.3333333333333333,1536,2048,0.42151832580566406,1325982,normal,True,False,False,False,False,False,0
ISIC_0000121,True,True,1536,2048,3145728,1.3333333333333333,1536,2048,0.27612845102945965,868625,normal,True,False,False,False,False,False,0
ISIC_0000122,True,True,1536,2048,3145728,1.3333333333333333,1536,2048,0.39069175720214844,1229010,normal,True,False,False,False,False,False,0
ISIC_0000123,True,True,1536,2048,3145728,1.3333333333333333,1536,2048,0.1869939168294271,588232,normal,True,False,False,False,False,False,0
ISIC_0000124,True,True,1536,2048,3145728,1.3333333333333333,1536,2048,0.2411184310913086,758493,normal,True,False,False,False,False,False,0
ISIC_0000125,True,True,1536,2048,3145728,1.3333333333333333,1536,2048,0.014539082845052084,45736,tiny,True,False,False,False,False,False,0
ISIC_0000126,True,True,1536,2048,3145728,1.3333333333333333,1536,2048,0.2548942565917969,801828,normal,True,False,False,False,False,False,0
ISIC_0000127,True,True,1536,2048,3145728,1.3333333333333333,1536,2048,0.4293721516927083,1350688,normal,True,False,False,False,False,False,0
ISIC_0000128,True,True,1536,2048,3145728,1.3333333333333333,1536,2048,0.15173848470052084,477328,normal,True,False,False,False,False,False,0
ISIC_0000129,True,True,1536,2048,3145728,1.3333333333333333,1536,2048,0.09349950154622395,294124,normal,True,False,False,False,False,False,0
ISIC_0000131,True,True,1536,2048,3145728,1.3333333333333333,1536,2048,0.26021448771158856,818564,normal,True,False,False,False,False,False,0
ISIC_0000132,True,True,1536,2048,3145728,1.3333333333333333,1536,2048,0.04575475056966146,143932,small,True,False,False,False,False,False,0
ISIC_0000133,True,True,1536,2048,3145728,1.3333333333333333,1536,2048,0.14201068878173828,446727,normal,True,False,False,False,False,False,0
ISIC_0000134,True,True,1536,2048,3145728,1.3333333333333333,1536,2048,0.08986759185791016,282699,normal,True,False,False,False,False,False,0
ISIC_0000135,True,True,1704,2272,3871488,1.3333333333333333,1704,2272,0.10120423981683528,391811,normal,True,False,False,False,False,False,0
ISIC_0000136,True,True,1536,2048,3145728,1.3333333333333333,1536,2048,0.5140606562296549,1617095,normal,True,False,False,False,False,False,0
ISIC_0000137,True,True,1536,2048,3145728,1.3333333333333333,1536,2048,0.24634170532226562,774924,normal,True,False,False,False,False,False,0
ISIC_0000138,True,True,1536,2048,3145728,1.3333333333333333,1536,2048,0.1796410878499349,565102,normal,True,False,False,False,False,False,0
ISIC_0000139,True,True,2112,2816,5947392,1.3333333333333333,2112,2816,0.2677491243220558,1592409,normal,True,False,False,False,False,False,0
ISIC_0000140,True,True,2112,2816,5947392,1.3333333333333333,2112,2816,0.3477774796078685,2068369,normal,True,False,False,False,False,False,0
ISIC_0000141,True,True,1536,2048,3145728,1.3333333333333333,1536,2048,0.17194843292236328,540903,normal,True,False,False,False,False,False,0
ISIC_0000142,True,True,1536,2048,3145728,1.3333333333333333,1536,2048,0.36233774820963544,1139816,normal,True,False,False,False,False,False,0
ISIC_0000143,True,True,1944,2592,5038848,1.3333333333333333,1944,2592,0.2782270868261952,1401944,normal,True,False,False,False,False,False,0
ISIC_0000145,True,True,1536,2048,3145728,1.3333333333333333,1536,2048,0.30443795522054035,957679,normal,True,False,False,False,False,False,0
ISIC_0000146,True,True,1536,2048,3145728,1.3333333333333333,1536,2048,0.370327631632487,1164950,normal,True,False,False,False,False,False,0
ISIC_0000147,True,True,1536,2048,3145728,1.3333333333333333,1536,2048,0.4887584050496419,1537501,normal,True,False,False,False,False,False,0
ISIC_0000148,True,True,2112,2816,5947392,1.3333333333333333,2112,2816,0.14763412265409778,878038,normal,True,False,False,False,False,False,0
ISIC_0000149,True,True,1536,2048,3145728,1.3333333333333333,1536,2048,0.5180390675862631,1629610,normal,True,False,False,False,False,False,0
ISIC_0000150,True,True,1536,2048,3145728,1.3333333333333333,1536,2048,0.32337220509847003,1017241,normal,True,False,False,False,False,False,0
ISIC_0000151,True,True,1536,2048,3145728,1.3333333333333333,1536,2048,0.09932549794514973,312451,normal,True,False,False,False,False,False,0
ISIC_0000152,True,True,1944,2592,5038848,1.3333333333333333,1944,2592,0.22641464874511,1140869,normal,True,False,False,False,False,False,0
ISIC_0000153,True,True,1944,2592,5038848,1.3333333333333333,1944,2592,0.27922453703703703,1406970,normal,True,False,False,False,False,False,0
ISIC_0000154,True,True,1536,2048,3145728,1.3333333333333333,1536,2048,0.09933535257975261,312482,normal,True,False,False,False,False,False,0
ISIC_0000155,True,True,1536,2048,3145728,1.3333333333333333,1536,2048,0.4820880889892578,1516518,normal,True,False,False,False,False,False,0
ISIC_0000156,True,True,1536,2048,3145728,1.3333333333333333,1536,2048,0.31413841247558594,988194,normal,True,False,False,False,False,False,0
ISIC_0000157,True,True,629,963,605727,1.5310015898251192,629,963,0.33345880239777986,201985,normal,True,False,False,False,False,False,0
ISIC_0000159,True,True,724,965,698660,1.3328729281767955,724,965,0.38197549594938884,266871,normal,True,False,False,False,False,False,0
ISIC_0000160,True,True,540,722,389880,1.337037037037037,540,722,0.7110546834923567,277226,normal,True,False,True,True,False,True,2
ISIC_0000161,True,True,674,962,648388,1.427299703264095,674,962,0.4914942904557148,318679,normal,True,False,False,False,False,False,0
ISIC_0000162,True,True,640,964,616960,1.50625,640,964,0.4143720824688797,255651,normal,True,False,False,False,False,False,0
ISIC_0000163,True,True,649,965,626285,1.4869029275808936,649,965,0.295245774687243,184908,normal,True,False,False,False,False,False,0
ISIC_0000164,True,True,638,959,611842,1.5031347962382444,638,959,0.34546990889804885,211373,normal,True,False,False,False,False,False,0
ISIC_0000165,True,True,649,961,623689,1.4807395993836672,649,961,0.11401836492226093,71112,normal,True,False,False,False,False,False,0
ISIC_0000166,True,True,542,722,391324,1.3321033210332103,542,722,0.49441639153233635,193477,normal,True,False,False,False,False,False,0
ISIC_0000167,True,True,624,965,602160,1.546474358974359,624,965,0.2677112395376644,161205,normal,True,False,False,False,False,False,0
ISIC_0000169,True,True,542,722,391324,1.3321033210332103,542,722,0.28178440371661334,110269,normal,True,False,False,False,False,False,0
ISIC_0000170,True,True,542,722,391324,1.3321033210332103,542,722,0.38522298657889625,150747,normal,True,False,False,False,False,False,0
ISIC_0000171,True,True,720,964,694080,1.3388888888888888,720,964,0.4114799446749654,285600,normal,True,False,False,False,False,False,0
ISIC_0000172,True,True,674,962,648388,1.427299703264095,674,962,0.3582392024528523,232278,normal,True,False,False,False,False,False,0
ISIC_0000173,True,True,545,722,393490,1.3247706422018348,545,722,0.33555109405575745,132036,normal,True,False,False,False,False,False,0
ISIC_0000175,True,True,638,966,616308,1.5141065830721003,638,966,0.22449814054011955,138360,normal,True,False,False,False,False,False,0
ISIC_0000176,True,True,1127,944,1063888,0.8376220053238687,1127,944,0.17048223121230807,181374,normal,True,False,False,False,False,False,0
ISIC_0000177,True,True,703,1069,751507,1.5206258890469417,703,1069,0.12244197326172611,92016,normal,True,False,False,False,False,False,0
ISIC_0000179,True,True,1043,1502,1566586,1.4400767018216682,1043,1502,0.41237953103117225,646028,normal,True,False,False,False,False,False,0
ISIC_0000181,True,True,1051,1502,1578602,1.4291151284490962,1051,1502,0.21526895316235506,339824,normal,True,False,False,False,False,False,0
ISIC_0000182,True,True,1051,1502,1578602,1.4291151284490962,1051,1502,0.2669247853480485,421368,normal,True,False,False,False,False,False,0
ISIC_0000183,True,True,705,1079,760695,1.5304964539007093,705,1079,0.45996884428055923,349896,normal,True,False,False,False,False,False,0
ISIC_0000184,True,True,707,1057,747299,1.495049504950495,707,1057,0.4106174369295289,306854,normal,True,False,False,False,False,False,0
ISIC_0000185,True,True,705,1045,736725,1.4822695035460993,705,1045,0.2789616206861448,205518,normal,True,False,False,False,False,False,0
ISIC_0000186,True,True,702,1064,746928,1.5156695156695157,702,1064,0.10526851316325,78628,normal,True,False,False,False,False,False,0
ISIC_0000187,True,True,542,722,391324,1.3321033210332103,542,722,0.812523637701751,317960,normal,True,False,True,False,False,True,1
ISIC_0000188,True,True,1036,1502,1556072,1.44980694980695,1036,1502,0.5846181924743842,909708,normal,True,False,True,False,False,True,1
ISIC_0000189,True,True,1051,1502,1578602,1.4291151284490962,1051,1502,0.4078216041788874,643788,normal,True,False,False,False,False,False,0
ISIC_0000190,True,True,543,722,392046,1.3296500920810312,543,722,0.6023017707105799,236130,normal,True,False,True,False,False,True,1
ISIC_0000191,True,True,1051,1502,1578602,1.4291151284490962,1051,1502,0.13083031695132782,206529,normal,True,False,False,False,False,False,0
ISIC_0000192,True,True,1051,1502,1578602,1.4291151284490962,1051,1502,0.5278176513142642,833214,normal,True,False,False,False,False,False,0
ISIC_0000193,True,True,704,1057,744128,1.5014204545454546,704,1057,0.30713398770104067,228547,normal,True,False,False,False,False,False,0
ISIC_0000196,True,True,1036,1494,1547784,1.442084942084942,1036,1494,0.31973195226207274,494876,normal,True,False,False,False,False,False,0
ISIC_0000197,True,True,1051,1502,1578602,1.4291151284490962,1051,1502,0.30208057509112496,476865,normal,True,False,False,False,False,False,0
ISIC_0000198,True,True,542,725,392950,1.3376383763837638,542,725,0.19495101157908132,76606,normal,True,False,False,False,False,False,0
ISIC_0000199,True,True,542,718,389156,1.3247232472324724,542,718,0.3041248239780448,118352,normal,True,False,False,False,False,False,0
ISIC_0000200,True,True,670,962,644540,1.4358208955223881,670,962,0.26058584416793373,167958,normal,True,False,False,False,False,False,0
ISIC_0000201,True,True,705,1043,735315,1.4794326241134752,705,1043,0.1671120540176659,122880,normal,True,False,False,False,False,False,0
ISIC_0000202,True,True,1051,1502,1578602,1.4291151284490962,1051,1502,0.8070406600270366,1273996,normal,True,False,False,True,False,True,1
ISIC_0000203,True,True,1051,1502,1578602,1.4291151284490962,1051,1502,0.9324706290755999,1472000,normal,True,True,False,True,True,True,3
ISIC_0000204,True,True,1018,1456,1482208,1.4302554027504912,1018,1456,0.5064349942788057,750642,normal,True,True,False,False,False,True,1
ISIC_0000205,True,True,1026,1502,1541052,1.4639376218323588,1026,1502,0.6826940297926352,1052067,normal,True,False,False,False,False,False,0
ISIC_0000206,True,True,1051,1502,1578602,1.4291151284490962,1051,1502,0.1711267311203204,270141,normal,True,False,False,False,False,False,0
ISIC_0000207,True,True,701,1062,744462,1.514978601997147,701,1062,0.8530039142360524,635029,normal,True,False,False,False,False,False,0
ISIC_0000208,True,True,1051,1502,1578602,1.4291151284490962,1051,1502,0.7230144140194932,1141352,normal,True,False,True,False,True,True,2
ISIC_0000209,True,True,542,722,391324,1.3321033210332103,542,722,0.5958004109126964,233151,normal,True,False,False,False,False,False,0
ISIC_0000210,True,True,542,722,391324,1.3321033210332103,542,722,0.08871932209626805,34718,normal,True,False,False,False,False,False,0
ISIC_0000211,True,True,674,962,648388,1.427299703264095,674,962,0.14149398199843305,91743,normal,True,False,False,False,False,False,0
ISIC_0000212,True,True,542,722,391324,1.3321033210332103,542,722,0.6873613680735146,268981,normal,True,False,False,False,True,True,1
ISIC_0000213,True,True,542,718,389156,1.3247232472324724,542,718,0.38333727348415547,149178,normal,True,False,False,False,False,False,0
ISIC_0000214,True,True,642,958,615036,1.4922118380062306,642,958,0.24908948419279522,153199,normal,True,False,False,False,False,False,0
ISIC_0000215,True,True,674,962,648388,1.427299703264095,674,962,0.7340944002665071,475978,normal,True,False,True,False,False,True,1
ISIC_0000216,True,True,626,949,594074,1.5159744408945688,626,949,0.45780491992580047,271970,normal,True,False,False,False,False,False,0
ISIC_0000217,True,True,638,959,611842,1.5031347962382444,638,959,0.58505954151562,357964,normal,True,False,False,False,False,False,0
ISIC_0000218,True,True,1016,1502,1526032,1.4783464566929134,1016,1502,0.23441710265577656,357728,normal,True,False,False,False,False,False,0
ISIC_0000219,True,True,674,962,648388,1.427299703264095,674,962,0.37349549960825923,242170,normal,True,False,False,False,False,False,0
ISIC_0000220,True,True,674,962,648388,1.427299703264095,674,962,0.12745300653312522,82639,normal,True,False,False,False,False,False,0
ISIC_0000221,True,True,671,962,645502,1.4336810730253353,671,962,0.15792669891030547,101942,normal,True,False,False,False,False,False,0
ISIC_0000222,True,True,645,966,623070,1.4976744186046511,645,966,0.5258253486767137,327626,normal,True,True,False,False,False,True,1
ISIC_0000223,True,True,634,959,608006,1.5126182965299684,634,959,0.5359864869754575,325883,normal,True,False,False,False,False,False,0
ISIC_0000224,True,True,640,957,612480,1.4953125,640,957,0.6144363897596656,376330,normal,True,False,True,False,False,True,1
ISIC_0000225,True,True,723,957,691911,1.3236514522821576,723,957,0.0998134153091944,69062,normal,True,False,False,False,False,False,0
ISIC_0000226,True,True,672,964,647808,1.4345238095238095,672,964,0.47487372801817823,307627,normal,True,False,False,False,False,False,0
ISIC_0000227,True,True,723,959,693357,1.326417704011065,723,959,0.1646092849715226,114133,normal,True,False,False,False,False,False,0
ISIC_0000228,True,True,639,959,612801,1.5007824726134584,639,959,0.38866614121060505,238175,normal,True,False,False,False,False,False,0
ISIC_0000229,True,True,641,962,616642,1.500780031201248,641,962,0.42837172946377317,264152,normal,True,False,False,False,False,False,0
ISIC_0000230,True,True,674,962,648388,1.427299703264095,674,962,0.6324762333664411,410090,normal,True,False,False,False,False,False,0
ISIC_0000231,True,True,723,962,695526,1.330567081604426,723,962,0.31670706774441215,220278,normal,True,False,False,False,False,False,0
ISIC_0000232,True,True,645,960,619200,1.4883720930232558,645,960,0.17919412144702843,110957,normal,True,False,False,False,False,False,0
ISIC_0000233,True,True,674,962,648388,1.427299703264095,674,962,0.7198837732962362,466764,normal,True,False,False,False,False,False,0
ISIC_0000234,True,True,676,962,650312,1.4230769230769231,676,962,0.42727644576757,277863,normal,True,False,False,False,False,False,0
ISIC_0000235,True,True,542,724,392408,1.3357933579335792,542,724,0.6482666000693156,254385,normal,True,False,False,False,False,False,0
ISIC_0000236,True,True,768,1024,786432,1.3333333333333333,768,1024,0.4908650716145833,386032,normal,True,False,False,False,False,False,0
ISIC_0000239,True,True,768,1024,786432,1.3333333333333333,768,1024,0.41310373942057294,324878,normal,True,False,False,False,False,False,0
ISIC_0000240,True,True,768,1024,786432,1.3333333333333333,768,1024,0.17276636759440103,135869,normal,True,False,False,False,False,False,0
ISIC_0000242,True,True,768,1024,786432,1.3333333333333333,768,1024,0.36190160115559894,284611,normal,True,False,False,False,False,False,0
ISIC_0000243,True,True,768,576,442368,0.75,768,576,0.44239185474537035,195700,normal,True,False,False,False,False,False,0
ISIC_0000244,True,True,768,1024,786432,1.3333333333333333,768,1024,0.2880744934082031,226551,normal,True,False,False,False,False,False,0
ISIC_0000245,True,True,768,1024,786432,1.3333333333333333,768,1024,0.4986712137858073,392171,normal,True,False,False,False,False,False,0
ISIC_0000246,True,True,768,1024,786432,1.3333333333333333,768,1024,0.49055735270182294,385790,normal,True,True,False,False,False,True,1
ISIC_0000247,True,True,768,1024,786432,1.3333333333333333,768,1024,0.11869303385416667,93344,normal,True,False,False,False,False,False,0
ISIC_0000249,True,True,768,1024,786432,1.3333333333333333,768,1024,0.1637751261393229,128798,normal,True,False,False,False,False,False,0
ISIC_0000250,True,True,768,1024,786432,1.3333333333333333,768,1024,0.3130238850911458,246172,normal,True,False,False,False,False,False,0
ISIC_0000251,True,True,768,1024,786432,1.3333333333333333,768,1024,0.10718154907226562,84291,normal,True,False,False,False,False,False,0
ISIC_0000252,True,True,768,576,442368,0.75,768,576,0.20945909288194445,92658,normal,True,False,False,False,False,False,0
ISIC_0000253,True,True,768,576,442368,0.75,768,576,0.09870515046296297,43664,normal,True,False,False,False,False,False,0
ISIC_0000254,True,True,768,1024,786432,1.3333333333333333,768,1024,0.19180933634440103,150845,normal,True,False,False,False,False,False,0
ISIC_0000255,True,True,768,1024,786432,1.3333333333333333,768,1024,0.19980494181315103,157133,normal,True,False,False,False,False,False,0
ISIC_0000256,True,True,768,1024,786432,1.3333333333333333,768,1024,0.07339859008789062,57723,normal,True,False,False,False,False,False,0
ISIC_0000258,True,True,768,1024,786432,1.3333333333333333,768,1024,0.5331637064615885,419297,normal,True,False,False,False,False,False,0
ISIC_0000259,True,True,768,1024,786432,1.3333333333333333,768,1024,0.8941930135091146,703222,normal,True,False,True,True,True,True,3
ISIC_0000260,True,True,768,1024,786432,1.3333333333333333,768,1024,0.1643651326497396,129262,normal,True,False,False,False,False,False,0
ISIC_0000261,True,True,768,1024,786432,1.3333333333333333,768,1024,0.08427937825520833,66280,normal,True,False,False,False,False,False,0
ISIC_0000262,True,True,768,576,442368,0.75,768,576,0.06553593388310185,28991,normal,True,False,False,False,False,False,0
ISIC_0000263,True,True,768,1024,786432,1.3333333333333333,768,1024,0.2193018595377604,172466,normal,True,False,False,False,False,False,0
ISIC_0000264,True,True,768,1024,786432,1.3333333333333333,768,1024,0.4820289611816406,379083,normal,True,False,False,False,False,False,0
ISIC_0000265,True,True,768,1024,786432,1.3333333333333333,768,1024,0.25005849202473956,196654,normal,True,False,False,False,False,False,0
ISIC_0000268,True,True,768,1024,786432,1.3333333333333333,768,1024,0.5565745035807291,437708,normal,True,False,False,False,False,False,0
ISIC_0000269,True,True,768,576,442368,0.75,768,576,0.19575783058449073,86597,normal,True,False,False,False,False,False,0
ISIC_0000271,True,True,768,1024,786432,1.3333333333333333,768,1024,0.2064666748046875,162372,normal,True,False,False,False,False,False,0
ISIC_0000274,True,True,768,1024,786432,1.3333333333333333,768,1024,0.3070119222005208,241444,normal,True,False,False,False,False,False,0
ISIC_0000275,True,True,768,1024,786432,1.3333333333333333,768,1024,0.08864847819010417,69716,normal,True,False,False,False,False,False,0
ISIC_0000276,True,True,768,1024,786432,1.3333333333333333,768,1024,0.42429478963216144,333679,normal,True,False,False,False,False,False,0
ISIC_0000277,True,True,768,1024,786432,1.3333333333333333,768,1024,0.4552001953125,357984,normal,True,False,False,False,False,False,0
ISIC_0000278,True,True,768,1024,786432,1.3333333333333333,768,1024,0.5542856852213541,435908,normal,True,False,False,False,False,False,0
ISIC_0000279,True,True,768,1024,786432,1.3333333333333333,768,1024,0.57122802734375,449232,normal,True,True,False,False,False,True,1
ISIC_0000281,True,True,768,1024,786432,1.3333333333333333,768,1024,0.2785085042317708,219028,normal,True,False,False,False,False,False,0
ISIC_0000282,True,True,768,1024,786432,1.3333333333333333,768,1024,0.42823537190755206,336778,normal,True,True,False,False,False,True,1
ISIC_0000283,True,True,768,1024,786432,1.3333333333333333,768,1024,0.14301427205403647,112471,normal,True,False,False,False,False,False,0
ISIC_0000287,True,True,768,1024,786432,1.3333333333333333,768,1024,0.3089154561360677,242941,normal,True,False,False,False,False,False,0
ISIC_0000288,True,True,768,1024,786432,1.3333333333333333,768,1024,0.7910029093424479,622070,normal,True,False,False,True,False,True,1
ISIC_0000290,True,True,768,1024,786432,1.3333333333333333,768,1024,0.3134956359863281,246543,normal,True,False,False,False,False,False,0
ISIC_0000292,True,True,768,1024,786432,1.3333333333333333,768,1024,0.6444524129231771,506818,normal,True,False,False,False,False,False,0
ISIC_0000293,True,True,768,1024,786432,1.3333333333333333,768,1024,0.7845878601074219,617025,normal,True,False,True,False,True,True,2
ISIC_0000294,True,True,768,1024,786432,1.3333333333333333,768,1024,0.7353388468424479,578294,normal,True,False,False,False,False,False,0
ISIC_0000295,True,True,576,767,441792,1.3315972222222223,576,767,0.699125380269448,308868,normal,True,False,False,False,False,False,0
ISIC_0000297,True,True,576,767,441792,1.3315972222222223,576,767,0.1147417789366942,50692,normal,True,False,False,False,False,False,0
ISIC_0000298,True,True,576,767,441792,1.3315972222222223,576,767,0.1138997537302622,50320,normal,True,False,False,False,False,False,0
ISIC_0000299,True,True,576,767,441792,1.3315972222222223,576,767,0.6715943249311893,296705,normal,True,False,False,False,False,False,0
ISIC_0000300,True,True,576,767,441792,1.3315972222222223,576,767,0.47097955599014923,208075,normal,True,False,False,False,False,False,0
ISIC_0000301,True,True,576,767,441792,1.3315972222222223,576,767,0.8423986853541938,372165,normal,True,False,True,False,True,True,2
ISIC_0000303,True,True,576,767,441792,1.3315972222222223,576,767,0.9089978994640011,401588,normal,True,False,False,True,False,True,1
ISIC_0000306,True,True,576,767,441792,1.3315972222222223,576,767,0.13894094958713601,61383,normal,True,False,False,False,False,False,0
ISIC_0000307,True,True,576,767,441792,1.3315972222222223,576,767,0.7655254056207446,338203,normal,True,False,False,True,False,True,1
ISIC_0000310,True,True,576,767,441792,1.3315972222222223,576,767,0.7384493155149935,326241,normal,True,False,False,False,False,False,0
ISIC_0000311,True,True,576,767,441792,1.3315972222222223,576,767,0.7632279443720121,337188,normal,True,False,False,False,False,False,0
ISIC_0000313,True,True,576,767,441792,1.3315972222222223,576,767,0.22764106185716354,100570,normal,True,False,False,False,False,False,0
ISIC_0000314,True,True,576,767,441792,1.3315972222222223,576,767,0.3300648268868608,145820,normal,True,False,False,False,False,False,0
ISIC_0000315,True,True,576,767,441792,1.3315972222222223,576,767,0.16670514631319716,73649,normal,True,False,False,False,False,False,0
ISIC_0000316,True,True,576,767,441792,1.3315972222222223,576,767,0.40084700492539477,177091,normal,True,False,False,False,False,False,0
ISIC_0000317,True,True,576,767,441792,1.3315972222222223,576,767,0.034962154135882946,15446,small,True,False,False,False,False,False,0
ISIC_0000319,True,True,576,767,441792,1.3315972222222223,576,767,0.15714408590467913,69425,normal,True,False,False,False,False,False,0
ISIC_0000320,True,True,576,767,441792,1.3315972222222223,576,767,0.36156154932637985,159735,normal,True,False,False,False,False,False,0
ISIC_0000321,True,True,576,767,441792,1.3315972222222223,576,767,0.4384438830943068,193701,normal,True,False,False,False,False,False,0
ISIC_0000322,True,True,576,767,441792,1.3315972222222223,576,767,0.2956051716644937,130596,normal,True,False,False,False,False,False,0
ISIC_0000323,True,True,576,767,441792,1.3315972222222223,576,767,0.08556515283210199,37802,normal,True,False,False,False,False,False,0
ISIC_0000324,True,True,576,767,441792,1.3315972222222223,576,767,0.3549158880197016,156799,normal,True,False,False,False,False,False,0
ISIC_0000325,True,True,576,767,441792,1.3315972222222223,576,767,0.28284803708532524,124960,normal,True,False,False,False,False,False,0
ISIC_0000326,True,True,576,767,441792,1.3315972222222223,576,767,0.15401365348399246,68042,normal,True,False,False,False,False,False,0
ISIC_0000327,True,True,576,767,441792,1.3315972222222223,576,767,0.16225735187599594,71684,normal,True,False,False,False,False,False,0
ISIC_0000328,True,True,576,767,441792,1.3315972222222223,576,767,0.42267628205128205,186735,normal,True,False,False,False,False,False,0
ISIC_0000329,True,True,576,767,441792,1.3315972222222223,576,767,0.15083568738229755,66638,normal,True,False,False,False,False,False,0
ISIC_0000330,True,True,576,767,441792,1.3315972222222223,576,767,0.1762050919889903,77846,normal,True,False,False,False,False,False,0
ISIC_0000331,True,True,576,767,441792,1.3315972222222223,576,767,0.29655584528465884,131016,normal,True,False,False,False,False,False,0
ISIC_0000332,True,True,576,767,441792,1.3315972222222223,576,767,0.14013834564682023,61912,normal,True,False,False,False,False,False,0
ISIC_0000336,True,True,576,767,441792,1.3315972222222223,576,767,0.13714146023468057,60588,normal,True,False,False,False,False,False,0
ISIC_0000337,True,True,576,767,441792,1.3315972222222223,576,767,0.5380246812979864,237695,normal,True,False,False,False,False,False,0
ISIC_0000338,True,True,576,767,441792,1.3315972222222223,576,767,0.1512770715630885,66833,normal,True,False,False,False,False,False,0
ISIC_0000339,True,True,576,767,441792,1.3315972222222223,576,767,0.13869875416485586,61276,normal,True,False,False,False,False,False,0
ISIC_0000340,True,True,576,767,441792,1.3315972222222223,576,767,0.15486246921628277,68417,normal,True,False,False,False,False,False,0
ISIC_0000341,True,True,576,767,441792,1.3315972222222223,576,767,0.23250307837172243,102718,normal,True,False,False,False,False,False,0
ISIC_0000342,True,True,576,767,441792,1.3315972222222223,576,767,0.1694394647254817,74857,normal,True,False,False,False,False,False,0
ISIC_0000343,True,True,576,767,441792,1.3315972222222223,576,767,0.3242159206142257,143236,normal,True,False,False,False,False,False,0
ISIC_0000344,True,True,576,767,441792,1.3315972222222223,576,767,0.3946449913081269,174351,normal,True,False,False,False,False,False,0
ISIC_0000345,True,True,576,767,441792,1.3315972222222223,576,767,0.05047850572214979,22301,normal,True,False,False,False,False,False,0
ISIC_0000346,True,True,576,767,441792,1.3315972222222223,576,767,0.2341192235260032,103432,normal,True,False,False,False,False,False,0
ISIC_0000348,True,True,576,767,441792,1.3315972222222223,576,767,0.2101169781254527,92828,normal,True,False,False,False,False,False,0
ISIC_0000349,True,True,576,767,441792,1.3315972222222223,576,767,0.1278995545415037,56505,normal,True,False,False,False,False,False,0
ISIC_0000350,True,True,576,767,441792,1.3315972222222223,576,767,0.19087262784296682,84326,normal,True,False,False,False,False,False,0
ISIC_0000351,True,True,576,767,441792,1.3315972222222223,576,767,0.12868951904968853,56854,normal,True,False,False,False,False,False,0
ISIC_0000352,True,True,576,767,441792,1.3315972222222223,576,767,0.10923239895697523,48258,normal,True,False,False,False,False,False,0
ISIC_0000353,True,True,576,767,441792,1.3315972222222223,576,767,0.23968519122120818,105891,normal,True,False,False,False,False,False,0
ISIC_0000354,True,True,576,767,441792,1.3315972222222223,576,767,0.4248085071707953,187677,normal,True,True,False,False,False,True,1
ISIC_0000355,True,True,576,767,441792,1.3315972222222223,576,767,0.3912293568013907,172842,normal,True,False,False,False,False,False,0
ISIC_0000357,True,True,576,767,441792,1.3315972222222223,576,767,0.08936784731276257,39482,normal,True,False,False,False,False,False,0
ISIC_0000358,True,True,576,767,441792,1.3315972222222223,576,767,0.1751797225843836,77393,normal,True,False,False,False,False,False,0
ISIC_0000359,True,True,576,767,441792,1.3315972222222223,576,767,0.6798402868318123,300348,normal,True,False,False,False,False,False,0
ISIC_0000360,True,True,576,767,441792,1.3315972222222223,576,767,0.08206803201506592,36257,normal,True,False,False,False,False,False,0
ISIC_0000361,True,True,576,767,441792,1.3315972222222223,576,767,0.3392456178473128,149876,normal,True,False,False,False,False,False,0
ISIC_0000363,True,True,576,767,441792,1.3315972222222223,576,767,0.22772481167608286,100607,normal,True,False,False,False,False,False,0
ISIC_0000364,True,True,576,767,441792,1.3315972222222223,576,767,0.47001077430102856,207647,normal,True,False,False,False,False,False,0
ISIC_0000365,True,True,576,767,441792,1.3315972222222223,576,767,0.1438074931189338,63533,normal,True,False,False,False,False,False,0
ISIC_0000366,True,True,576,767,441792,1.3315972222222223,576,767,0.06838738591916559,30213,normal,True,False,False,False,False,False,0
ISIC_0000367,True,True,576,767,441792,1.3315972222222223,576,767,0.3623650948862813,160090,normal,True,False,False,False,False,False,0
ISIC_0000368,True,True,576,767,441792,1.3315972222222223,576,767,0.6424765500507026,283841,normal,True,False,False,False,False,False,0
ISIC_0000370,True,True,576,767,441792,1.3315972222222223,576,767,0.3780987433000145,167041,normal,True,False,False,False,False,False,0
ISIC_0000372,True,True,576,767,441792,1.3315972222222223,576,767,0.2822640518615095,124702,normal,True,False,False,False,False,False,0
ISIC_0000374,True,True,576,767,441792,1.3315972222222223,576,767,0.14529009126466755,64188,normal,True,False,False,False,False,False,0
ISIC_0000376,True,True,2082,2725,5673450,1.308837656099904,2082,2725,0.23211996228044665,1316921,normal,True,False,False,False,False,False,0
ISIC_0000377,True,True,2304,3072,7077888,1.3333333333333333,2304,3072,0.17711893717447916,1253628,normal,True,False,False,False,False,False,0
ISIC_0000378,True,True,2122,2530,5368660,1.1922714420358154,2122,2530,0.3499195329933354,1878599,normal,True,False,False,False,False,False,0
ISIC_0000379,True,True,2304,3072,7077888,1.3333333333333333,2304,3072,0.3908119201660156,2766123,normal,True,False,False,False,False,False,0
ISIC_0000380,True,True,1958,2155,4219490,1.1006128702757916,1958,2155,0.4079786893676724,1721462,normal,True,False,False,False,False,False,0
ISIC_0000381,True,True,1943,2101,4082243,1.0813175501801338,1943,2101,0.33649221763623577,1373643,normal,True,False,False,False,False,False,0
ISIC_0000382,True,True,2067,2314,4783038,1.119496855345912,2067,2314,0.2713250448773353,1297758,normal,True,False,False,False,False,False,0
ISIC_0000383,True,True,1988,2117,4208596,1.0648893360160965,1988,2117,0.2836739378167921,1193869,normal,True,False,False,False,False,False,0
ISIC_0000384,True,True,2096,2583,5413968,1.2323473282442747,2096,2583,0.06663596829534271,360765,normal,True,False,False,False,False,False,0
ISIC_0000385,True,True,2304,3072,7077888,1.3333333333333333,2304,3072,0.17683594315140336,1251625,normal,True,False,False,False,False,False,0
ISIC_0000386,True,True,2304,3072,7077888,1.3333333333333333,2304,3072,0.16218637537073205,1147937,normal,True,False,False,False,False,False,0
ISIC_0000387,True,True,2304,3072,7077888,1.3333333333333333,2304,3072,0.10244708591037327,725109,normal,True,False,False,False,False,False,0
ISIC_0000388,True,True,2304,3072,7077888,1.3333333333333333,2304,3072,0.10199144151475695,721884,normal,True,False,False,False,False,False,0
ISIC_0000390,True,True,2304,3072,7077888,1.3333333333333333,2304,3072,0.4301673041449653,3044676,normal,True,False,False,False,False,False,0
ISIC_0000391,True,True,2304,3072,7077888,1.3333333333333333,2304,3072,0.38071950276692706,2694690,normal,True,False,False,False,False,False,0
ISIC_0000392,True,True,2304,3072,7077888,1.3333333333333333,2304,3072,0.2781444125705295,1968675,normal,True,False,False,False,False,False,0
ISIC_0000393,True,True,2304,3072,7077888,1.3333333333333333,2304,3072,0.5375915809913918,3805013,normal,True,False,False,False,False,False,0
ISIC_0000395,True,True,2304,3072,7077888,1.3333333333333333,2304,3072,0.41756269666883683,2955462,normal,True,False,False,False,False,False,0
ISIC_0000396,True,True,2000,2565,5130000,1.2825,2000,2565,0.3266970760233918,1675956,normal,True,False,False,False,False,False,0
ISIC_0000397,True,True,2304,3072,7077888,1.3333333333333333,2304,3072,0.22346920437282985,1581690,normal,True,False,False,False,False,False,0
ISIC_0000403,True,True,2304,3072,7077888,1.3333333333333333,2304,3072,0.1295622366446036,917027,normal,True,False,False,False,False,False,0
ISIC_0000407,True,True,2304,3072,7077888,1.3333333333333333,2304,3072,0.31840472751193577,2253633,normal,True,False,False,False,False,False,0
ISIC_0000408,True,True,2304,3072,7077888,1.3333333333333333,2304,3072,0.6752145555284288,4779093,normal,True,False,False,False,True,True,1
ISIC_0000409,True,True,1909,2601,4965309,1.362493452069146,1909,2601,0.08942122232473347,444004,normal,True,False,False,False,False,False,0
ISIC_0000410,True,True,1985,2313,4591305,1.1652392947103274,1985,2313,0.17296738073380008,794146,normal,True,False,False,False,False,False,0
ISIC_0000412,True,True,2185,2597,5674445,1.188558352402746,2185,2597,0.3843272778218839,2180844,normal,True,False,False,False,False,False,0
ISIC_0000413,True,True,2304,3072,7077888,1.3333333333333333,2304,3072,0.4690855520742911,3320135,normal,True,False,False,False,False,False,0
ISIC_0000415,True,True,2304,3072,7077888,1.3333333333333333,2304,3072,0.5082842508951823,3597579,normal,True,False,False,False,False,False,0
ISIC_0000416,True,True,2304,3072,7077888,1.3333333333333333,2304,3072,0.132276040536386,936235,normal,True,False,False,False,False,False,0
ISIC_0000418,True,True,2304,3072,7077888,1.3333333333333333,2304,3072,0.21953455607096353,1553841,normal,True,False,False,False,False,False,0
ISIC_0000419,True,True,2304,3072,7077888,1.3333333333333333,2304,3072,0.32861285739474827,2325885,normal,True,False,False,False,False,False,0
ISIC_0000420,True,True,2304,3072,7077888,1.3333333333333333,2304,3072,0.22713512844509548,1607637,normal,True,False,False,False,False,False,0
ISIC_0000421,True,True,2304,3072,7077888,1.3333333333333333,2304,3072,0.17775994760018807,1258165,normal,True,False,False,False,False,False,0
ISIC_0000423,True,True,2304,3072,7077888,1.3333333333333333,2304,3072,0.3222140559443721,2280595,normal,True,False,False,False,False,False,0
ISIC_0000425,True,True,2304,3072,7077888,1.3333333333333333,2304,3072,0.4251728764286748,3009326,normal,True,False,False,False,False,False,0
ISIC_0000426,True,True,2304,3072,7077888,1.3333333333333333,2304,3072,0.5616832309299045,3975531,normal,True,False,False,False,True,True,1
ISIC_0000427,True,True,2304,3072,7077888,1.3333333333333333,2304,3072,0.2753659001103154,1949009,normal,True,False,False,False,False,False,0
ISIC_0000431,True,True,2304,3072,7077888,1.3333333333333333,2304,3072,0.11140526665581597,788514,normal,True,False,False,False,False,False,0
ISIC_0000433,True,True,2304,3072,7077888,1.3333333333333333,2304,3072,0.5744620429144965,4065978,normal,True,False,False,False,False,False,0
ISIC_0000434,True,True,2304,3072,7077888,1.3333333333333333,2304,3072,0.28839874267578125,2041254,normal,True,False,False,False,False,False,0
ISIC_0000436,True,True,2304,3072,7077888,1.3333333333333333,2304,3072,0.5073598225911459,3591036,normal,True,False,False,False,False,False,0
ISIC_0000439,True,True,2304,3072,7077888,1.3333333333333333,2304,3072,0.07700955426251446,545065,normal,True,False,False,False,False,False,0
ISIC_0000442,True,True,2304,3072,7077888,1.3333333333333333,2304,3072,0.19801132767288773,1401502,normal,True,False,False,False,False,False,0
ISIC_0000443,True,True,2304,3072,7077888,1.3333333333333333,2304,3072,0.10394668579101562,735723,normal,True,False,False,False,False,False,0
ISIC_0000444,True,True,2304,3072,7077888,1.3333333333333333,2304,3072,0.10305150349934895,729387,normal,True,False,False,False,False,False,0
ISIC_0000447,True,True,1956,2012,3935472,1.0286298568507157,1956,2012,0.07762245545134103,305481,normal,True,False,False,False,False,False,0
ISIC_0000448,True,True,2304,3072,7077888,1.3333333333333333,2304,3072,0.19438298543294272,1375821,normal,True,False,False,False,False,False,0
ISIC_0000449,True,True,2304,3072,7077888,1.3333333333333333,2304,3072,0.034879189950448496,246871,small,True,False,False,False,False,False,0
ISIC_0000451,True,True,2304,3072,7077888,1.3333333333333333,2304,3072,0.16254552205403647,1150479,normal,True,False,False,False,False,False,0
ISIC_0000453,True,True,2304,3072,7077888,1.3333333333333333,2304,3072,0.2319723058629919,1641874,normal,True,False,False,False,False,False,0
ISIC_0000455,True,True,1824,2283,4164192,1.2516447368421053,1824,2283,0.28059681205861786,1168459,normal,True,False,False,False,False,False,0
ISIC_0000456,True,True,2304,3072,7077888,1.3333333333333333,2304,3072,0.26063240898980033,1844727,normal,True,False,False,False,False,False,0
ISIC_0000457,True,True,753,1028,774084,1.3652058432934926,753,1028,0.35787330573942877,277024,normal,True,False,False,False,False,False,0
ISIC_0000458,True,True,802,919,737038,1.1458852867830425,802,919,0.24932228731761455,183760,normal,True,False,False,False,False,False,0
ISIC_0000460,True,True,802,919,737038,1.1458852867830425,802,919,0.17658790998564525,130152,normal,True,False,False,False,False,False,0
ISIC_0000461,True,True,802,919,737038,1.1458852867830425,802,919,0.3285529375690263,242156,normal,True,False,False,False,False,False,0
ISIC_0000463,True,True,2000,3008,6016000,1.504,2000,3008,0.29086170212765955,1749824,normal,True,False,False,False,False,False,0
ISIC_0000465,True,True,802,919,737038,1.1458852867830425,802,919,0.155712459873168,114766,normal,True,False,False,False,False,False,0
ISIC_0000466,True,True,802,919,737038,1.1458852867830425,802,919,0.34529698604413883,254497,normal,True,False,False,False,False,False,0
ISIC_0000469,True,True,802,919,737038,1.1458852867830425,802,919,0.26389955470409937,194504,normal,True,False,False,False,False,False,0
ISIC_0000470,True,True,802,919,737038,1.1458852867830425,802,919,0.17378344128796616,128085,normal,True,False,False,False,False,False,0
ISIC_0000471,True,True,802,919,737038,1.1458852867830425,802,919,0.14650533622418382,107980,normal,True,False,False,False,False,False,0
ISIC_0000473,True,True,2000,3008,6016000,1.504,2000,3008,0.17269082446808512,1038908,normal,True,False,False,False,False,False,0
ISIC_0000474,True,True,802,919,737038,1.1458852867830425,802,919,0.48907383337087096,360466,normal,True,False,False,False,False,False,0
ISIC_0000476,True,True,802,919,737038,1.1458852867830425,802,919,0.4611906034695633,339915,normal,True,False,False,False,False,False,0
ISIC_0000477,True,True,802,919,737038,1.1458852867830425,802,919,0.3714408212330979,273766,normal,True,False,False,False,False,False,0
ISIC_0000479,True,True,802,919,737038,1.1458852867830425,802,919,0.49973814104564485,368326,normal,True,True,False,False,False,True,1
ISIC_0000480,True,True,802,919,737038,1.1458852867830425,802,919,0.19408090220585641,143045,normal,True,False,False,False,False,False,0
ISIC_0000481,True,True,802,919,737038,1.1458852867830425,802,919,0.6889522656905072,507784,normal,True,False,True,False,True,True,2
ISIC_0000482,True,True,802,919,737038,1.1458852867830425,802,919,0.24152893066571873,178016,normal,True,False,False,False,False,False,0
ISIC_0000483,True,True,802,919,737038,1.1458852867830425,802,919,0.31508009085013255,232226,normal,True,False,False,False,False,False,0
ISIC_0000484,True,True,802,919,737038,1.1458852867830425,802,919,0.5254640873333533,387287,normal,True,False,False,False,True,True,1
ISIC_0000485,True,True,802,919,737038,1.1458852867830425,802,919,0.6126237724513526,451527,normal,True,True,False,True,False,True,2
ISIC_0000486,True,True,802,919,737038,1.1458852867830425,802,919,0.18341388096678868,135183,normal,True,False,False,False,False,False,0
ISIC_0000487,True,True,802,919,737038,1.1458852867830425,802,919,0.4058718817754308,299143,normal,True,False,False,False,False,False,0
ISIC_0000488,True,True,802,919,737038,1.1458852867830425,802,919,0.1652872714839669,121823,normal,True,False,False,False,False,False,0
ISIC_0000489,True,True,802,919,737038,1.1458852867830425,802,919,0.27915656994619004,205749,normal,True,True,False,False,False,True,1
ISIC_0000490,True,True,802,919,737038,1.1458852867830425,802,919,0.2975029781368125,219271,normal,True,False,False,False,False,False,0
ISIC_0000491,True,True,802,919,737038,1.1458852867830425,802,919,0.5196380647944883,382993,normal,True,False,False,False,False,False,0
ISIC_0000492,True,True,802,919,737038,1.1458852867830425,802,919,0.15656316227928546,115393,normal,True,False,False,False,False,False,0
ISIC_0000493,True,True,802,919,737038,1.1458852867830425,802,919,0.4545179488710216,334997,normal,True,False,False,False,False,False,0
ISIC_0000494,True,True,802,919,737038,1.1458852867830425,802,919,0.13680298709157465,100829,normal,True,False,False,False,False,False,0
ISIC_0000495,True,True,802,919,737038,1.1458852867830425,802,919,0.20909233987935494,154109,normal,True,False,False,False,False,False,0
ISIC_0000496,True,True,717,1019,730623,1.4211994421199443,717,1019,0.2477146216311285,180986,normal,True,False,False,False,False,False,0
ISIC_0000498,True,True,802,919,737038,1.1458852867830425,802,919,0.2932209736811399,216115,normal,True,False,False,False,False,False,0
ISIC_0000499,True,True,802,919,737038,1.1458852867830425,802,919,0.155613414776443,114693,normal,True,False,False,False,False,False,0
ISIC_0000500,True,True,802,919,737038,1.1458852867830425,802,919,0.21204334104890113,156284,normal,True,False,False,False,False,False,0
ISIC_0000501,True,True,802,919,737038,1.1458852867830425,802,919,0.17727579853413256,130659,normal,True,False,False,False,False,False,0
ISIC_0000503,True,True,802,919,737038,1.1458852867830425,802,919,0.2369375798805489,174632,normal,True,False,False,False,False,False,0
ISIC_0000504,True,True,2592,3872,10036224,1.4938271604938271,2592,3872,0.12669177172609938,1271507,normal,True,False,False,False,False,False,0
ISIC_0000505,True,True,802,919,737038,1.1458852867830425,802,919,0.15111161161296977,111375,normal,True,False,False,False,False,False,0
ISIC_0000506,True,True,802,919,737038,1.1458852867830425,802,919,0.10232443917409957,75417,normal,True,False,False,False,False,False,0
ISIC_0000507,True,True,717,1019,730623,1.4211994421199443,717,1019,0.25438564074769066,185860,normal,True,False,False,False,False,False,0
ISIC_0000508,True,True,717,1019,730623,1.4211994421199443,717,1019,0.19234680539758534,140533,normal,True,False,False,False,False,False,0
ISIC_0000509,True,True,802,919,737038,1.1458852867830425,802,919,0.299607347246682,220822,normal,True,False,False,False,False,False,0
ISIC_0000510,True,True,802,919,737038,1.1458852867830425,802,919,0.29849478588620937,220002,normal,True,False,False,False,False,False,0
ISIC_0000511,True,True,802,919,737038,1.1458852867830425,802,919,0.5089751139018612,375134,normal,True,False,False,False,False,False,0
ISIC_0000513,True,True,802,919,737038,1.1458852867830425,802,919,0.26376116292511376,194402,normal,True,False,False,False,False,False,0
ISIC_0000514,True,True,802,919,737038,1.1458852867830425,802,919,0.1300502823463648,95852,normal,True,False,False,False,False,False,0
ISIC_0000515,True,True,802,919,737038,1.1458852867830425,802,919,0.45263744881539353,333611,normal,True,False,False,False,False,False,0
ISIC_0000517,True,True,802,919,737038,1.1458852867830425,802,919,0.7666253300372572,565032,normal,True,True,True,False,False,True,2
ISIC_0000518,True,True,802,919,737038,1.1458852867830425,802,919,0.1871192530100212,137914,normal,True,False,False,False,False,False,0
ISIC_0000519,True,True,2304,3072,7077888,1.3333333333333333,2304,3072,0.47724363538953996,3377877,normal,True,False,False,False,False,False,0
ISIC_0000520,True,True,2304,3072,7077888,1.3333333333333333,2304,3072,0.15613259209526908,1105089,normal,True,False,False,False,False,False,0
ISIC_0000521,True,True,2304,3072,7077888,1.3333333333333333,2304,3072,0.5357805887858073,3792195,normal,True,False,False,False,False,False,0
ISIC_0000522,True,True,802,919,737038,1.1458852867830425,802,919,0.2722532623826723,200661,normal,True,False,False,False,False,False,0
ISIC_0000523,True,True,802,919,737038,1.1458852867830425,802,919,0.21649901361937918,159568,normal,True,False,False,False,False,False,0
ISIC_0000524,True,True,802,919,737038,1.1458852867830425,802,919,0.3124927072959603,230319,normal,True,False,False,False,False,False,0
ISIC_0000525,True,True,711,1007,715977,1.4163150492264416,711,1007,0.3697283571958317,264717,normal,True,False,False,False,False,False,0
ISIC_0000527,True,True,713,1011,720843,1.417952314165498,713,1011,0.2392185260868178,172439,normal,True,False,False,False,False,False,0
ISIC_0000528,True,True,711,1008,716688,1.4177215189873418,711,1008,0.13485505547741836,96649,normal,True,False,False,False,False,False,0
ISIC_0000529,True,True,753,1028,774084,1.3652058432934926,753,1028,0.3960590840270565,306583,normal,True,False,False,False,False,False,0
ISIC_0000530,True,True,802,919,737038,1.1458852867830425,802,919,0.23290115299346845,171657,normal,True,False,False,False,False,False,0
ISIC_0000531,True,True,802,919,737038,1.1458852867830425,802,919,0.18607724432118833,137146,normal,True,False,False,False,False,False,0
ISIC_0000532,True,True,802,919,737038,1.1458852867830425,802,919,0.21171499976934705,156042,normal,True,False,False,False,False,False,0
ISIC_0000533,True,True,682,1016,692912,1.4897360703812317,682,1016,0.3775111413859191,261582,normal,True,False,False,False,False,False,0
ISIC_0000534,True,True,719,824,592456,1.1460361613351877,719,824,0.4290867169882658,254215,normal,True,False,False,False,False,False,0
ISIC_0000535,True,True,719,824,592456,1.1460361613351877,719,824,0.21124775510755228,125155,normal,True,False,False,False,False,False,0
ISIC_0000536,True,True,682,796,542872,1.1671554252199414,682,796,0.06319353365065798,34306,normal,True,False,False,False,False,False,0
ISIC_0000537,True,True,719,824,592456,1.1460361613351877,719,824,0.3931616862686849,232931,normal,True,False,False,False,False,False,0
ISIC_0000538,True,True,719,824,592456,1.1460361613351877,719,824,0.17156379545485234,101644,normal,True,False,False,False,False,False,0
ISIC_0000539,True,True,719,824,592456,1.1460361613351877,719,824,0.5543669065719649,328438,normal,True,True,False,False,False,True,1
ISIC_0000540,True,True,719,824,592456,1.1460361613351877,719,824,0.5128498994018121,303841,normal,True,False,False,False,False,False,0
ISIC_0000541,True,True,719,824,592456,1.1460361613351877,719,824,0.3158276732786907,187114,normal,True,False,False,False,False,False,0
ISIC_0000542,True,True,719,824,592456,1.1460361613351877,719,824,0.4249007521233644,251735,normal,True,False,False,True,False,True,1
ISIC_0000543,True,True,680,853,580040,1.2544117647058823,680,853,0.2878163574925867,166945,normal,True,False,False,False,False,False,0
ISIC_0000544,True,True,719,824,592456,1.1460361613351877,719,824,0.2531344099815007,149971,normal,True,False,False,False,False,False,0
ISIC_0000545,True,True,719,824,592456,1.1460361613351877,719,824,0.3948191933240612,233913,normal,True,False,False,False,False,False,0
ISIC_0000546,True,True,719,824,592456,1.1460361613351877,719,824,0.33400623843795996,197884,normal,True,False,False,False,False,False,0
ISIC_0000547,True,True,719,824,592456,1.1460361613351877,719,824,0.514293044546768,304696,normal,True,False,False,False,False,False,0
ISIC_0000548,True,True,750,771,578250,1.028,750,771,0.22344314742758323,129206,normal,True,False,False,False,False,False,0
ISIC_0000549,True,True,719,824,592456,1.1460361613351877,719,824,0.5317761994139649,315054,normal,True,True,False,False,False,True,1
ISIC_0000550,True,True,719,824,592456,1.1460361613351877,719,824,0.3738218534372173,221473,normal,True,False,False,False,False,False,0
ISIC_0000552,True,True,566,679,384314,1.1996466431095407,566,679,0.5520121567260105,212146,normal,True,False,False,False,False,False,0
ISIC_0000554,True,True,719,824,592456,1.1460361613351877,719,824,0.34008432693735907,201485,normal,True,False,False,False,False,False,0
ISIC_0000555,True,True,680,833,566440,1.225,680,833,0.19456959254289952,110212,normal,True,False,False,False,False,False,0
ISIC_0000556,True,True,719,824,592456,1.1460361613351877,719,824,0.5105678733948175,302489,normal,True,False,False,False,False,False,0
ISIC_0000882,True,True,2016,3024,6096384,1.5,2016,3024,0.09253616570084824,564136,normal,True,False,False,False,False,False,0
ISIC_0000900,True,True,2016,3024,6096384,1.5,2016,3024,0.06837610622952885,416847,normal,True,False,False,False,False,False,0
ISIC_0000999,True,True,2016,3024,6096384,1.5,2016,3024,0.08589025888133031,523620,normal,True,False,False,False,False,False,0
ISIC_0001100,True,True,2304,3072,7077888,1.3333333333333333,2304,3072,0.15331381338614006,1085138,normal,True,False,False,False,False,False,0
ISIC_0001102,True,True,2304,3072,7077888,1.3333333333333333,2304,3072,0.45055544817889176,3188981,normal,True,False,False,False,False,False,0
ISIC_0001103,True,True,2592,3872,10036224,1.4938271604938271,2592,3872,0.19433962414549535,1950436,normal,True,False,False,False,False,False,0
ISIC_0001105,True,True,2304,3072,7077888,1.3333333333333333,2304,3072,0.1440336439344618,1019454,normal,True,False,False,False,False,False,0
ISIC_0001106,True,True,2592,3872,10036224,1.4938271604938271,2592,3872,0.24810337035123967,2490021,normal,True,False,False,False,False,False,0
ISIC_0001118,True,True,2592,3872,10036224,1.4938271604938271,2592,3872,0.5971819680389756,5993452,normal,True,False,False,False,False,False,0
ISIC_0001119,True,True,2304,3072,7077888,1.3333333333333333,2304,3072,0.055193583170572914,390654,normal,True,False,False,False,False,False,0
ISIC_0001126,True,True,2304,3072,7077888,1.3333333333333333,2304,3072,0.20535405476888022,1453473,normal,True,False,False,False,False,False,0
ISIC_0001128,True,True,2304,3072,7077888,1.3333333333333333,2304,3072,0.1762717918113426,1247632,normal,True,False,False,False,False,False,0
ISIC_0001131,True,True,2304,3072,7077888,1.3333333333333333,2304,3072,0.3430283157913773,2427916,normal,True,True,False,False,False,True,1
ISIC_0001133,True,True,2304,3072,7077888,1.3333333333333333,2304,3072,0.24240620930989584,1715724,normal,True,False,False,False,False,False,0
ISIC_0001134,True,True,2304,3072,7077888,1.3333333333333333,2304,3072,0.08148871527777778,576768,normal,True,False,False,False,False,False,0
ISIC_0001140,True,True,1936,1936,3748096,1.0,1936,1936,0.2944932573765453,1103789,normal,True,False,False,False,False,False,0
ISIC_0001142,True,True,2304,3072,7077888,1.3333333333333333,2304,3072,0.4923270896629051,3484636,normal,True,False,False,False,False,False,0
ISIC_0001148,True,True,2304,3072,7077888,1.3333333333333333,2304,3072,0.28751585218641496,2035005,normal,True,False,False,False,False,False,0
ISIC_0001152,True,True,1296,1936,2509056,1.4938271604938271,1296,1936,0.6078369713549637,1525097,normal,True,False,False,False,False,False,0
ISIC_0001163,True,True,2016,3024,6096384,1.5,2016,3024,0.09776795556185437,596031,normal,True,False,False,False,False,False,0
ISIC_0001181,True,True,2848,4288,12212224,1.5056179775280898,2848,4288,0.031031120948977024,378959,small,True,False,False,False,False,False,0
ISIC_0001184,True,True,2848,4288,12212224,1.5056179775280898,2848,4288,0.04868785570916485,594587,small,True,False,False,False,False,False,0
ISIC_0001185,True,True,2848,4288,12212224,1.5056179775280898,2848,4288,0.041780678113994635,510235,small,True,False,False,False,False,False,0
ISIC_0001186,True,True,2848,4288,12212224,1.5056179775280898,2848,4288,0.031198658000377327,381005,small,True,False,False,False,False,False,0
ISIC_0001188,True,True,2848,4288,12212224,1.5056179775280898,2848,4288,0.03775413880387389,461062,small,True,False,False,False,False,False,0
ISIC_0001190,True,True,2848,4288,12212224,1.5056179775280898,2848,4288,0.030009685377536476,366485,small,True,False,False,False,False,False,0
ISIC_0001191,True,True,2848,4288,12212224,1.5056179775280898,2848,4288,0.025814462623679355,315252,small,True,False,False,False,False,False,0
ISIC_0001204,True,True,2016,3024,6096384,1.5,2016,3024,0.09987494226085496,608876,normal,True,False,False,False,False,False,0
ISIC_0001212,True,True,2848,4288,12212224,1.5056179775280898,2848,4288,0.10606782188076472,1295324,normal,True,False,False,False,False,False,0
ISIC_0001213,True,True,2848,4288,12212224,1.5056179775280898,2848,4288,0.04206318193966963,513685,small,True,False,False,False,False,False,0
ISIC_0001216,True,True,2848,4288,12212224,1.5056179775280898,2848,4288,0.033933868229079324,414408,small,True,False,False,False,False,False,0
ISIC_0001242,True,True,2848,4288,12212224,1.5056179775280898,2848,4288,0.030026226181242663,366687,small,True,False,False,False,False,False,0
ISIC_0001247,True,True,2016,3024,6096384,1.5,2016,3024,0.0574394591941715,350173,normal,True,False,False,False,False,False,0
ISIC_0001254,True,True,2016,3024,6096384,1.5,2016,3024,0.06709895570882674,409061,normal,True,False,False,False,False,False,0
ISIC_0001262,True,True,2016,3024,6096384,1.5,2016,3024,0.04701426288107836,286617,small,True,False,False,False,False,False,0
ISIC_0001267,True,True,2016,3024,6096384,1.5,2016,3024,0.05747702244478038,350402,normal,True,False,False,False,False,False,0
ISIC_0001275,True,True,2016,3024,6096384,1.5,2016,3024,0.05595890941253044,341147,normal,True,False,False,False,False,False,0
ISIC_0001286,True,True,2016,3024,6096384,1.5,2016,3024,0.06000097762870581,365789,normal,True,False,False,False,False,False,0
ISIC_0001292,True,True,2016,3024,6096384,1.5,2016,3024,0.05464452370454355,333134,normal,True,False,False,False,False,False,0
ISIC_0001296,True,True,2016,3024,6096384,1.5,2016,3024,0.05382945037582934,328165,normal,True,False,False,False,False,False,0
ISIC_0001299,True,True,2016,3024,6096384,1.5,2016,3024,0.06212994457042076,378768,normal,True,False,False,False,False,False,0
ISIC_0001306,True,True,2016,3024,6096384,1.5,2016,3024,0.033609759490215836,204898,small,True,False,False,False,False,False,0
ISIC_0001367,True,True,2016,3024,6096384,1.5,2016,3024,0.06297618391492399,383927,normal,True,False,False,False,False,False,0
ISIC_0001372,True,True,2016,3024,6096384,1.5,2016,3024,0.05982611987696313,364723,normal,True,False,False,False,False,False,0
ISIC_0001374,True,True,2016,3024,6096384,1.5,2016,3024,0.07240341159611993,441399,normal,True,False,False,False,False,False,0
ISIC_0001385,True,True,2016,3024,6096384,1.5,2016,3024,0.07475956238977072,455763,normal,True,False,False,False,False,False,0
ISIC_0001423,True,True,2016,3024,6096384,1.5,2016,3024,0.07457781530822205,454655,normal,True,False,False,False,False,False,0
ISIC_0001427,True,True,2016,3024,6096384,1.5,2016,3024,0.06527459556353406,397939,normal,True,False,False,False,False,False,0
ISIC_0001442,True,True,2016,3024,6096384,1.5,2016,3024,0.07891776502267574,481113,normal,True,False,False,False,False,False,0
ISIC_0001449,True,True,2016,3024,6096384,1.5,2016,3024,0.052332005332997394,319036,normal,True,False,False,False,False,False,0
ISIC_0001769,True,True,2016,3024,6096384,1.5,2016,3024,0.03560782916561686,217079,small,True,False,False,False,False,False,0
ISIC_0001852,True,True,2016,3024,6096384,1.5,2016,3024,0.021522922440581172,131212,small,True,False,False,False,False,False,0
ISIC_0001871,True,True,2016,3024,6096384,1.5,2016,3024,0.03380052831317712,206061,small,True,False,False,False,False,False,0
ISIC_0001960,True,True,2016,3024,6096384,1.5,2016,3024,0.04755458317586294,289911,small,True,False,False,False,False,False,0
ISIC_0002093,True,True,2016,3024,6096384,1.5,2016,3024,0.20460981460485428,1247380,normal,True,False,False,False,False,False,0
ISIC_0002107,True,True,2016,3024,6096384,1.5,2016,3024,0.13427270985554715,818578,normal,True,False,False,False,False,False,0
ISIC_0002206,True,True,2016,3024,6096384,1.5,2016,3024,0.050129224143361045,305607,normal,True,False,False,False,False,False,0
ISIC_0002246,True,True,2016,3024,6096384,1.5,2016,3024,0.07069108507600572,430960,normal,True,False,False,False,False,False,0
ISIC_0002251,True,True,2016,3024,6096384,1.5,2016,3024,0.10983888154027042,669620,normal,True,False,False,False,False,False,0
ISIC_0002287,True,True,2016,3024,6096384,1.5,2016,3024,0.11461991239396993,698767,normal,True,False,False,False,False,False,0
ISIC_0002353,True,True,2016,3024,6096384,1.5,2016,3024,0.06946937725707567,423512,normal,True,False,False,False,False,False,0
ISIC_0002374,True,True,2016,3024,6096384,1.5,2016,3024,0.05160928183001596,314630,normal,True,False,False,False,False,False,0
ISIC_0002438,True,True,2016,3024,6096384,1.5,2016,3024,0.07394399696607037,450791,normal,True,False,False,False,False,False,0
ISIC_0002439,True,True,2016,3024,6096384,1.5,2016,3024,0.08939807597421685,545005,normal,True,False,False,False,False,False,0
ISIC_0002453,True,True,2016,3024,6096384,1.5,2016,3024,0.061845349636768285,377033,normal,True,False,False,False,False,False,0
ISIC_0002459,True,True,2016,3024,6096384,1.5,2016,3024,0.08755370396615436,533761,normal,True,False,False,False,False,False,0
ISIC_0002469,True,True,2016,3024,6096384,1.5,2016,3024,0.08863664099899218,540363,normal,True,False,False,False,False,False,0
ISIC_0002476,True,True,2016,3024,6096384,1.5,2016,3024,0.06532675763206518,398257,normal,True,False,False,False,False,False,0
ISIC_0002488,True,True,2016,3024,6096384,1.5,2016,3024,0.05026077753632317,306409,normal,True,False,False,False,False,False,0
ISIC_0002489,True,True,2016,3024,6096384,1.5,2016,3024,0.08423124265138154,513506,normal,True,False,False,False,False,False,0
ISIC_0002616,True,True,2848,4288,12212224,1.5056179775280898,2848,4288,0.032087930912502095,391865,small,True,False,False,False,False,False,0
ISIC_0002647,True,True,2848,4288,12212224,1.5056179775280898,2848,4288,0.0407766021979289,497973,small,True,False,False,False,False,False,0
ISIC_0002673,True,True,2016,3024,6096384,1.5,2016,3024,0.055614770985554715,339049,normal,True,False,False,False,False,False,0
ISIC_0002780,True,True,2848,4288,12212224,1.5056179775280898,2848,4288,0.05556449013709542,678566,normal,True,False,False,False,False,False,0
ISIC_0002806,True,True,2848,4288,12212224,1.5056179775280898,2848,4288,0.1288795554356029,1573906,normal,True,False,False,False,False,False,0
ISIC_0002829,True,True,2016,3024,6096384,1.5,2016,3024,0.08479206690392206,516925,normal,True,False,False,False,False,False,0
ISIC_0002836,True,True,2848,4288,12212224,1.5056179775280898,2848,4288,0.09690044990986081,1183370,normal,True,False,False,False,False,False,0
ISIC_0002871,True,True,2848,4288,12212224,1.5056179775280898,2848,4288,0.04004610462435016,489052,small,True,False,False,False,False,False,0
ISIC_0002879,True,True,2016,3024,6096384,1.5,2016,3024,0.07789912840136054,474903,normal,True,False,False,False,False,False,0
ISIC_0002885,True,True,2848,4288,12212224,1.5056179775280898,2848,4288,0.07491829498050478,914919,normal,True,False,False,False,False,False,0
ISIC_0002948,True,True,2016,3024,6096384,1.5,2016,3024,0.056959502551020405,347247,normal,True,False,False,False,False,False,0
ISIC_0002975,True,True,2848,4288,12212224,1.5056179775280898,2848,4288,0.04016713090097267,490530,small,True,False,False,False,False,False,0
ISIC_0002976,True,True,2848,4288,12212224,1.5056179775280898,2848,4288,0.039831811142671474,486435,small,True,False,False,False,False,False,0
ISIC_0003005,True,True,2016,3024,6096384,1.5,2016,3024,0.08506419543125893,518584,normal,True,False,False,False,False,False,0
ISIC_0003056,True,True,2848,4288,12212224,1.5056179775280898,2848,4288,0.032907355777293305,401872,small,True,False,False,False,False,False,0
ISIC_0003174,True,True,2016,3024,6096384,1.5,2016,3024,0.04732411869068615,288506,small,True,False,False,False,False,False,0
ISIC_0003308,True,True,2016,3024,6096384,1.5,2016,3024,0.09377230830603847,571672,normal,True,False,False,False,False,False,0
ISIC_0003346,True,True,2848,4288,12212224,1.5056179775280898,2848,4288,0.029249381603219857,357200,small,True,False,False,False,False,False,0
ISIC_0003462,True,True,2016,3024,6096384,1.5,2016,3024,0.026524739911396658,161705,small,True,False,False,False,False,False,0
ISIC_0003539,True,True,2016,3024,6096384,1.5,2016,3024,0.052004598135550514,317040,normal,True,False,False,False,False,False,0
ISIC_0003559,True,True,2848,4288,12212224,1.5056179775280898,2848,4288,0.04789078549492705,584853,small,True,False,False,False,False,False,0
ISIC_0003582,True,True,2016,3024,6096384,1.5,2016,3024,0.1762498884584698,1074487,normal,True,False,False,False,False,False,0
ISIC_0003657,True,True,2016,3024,6096384,1.5,2016,3024,0.055994668314856805,341365,normal,True,False,False,False,False,False,0
ISIC_0003728,True,True,2016,3024,6096384,1.5,2016,3024,0.050940032648862016,310550,normal,True,False,False,False,False,False,0
ISIC_0003805,True,True,2016,3024,6096384,1.5,2016,3024,0.02244806101452927,136852,small,True,False,False,False,False,False,0
ISIC_0004110,True,True,2016,3024,6096384,1.5,2016,3024,0.13321011274880323,812100,normal,True,False,False,False,False,False,0
ISIC_0004115,True,True,2848,4288,12212224,1.5056179775280898,2848,4288,0.07850109857139863,958673,normal,True,False,False,False,False,False,0
ISIC_0004168,True,True,2848,4288,12212224,1.5056179775280898,2848,4288,0.030971099121666946,378226,small,True,False,False,False,False,False,0
ISIC_0004309,True,True,2848,4288,12212224,1.5056179775280898,2848,4288,0.03358200766707194,410111,small,True,False,False,False,False,False,0
ISIC_0004337,True,True,2016,3024,6096384,1.5,2016,3024,0.03415844539976484,208243,small,True,False,False,False,False,False,0
ISIC_0004346,True,True,2848,4288,12212224,1.5056179775280898,2848,4288,0.0397974193725893,486015,small,True,False,False,False,False,False,0
ISIC_0004715,True,True,2016,3024,6096384,1.5,2016,3024,0.08089040979045939,493139,normal,True,False,False,False,False,False,0
ISIC_0004985,True,True,2848,4288,12212224,1.5056179775280898,2848,4288,0.055772724116426295,681109,normal,True,False,False,False,False,False,0
ISIC_0005000,True,True,2848,4256,12121088,1.4943820224719102,2848,4256,0.03273749023189997,396814,small,True,False,False,False,False,False,0
ISIC_0005187,True,True,2016,3024,6096384,1.5,2016,3024,0.05657271589191232,344889,normal,True,False,False,False,False,False,0
ISIC_0005247,True,True,2016,3024,6096384,1.5,2016,3024,0.09525449840429999,580708,normal,True,False,False,False,False,False,0
ISIC_0005548,True,True,2016,3024,6096384,1.5,2016,3024,0.1155373414798018,704360,normal,True,False,False,False,False,False,0
ISIC_0005555,True,True,2016,3024,6096384,1.5,2016,3024,0.08035845511043924,489896,normal,True,False,False,False,False,False,0
ISIC_0005620,True,True,2016,3024,6096384,1.5,2016,3024,0.06526048884059797,397853,normal,True,False,False,False,False,False,0
ISIC_0005639,True,True,2016,3024,6096384,1.5,2016,3024,0.18679515594818175,1138775,normal,True,False,False,False,False,False,0
ISIC_0005666,True,True,2016,3024,6096384,1.5,2016,3024,0.08352131361803981,509178,normal,True,False,False,False,False,False,0
ISIC_0005787,True,True,2016,3024,6096384,1.5,2016,3024,0.10687515747039557,651552,normal,True,False,False,False,False,False,0
ISIC_0006021,True,True,2848,4288,12212224,1.5056179775280898,2848,4288,0.06719529546788529,820604,normal,True,False,False,False,False,False,0
ISIC_0006114,True,True,2016,3024,6096384,1.5,2016,3024,0.04916996698370706,299759,small,True,False,False,False,False,False,0
ISIC_0006193,True,True,2016,3024,6096384,1.5,2016,3024,0.06178957887167213,376693,normal,True,False,False,False,False,False,0
ISIC_0006350,True,True,2016,3024,6096384,1.5,2016,3024,0.11938109541656168,727793,normal,True,False,False,False,False,False,0
ISIC_0006612,True,True,2848,4288,12212224,1.5056179775280898,2848,4288,0.06255428986562972,763927,normal,True,False,False,False,False,False,0
ISIC_0006651,True,True,2016,3024,6096384,1.5,2016,3024,0.04654070347274712,283730,small,True,False,False,False,False,False,0
ISIC_0006671,True,True,2016,3024,6096384,1.5,2016,3024,0.028506570452254975,173787,small,True,False,False,False,False,False,0
ISIC_0006711,True,True,2848,4288,12212224,1.5056179775280898,2848,4288,0.035324851558569514,431395,small,True,False,False,False,False,False,0
ISIC_0006776,True,True,2016,3024,6096384,1.5,2016,3024,0.06760236887965063,412130,normal,True,False,False,False,False,False,0
ISIC_0006795,True,True,2848,4288,12212224,1.5056179775280898,2848,4288,0.05917898328756498,722707,normal,True,False,False,False,False,False,0
ISIC_0006800,True,True,2016,3024,6096384,1.5,2016,3024,0.08000709929033342,487754,normal,True,False,False,False,False,False,0
ISIC_0006815,True,True,2848,4288,12212224,1.5056179775280898,2848,4288,0.007762713818547711,94800,very_tiny,True,False,False,False,False,False,0
ISIC_0006914,True,True,2016,3024,6096384,1.5,2016,3024,0.11427626606198035,696672,normal,True,False,False,False,False,False,0
ISIC_0006940,True,True,2848,4288,12212224,1.5056179775280898,2848,4288,0.06212201806976354,758648,normal,True,False,False,False,False,False,0
ISIC_0006982,True,True,2016,3024,6096384,1.5,2016,3024,0.18728347820609725,1141752,normal,True,False,False,False,False,False,0
ISIC_0007038,True,True,2848,4288,12212224,1.5056179775280898,2848,4288,0.03333381372631226,407080,small,True,False,False,False,False,False,0
ISIC_0007087,True,True,2016,3024,6096384,1.5,2016,3024,0.11619412425464012,708364,normal,True,False,False,False,False,False,0
ISIC_0007141,True,True,2016,3024,6096384,1.5,2016,3024,0.16460528076971528,1003497,normal,True,False,False,False,False,False,0
ISIC_0007156,True,True,2016,3024,6096384,1.5,2016,3024,0.06311298632107164,384761,normal,True,False,False,False,False,False,0
ISIC_0007241,True,True,2016,3024,6096384,1.5,2016,3024,0.05690586419753087,346920,normal,True,False,False,False,False,False,0
ISIC_0007322,True,True,2848,4288,12212224,1.5056179775280898,2848,4288,0.0650676731773017,794621,normal,True,False,False,False,False,False,0
ISIC_0007332,True,True,2016,3024,6096384,1.5,2016,3024,0.08706242913832199,530766,normal,True,False,False,False,False,False,0
ISIC_0007344,True,True,2016,3024,6096384,1.5,2016,3024,0.08575099600025195,522771,normal,True,False,False,False,False,False,0
ISIC_0007475,True,True,2016,3024,6096384,1.5,2016,3024,0.12893675988914083,786048,normal,True,False,False,False,False,False,0
ISIC_0007528,True,True,2016,3024,6096384,1.5,2016,3024,0.02720596340388007,165858,small,True,False,False,False,False,False,0
ISIC_0007557,True,True,2016,3024,6096384,1.5,2016,3024,0.12883358397371295,785419,normal,True,False,False,False,False,False,0
ISIC_0007693,True,True,2016,3024,6096384,1.5,2016,3024,0.05619855967078189,342608,normal,True,False,False,False,False,False,0
ISIC_0007760,True,True,2016,3024,6096384,1.5,2016,3024,0.07419824604224406,452341,normal,True,False,False,False,False,False,0
ISIC_0007788,True,True,2848,4288,12212224,1.5056179775280898,2848,4288,0.10161842756896697,1240987,normal,True,False,False,False,False,False,0
ISIC_0007796,True,True,2016,3024,6096384,1.5,2016,3024,0.04604221125178466,280691,small,True,False,False,False,False,False,0
ISIC_0008029,True,True,2848,4288,12212224,1.5056179775280898,2848,4288,0.05798624394704847,708141,normal,True,False,False,False,False,False,0
ISIC_0008116,True,True,2016,3024,6096384,1.5,2016,3024,0.06525425563744017,397815,normal,True,False,False,False,False,False,0
ISIC_0008145,True,True,2848,4288,12212224,1.5056179775280898,2848,4288,0.02525494127850914,308419,small,True,False,False,False,False,False,0
ISIC_0008207,True,True,2848,4288,12212224,1.5056179775280898,2848,4288,0.03470768305592822,423858,small,True,False,False,False,False,False,0
ISIC_0008236,True,True,2848,4288,12212224,1.5056179775280898,2848,4288,0.06593852192688245,805256,normal,True,False,False,False,False,False,0
ISIC_0008256,True,True,2848,4288,12212224,1.5056179775280898,2848,4288,0.0435461223115462,531795,small,True,False,False,False,False,False,0
ISIC_0008280,True,True,2016,3024,6096384,1.5,2016,3024,0.05933550117577895,361732,normal,True,False,False,False,False,False,0
ISIC_0008294,True,True,2016,3024,6096384,1.5,2016,3024,0.030307146006550767,184764,small,True,False,False,False,False,False,0
ISIC_0008347,True,True,2848,4288,12212224,1.5056179775280898,2848,4288,0.033973173109173235,414888,small,True,False,False,False,False,False,0
ISIC_0008396,True,True,2848,4288,12212224,1.5056179775280898,2848,4288,0.02984272152230421,364446,small,True,False,False,False,False,False,0
ISIC_0008403,True,True,2016,3024,6096384,1.5,2016,3024,0.09383611662257496,572061,normal,True,False,False,False,False,False,0
ISIC_0008406,True,True,2848,4288,12212224,1.5056179775280898,2848,4288,0.038477594253102466,469897,small,True,False,False,False,False,False,0
ISIC_0008507,True,True,2848,4288,12212224,1.5056179775280898,2848,4288,0.04951235745430153,604656,small,True,False,False,False,False,False,0
ISIC_0008524,True,True,2848,4288,12212224,1.5056179775280898,2848,4288,0.02660006891455643,324846,small,True,False,False,False,False,False,0
ISIC_0008528,True,True,2848,4288,12212224,1.5056179775280898,2848,4288,0.0858842746415395,1048838,normal,True,False,False,False,False,False,0
ISIC_0008541,True,True,2848,4288,12212224,1.5056179775280898,2848,4288,0.03112389684303203,380092,small,True,False,False,False,False,False,0
ISIC_0008552,True,True,2848,4288,12212224,1.5056179775280898,2848,4288,0.040001640978743924,488509,small,True,False,False,False,False,False,0
ISIC_0008600,True,True,2016,3024,6096384,1.5,2016,3024,0.13614808384773663,830011,normal,True,False,False,False,False,False,0
ISIC_0008626,True,True,2848,4288,12212224,1.5056179775280898,2848,4288,0.10025250110053664,1224306,normal,True,False,False,False,False,False,0
ISIC_0008659,True,True,2848,4288,12212224,1.5056179775280898,2848,4288,0.033764775359508635,412343,small,True,False,False,False,False,False,0
ISIC_0008785,True,True,2016,3024,6096384,1.5,2016,3024,0.09555680875745359,582551,normal,True,False,False,False,False,False,0
ISIC_0008807,True,True,2848,4288,12212224,1.5056179775280898,2848,4288,0.03903326699543015,476683,small,True,False,False,False,False,False,0
ISIC_0008879,True,True,2848,4288,12212224,1.5056179775280898,2848,4288,0.031692834982391414,387040,small,True,False,False,False,False,False,0
ISIC_0008913,True,True,2848,4288,12212224,1.5056179775280898,2848,4288,0.16613755201345798,2028909,normal,True,False,False,False,False,False,0
ISIC_0008992,True,True,2848,4288,12212224,1.5056179775280898,2848,4288,0.04130287816535301,504400,small,True,False,False,False,False,False,0
ISIC_0008993,True,True,2016,3024,6096384,1.5,2016,3024,0.07118514844209288,433972,normal,True,False,False,False,False,False,0
ISIC_0008998,True,True,2848,4288,12212224,1.5056179775280898,2848,4288,0.36467886602800603,4453540,normal,True,False,False,False,False,False,0
ISIC_0009035,True,True,2848,4288,12212224,1.5056179775280898,2848,4288,0.11656206109550561,1423482,normal,True,False,False,False,False,False,0
ISIC_0009078,True,True,2016,3024,6096384,1.5,2016,3024,0.05937700118627698,361985,normal,True,False,False,False,False,False,0
ISIC_0009083,True,True,2848,4288,12212224,1.5056179775280898,2848,4288,0.06045434476144558,738282,normal,True,False,False,False,False,False,0
ISIC_0009160,True,True,2016,3024,6096384,1.5,2016,3024,0.06897744630259511,420513,normal,True,False,False,False,False,False,0
ISIC_0009165,True,True,2848,4288,12212224,1.5056179775280898,2848,4288,0.054211419639862486,662042,normal,True,False,False,False,False,False,0
ISIC_0009188,True,True,2848,4288,12212224,1.5056179775280898,2848,4288,0.035412714342612776,432468,small,True,False,False,False,False,False,0
ISIC_0009201,True,True,2848,4288,12212224,1.5056179775280898,2848,4288,0.136972102706272,1672734,normal,True,False,False,False,False,False,0
ISIC_0009252,True,True,2016,3024,6096384,1.5,2016,3024,0.0616383416792643,375771,normal,True,False,False,False,False,False,0
ISIC_0009297,True,True,2848,4288,12212224,1.5056179775280898,2848,4288,0.05196326238365755,634587,normal,True,False,False,False,False,False,0
ISIC_0009298,True,True,2848,4288,12212224,1.5056179775280898,2848,4288,0.07149320222098776,873091,normal,True,False,False,False,False,False,0
ISIC_0009344,True,True,2848,4288,12212224,1.5056179775280898,2848,4288,0.06015341677322656,734607,normal,True,False,False,False,False,False,0
ISIC_0009430,True,True,2016,3024,6096384,1.5,2016,3024,0.07729893654992862,471244,normal,True,False,False,False,False,False,0
ISIC_0009504,True,True,2848,4288,12212224,1.5056179775280898,2848,4288,0.030911650490524904,377500,small,True,False,False,False,False,False,0
ISIC_0009533,True,True,2848,4288,12212224,1.5056179775280898,2848,4288,0.06117714512933926,747109,normal,True,False,False,False,False,False,0
ISIC_0009564,True,True,2848,4288,12212224,1.5056179775280898,2848,4288,0.031151737799765218,380432,small,True,False,False,False,False,False,0
ISIC_0009583,True,True,2848,4288,12212224,1.5056179775280898,2848,4288,0.0478947978681033,584902,small,True,False,False,False,False,False,0
ISIC_0009599,True,True,2848,4288,12212224,1.5056179775280898,2848,4288,0.06893601034504444,841862,normal,True,False,False,False,False,False,0
ISIC_0009758,True,True,2016,3024,6096384,1.5,2016,3024,0.12369808069832872,754111,normal,True,False,False,False,False,False,0
ISIC_0009800,True,True,2848,4288,12212224,1.5056179775280898,2848,4288,0.05476545467885292,668808,normal,True,False,False,False,False,False,0
ISIC_0009860,True,True,2848,4288,12212224,1.5056179775280898,2848,4288,0.04114836085548382,502513,small,True,False,False,False,False,False,0
ISIC_0009868,True,True,768,1024,786432,1.3333333333333333,768,1024,0.17874018351236978,140567,normal,True,False,False,False,False,False,0
ISIC_0009869,True,True,768,1024,786432,1.3333333333333333,768,1024,0.057950337727864586,45574,normal,True,False,False,False,False,False,0
ISIC_0009873,True,True,768,1024,786432,1.3333333333333333,768,1024,0.26189295450846356,205961,normal,True,False,False,False,False,False,0
ISIC_0009874,True,True,768,1024,786432,1.3333333333333333,768,1024,0.1359736124674479,106934,normal,True,False,False,False,False,False,0
ISIC_0009875,True,True,768,1024,786432,1.3333333333333333,768,1024,0.3316459655761719,260817,normal,True,False,False,False,False,False,0
ISIC_0009877,True,True,768,1024,786432,1.3333333333333333,768,1024,0.24605941772460938,193509,normal,True,False,False,False,False,False,0
ISIC_0009879,True,True,768,1024,786432,1.3333333333333333,768,1024,0.2823346455891927,222037,normal,True,False,False,False,False,False,0
ISIC_0009880,True,True,768,1024,786432,1.3333333333333333,768,1024,0.24005254109700522,188785,normal,True,False,False,False,False,False,0
ISIC_0009881,True,True,768,1024,786432,1.3333333333333333,768,1024,0.18461990356445312,145191,normal,True,False,False,False,False,False,0
ISIC_0009883,True,True,768,1024,786432,1.3333333333333333,768,1024,0.17577997843424478,138239,normal,True,False,False,False,False,False,0
ISIC_0009884,True,True,768,1024,786432,1.3333333333333333,768,1024,0.10867563883463542,85466,normal,True,False,False,False,False,False,0
ISIC_0009885,True,True,768,1024,786432,1.3333333333333333,768,1024,0.059757232666015625,46995,normal,True,False,False,False,False,False,0
ISIC_0009888,True,True,768,1024,786432,1.3333333333333333,768,1024,0.10805511474609375,84978,normal,True,False,False,False,False,False,0
ISIC_0009889,True,True,768,1024,786432,1.3333333333333333,768,1024,0.10344187418619792,81350,normal,True,False,False,False,False,False,0
ISIC_0009891,True,True,768,1024,786432,1.3333333333333333,768,1024,0.18711980183919272,147157,normal,True,False,False,False,False,False,0
ISIC_0009895,True,True,768,1024,786432,1.3333333333333333,768,1024,0.22251383463541666,174992,normal,True,False,False,False,False,False,0
ISIC_0009896,True,True,768,1024,786432,1.3333333333333333,768,1024,0.3431816101074219,269889,normal,True,False,False,False,False,False,0
ISIC_0009897,True,True,768,1024,786432,1.3333333333333333,768,1024,0.609717051188151,479501,normal,True,True,False,False,False,True,1
ISIC_0009898,True,True,768,1024,786432,1.3333333333333333,768,1024,0.20577112833658853,161825,normal,True,False,False,False,False,False,0
ISIC_0009899,True,True,768,1024,786432,1.3333333333333333,768,1024,0.33490626017252606,263381,normal,True,False,False,False,False,False,0
ISIC_0009901,True,True,768,1024,786432,1.3333333333333333,768,1024,0.32477696736653644,255415,normal,True,False,False,False,False,False,0
ISIC_0009902,True,True,768,1024,786432,1.3333333333333333,768,1024,0.3165397644042969,248937,normal,True,False,False,False,False,False,0
ISIC_0009904,True,True,768,1024,786432,1.3333333333333333,768,1024,0.4584808349609375,360564,normal,True,False,True,False,False,True,1
ISIC_0009906,True,True,768,1024,786432,1.3333333333333333,768,1024,0.31580479939778644,248359,normal,True,False,False,False,False,False,0
ISIC_0009909,True,True,768,1024,786432,1.3333333333333333,768,1024,0.2045745849609375,160884,normal,True,False,False,False,False,False,0
ISIC_0009910,True,True,768,1024,786432,1.3333333333333333,768,1024,0.3956947326660156,311187,normal,True,False,False,False,False,False,0
ISIC_0009914,True,True,768,1024,786432,1.3333333333333333,768,1024,0.19785944620768228,155603,normal,True,False,False,False,False,False,0
ISIC_0009915,True,True,768,1024,786432,1.3333333333333333,768,1024,0.3694877624511719,290577,normal,True,False,False,False,False,False,0
ISIC_0009917,True,True,768,1024,786432,1.3333333333333333,768,1024,0.10887781778971355,85625,normal,True,False,False,False,False,False,0
ISIC_0009918,True,True,768,1024,786432,1.3333333333333333,768,1024,0.5366312662760416,422024,normal,True,False,False,False,False,False,0
ISIC_0009919,True,True,768,1024,786432,1.3333333333333333,768,1024,0.33491261800130206,263386,normal,True,False,False,False,False,False,0
ISIC_0009920,True,True,768,1024,786432,1.3333333333333333,768,1024,0.3166160583496094,248997,normal,True,False,False,False,False,False,0
ISIC_0009921,True,True,768,1024,786432,1.3333333333333333,768,1024,0.649389902750651,510701,normal,True,False,False,False,False,False,0
ISIC_0009923,True,True,768,1024,786432,1.3333333333333333,768,1024,0.2928937276204427,230341,normal,True,False,False,False,False,False,0
ISIC_0009925,True,True,768,1024,786432,1.3333333333333333,768,1024,0.3154767354329427,248101,normal,True,False,False,False,False,False,0
ISIC_0009927,True,True,768,1024,786432,1.3333333333333333,768,1024,0.15371322631835938,120885,normal,True,False,False,False,False,False,0
ISIC_0009928,True,True,768,1024,786432,1.3333333333333333,768,1024,0.6059544881184896,476542,normal,True,False,True,False,False,True,1
ISIC_0009929,True,True,768,1024,786432,1.3333333333333333,768,1024,0.021859486897786457,17191,small,True,False,False,False,False,False,0
ISIC_0009930,True,True,768,1024,786432,1.3333333333333333,768,1024,0.024401346842447918,19190,small,True,False,False,False,False,False,0
ISIC_0009931,True,True,768,1024,786432,1.3333333333333333,768,1024,0.31331125895182294,246398,normal,True,False,False,False,False,False,0
ISIC_0009932,True,True,768,1024,786432,1.3333333333333333,768,1024,0.2458648681640625,193356,normal,True,False,False,False,False,False,0
ISIC_0009933,True,True,768,1024,786432,1.3333333333333333,768,1024,0.19576263427734375,153954,normal,True,False,False,False,False,False,0
ISIC_0009934,True,True,768,1024,786432,1.3333333333333333,768,1024,0.8597462972005209,676132,normal,True,False,True,False,False,True,1
ISIC_0009935,True,True,768,1024,786432,1.3333333333333333,768,1024,0.14170455932617188,111441,normal,True,False,False,False,False,False,0
ISIC_0009936,True,True,768,1024,786432,1.3333333333333333,768,1024,0.0364532470703125,28668,small,True,False,False,False,False,False,0
ISIC_0009937,True,True,768,1024,786432,1.3333333333333333,768,1024,0.07423655192057292,58382,normal,True,False,False,False,False,False,0
ISIC_0009938,True,True,768,1024,786432,1.3333333333333333,768,1024,0.2515856424967448,197855,normal,True,False,False,False,False,False,0
ISIC_0009939,True,True,768,1024,786432,1.3333333333333333,768,1024,0.24803924560546875,195066,normal,True,False,False,False,False,False,0
ISIC_0009940,True,True,768,1024,786432,1.3333333333333333,768,1024,0.5276845296223959,414988,normal,True,False,False,False,False,False,0
ISIC_0009941,True,True,768,1024,786432,1.3333333333333333,768,1024,0.16626103719075522,130753,normal,True,False,False,False,False,False,0
ISIC_0009942,True,True,768,1024,786432,1.3333333333333333,768,1024,0.19519678751627603,153509,normal,True,False,False,False,False,False,0
ISIC_0009943,True,True,768,1024,786432,1.3333333333333333,768,1024,0.12137858072916667,95456,normal,True,False,False,False,False,False,0
ISIC_0009944,True,True,768,1024,786432,1.3333333333333333,768,1024,0.13037618001302084,102532,normal,True,False,False,False,False,False,0
ISIC_0009945,True,True,768,1024,786432,1.3333333333333333,768,1024,0.10476048787434895,82387,normal,True,False,False,False,False,False,0
ISIC_0009946,True,True,768,1024,786432,1.3333333333333333,768,1024,0.2756601969401042,216788,normal,True,False,False,False,False,False,0
ISIC_0009947,True,True,768,1024,786432,1.3333333333333333,768,1024,0.162078857421875,127464,normal,True,False,False,False,False,False,0
ISIC_0009948,True,True,768,1024,786432,1.3333333333333333,768,1024,0.5015474955240885,394433,normal,True,False,False,False,False,False,0
ISIC_0009949,True,True,768,1024,786432,1.3333333333333333,768,1024,0.20463689168294272,160933,normal,True,False,False,False,False,False,0
ISIC_0009950,True,True,768,1024,786432,1.3333333333333333,768,1024,0.255035400390625,200568,normal,True,False,False,False,False,False,0
ISIC_0009951,True,True,768,1024,786432,1.3333333333333333,768,1024,0.3275413513183594,257589,normal,True,False,False,False,False,False,0
ISIC_0009953,True,True,768,1024,786432,1.3333333333333333,768,1024,0.3777313232421875,297060,normal,True,False,False,False,False,False,0
ISIC_0009954,True,True,768,1024,786432,1.3333333333333333,768,1024,0.1302490234375,102432,normal,True,False,False,False,False,False,0
ISIC_0009955,True,True,768,1024,786432,1.3333333333333333,768,1024,0.14735539754231772,115885,normal,True,False,False,False,False,False,0
ISIC_0009956,True,True,768,1024,786432,1.3333333333333333,768,1024,0.2709147135416667,213056,normal,True,False,False,False,False,False,0
ISIC_0009958,True,True,768,1024,786432,1.3333333333333333,768,1024,0.15007654825846353,118025,normal,True,False,False,False,False,False,0
ISIC_0009960,True,True,768,1024,786432,1.3333333333333333,768,1024,0.036557515462239586,28750,small,True,False,False,False,False,False,0
ISIC_0009961,True,True,768,1024,786432,1.3333333333333333,768,1024,0.3815409342447917,300056,normal,True,False,False,False,False,False,0
ISIC_0009962,True,True,768,1024,786432,1.3333333333333333,768,1024,0.6786053975423177,533677,normal,True,False,True,False,False,True,1
ISIC_0009964,True,True,768,1024,786432,1.3333333333333333,768,1024,0.06544876098632812,51471,normal,True,False,False,False,False,False,0
ISIC_0009965,True,True,768,1024,786432,1.3333333333333333,768,1024,0.3989512125651042,313748,normal,True,False,False,False,False,False,0
ISIC_0009966,True,True,768,1024,786432,1.3333333333333333,768,1024,0.20275243123372397,159451,normal,True,False,False,False,False,False,0
ISIC_0009967,True,True,768,1024,786432,1.3333333333333333,768,1024,0.1793085734049479,141014,normal,True,False,False,False,False,False,0
ISIC_0009969,True,True,768,1024,786432,1.3333333333333333,768,1024,0.30205408732096356,237545,normal,True,False,False,False,False,False,0
ISIC_0009970,True,True,768,1024,786432,1.3333333333333333,768,1024,0.6512336730957031,512151,normal,True,False,False,False,False,False,0
ISIC_0009971,True,True,768,1024,786432,1.3333333333333333,768,1024,0.031361897786458336,24664,small,True,False,False,False,False,False,0
ISIC_0009972,True,True,768,1024,786432,1.3333333333333333,768,1024,0.10383351643880208,81658,normal,True,False,False,False,False,False,0
ISIC_0009973,True,True,768,1024,786432,1.3333333333333333,768,1024,0.2700309753417969,212361,normal,True,False,False,False,False,False,0
ISIC_0009974,True,True,768,1024,786432,1.3333333333333333,768,1024,0.4135576883951823,325235,normal,True,False,False,False,False,False,0
ISIC_0009975,True,True,768,1024,786432,1.3333333333333333,768,1024,0.21889114379882812,172143,normal,True,False,False,False,False,False,0
ISIC_0009976,True,True,768,1024,786432,1.3333333333333333,768,1024,0.12169392903645833,95704,normal,True,False,False,False,False,False,0
ISIC_0009977,True,True,768,1024,786432,1.3333333333333333,768,1024,0.14774958292643228,116195,normal,True,False,False,False,False,False,0
ISIC_0009978,True,True,768,1024,786432,1.3333333333333333,768,1024,0.20202000935872397,158875,normal,True,False,False,False,False,False,0
ISIC_0009979,True,True,768,1024,786432,1.3333333333333333,768,1024,0.10319900512695312,81159,normal,True,False,False,False,False,False,0
ISIC_0009980,True,True,768,1024,786432,1.3333333333333333,768,1024,0.8788223266601562,691134,normal,True,False,True,False,False,True,1
ISIC_0009981,True,True,768,1024,786432,1.3333333333333333,768,1024,0.0699323018391927,54997,normal,True,False,False,False,False,False,0
ISIC_0009982,True,True,768,1024,786432,1.3333333333333333,768,1024,0.13428115844726562,105603,normal,True,False,False,False,False,False,0
ISIC_0009987,True,True,768,1024,786432,1.3333333333333333,768,1024,0.24824396769205728,195227,normal,True,False,False,False,False,False,0
ISIC_0009988,True,True,768,1024,786432,1.3333333333333333,768,1024,0.9541473388671875,750372,normal,True,False,True,True,True,True,3
ISIC_0009990,True,True,768,1024,786432,1.3333333333333333,768,1024,0.972052256266276,764453,normal,True,False,True,True,False,True,2
ISIC_0009991,True,True,768,1024,786432,1.3333333333333333,768,1024,0.2657051086425781,208959,normal,True,False,False,False,False,False,0
ISIC_0009992,True,True,768,1024,786432,1.3333333333333333,768,1024,0.5163625081380209,406084,normal,True,False,False,False,False,False,0
ISIC_0009993,True,True,768,1024,786432,1.3333333333333333,768,1024,0.28316497802734375,222690,normal,True,False,False,False,False,False,0
ISIC_0009994,True,True,768,1024,786432,1.3333333333333333,768,1024,0.1670659383138021,131386,normal,True,False,False,False,False,False,0
ISIC_0009995,True,True,768,1024,786432,1.3333333333333333,768,1024,0.9240023295084635,726665,normal,True,False,False,True,False,True,1
ISIC_0009998,True,True,768,1024,786432,1.3333333333333333,768,1024,0.24921290079752603,195989,normal,True,False,False,False,False,False,0
ISIC_0010000,True,True,768,1024,786432,1.3333333333333333,768,1024,0.5387051900227865,423655,normal,True,True,False,False,False,True,1
ISIC_0010002,True,True,768,1024,786432,1.3333333333333333,768,1024,0.29693349202473956,233518,normal,True,False,False,False,False,False,0
ISIC_0010003,True,True,768,1024,786432,1.3333333333333333,768,1024,0.05585606892903646,43927,normal,True,False,False,False,False,False,0
ISIC_0010005,True,True,768,1024,786432,1.3333333333333333,768,1024,0.5600115458170573,440411,normal,True,False,False,True,False,True,1
ISIC_0010006,True,True,768,1024,786432,1.3333333333333333,768,1024,0.34757359822591144,273343,normal,True,False,False,False,False,False,0
ISIC_0010009,True,True,768,1024,786432,1.3333333333333333,768,1024,0.0628649393717448,49439,normal,True,False,False,False,False,False,0
ISIC_0010010,True,True,768,1024,786432,1.3333333333333333,768,1024,0.11248270670572917,88460,normal,True,False,False,False,False,False,0
ISIC_0010011,True,True,768,1024,786432,1.3333333333333333,768,1024,0.25733311971028644,202375,normal,True,False,False,False,False,False,0
ISIC_0010013,True,True,768,1024,786432,1.3333333333333333,768,1024,0.1703364054361979,133958,normal,True,False,False,False,False,False,0
ISIC_0010014,True,True,768,1024,786432,1.3333333333333333,768,1024,0.15669377644856772,123229,normal,True,False,False,False,False,False,0
ISIC_0010015,True,True,768,1024,786432,1.3333333333333333,768,1024,0.2853800455729167,224432,normal,True,False,False,False,False,False,0
ISIC_0010016,True,True,768,1024,786432,1.3333333333333333,768,1024,0.06443277994791667,50672,normal,True,False,False,False,False,False,0
ISIC_0010017,True,True,768,1024,786432,1.3333333333333333,768,1024,0.42193857828776044,331826,normal,True,False,False,False,False,False,0
ISIC_0010018,True,True,768,1024,786432,1.3333333333333333,768,1024,0.13681920369466147,107599,normal,True,False,False,False,False,False,0
ISIC_0010019,True,True,768,1024,786432,1.3333333333333333,768,1024,0.36522547403971356,287225,normal,True,False,False,False,False,False,0
ISIC_0010020,True,True,768,1024,786432,1.3333333333333333,768,1024,0.4676869710286458,367804,normal,True,False,False,False,False,False,0
ISIC_0010021,True,True,768,1024,786432,1.3333333333333333,768,1024,0.5331103006998698,419255,normal,True,False,False,False,False,False,0
ISIC_0010022,True,True,768,1024,786432,1.3333333333333333,768,1024,0.5461006164550781,429471,normal,True,False,False,False,False,False,0
ISIC_0010023,True,True,768,1024,786432,1.3333333333333333,768,1024,0.28891245524088544,227210,normal,True,False,False,False,False,False,0
ISIC_0010024,True,True,768,1024,786432,1.3333333333333333,768,1024,0.14721552530924478,115775,normal,True,False,False,False,False,False,0
ISIC_0010025,True,True,768,1024,786432,1.3333333333333333,768,1024,0.16356277465820312,128631,normal,True,False,False,False,False,False,0
ISIC_0010028,True,True,768,1024,786432,1.3333333333333333,768,1024,0.19183985392252603,150869,normal,True,False,False,False,False,False,0
ISIC_0010029,True,True,768,1024,786432,1.3333333333333333,768,1024,0.4354845682779948,342479,normal,True,False,True,False,False,True,1
ISIC_0010032,True,True,768,1024,786432,1.3333333333333333,768,1024,0.13175328572591147,103615,normal,True,False,False,False,False,False,0
ISIC_0010034,True,True,768,1024,786432,1.3333333333333333,768,1024,0.3618278503417969,284553,normal,True,False,False,False,False,False,0
ISIC_0010036,True,True,768,1024,786432,1.3333333333333333,768,1024,0.44290796915690106,348317,normal,True,False,False,False,False,False,0
ISIC_0010037,True,True,768,1024,786432,1.3333333333333333,768,1024,0.8284886678059896,651550,normal,True,False,False,True,False,True,1
ISIC_0010038,True,True,768,1024,786432,1.3333333333333333,768,1024,0.5370292663574219,422337,normal,True,False,True,False,False,True,1
ISIC_0010041,True,True,768,1024,786432,1.3333333333333333,768,1024,0.8342119852701823,656051,normal,True,False,False,False,False,False,0
ISIC_0010042,True,True,768,1024,786432,1.3333333333333333,768,1024,0.15080769856770834,118600,normal,True,False,False,False,False,False,0
ISIC_0010043,True,True,768,1024,786432,1.3333333333333333,768,1024,0.33089447021484375,260226,normal,True,False,False,False,False,False,0
ISIC_0010044,True,True,768,1024,786432,1.3333333333333333,768,1024,0.16457621256510416,129428,normal,True,False,False,False,False,False,0
ISIC_0010046,True,True,768,1024,786432,1.3333333333333333,768,1024,0.13302993774414062,104619,normal,True,False,False,False,False,False,0
ISIC_0010047,True,True,768,1024,786432,1.3333333333333333,768,1024,0.2967185974121094,233349,normal,True,False,False,False,False,False,0
ISIC_0010053,True,True,768,1024,786432,1.3333333333333333,768,1024,0.07439804077148438,58509,normal,True,False,False,False,False,False,0
ISIC_0010054,True,True,768,1024,786432,1.3333333333333333,768,1024,0.31338246663411456,246454,normal,True,False,False,False,False,False,0
ISIC_0010055,True,True,768,1024,786432,1.3333333333333333,768,1024,0.2231165568033854,175466,normal,True,False,False,False,False,False,0
ISIC_0010056,True,True,768,1024,786432,1.3333333333333333,768,1024,0.9608230590820312,755622,normal,True,False,True,False,False,True,1
ISIC_0010057,True,True,768,1024,786432,1.3333333333333333,768,1024,0.5755449930826823,452627,normal,True,False,True,False,False,True,1
ISIC_0010058,True,True,768,1024,786432,1.3333333333333333,768,1024,0.26485443115234375,208290,normal,True,False,False,False,False,False,0
ISIC_0010059,True,True,768,1024,786432,1.3333333333333333,768,1024,0.0815277099609375,64116,normal,True,False,False,False,False,False,0
ISIC_0010060,True,True,768,1024,786432,1.3333333333333333,768,1024,0.052745819091796875,41481,normal,True,False,False,False,False,False,0
ISIC_0010061,True,True,768,1024,786432,1.3333333333333333,768,1024,0.08742141723632812,68751,normal,True,False,False,False,False,False,0
ISIC_0010062,True,True,768,1024,786432,1.3333333333333333,768,1024,0.7452265421549479,586070,normal,True,False,False,True,False,True,1
ISIC_0010063,True,True,768,1024,786432,1.3333333333333333,768,1024,0.88165283203125,693360,normal,True,False,True,False,False,True,1
ISIC_0010064,True,True,768,1024,786432,1.3333333333333333,768,1024,0.14105097452799478,110927,normal,True,False,False,False,False,False,0
ISIC_0010066,True,True,768,1024,786432,1.3333333333333333,768,1024,0.29105377197265625,228894,normal,True,False,False,False,False,False,0
ISIC_0010067,True,True,768,1024,786432,1.3333333333333333,768,1024,0.2124455769856771,167074,normal,True,False,False,False,False,False,0
ISIC_0010069,True,True,768,1024,786432,1.3333333333333333,768,1024,0.08292516072591145,65215,normal,True,False,False,False,False,False,0
ISIC_0010070,True,True,768,1024,786432,1.3333333333333333,768,1024,0.2933947245279948,230735,normal,True,False,False,False,False,False,0
ISIC_0010071,True,True,768,1024,786432,1.3333333333333333,768,1024,0.8017807006835938,630546,normal,True,False,True,False,False,True,1
ISIC_0010073,True,True,768,1024,786432,1.3333333333333333,768,1024,0.2915153503417969,229257,normal,True,False,False,False,False,False,0
ISIC_0010074,True,True,768,1024,786432,1.3333333333333333,768,1024,0.2362187703450521,185770,normal,True,False,False,False,False,False,0
ISIC_0010075,True,True,768,1024,786432,1.3333333333333333,768,1024,0.6243006388346354,490970,normal,True,False,False,False,False,False,0
ISIC_0010077,True,True,768,1024,786432,1.3333333333333333,768,1024,0.12833277384440103,100925,normal,True,False,False,False,False,False,0
ISIC_0010078,True,True,768,1024,786432,1.3333333333333333,768,1024,0.4688097635904948,368687,normal,True,False,True,False,False,True,1
ISIC_0010081,True,True,768,1024,786432,1.3333333333333333,768,1024,0.12132898966471355,95417,normal,True,False,False,False,False,False,0
ISIC_0010086,True,True,768,1024,786432,1.3333333333333333,768,1024,0.18331019083658853,144161,normal,True,False,False,False,False,False,0
ISIC_0010088,True,True,768,1024,786432,1.3333333333333333,768,1024,0.06863657633463542,53978,normal,True,False,False,False,False,False,0
ISIC_0010089,True,True,768,1024,786432,1.3333333333333333,768,1024,0.06858317057291667,53936,normal,True,False,False,False,False,False,0
ISIC_0010090,True,True,768,1024,786432,1.3333333333333333,768,1024,0.04389317830403646,34519,small,True,False,False,False,False,False,0
ISIC_0010092,True,True,768,1024,786432,1.3333333333333333,768,1024,0.1405614217122396,110542,normal,True,False,False,False,False,False,0
ISIC_0010093,True,True,768,1024,786432,1.3333333333333333,768,1024,0.6356366475423177,499885,normal,True,False,False,True,False,True,1
ISIC_0010094,True,True,768,1024,786432,1.3333333333333333,768,1024,0.20243453979492188,159201,normal,True,False,False,False,False,False,0
ISIC_0010100,True,True,768,1024,786432,1.3333333333333333,768,1024,0.3179003397623698,250007,normal,True,False,False,False,False,False,0
ISIC_0010102,True,True,768,1024,786432,1.3333333333333333,768,1024,0.28481292724609375,223986,normal,True,False,False,False,False,False,0
ISIC_0010104,True,True,768,1024,786432,1.3333333333333333,768,1024,0.052736918131510414,41474,normal,True,False,False,False,False,False,0
ISIC_0010105,True,True,768,1024,786432,1.3333333333333333,768,1024,0.14485677083333334,113920,normal,True,False,False,False,False,False,0
ISIC_0010168,True,True,768,1024,786432,1.3333333333333333,768,1024,0.2480646769205729,195086,normal,True,False,False,False,False,False,0
ISIC_0010169,True,True,768,1024,786432,1.3333333333333333,768,1024,0.83770751953125,658800,normal,True,False,True,False,True,True,2
ISIC_0010171,True,True,768,1024,786432,1.3333333333333333,768,1024,0.30262502034505206,237994,normal,True,False,False,False,False,False,0
ISIC_0010173,True,True,768,1024,786432,1.3333333333333333,768,1024,0.11269887288411458,88630,normal,True,False,False,False,False,False,0
ISIC_0010174,True,True,768,1024,786432,1.3333333333333333,768,1024,0.27364349365234375,215202,normal,True,False,False,False,False,False,0
ISIC_0010175,True,True,768,1024,786432,1.3333333333333333,768,1024,0.6676483154296875,525060,normal,True,False,False,False,False,False,0
ISIC_0010176,True,True,768,1024,786432,1.3333333333333333,768,1024,0.080718994140625,63480,normal,True,False,False,False,False,False,0
ISIC_0010177,True,True,768,1024,786432,1.3333333333333333,768,1024,0.042826334635416664,33680,small,True,False,False,False,False,False,0
ISIC_0010178,True,True,768,1024,786432,1.3333333333333333,768,1024,0.1186993916829427,93349,normal,True,False,False,False,False,False,0
ISIC_0010180,True,True,768,1024,786432,1.3333333333333333,768,1024,0.14828872680664062,116619,normal,True,False,False,False,False,False,0
ISIC_0010182,True,True,768,1024,786432,1.3333333333333333,768,1024,0.042415618896484375,33357,small,True,False,False,False,False,False,0
ISIC_0010183,True,True,768,1024,786432,1.3333333333333333,768,1024,0.0522613525390625,41100,normal,True,False,False,False,False,False,0
ISIC_0010184,True,True,768,1024,786432,1.3333333333333333,768,1024,0.09406534830729167,73976,normal,True,False,False,False,False,False,0
ISIC_0010185,True,True,768,1024,786432,1.3333333333333333,768,1024,0.08594131469726562,67587,normal,True,False,False,False,False,False,0
ISIC_0010186,True,True,768,1024,786432,1.3333333333333333,768,1024,0.34545135498046875,271674,normal,True,False,False,False,False,False,0
ISIC_0010187,True,True,768,1024,786432,1.3333333333333333,768,1024,0.37839635213216144,297583,normal,True,False,False,False,False,False,0
ISIC_0010189,True,True,768,1024,786432,1.3333333333333333,768,1024,0.9819183349609375,772212,normal,True,False,True,False,True,True,2
ISIC_0010190,True,True,768,1024,786432,1.3333333333333333,768,1024,0.847296396891276,666341,normal,True,False,False,False,False,False,0
ISIC_0010191,True,True,768,1024,786432,1.3333333333333333,768,1024,0.3844617207845052,302353,normal,True,False,False,False,False,False,0
ISIC_0010192,True,True,768,1024,786432,1.3333333333333333,768,1024,0.18966166178385416,149156,normal,True,False,False,False,False,False,0
ISIC_0010194,True,True,768,1024,786432,1.3333333333333333,768,1024,0.22310765584309897,175459,normal,True,False,True,False,False,True,1
ISIC_0010201,True,True,768,1024,786432,1.3333333333333333,768,1024,0.5108655293782552,401761,normal,True,False,False,False,False,False,0
ISIC_0010202,True,True,768,1024,786432,1.3333333333333333,768,1024,0.6942049662272135,545945,normal,True,True,False,True,False,True,2
ISIC_0010204,True,True,768,1024,786432,1.3333333333333333,768,1024,0.9812482198079427,771685,normal,True,False,True,True,True,True,3
ISIC_0010205,True,True,768,1024,786432,1.3333333333333333,768,1024,0.0915082295735677,71965,normal,True,False,False,False,False,False,0
ISIC_0010206,True,True,768,1024,786432,1.3333333333333333,768,1024,0.09230677286783855,72593,normal,True,False,False,False,False,False,0
ISIC_0010207,True,True,768,1024,786432,1.3333333333333333,768,1024,0.053530375162760414,42098,normal,True,False,False,False,False,False,0
ISIC_0010212,True,True,768,1024,786432,1.3333333333333333,768,1024,0.3356590270996094,263973,normal,True,False,False,False,False,False,0
ISIC_0010213,True,True,768,1024,786432,1.3333333333333333,768,1024,0.2564493815104167,201680,normal,True,False,True,False,False,True,1
ISIC_0010215,True,True,768,1024,786432,1.3333333333333333,768,1024,0.21323776245117188,167697,normal,True,False,False,False,False,False,0
ISIC_0010216,True,True,768,1024,786432,1.3333333333333333,768,1024,0.11602147420247395,91243,normal,True,False,False,False,False,False,0
ISIC_0010219,True,True,768,1024,786432,1.3333333333333333,768,1024,0.20081965128580728,157931,normal,True,False,False,False,False,False,0
ISIC_0010220,True,True,768,1024,786432,1.3333333333333333,768,1024,0.07546742757161458,59350,normal,True,False,False,False,False,False,0
ISIC_0010222,True,True,768,1024,786432,1.3333333333333333,768,1024,0.8430760701497396,663022,normal,True,False,True,True,False,True,2
ISIC_0010225,True,True,768,1024,786432,1.3333333333333333,768,1024,0.1323420206705729,104078,normal,True,False,False,False,False,False,0
ISIC_0010226,True,True,768,1024,786432,1.3333333333333333,768,1024,0.15104039510091147,118783,normal,True,False,False,False,False,False,0
ISIC_0010227,True,True,768,1024,786432,1.3333333333333333,768,1024,0.10173924763997395,80011,normal,True,False,False,False,False,False,0
ISIC_0010228,True,True,768,1024,786432,1.3333333333333333,768,1024,0.871728261311849,685555,normal,True,False,True,True,False,True,2
ISIC_0010229,True,True,768,1024,786432,1.3333333333333333,768,1024,0.18910725911458334,148720,normal,True,False,False,False,False,False,0
ISIC_0010231,True,True,768,1024,786432,1.3333333333333333,768,1024,0.5232823689778646,411526,normal,True,False,False,False,False,False,0
ISIC_0010232,True,True,768,1024,786432,1.3333333333333333,768,1024,0.7227325439453125,568380,normal,True,False,False,False,False,False,0
ISIC_0010233,True,True,768,1024,786432,1.3333333333333333,768,1024,0.33478037516276044,263282,normal,True,False,False,False,False,False,0
ISIC_0010234,True,True,768,1024,786432,1.3333333333333333,768,1024,0.07160441080729167,56312,normal,True,False,False,False,False,False,0
ISIC_0010235,True,True,768,1024,786432,1.3333333333333333,768,1024,0.8467674255371094,665925,normal,True,False,True,False,False,True,1
ISIC_0010236,True,True,768,1024,786432,1.3333333333333333,768,1024,0.06083806355794271,47845,normal,True,False,False,False,False,False,0
ISIC_0010237,True,True,768,1024,786432,1.3333333333333333,768,1024,0.05512364705403646,43351,normal,True,False,False,False,False,False,0
ISIC_0010238,True,True,768,1024,786432,1.3333333333333333,768,1024,0.3536389668782552,278113,normal,True,False,False,False,False,False,0
ISIC_0010239,True,True,768,1024,786432,1.3333333333333333,768,1024,0.7393900553385416,581480,normal,True,False,True,False,False,True,1
ISIC_0010240,True,True,768,1024,786432,1.3333333333333333,768,1024,0.18597539265950522,146257,normal,True,False,False,False,False,False,0
ISIC_0010241,True,True,768,1024,786432,1.3333333333333333,768,1024,0.21177037556966147,166543,normal,True,False,False,False,False,False,0
ISIC_0010244,True,True,768,1024,786432,1.3333333333333333,768,1024,0.03958002726236979,31127,small,True,False,False,False,False,False,0
ISIC_0010247,True,True,768,1024,786432,1.3333333333333333,768,1024,0.25598780314127606,201317,normal,True,False,False,False,False,False,0
ISIC_0010248,True,True,768,1024,786432,1.3333333333333333,768,1024,0.3401743570963542,267524,normal,True,False,False,False,False,False,0
ISIC_0010249,True,True,768,1024,786432,1.3333333333333333,768,1024,0.6058260599772135,476441,normal,True,False,False,False,False,False,0
ISIC_0010251,True,True,768,1024,786432,1.3333333333333333,768,1024,0.035252888997395836,27724,small,True,False,False,False,False,False,0
ISIC_0010252,True,True,768,1024,786432,1.3333333333333333,768,1024,0.8331629435221354,655226,normal,True,False,False,False,False,False,0
ISIC_0010255,True,True,768,1024,786432,1.3333333333333333,768,1024,0.032343546549479164,25436,small,True,False,False,False,False,False,0
ISIC_0010256,True,True,768,1024,786432,1.3333333333333333,768,1024,0.03231938680013021,25417,small,True,False,False,False,False,False,0
ISIC_0010257,True,True,768,1024,786432,1.3333333333333333,768,1024,0.7095133463541666,557984,normal,True,False,True,False,False,True,1
ISIC_0010262,True,True,768,1024,786432,1.3333333333333333,768,1024,0.10830179850260417,85172,normal,True,False,False,False,False,False,0
ISIC_0010263,True,True,768,1024,786432,1.3333333333333333,768,1024,0.03534825642903646,27799,small,True,False,False,False,False,False,0
ISIC_0010264,True,True,768,1024,786432,1.3333333333333333,768,1024,0.5581499735514323,438947,normal,True,False,False,False,False,False,0
ISIC_0010265,True,True,768,1024,786432,1.3333333333333333,768,1024,0.14322280883789062,112635,normal,True,False,False,False,False,False,0
ISIC_0010267,True,True,768,1024,786432,1.3333333333333333,768,1024,0.5348078409830729,420590,normal,True,False,False,False,False,False,0
ISIC_0010317,True,True,768,1024,786432,1.3333333333333333,768,1024,0.0631090799967448,49631,normal,True,False,False,False,False,False,0
ISIC_0010318,True,True,768,1024,786432,1.3333333333333333,768,1024,0.12727864583333334,100096,normal,True,False,False,False,False,False,0
ISIC_0010319,True,True,768,1024,786432,1.3333333333333333,768,1024,0.49352773030598956,388126,normal,True,False,False,False,False,False,0
ISIC_0010320,True,True,768,1024,786432,1.3333333333333333,768,1024,0.6789398193359375,533940,normal,True,False,False,False,False,False,0
ISIC_0010321,True,True,768,1024,786432,1.3333333333333333,768,1024,0.3547986348470052,279025,normal,True,False,False,False,False,False,0
ISIC_0010322,True,True,768,1024,786432,1.3333333333333333,768,1024,0.8705088297526041,684596,normal,True,False,True,False,True,True,2
ISIC_0010323,True,True,768,1024,786432,1.3333333333333333,768,1024,0.9096514383951823,715379,normal,True,False,True,False,False,True,1
ISIC_0010326,True,True,768,1024,786432,1.3333333333333333,768,1024,0.35331090291341144,277855,normal,True,False,False,False,False,False,0
ISIC_0010327,True,True,768,1024,786432,1.3333333333333333,768,1024,0.18036015828450522,141841,normal,True,False,False,False,False,False,0
ISIC_0010329,True,True,768,1024,786432,1.3333333333333333,768,1024,0.8760693868001302,688969,normal,True,False,True,True,True,True,3
ISIC_0010330,True,True,768,1024,786432,1.3333333333333333,768,1024,0.3494008382161458,274780,normal,True,False,False,False,False,False,0
ISIC_0010332,True,True,768,1024,786432,1.3333333333333333,768,1024,0.37277984619140625,293166,normal,True,False,False,False,False,False,0
ISIC_0010333,True,True,768,1024,786432,1.3333333333333333,768,1024,0.3499615987141927,275221,normal,True,False,False,False,False,False,0
ISIC_0010334,True,True,768,1024,786432,1.3333333333333333,768,1024,0.5406850179036459,425212,normal,True,True,False,False,False,True,1
ISIC_0010335,True,True,768,1024,786432,1.3333333333333333,768,1024,0.6725552876790365,528919,normal,True,False,True,False,False,True,1
ISIC_0010336,True,True,768,1024,786432,1.3333333333333333,768,1024,0.2856699625651042,224660,normal,True,False,False,False,False,False,0
ISIC_0010337,True,True,768,1024,786432,1.3333333333333333,768,1024,0.19507598876953125,153414,normal,True,False,False,False,False,False,0
ISIC_0010339,True,True,768,1024,786432,1.3333333333333333,768,1024,0.1168505350748698,91895,normal,True,False,False,False,False,False,0
ISIC_0010340,True,True,768,1024,786432,1.3333333333333333,768,1024,0.298919677734375,235080,normal,True,False,False,False,False,False,0
ISIC_0010341,True,True,768,1024,786432,1.3333333333333333,768,1024,0.09879811604817708,77698,normal,True,False,False,False,False,False,0
ISIC_0010342,True,True,768,1024,786432,1.3333333333333333,768,1024,0.5053761800130209,397444,normal,True,False,False,False,False,False,0
ISIC_0010344,True,True,768,1024,786432,1.3333333333333333,768,1024,0.22312164306640625,175470,normal,True,False,False,False,False,False,0
ISIC_0010346,True,True,768,1024,786432,1.3333333333333333,768,1024,0.29353968302408856,230849,normal,True,False,False,False,False,False,0
ISIC_0010347,True,True,768,1024,786432,1.3333333333333333,768,1024,0.26154836018880206,205690,normal,True,False,False,False,False,False,0
ISIC_0010348,True,True,768,1024,786432,1.3333333333333333,768,1024,0.27777862548828125,218454,normal,True,False,False,False,False,False,0
ISIC_0010349,True,True,768,1024,786432,1.3333333333333333,768,1024,0.6740506490071615,530095,normal,True,True,False,False,False,True,1
ISIC_0010350,True,True,768,1024,786432,1.3333333333333333,768,1024,0.28966522216796875,227802,normal,True,False,False,False,False,False,0
ISIC_0010351,True,True,768,1024,786432,1.3333333333333333,768,1024,0.0762774149576823,59987,normal,True,False,False,False,False,False,0
ISIC_0010356,True,True,768,1024,786432,1.3333333333333333,768,1024,0.09032567342122395,71035,normal,True,False,False,False,False,False,0
ISIC_0010357,True,True,768,1024,786432,1.3333333333333333,768,1024,0.1127166748046875,88644,normal,True,False,False,False,False,False,0
ISIC_0010358,True,True,768,1024,786432,1.3333333333333333,768,1024,0.18903096516927084,148660,normal,True,False,False,False,False,False,0
ISIC_0010360,True,True,768,1024,786432,1.3333333333333333,768,1024,0.2583885192871094,203205,normal,True,False,False,False,False,False,0
ISIC_0010361,True,True,768,1024,786432,1.3333333333333333,768,1024,0.50634765625,398208,normal,True,False,False,False,False,False,0
ISIC_0010362,True,True,768,1024,786432,1.3333333333333333,768,1024,0.05090459187825521,40033,normal,True,False,False,False,False,False,0
ISIC_0010364,True,True,768,1024,786432,1.3333333333333333,768,1024,0.18619791666666666,146432,normal,True,False,False,False,False,False,0
ISIC_0010365,True,True,768,1024,786432,1.3333333333333333,768,1024,0.1579004923502604,124178,normal,True,False,False,False,False,False,0
ISIC_0010367,True,True,768,1024,786432,1.3333333333333333,768,1024,0.1158599853515625,91116,normal,True,False,False,False,False,False,0
ISIC_0010368,True,True,768,1024,786432,1.3333333333333333,768,1024,0.17838668823242188,140289,normal,True,False,False,False,False,False,0
ISIC_0010370,True,True,768,1024,786432,1.3333333333333333,768,1024,0.3342908223470052,262897,normal,True,False,False,False,False,False,0
ISIC_0010372,True,True,768,1024,786432,1.3333333333333333,768,1024,0.2112553914388021,166138,normal,True,False,False,False,False,False,0
ISIC_0010374,True,True,768,1024,786432,1.3333333333333333,768,1024,0.43240102132161456,340054,normal,True,False,False,False,False,False,0
ISIC_0010379,True,True,768,1024,786432,1.3333333333333333,768,1024,0.2227961222330729,175214,normal,True,False,False,False,False,False,0
ISIC_0010380,True,True,768,1024,786432,1.3333333333333333,768,1024,0.12653350830078125,99510,normal,True,False,False,False,False,False,0
ISIC_0010382,True,True,768,1024,786432,1.3333333333333333,768,1024,0.8445332845052084,664168,normal,True,True,True,False,False,True,2
ISIC_0010435,True,True,768,1024,786432,1.3333333333333333,768,1024,0.0860277811686198,67655,normal,True,False,False,False,False,False,0
ISIC_0010439,True,True,768,1024,786432,1.3333333333333333,768,1024,0.0189056396484375,14868,tiny,True,False,False,False,False,False,0
ISIC_0010441,True,True,768,1024,786432,1.3333333333333333,768,1024,0.12010955810546875,94458,normal,True,False,False,False,False,False,0
ISIC_0010442,True,True,768,1024,786432,1.3333333333333333,768,1024,0.30902989705403644,243031,normal,True,False,False,False,False,False,0
ISIC_0010443,True,True,768,1024,786432,1.3333333333333333,768,1024,0.13868077596028647,109063,normal,True,False,False,False,False,False,0
ISIC_0010444,True,True,768,1024,786432,1.3333333333333333,768,1024,0.040195465087890625,31611,small,True,False,False,False,False,False,0
ISIC_0010445,True,True,768,1024,786432,1.3333333333333333,768,1024,0.2402928670247396,188974,normal,True,False,False,False,False,False,0
ISIC_0010447,True,True,768,1024,786432,1.3333333333333333,768,1024,0.4085197448730469,321273,normal,True,False,False,False,False,False,0
ISIC_0010448,True,True,768,1024,786432,1.3333333333333333,768,1024,0.6870880126953125,540348,normal,True,False,True,False,False,True,1
ISIC_0010449,True,True,768,1024,786432,1.3333333333333333,768,1024,0.31407801310221356,247001,normal,True,False,False,False,False,False,0
ISIC_0010452,True,True,768,1024,786432,1.3333333333333333,768,1024,0.2729949951171875,214692,normal,True,False,False,False,False,False,0
ISIC_0010455,True,True,768,1024,786432,1.3333333333333333,768,1024,0.5427284240722656,426819,normal,True,False,False,False,False,False,0
ISIC_0010456,True,True,768,1024,786432,1.3333333333333333,768,1024,0.034487406412760414,27122,small,True,False,False,False,False,False,0
ISIC_0010457,True,True,768,1024,786432,1.3333333333333333,768,1024,0.8392181396484375,659988,normal,True,True,True,False,False,True,2
ISIC_0010458,True,True,768,1024,786432,1.3333333333333333,768,1024,0.1334228515625,104928,normal,True,False,False,False,False,False,0
ISIC_0010459,True,True,768,1024,786432,1.3333333333333333,768,1024,0.6818529764811198,536231,normal,True,False,False,False,False,False,0
ISIC_0010461,True,True,768,1024,786432,1.3333333333333333,768,1024,0.119140625,93696,normal,True,False,False,False,False,False,0
ISIC_0010462,True,True,768,1024,786432,1.3333333333333333,768,1024,0.08365758260091145,65791,normal,True,False,False,False,False,False,0
ISIC_0010463,True,True,768,1024,786432,1.3333333333333333,768,1024,0.3223368326822917,253496,normal,True,False,False,False,False,False,0
ISIC_0010465,True,True,768,1024,786432,1.3333333333333333,768,1024,0.1914647420247396,150574,normal,True,False,False,False,False,False,0
ISIC_0010466,True,True,768,1024,786432,1.3333333333333333,768,1024,0.10326512654622395,81211,normal,True,False,False,False,False,False,0
ISIC_0010467,True,True,768,1024,786432,1.3333333333333333,768,1024,0.10592397054036458,83302,normal,True,False,False,False,False,False,0
ISIC_0010468,True,True,768,1024,786432,1.3333333333333333,768,1024,0.16273625691731772,127981,normal,True,False,False,False,False,False,0
ISIC_0010472,True,True,768,1024,786432,1.3333333333333333,768,1024,0.046490987141927086,36562,small,True,False,False,False,False,False,0
ISIC_0010473,True,True,768,1024,786432,1.3333333333333333,768,1024,0.40569178263346356,319049,normal,True,True,False,False,False,True,1
ISIC_0010474,True,True,768,1024,786432,1.3333333333333333,768,1024,0.06572723388671875,51690,normal,True,False,False,False,False,False,0
ISIC_0010475,True,True,768,1024,786432,1.3333333333333333,768,1024,0.1573359171549479,123734,normal,True,False,False,False,False,False,0
ISIC_0010476,True,True,768,1024,786432,1.3333333333333333,768,1024,0.13660430908203125,107430,normal,True,False,False,False,False,False,0
ISIC_0010477,True,True,768,1024,786432,1.3333333333333333,768,1024,0.8112907409667969,638025,normal,True,False,True,False,True,True,2
ISIC_0010479,True,True,768,1024,786432,1.3333333333333333,768,1024,0.44529469807942706,350194,normal,True,False,False,False,False,False,0
ISIC_0010480,True,True,768,1024,786432,1.3333333333333333,768,1024,0.4569892883300781,359391,normal,True,False,False,False,False,False,0
ISIC_0010481,True,True,768,1024,786432,1.3333333333333333,768,1024,0.1275355021158854,100298,normal,True,False,False,False,False,False,0
ISIC_0010483,True,True,768,1024,786432,1.3333333333333333,768,1024,0.12263997395833333,96448,normal,True,False,False,False,False,False,0
ISIC_0010487,True,True,768,1024,786432,1.3333333333333333,768,1024,0.2277069091796875,179076,normal,True,False,False,False,False,False,0
ISIC_0010488,True,True,768,1024,786432,1.3333333333333333,768,1024,0.45177586873372394,355291,normal,True,False,False,False,False,False,0
ISIC_0010490,True,True,768,1024,786432,1.3333333333333333,768,1024,0.34818776448567706,273826,normal,True,False,False,False,False,False,0
ISIC_0010492,True,True,768,1024,786432,1.3333333333333333,768,1024,0.8121121724446615,638671,normal,True,False,True,False,True,True,2
ISIC_0010493,True,True,768,1024,786432,1.3333333333333333,768,1024,0.42947642008463544,337754,normal,True,False,False,False,False,False,0
ISIC_0010494,True,True,768,1024,786432,1.3333333333333333,768,1024,0.3290723164876302,258793,normal,True,False,False,False,False,False,0
ISIC_0010496,True,True,768,1024,786432,1.3333333333333333,768,1024,0.3610687255859375,283956,normal,True,False,False,False,False,False,0
ISIC_0010497,True,True,768,1024,786432,1.3333333333333333,768,1024,0.550970713297526,433301,normal,True,False,True,False,False,True,1
ISIC_0010498,True,True,768,1024,786432,1.3333333333333333,768,1024,0.2655436197916667,208832,normal,True,False,False,False,False,False,0
ISIC_0010552,True,True,768,1024,786432,1.3333333333333333,768,1024,0.3662274678548177,288013,normal,True,False,False,False,False,False,0
ISIC_0010553,True,True,768,1024,786432,1.3333333333333333,768,1024,0.14363733927408853,112961,normal,True,False,False,False,False,False,0
ISIC_0010554,True,True,768,1024,786432,1.3333333333333333,768,1024,0.13818359375,108672,normal,True,False,False,False,False,False,0
ISIC_0010557,True,True,768,1024,786432,1.3333333333333333,768,1024,0.12360636393229167,97208,normal,True,False,False,False,False,False,0
ISIC_0010558,True,True,768,1024,786432,1.3333333333333333,768,1024,0.44166310628255206,347338,normal,True,False,False,False,False,False,0
ISIC_0010562,True,True,768,1024,786432,1.3333333333333333,768,1024,0.1307398478190104,102818,normal,True,False,False,False,False,False,0
ISIC_0010565,True,True,768,1024,786432,1.3333333333333333,768,1024,0.23625818888346353,185801,normal,True,False,False,False,False,False,0
ISIC_0010566,True,True,768,1024,786432,1.3333333333333333,768,1024,0.1422271728515625,111852,normal,True,False,False,False,False,False,0
ISIC_0010567,True,True,768,1024,786432,1.3333333333333333,768,1024,0.11050923665364583,86908,normal,True,False,False,False,False,False,0
ISIC_0010568,True,True,768,1024,786432,1.3333333333333333,768,1024,0.5182838439941406,407595,normal,True,False,False,False,False,False,0
ISIC_0010569,True,True,768,1024,786432,1.3333333333333333,768,1024,0.019439697265625,15288,tiny,True,False,False,False,False,False,0
ISIC_0010570,True,True,768,1024,786432,1.3333333333333333,768,1024,0.37533315022786456,295174,normal,True,False,False,False,False,False,0
ISIC_0010571,True,True,768,1024,786432,1.3333333333333333,768,1024,0.2857564290364583,224728,normal,True,False,False,False,False,False,0
ISIC_0010572,True,True,768,1024,786432,1.3333333333333333,768,1024,0.48765818277994794,383510,normal,True,False,False,False,False,False,0
ISIC_0010573,True,True,768,1024,786432,1.3333333333333333,768,1024,0.38229624430338544,300650,normal,True,False,False,False,False,False,0
ISIC_0010574,True,True,768,1024,786432,1.3333333333333333,768,1024,0.13798395792643228,108515,normal,True,False,False,False,False,False,0
ISIC_0010576,True,True,768,1024,786432,1.3333333333333333,768,1024,0.3058357238769531,240519,normal,True,True,False,False,False,True,1
ISIC_0010581,True,True,768,1024,786432,1.3333333333333333,768,1024,0.18233617146809897,143395,normal,True,False,False,False,False,False,0
ISIC_0010584,True,True,768,1024,786432,1.3333333333333333,768,1024,0.09109242757161458,71638,normal,True,False,False,False,False,False,0
ISIC_0010585,True,True,768,1024,786432,1.3333333333333333,768,1024,0.02454376220703125,19302,small,True,False,False,False,False,False,0
ISIC_0010587,True,True,768,1024,786432,1.3333333333333333,768,1024,0.15170796712239584,119308,normal,True,False,False,False,False,False,0
ISIC_0010588,True,True,768,1024,786432,1.3333333333333333,768,1024,0.910943349202474,716395,normal,True,False,True,False,True,True,2
ISIC_0010589,True,True,768,1024,786432,1.3333333333333333,768,1024,0.5571695963541666,438176,normal,True,False,False,False,False,False,0
ISIC_0010590,True,True,768,1024,786432,1.3333333333333333,768,1024,0.0715929667154948,56303,normal,True,False,False,False,False,False,0
ISIC_0010591,True,True,768,1024,786432,1.3333333333333333,768,1024,0.25214513142903644,198295,normal,True,False,False,False,False,False,0
ISIC_0010592,True,True,768,1024,786432,1.3333333333333333,768,1024,0.019339243570963543,15209,tiny,True,False,False,False,False,False,0
ISIC_0010593,True,True,768,1024,786432,1.3333333333333333,768,1024,0.08253987630208333,64912,normal,True,False,False,False,False,False,0
ISIC_0010595,True,True,768,1024,786432,1.3333333333333333,768,1024,0.40206019083658856,316193,normal,True,False,False,False,False,False,0
ISIC_0010596,True,True,768,1024,786432,1.3333333333333333,768,1024,0.4070167541503906,320091,normal,True,False,False,False,False,False,0
ISIC_0010597,True,True,768,1024,786432,1.3333333333333333,768,1024,0.3338979085286458,262588,normal,True,False,False,False,False,False,0
ISIC_0010598,True,True,768,1024,786432,1.3333333333333333,768,1024,0.06258392333984375,49218,normal,True,False,False,False,False,False,0
ISIC_0010599,True,True,768,1024,786432,1.3333333333333333,768,1024,0.3516591389973958,276556,normal,True,False,False,False,False,False,0
ISIC_0010602,True,True,768,1024,786432,1.3333333333333333,768,1024,0.5481160481770834,431056,normal,True,False,False,False,False,False,0
ISIC_0010603,True,True,768,1024,786432,1.3333333333333333,768,1024,0.7219683329264323,567779,normal,True,False,True,False,False,True,1
ISIC_0010604,True,True,768,1024,786432,1.3333333333333333,768,1024,0.9302279154459635,731561,normal,True,False,True,False,False,True,1
ISIC_0010605,True,True,768,1024,786432,1.3333333333333333,768,1024,0.7671585083007812,603318,normal,True,True,False,False,False,True,1
ISIC_0010606,True,True,768,1024,786432,1.3333333333333333,768,1024,0.18591435750325522,146209,normal,True,False,False,False,False,False,0
ISIC_0010607,True,True,768,1024,786432,1.3333333333333333,768,1024,0.04782231648763021,37609,small,True,False,False,False,False,False,0
ISIC_0010844,True,True,768,1024,786432,1.3333333333333333,768,1024,0.2516924540201823,197939,normal,True,False,False,False,False,False,0
ISIC_0010846,True,True,768,1024,786432,1.3333333333333333,768,1024,0.5176111857096354,407066,normal,True,False,False,False,False,False,0
ISIC_0010847,True,True,768,1024,786432,1.3333333333333333,768,1024,0.3560905456542969,280041,normal,True,False,False,False,False,False,0
ISIC_0010848,True,True,768,1024,786432,1.3333333333333333,768,1024,0.13052876790364584,102652,normal,True,False,False,False,False,False,0
ISIC_0010849,True,True,768,1024,786432,1.3333333333333333,768,1024,0.3372357686360677,265213,normal,True,False,False,False,False,False,0
ISIC_0010850,True,True,768,1024,786432,1.3333333333333333,768,1024,0.13634872436523438,107229,normal,True,False,False,False,False,False,0
ISIC_0010851,True,True,768,1024,786432,1.3333333333333333,768,1024,0.16175969441731772,127213,normal,True,False,False,False,False,False,0
ISIC_0010852,True,True,768,1024,786432,1.3333333333333333,768,1024,0.08050155639648438,63309,normal,True,False,False,False,False,False,0
ISIC_0010853,True,True,768,1024,786432,1.3333333333333333,768,1024,0.054737091064453125,43047,normal,True,False,False,False,False,False,0
ISIC_0010854,True,True,768,1024,786432,1.3333333333333333,768,1024,0.12179946899414062,95787,normal,True,False,False,False,False,False,0
ISIC_0010856,True,True,768,1024,786432,1.3333333333333333,768,1024,0.2601114908854167,204560,normal,True,False,False,False,False,False,0
ISIC_0010857,True,True,768,1024,786432,1.3333333333333333,768,1024,0.8464304606119791,665660,normal,True,False,True,True,False,True,2
ISIC_0010858,True,True,768,1024,786432,1.3333333333333333,768,1024,0.25350189208984375,199362,normal,True,False,False,False,False,False,0
ISIC_0010860,True,True,768,1024,786432,1.3333333333333333,768,1024,0.26297632853190106,206813,normal,True,False,False,False,False,False,0
ISIC_0010861,True,True,768,1024,786432,1.3333333333333333,768,1024,0.03671137491861979,28871,small,True,False,False,False,False,False,0
ISIC_0010862,True,True,768,1024,786432,1.3333333333333333,768,1024,0.15654500325520834,123112,normal,True,False,False,False,False,False,0
ISIC_0010863,True,True,768,1024,786432,1.3333333333333333,768,1024,0.5679804484049479,446678,normal,True,False,False,False,False,False,0
ISIC_0010864,True,True,768,1024,786432,1.3333333333333333,768,1024,0.16392008463541666,128912,normal,True,False,False,False,False,False,0
ISIC_0011079,True,True,768,1024,786432,1.3333333333333333,768,1024,0.4731330871582031,372087,normal,True,True,False,False,False,True,1
ISIC_0011081,True,True,768,1024,786432,1.3333333333333333,768,1024,0.33527247111002606,263669,normal,True,False,False,False,False,False,0
ISIC_0011082,True,True,768,1024,786432,1.3333333333333333,768,1024,0.019830067952473957,15595,tiny,True,False,False,False,False,False,0
ISIC_0011083,True,True,768,1024,786432,1.3333333333333333,768,1024,0.030497233072916668,23984,small,True,False,False,False,False,False,0
ISIC_0011084,True,True,768,1024,786432,1.3333333333333333,768,1024,0.2771199544270833,217936,normal,True,False,False,False,False,False,0
ISIC_0011085,True,True,768,1024,786432,1.3333333333333333,768,1024,0.11618932088216145,91375,normal,True,False,False,False,False,False,0
ISIC_0011088,True,True,768,1024,786432,1.3333333333333333,768,1024,0.3074696858723958,241804,normal,True,False,False,False,False,False,0
ISIC_0011089,True,True,768,1024,786432,1.3333333333333333,768,1024,0.23865127563476562,187683,normal,True,False,False,False,False,False,0
ISIC_0011090,True,True,768,1024,786432,1.3333333333333333,768,1024,0.3545341491699219,278817,normal,True,False,False,False,False,False,0
ISIC_0011092,True,True,768,1024,786432,1.3333333333333333,768,1024,0.11314646402994792,88982,normal,True,False,False,False,False,False,0
ISIC_0011095,True,True,768,1024,786432,1.3333333333333333,768,1024,0.22255833943684897,175027,normal,True,False,False,False,False,False,0
ISIC_0011097,True,True,768,1024,786432,1.3333333333333333,768,1024,0.1308924357096354,102938,normal,True,False,False,False,False,False,0
ISIC_0011098,True,True,768,1024,786432,1.3333333333333333,768,1024,0.10045115152994792,78998,normal,True,False,False,False,False,False,0
ISIC_0011099,True,True,768,1024,786432,1.3333333333333333,768,1024,0.28593699137369794,224870,normal,True,False,False,False,False,False,0
ISIC_0011101,True,True,768,1024,786432,1.3333333333333333,768,1024,0.22359593709309897,175843,normal,True,False,False,False,False,False,0
ISIC_0011102,True,True,768,1024,786432,1.3333333333333333,768,1024,0.3188425699869792,250748,normal,True,False,False,False,False,False,0
ISIC_0011104,True,True,768,1024,786432,1.3333333333333333,768,1024,0.43123626708984375,339138,normal,True,False,False,False,False,False,0
ISIC_0011105,True,True,768,1024,786432,1.3333333333333333,768,1024,0.5279922485351562,415230,normal,True,False,False,False,False,False,0
ISIC_0011107,True,True,768,1024,786432,1.3333333333333333,768,1024,0.5996564229329427,471589,normal,True,False,False,False,False,False,0
ISIC_0011109,True,True,768,1024,786432,1.3333333333333333,768,1024,0.619683583577474,487339,normal,True,False,True,False,False,True,1
ISIC_0011110,True,True,768,1024,786432,1.3333333333333333,768,1024,0.15406672159830728,121163,normal,True,False,False,False,False,False,0
ISIC_0011112,True,True,768,1024,786432,1.3333333333333333,768,1024,0.7688331604003906,604635,normal,True,False,False,False,False,False,0
ISIC_0011114,True,True,768,1024,786432,1.3333333333333333,768,1024,0.16199239095052084,127396,normal,True,False,False,False,False,False,0
ISIC_0011115,True,True,768,1024,786432,1.3333333333333333,768,1024,0.031505584716796875,24777,small,True,False,False,False,False,False,0
ISIC_0011117,True,True,768,1024,786432,1.3333333333333333,768,1024,0.4646008809407552,365377,normal,True,False,False,False,False,False,0
ISIC_0011118,True,True,768,1024,786432,1.3333333333333333,768,1024,0.14706293741861978,115655,normal,True,False,False,False,False,False,0
ISIC_0011119,True,True,768,1024,786432,1.3333333333333333,768,1024,0.1299769083658854,102218,normal,True,False,False,False,False,False,0
ISIC_0011120,True,True,768,1024,786432,1.3333333333333333,768,1024,0.9487330118815104,746114,normal,True,False,False,False,True,True,1
ISIC_0011121,True,True,768,1024,786432,1.3333333333333333,768,1024,0.9407437642415365,739831,normal,True,True,True,False,True,True,3
ISIC_0011123,True,True,768,1024,786432,1.3333333333333333,768,1024,0.28010813395182294,220286,normal,True,False,False,False,False,False,0
ISIC_0011124,True,True,768,1024,786432,1.3333333333333333,768,1024,0.27075831095377606,212933,normal,True,False,False,False,False,False,0
ISIC_0011127,True,True,768,1024,786432,1.3333333333333333,768,1024,0.1235338846842448,97151,normal,True,False,False,False,False,False,0
ISIC_0011128,True,True,768,1024,786432,1.3333333333333333,768,1024,0.39610926310221356,311513,normal,True,False,True,False,False,True,1
ISIC_0011129,True,True,768,1024,786432,1.3333333333333333,768,1024,0.4463462829589844,351021,normal,True,False,False,False,False,False,0
ISIC_0011130,True,True,768,1024,786432,1.3333333333333333,768,1024,0.11910502115885417,93668,normal,True,False,False,False,False,False,0
ISIC_0011131,True,True,768,1024,786432,1.3333333333333333,768,1024,0.22750345865885416,178916,normal,True,False,False,False,False,False,0
ISIC_0011132,True,True,768,1024,786432,1.3333333333333333,768,1024,0.18906275431315103,148685,normal,True,False,False,False,False,False,0
ISIC_0011135,True,True,768,1024,786432,1.3333333333333333,768,1024,0.17945353190104166,141128,normal,True,False,False,False,False,False,0
ISIC_0011137,True,True,768,1024,786432,1.3333333333333333,768,1024,0.33382415771484375,262530,normal,True,False,False,False,False,False,0
ISIC_0011139,True,True,768,1024,786432,1.3333333333333333,768,1024,0.3648821512858073,286955,normal,True,False,False,False,False,False,0
ISIC_0011140,True,True,768,1024,786432,1.3333333333333333,768,1024,0.10499954223632812,82575,normal,True,False,False,False,False,False,0
ISIC_0011143,True,True,768,1024,786432,1.3333333333333333,768,1024,0.012175242106119791,9575,tiny,True,False,False,False,False,False,0
ISIC_0011144,True,True,768,1024,786432,1.3333333333333333,768,1024,0.2760785420735677,217117,normal,True,False,False,False,False,False,0
ISIC_0011146,True,True,768,1024,786432,1.3333333333333333,768,1024,0.13517125447591147,106303,normal,True,False,False,False,False,False,0
ISIC_0011149,True,True,768,1024,786432,1.3333333333333333,768,1024,0.5861180623372396,460942,normal,True,True,False,False,False,True,1
ISIC_0011150,True,True,768,1024,786432,1.3333333333333333,768,1024,0.12118021647135417,95300,normal,True,False,False,False,False,False,0
ISIC_0011151,True,True,768,1024,786432,1.3333333333333333,768,1024,0.8335838317871094,655557,normal,True,False,True,True,True,True,3
ISIC_0011155,True,True,768,1024,786432,1.3333333333333333,768,1024,0.3943227132161458,310108,normal,True,False,False,False,False,False,0
ISIC_0011156,True,True,768,1024,786432,1.3333333333333333,768,1024,0.500726064046224,393787,normal,True,False,False,False,False,False,0
ISIC_0011157,True,True,768,1024,786432,1.3333333333333333,768,1024,0.15247217814127603,119909,normal,True,False,False,False,False,False,0
ISIC_0011158,True,True,768,1024,786432,1.3333333333333333,768,1024,0.6506334940592448,511679,normal,True,False,True,False,False,True,1
ISIC_0011159,True,True,768,1024,786432,1.3333333333333333,768,1024,0.6074409484863281,477711,normal,True,False,True,False,False,True,1
ISIC_0011161,True,True,768,1024,786432,1.3333333333333333,768,1024,0.5095367431640625,400716,normal,True,False,False,False,False,False,0
ISIC_0011162,True,True,768,1024,786432,1.3333333333333333,768,1024,0.13556035359700522,106609,normal,True,False,False,False,False,False,0
ISIC_0011163,True,True,768,1024,786432,1.3333333333333333,768,1024,0.1210467020670573,95195,normal,True,False,False,False,False,False,0
ISIC_0011164,True,True,768,1024,786432,1.3333333333333333,768,1024,0.08914693196614583,70108,normal,True,False,False,False,False,False,0
ISIC_0011165,True,True,768,1024,786432,1.3333333333333333,768,1024,0.31906763712565106,250925,normal,True,False,False,False,False,False,0
ISIC_0011166,True,True,768,1024,786432,1.3333333333333333,768,1024,0.10137557983398438,79725,normal,True,False,False,False,False,False,0
ISIC_0011167,True,True,768,1024,786432,1.3333333333333333,768,1024,0.7870165506998698,618935,normal,True,False,True,False,False,True,1
ISIC_0011168,True,True,768,1024,786432,1.3333333333333333,768,1024,0.05892054239908854,46337,normal,True,False,False,False,False,False,0
ISIC_0011169,True,True,768,1024,786432,1.3333333333333333,768,1024,0.22582117716471353,177593,normal,True,False,False,False,False,False,0
ISIC_0011170,True,True,768,1024,786432,1.3333333333333333,768,1024,0.21489969889322916,169004,normal,True,False,False,False,False,False,0
ISIC_0011171,True,True,768,1024,786432,1.3333333333333333,768,1024,0.08719507853190105,68573,normal,True,False,False,False,False,False,0
ISIC_0011173,True,True,768,1024,786432,1.3333333333333333,768,1024,0.034679412841796875,27273,small,True,False,False,False,False,False,0
ISIC_0011176,True,True,768,1024,786432,1.3333333333333333,768,1024,0.2808837890625,220896,normal,True,False,False,False,False,False,0
ISIC_0011177,True,True,768,1024,786432,1.3333333333333333,768,1024,0.38444773356119794,302342,normal,True,False,False,False,False,False,0
ISIC_0011199,True,True,768,1024,786432,1.3333333333333333,768,1024,0.046665191650390625,36699,small,True,False,False,False,False,False,0
ISIC_0011202,True,True,768,1024,786432,1.3333333333333333,768,1024,0.1844202677408854,145034,normal,True,False,False,False,False,False,0
ISIC_0011203,True,True,768,1024,786432,1.3333333333333333,768,1024,0.3795204162597656,298467,normal,True,False,False,False,False,False,0
ISIC_0011204,True,True,768,1024,786432,1.3333333333333333,768,1024,0.18062718709309897,142051,normal,True,False,False,False,False,False,0
ISIC_0011205,True,True,768,1024,786432,1.3333333333333333,768,1024,0.09630966186523438,75741,normal,True,False,False,False,False,False,0
ISIC_0011207,True,True,768,1024,786432,1.3333333333333333,768,1024,0.05965550740559896,46915,normal,True,False,False,False,False,False,0
ISIC_0011208,True,True,768,1024,786432,1.3333333333333333,768,1024,0.08625157674153645,67831,normal,True,False,False,False,False,False,0
ISIC_0011210,True,True,768,1024,786432,1.3333333333333333,768,1024,0.042881011962890625,33723,small,True,False,False,False,False,False,0
ISIC_0011211,True,True,768,1024,786432,1.3333333333333333,768,1024,0.3899688720703125,306684,normal,True,False,False,False,False,False,0
ISIC_0011212,True,True,768,1024,786432,1.3333333333333333,768,1024,0.5418268839518229,426110,normal,True,False,False,False,True,True,1
ISIC_0011213,True,True,768,1024,786432,1.3333333333333333,768,1024,0.03945287068684896,31027,small,True,False,False,False,False,False,0
ISIC_0011214,True,True,768,1024,786432,1.3333333333333333,768,1024,0.5194142659505209,408484,normal,True,False,False,False,False,False,0
ISIC_0011218,True,True,768,1024,786432,1.3333333333333333,768,1024,0.08806610107421875,69258,normal,True,False,False,False,False,False,0
ISIC_0011219,True,True,768,1024,786432,1.3333333333333333,768,1024,0.10096486409505208,79402,normal,True,False,False,False,False,False,0
ISIC_0011220,True,True,768,1024,786432,1.3333333333333333,768,1024,0.03744633992513021,29449,small,True,False,False,False,False,False,0
ISIC_0011223,True,True,768,1024,786432,1.3333333333333333,768,1024,0.1003265380859375,78900,normal,True,False,False,False,False,False,0
ISIC_0011224,True,True,768,1024,786432,1.3333333333333333,768,1024,0.2441584269205729,192014,normal,True,False,False,False,False,False,0
ISIC_0011225,True,True,768,1024,786432,1.3333333333333333,768,1024,0.023649851481119793,18599,small,True,False,False,False,False,False,0
ISIC_0011227,True,True,768,1024,786432,1.3333333333333333,768,1024,0.35077158610026044,275858,normal,True,False,False,False,False,False,0
ISIC_0011228,True,True,768,1024,786432,1.3333333333333333,768,1024,0.31322987874348956,246334,normal,True,False,False,False,False,False,0
ISIC_0011229,True,True,768,1024,786432,1.3333333333333333,768,1024,0.3747698465983073,294731,normal,True,True,False,False,False,True,1
ISIC_0011230,True,True,768,1024,786432,1.3333333333333333,768,1024,0.11436208089192708,89938,normal,True,False,False,False,False,False,0
ISIC_0011292,True,True,768,1024,786432,1.3333333333333333,768,1024,0.11819839477539062,92955,normal,True,False,False,False,False,False,0
ISIC_0011294,True,True,768,1024,786432,1.3333333333333333,768,1024,0.1772333780924479,139382,normal,True,False,False,False,False,False,0
ISIC_0011295,True,True,768,1024,786432,1.3333333333333333,768,1024,0.46367772420247394,364651,normal,True,False,True,False,False,True,1
ISIC_0011296,True,True,768,1024,786432,1.3333333333333333,768,1024,0.18754450480143228,147491,normal,True,False,False,False,False,False,0
ISIC_0011297,True,True,768,1024,786432,1.3333333333333333,768,1024,0.12399037679036458,97510,normal,True,False,False,False,False,False,0
ISIC_0011298,True,True,768,1024,786432,1.3333333333333333,768,1024,0.07523091634114583,59164,normal,True,False,False,False,False,False,0
ISIC_0011300,True,True,768,1024,786432,1.3333333333333333,768,1024,0.8829154968261719,694353,normal,True,True,True,False,False,True,2
ISIC_0011301,True,True,768,1024,786432,1.3333333333333333,768,1024,0.27863311767578125,219126,normal,True,False,False,False,False,False,0
ISIC_0011303,True,True,768,1024,786432,1.3333333333333333,768,1024,0.1244964599609375,97908,normal,True,False,False,False,False,False,0
ISIC_0011304,True,True,768,1024,786432,1.3333333333333333,768,1024,0.08172098795572917,64268,normal,True,False,False,False,False,False,0
ISIC_0011305,True,True,768,1024,786432,1.3333333333333333,768,1024,0.13070170084635416,102788,normal,True,False,False,False,False,False,0
ISIC_0011306,True,True,768,1024,786432,1.3333333333333333,768,1024,0.15374755859375,120912,normal,True,False,False,False,False,False,0
ISIC_0011315,True,True,768,1024,786432,1.3333333333333333,768,1024,0.3195813496907552,251329,normal,True,False,False,False,False,False,0
ISIC_0011317,True,True,768,1024,786432,1.3333333333333333,768,1024,0.047536214192708336,37384,small,True,False,False,False,False,False,0
ISIC_0011322,True,True,768,1024,786432,1.3333333333333333,768,1024,0.406097412109375,319368,normal,True,False,True,False,False,True,1
ISIC_0011323,True,True,768,1024,786432,1.3333333333333333,768,1024,0.13911056518554688,109401,normal,True,False,False,False,False,False,0
ISIC_0011324,True,True,768,1024,786432,1.3333333333333333,768,1024,0.15104293823242188,118785,normal,True,False,False,False,False,False,0
ISIC_0011326,True,True,768,1024,786432,1.3333333333333333,768,1024,0.20880254109700522,164209,normal,True,False,False,False,False,False,0
ISIC_0011327,True,True,768,1024,786432,1.3333333333333333,768,1024,0.3713785807291667,292064,normal,True,False,False,False,True,True,1
ISIC_0011328,True,True,768,1024,786432,1.3333333333333333,768,1024,0.24687703450520834,194152,normal,True,False,False,False,False,False,0
ISIC_0011329,True,True,768,1024,786432,1.3333333333333333,768,1024,0.884161631266276,695333,normal,True,False,True,False,False,True,1
ISIC_0011330,True,True,768,1024,786432,1.3333333333333333,768,1024,0.0876007080078125,68892,normal,True,False,False,False,False,False,0
ISIC_0011333,True,True,768,1024,786432,1.3333333333333333,768,1024,0.34587351481119794,272006,normal,True,False,False,False,False,False,0
ISIC_0011334,True,True,768,1024,786432,1.3333333333333333,768,1024,0.9566663106282552,752353,normal,True,False,True,False,True,True,2
ISIC_0011336,True,True,768,1024,786432,1.3333333333333333,768,1024,0.32279332478841144,253855,normal,True,False,False,False,False,False,0
ISIC_0011338,True,True,768,1024,786432,1.3333333333333333,768,1024,0.16231791178385416,127652,normal,True,False,False,False,False,False,0
ISIC_0011339,True,True,768,1024,786432,1.3333333333333333,768,1024,0.20212809244791666,158960,normal,True,False,False,False,False,False,0
ISIC_0011341,True,True,768,1024,786432,1.3333333333333333,768,1024,0.1223742167154948,96239,normal,True,False,False,False,False,False,0
ISIC_0011343,True,True,768,1024,786432,1.3333333333333333,768,1024,0.13767878214518228,108275,normal,True,False,False,False,False,False,0
ISIC_0011344,True,True,768,1024,786432,1.3333333333333333,768,1024,0.1653111775716146,130006,normal,True,False,False,False,False,False,0
ISIC_0011345,True,True,768,1024,786432,1.3333333333333333,768,1024,0.11667505900065105,91757,normal,True,False,False,False,False,False,0
ISIC_0011347,True,True,768,1024,786432,1.3333333333333333,768,1024,0.7902234395345052,621457,normal,True,False,True,False,False,True,1
ISIC_0011348,True,True,768,1024,786432,1.3333333333333333,768,1024,0.7595240275065104,597314,normal,True,False,False,False,False,False,0
ISIC_0011349,True,True,768,1024,786432,1.3333333333333333,768,1024,0.6387888590494791,502364,normal,True,False,False,False,False,False,0
ISIC_0011352,True,True,768,1024,786432,1.3333333333333333,768,1024,0.42835235595703125,336870,normal,True,False,False,False,False,False,0
ISIC_0011353,True,True,768,1024,786432,1.3333333333333333,768,1024,0.06164677937825521,48481,normal,True,False,False,False,False,False,0
ISIC_0011356,True,True,768,1024,786432,1.3333333333333333,768,1024,0.9866498311360677,775933,normal,True,True,True,True,True,True,4
ISIC_0011357,True,True,768,1024,786432,1.3333333333333333,768,1024,0.12854639689127603,101093,normal,True,False,False,False,False,False,0
ISIC_0011358,True,True,768,1024,786432,1.3333333333333333,768,1024,0.2514813741048177,197773,normal,True,False,False,False,False,False,0
ISIC_0011359,True,True,768,1024,786432,1.3333333333333333,768,1024,0.1788787841796875,140676,normal,True,False,False,False,False,False,0
ISIC_0011360,True,True,768,1024,786432,1.3333333333333333,768,1024,0.8290278116861979,651974,normal,True,False,False,True,False,True,1
ISIC_0011361,True,True,768,1024,786432,1.3333333333333333,768,1024,0.8213589986165365,645943,normal,True,False,True,True,True,True,3
ISIC_0011362,True,True,768,1024,786432,1.3333333333333333,768,1024,0.17571258544921875,138186,normal,True,False,False,False,False,False,0
ISIC_0011363,True,True,768,1024,786432,1.3333333333333333,768,1024,0.5929692586263021,466330,normal,True,False,False,False,False,False,0
ISIC_0011366,True,True,768,1024,786432,1.3333333333333333,768,1024,0.40484873453776044,318386,normal,True,False,False,False,False,False,0
ISIC_0011367,True,True,768,1024,786432,1.3333333333333333,768,1024,0.05299250284830729,41675,normal,True,False,False,False,False,False,0
ISIC_0011372,True,True,768,1024,786432,1.3333333333333333,768,1024,0.04185612996419271,32917,small,True,False,False,False,False,False,0
ISIC_0011373,True,True,768,1024,786432,1.3333333333333333,768,1024,0.7632967631022135,600281,normal,True,False,True,False,False,True,1
ISIC_0011374,True,True,768,1024,786432,1.3333333333333333,768,1024,0.6377423604329427,501541,normal,True,False,True,False,False,True,1
ISIC_0011378,True,True,768,1024,786432,1.3333333333333333,768,1024,0.20681889851888022,162649,normal,True,False,False,False,False,False,0
ISIC_0011382,True,True,768,1024,786432,1.3333333333333333,768,1024,0.3095906575520833,243472,normal,True,False,False,False,False,False,0
ISIC_0011383,True,True,768,1024,786432,1.3333333333333333,768,1024,0.13171259562174478,103583,normal,True,False,False,False,False,False,0
ISIC_0011384,True,True,768,1024,786432,1.3333333333333333,768,1024,0.2599220275878906,204411,normal,True,False,False,False,False,False,0
ISIC_0011385,True,True,768,1024,786432,1.3333333333333333,768,1024,0.2425409952799479,190742,normal,True,False,False,False,False,False,0
ISIC_0011386,True,True,768,1024,786432,1.3333333333333333,768,1024,0.09258778889973958,72814,normal,True,False,False,False,False,False,0
ISIC_0011387,True,True,768,1024,786432,1.3333333333333333,768,1024,0.6165733337402344,484893,normal,True,True,False,False,False,True,1
ISIC_0011390,True,True,768,1024,786432,1.3333333333333333,768,1024,0.7651621500651041,601748,normal,True,False,True,False,True,True,2
ISIC_0011393,True,True,768,1024,786432,1.3333333333333333,768,1024,0.042490641276041664,33416,small,True,False,False,False,False,False,0
ISIC_0011397,True,True,768,1024,786432,1.3333333333333333,768,1024,0.3664906819661458,288220,normal,True,False,False,False,False,False,0
ISIC_0011398,True,True,768,1024,786432,1.3333333333333333,768,1024,0.3930066426595052,309073,normal,True,False,False,False,False,False,0
ISIC_0011402,True,True,768,1024,786432,1.3333333333333333,768,1024,0.7151781717936198,562439,normal,True,False,True,True,False,True,2
ISIC_0012086,True,True,2848,4288,12212224,1.5056179775280898,2848,4288,0.472066267372757,5764979,normal,True,False,False,False,False,False,0
ISIC_0012089,True,True,2848,4288,12212224,1.5056179775280898,2848,4288,0.015072848319847391,184073,tiny,True,False,False,False,False,False,0
ISIC_0012090,True,True,2848,4288,12212224,1.5056179775280898,2848,4288,0.188426612548214,2301108,normal,True,False,False,False,False,False,0
ISIC_0012092,True,True,2848,4288,12212224,1.5056179775280898,2848,4288,0.10617345374601711,1296614,normal,True,False,False,False,False,False,0
ISIC_0012094,True,True,2000,3008,6016000,1.504,2000,3008,0.02052227393617021,123462,small,True,False,False,False,False,False,0
ISIC_0012095,True,True,2000,3008,6016000,1.504,2000,3008,0.0472313829787234,284144,small,True,False,False,False,False,False,0
ISIC_0012097,True,True,2000,3008,6016000,1.504,2000,3008,0.031203291223404254,187719,small,True,False,False,False,False,False,0
ISIC_0012099,True,True,2000,3008,6016000,1.504,2000,3008,0.014703291223404255,88455,tiny,True,False,False,False,False,False,0
ISIC_0012102,True,True,2000,3008,6016000,1.504,2000,3008,0.0384453125,231287,small,True,False,False,False,False,False,0
ISIC_0012105,True,True,2000,3008,6016000,1.504,2000,3008,0.02967436835106383,178521,small,True,False,False,False,False,False,0
ISIC_0012107,True,True,2000,3008,6016000,1.504,2000,3008,0.15151695478723404,911526,normal,True,False,False,False,False,False,0
ISIC_0012108,True,True,2000,3008,6016000,1.504,2000,3008,0.05970561835106383,359189,normal,True,False,False,False,False,False,0
ISIC_0012109,True,True,2000,3008,6016000,1.504,2000,3008,0.021511801861702127,129415,small,True,False,False,False,False,False,0
ISIC_0012116,True,True,2000,3008,6016000,1.504,2000,3008,0.04420146276595745,265916,small,True,False,False,False,False,False,0
ISIC_0012118,True,True,2000,3008,6016000,1.504,2000,3008,0.04060671542553192,244290,small,True,False,False,False,False,False,0
ISIC_0012126,True,True,2000,3008,6016000,1.504,2000,3008,0.012516788563829788,75301,tiny,True,False,False,False,False,False,0
ISIC_0012127,True,True,2000,3008,6016000,1.504,2000,3008,0.01771343085106383,106564,tiny,True,False,False,False,False,False,0
ISIC_0012134,True,True,2000,3008,6016000,1.504,2000,3008,0.804710272606383,4841137,normal,True,False,False,False,False,False,0
ISIC_0012135,True,True,2000,3008,6016000,1.504,2000,3008,0.028114527925531915,169137,small,True,False,False,False,False,False,0
ISIC_0012136,True,True,2000,3008,6016000,1.504,2000,3008,0.4435339095744681,2668300,normal,True,False,False,False,False,False,0
ISIC_0012137,True,True,2000,3008,6016000,1.504,2000,3008,0.04803789893617021,288996,small,True,False,False,False,False,False,0
ISIC_0012143,True,True,2000,3008,6016000,1.504,2000,3008,0.18688929521276595,1124326,normal,True,False,False,False,False,False,0
ISIC_0012147,True,True,2000,3008,6016000,1.504,2000,3008,0.03517420212765957,211608,small,True,False,False,False,False,False,0
ISIC_0012148,True,True,2000,3008,6016000,1.504,2000,3008,0.04870960771276596,293037,small,True,False,False,False,False,False,0
ISIC_0012149,True,True,2000,3008,6016000,1.504,2000,3008,0.05197140957446809,312660,normal,True,False,False,False,False,False,0
ISIC_0012151,True,True,2000,3008,6016000,1.504,2000,3008,0.25902509973404253,1558295,normal,True,False,False,False,False,False,0
ISIC_0012155,True,True,2000,3008,6016000,1.504,2000,3008,0.03863746675531915,232443,small,True,False,False,False,False,False,0
ISIC_0012156,True,True,2000,3008,6016000,1.504,2000,3008,0.01862915558510638,112073,tiny,True,False,False,False,False,False,0
ISIC_0012159,True,True,2000,3008,6016000,1.504,2000,3008,0.05453091755319149,328058,normal,True,False,False,False,False,False,0
ISIC_0012160,True,True,2000,3008,6016000,1.504,2000,3008,0.01825648271276596,109831,tiny,True,False,False,False,False,False,0
ISIC_0012164,True,True,2000,3008,6016000,1.504,2000,3008,0.01875249335106383,112815,tiny,True,False,False,False,False,False,0
ISIC_0012167,True,True,2000,3008,6016000,1.504,2000,3008,0.050309507978723404,302662,normal,True,False,False,False,False,False,0
ISIC_0012173,True,True,2000,3008,6016000,1.504,2000,3008,0.07776828457446809,467854,normal,True,False,False,False,False,False,0
ISIC_0012177,True,True,2000,3008,6016000,1.504,2000,3008,0.03128789893617021,188228,small,True,False,False,False,False,False,0
ISIC_0012178,True,True,2000,3008,6016000,1.504,2000,3008,0.07386070478723404,444346,normal,True,False,False,False,False,False,0
ISIC_0012179,True,True,2000,3008,6016000,1.504,2000,3008,0.006070478723404256,36520,very_tiny,True,False,False,False,False,False,0
ISIC_0012182,True,True,2000,3008,6016000,1.504,2000,3008,0.03075498670212766,185022,small,True,False,False,False,False,False,0
ISIC_0012187,True,True,2000,3008,6016000,1.504,2000,3008,0.03426279920212766,206125,small,True,False,False,False,False,False,0
ISIC_0012191,True,True,2000,3008,6016000,1.504,2000,3008,0.03676978058510638,221207,small,True,False,False,False,False,False,0
ISIC_0012201,True,True,2000,3008,6016000,1.504,2000,3008,0.060056183510638295,361298,normal,True,False,False,False,False,False,0
ISIC_0012203,True,True,2000,3008,6016000,1.504,2000,3008,0.023566489361702126,141776,small,True,False,False,False,False,False,0
ISIC_0012204,True,True,2000,3008,6016000,1.504,2000,3008,0.02849468085106383,171424,small,True,False,False,False,False,False,0
ISIC_0012205,True,True,2000,3008,6016000,1.504,2000,3008,0.03887749335106383,233887,small,True,False,False,False,False,False,0
ISIC_0012206,True,True,2000,3008,6016000,1.504,2000,3008,0.10473703457446809,630098,normal,True,False,False,False,False,False,0
ISIC_0012207,True,True,2000,3008,6016000,1.504,2000,3008,0.12664760638297873,761912,normal,True,False,False,False,False,False,0
ISIC_0012208,True,True,2000,3008,6016000,1.504,2000,3008,0.04621210106382979,278012,small,True,False,False,False,False,False,0
ISIC_0012210,True,True,2000,3008,6016000,1.504,2000,3008,0.13162915558510638,791881,normal,True,False,False,False,False,False,0
ISIC_0012211,True,True,2000,3008,6016000,1.504,2000,3008,0.07852111037234043,472383,normal,True,False,False,False,False,False,0
ISIC_0012212,True,True,2000,3008,6016000,1.504,2000,3008,0.02748753324468085,165365,small,True,False,False,False,False,False,0
ISIC_0012213,True,True,2000,3008,6016000,1.504,2000,3008,0.015117353723404255,90946,tiny,True,False,False,False,False,False,0
ISIC_0012216,True,True,2000,3008,6016000,1.504,2000,3008,0.20784275265957447,1250382,normal,True,False,False,False,False,False,0
ISIC_0012221,True,True,2000,3008,6016000,1.504,2000,3008,0.0324985039893617,195511,small,True,False,False,False,False,False,0
ISIC_0012222,True,True,2000,3008,6016000,1.504,2000,3008,0.03226163563829787,194086,small,True,False,False,False,False,False,0
ISIC_0012223,True,True,2848,4288,12212224,1.5056179775280898,2848,4288,0.5747030188768237,7018402,normal,True,False,False,False,False,False,0
ISIC_0012224,True,True,2848,4288,12212224,1.5056179775280898,2848,4288,0.08274700824354352,1010525,normal,True,False,False,False,False,False,0
ISIC_0012227,True,True,2848,4288,12212224,1.5056179775280898,2848,4288,0.27255051987254736,3328448,normal,True,False,False,False,False,False,0
ISIC_0012228,True,True,2848,4288,12212224,1.5056179775280898,2848,4288,0.05409276803307899,660593,normal,True,False,False,False,False,False,0
ISIC_0012230,True,True,2848,4288,12212224,1.5056179775280898,2848,4288,0.019671109865000837,240228,tiny,True,False,False,False,False,False,0
ISIC_0012232,True,True,2848,4288,12212224,1.5056179775280898,2848,4288,0.041337351820602046,504821,small,True,False,False,False,False,False,0
ISIC_0012233,True,True,2848,4288,12212224,1.5056179775280898,2848,4288,0.0373297279840265,455879,small,True,False,False,False,False,False,0
ISIC_0012235,True,True,2848,4288,12212224,1.5056179775280898,2848,4288,0.04814053525385712,587903,small,True,False,False,False,False,False,0
ISIC_0012238,True,True,2848,4288,12212224,1.5056179775280898,2848,4288,0.08119569375733691,991580,normal,True,False,False,False,False,False,0
ISIC_0012245,True,True,2848,4288,12212224,1.5056179775280898,2848,4288,0.1804400246834647,2203574,normal,True,False,False,False,False,False,0
ISIC_0012246,True,True,2848,4288,12212224,1.5056179775280898,2848,4288,0.13332894974740064,1628243,normal,True,False,False,False,False,False,0
ISIC_0012248,True,True,2848,4288,12212224,1.5056179775280898,2848,4288,0.3737083433779138,4563810,normal,True,False,False,False,False,False,0
ISIC_0012250,True,True,2000,3008,6016000,1.504,2000,3008,0.032169215425531916,193530,small,True,False,False,False,False,False,0
ISIC_0012253,True,True,2848,4288,12212224,1.5056179775280898,2848,4288,0.10381344135187826,1267793,normal,True,False,False,False,False,False,0
ISIC_0012256,True,True,2848,4288,12212224,1.5056179775280898,2848,4288,0.08774708030249036,1071587,normal,True,False,False,False,False,False,0
ISIC_0012257,True,True,2848,4288,12212224,1.5056179775280898,2848,4288,0.036967468005827606,451455,small,True,False,False,False,False,False,0
ISIC_0012258,True,True,2848,4288,12212224,1.5056179775280898,2848,4288,0.05342859744465873,652482,normal,True,False,False,False,False,False,0
ISIC_0012259,True,True,2848,4288,12212224,1.5056179775280898,2848,4288,0.03852557896088378,470483,small,True,False,False,False,False,False,0
ISIC_0012260,True,True,2000,3008,6016000,1.504,2000,3008,0.026675864361702127,160482,small,True,False,False,False,False,False,0
ISIC_0012261,True,True,2848,4288,12212224,1.5056179775280898,2848,4288,0.04164376611500084,508563,small,True,False,False,False,False,False,0
ISIC_0012263,True,True,2848,4288,12212224,1.5056179775280898,2848,4288,0.03941468810267483,481341,small,True,False,False,False,False,False,0
ISIC_0012266,True,True,2848,4288,12212224,1.5056179775280898,2848,4288,0.15230747487107998,1860013,normal,True,False,False,False,False,False,0
ISIC_0012268,True,True,2848,4288,12212224,1.5056179775280898,2848,4288,0.03329213417637934,406571,small,True,False,False,False,False,False,0
ISIC_0012271,True,True,2848,4288,12212224,1.5056179775280898,2848,4288,0.02685727022367097,327987,small,True,False,False,False,False,False,0
ISIC_0012272,True,True,2848,4288,12212224,1.5056179775280898,2848,4288,0.25883278917910446,3160924,normal,True,False,False,False,False,False,0
ISIC_0012273,True,True,2000,3008,6016000,1.504,2000,3008,0.3946517619680851,2374225,normal,True,False,False,False,False,False,0
ISIC_0012278,True,True,2000,3008,6016000,1.504,2000,3008,0.014296708776595744,86009,tiny,True,False,False,False,False,False,0
ISIC_0012281,True,True,2848,4288,12212224,1.5056179775280898,2848,4288,0.01953657253584605,238585,tiny,True,False,False,False,False,False,0
ISIC_0012282,True,True,2848,4288,12212224,1.5056179775280898,2848,4288,0.05392285631183968,658518,normal,True,False,False,False,False,False,0
ISIC_0012284,True,True,2000,3008,6016000,1.504,2000,3008,0.13119946808510638,789296,normal,True,False,False,False,False,False,0
ISIC_0012285,True,True,2000,3008,6016000,1.504,2000,3008,0.0149453125,89911,tiny,True,False,False,False,False,False,0
ISIC_0012288,True,True,2848,4288,12212224,1.5056179775280898,2848,4288,0.029615981495262452,361677,small,True,False,False,False,False,False,0
ISIC_0012290,True,True,2000,3008,6016000,1.504,2000,3008,0.5387160904255319,3240916,normal,True,True,True,False,False,True,2
ISIC_0012298,True,True,2848,4288,12212224,1.5056179775280898,2848,4288,0.08456207485221365,1032691,normal,True,False,False,False,False,False,0
ISIC_0012299,True,True,2000,3008,6016000,1.504,2000,3008,0.17653025265957448,1062006,normal,True,False,False,False,False,False,0
ISIC_0012303,True,True,2000,3008,6016000,1.504,2000,3008,0.028775764627659576,173115,small,True,False,False,False,False,False,0
ISIC_0012306,True,True,2000,3008,6016000,1.504,2000,3008,0.026188829787234042,157552,small,True,False,False,False,False,False,0
ISIC_0012309,True,True,2848,4288,12212224,1.5056179775280898,2848,4288,0.030704972329364415,374976,small,True,False,False,False,False,False,0
ISIC_0012311,True,True,2000,3008,6016000,1.504,2000,3008,0.07797456781914894,469095,normal,True,False,False,False,False,False,0
ISIC_0012313,True,True,2000,3008,6016000,1.504,2000,3008,0.027477892287234042,165307,small,True,False,False,False,False,False,0
ISIC_0012314,True,True,2000,3008,6016000,1.504,2000,3008,0.32067170877659573,1929161,normal,True,False,False,False,False,False,0
ISIC_0012316,True,True,2000,3008,6016000,1.504,2000,3008,0.018127659574468085,109056,tiny,True,False,False,False,False,False,0
ISIC_0012318,True,True,2000,3008,6016000,1.504,2000,3008,0.04261835106382979,256392,small,True,False,False,False,False,False,0
ISIC_0012320,True,True,2000,3008,6016000,1.504,2000,3008,0.041938829787234046,252304,small,True,False,False,False,False,False,0
ISIC_0012323,True,True,2000,3008,6016000,1.504,2000,3008,0.4966931515957447,2988106,normal,True,False,False,False,False,False,0
ISIC_0012324,True,True,2000,3008,6016000,1.504,2000,3008,0.05501811835106383,330989,normal,True,False,False,False,False,False,0
ISIC_0012325,True,True,2000,3008,6016000,1.504,2000,3008,0.10453723404255319,628896,normal,True,False,False,False,False,False,0
ISIC_0012329,True,True,2000,3008,6016000,1.504,2000,3008,0.1116168550531915,671487,normal,True,False,False,False,False,False,0
ISIC_0012330,True,True,2000,3008,6016000,1.504,2000,3008,0.0761748670212766,458268,normal,True,False,False,False,False,False,0
ISIC_0012332,True,True,2000,3008,6016000,1.504,2000,3008,0.0708686835106383,426346,normal,True,False,False,False,False,False,0
ISIC_0012333,True,True,2000,3008,6016000,1.504,2000,3008,0.0178359375,107301,tiny,True,False,False,False,False,False,0
ISIC_0012334,True,True,2000,3008,6016000,1.504,2000,3008,0.04640492021276596,279172,small,True,False,False,False,False,False,0
ISIC_0012335,True,True,2000,3008,6016000,1.504,2000,3008,0.028206948138297872,169693,small,True,False,False,False,False,False,0
ISIC_0012338,True,True,2000,3008,6016000,1.504,2000,3008,0.03598819813829787,216505,small,True,False,False,False,False,False,0
ISIC_0012342,True,True,2848,4288,12212224,1.5056179775280898,2848,4288,0.11549378720861982,1410436,normal,True,False,False,False,False,False,0
ISIC_0012348,True,True,2000,3008,6016000,1.504,2000,3008,0.11195711436170212,673534,normal,True,False,False,False,False,False,0
ISIC_0012351,True,True,2000,3008,6016000,1.504,2000,3008,0.031148603723404257,187390,small,True,False,False,False,False,False,0
ISIC_0012356,True,True,2000,3008,6016000,1.504,2000,3008,0.495727892287234,2982299,normal,True,True,False,True,True,True,3
ISIC_0012357,True,True,2000,3008,6016000,1.504,2000,3008,0.07382895611702128,444155,normal,True,False,False,False,False,False,0
ISIC_0012358,True,True,2000,3008,6016000,1.504,2000,3008,0.07155302526595744,430463,normal,True,False,False,False,False,False,0
ISIC_0012360,True,True,2000,3008,6016000,1.504,2000,3008,0.04773786569148936,287191,small,True,False,False,False,False,False,0
ISIC_0012363,True,True,2848,4288,12212224,1.5056179775280898,2848,4288,0.05510683393950193,672977,normal,True,False,False,False,False,False,0
ISIC_0012369,True,True,2848,4288,12212224,1.5056179775280898,2848,4288,0.13717255759475097,1675182,normal,True,False,False,False,False,False,0
ISIC_0012372,True,True,2000,3008,6016000,1.504,2000,3008,0.05157396941489362,310269,normal,True,False,False,False,False,False,0
ISIC_0012374,True,True,2000,3008,6016000,1.504,2000,3008,0.04188264627659574,251966,small,True,False,False,False,False,False,0
ISIC_0012376,True,True,2000,3008,6016000,1.504,2000,3008,0.009779753989361702,58835,very_tiny,True,False,False,False,False,False,0
ISIC_0012378,True,True,2000,3008,6016000,1.504,2000,3008,0.019561170212765957,117680,tiny,True,False,False,False,False,False,0
ISIC_0012379,True,True,2000,3008,6016000,1.504,2000,3008,0.47752742686170213,2872805,normal,True,False,False,False,False,False,0
ISIC_0012381,True,True,2000,3008,6016000,1.504,2000,3008,0.12332496675531915,741923,normal,True,False,False,False,False,False,0
ISIC_0012382,True,True,2000,3008,6016000,1.504,2000,3008,0.3989554521276596,2400116,normal,True,False,False,False,False,False,0
ISIC_0012384,True,True,2848,4288,12212224,1.5056179775280898,2848,4288,0.05352251973104981,653629,normal,True,False,False,False,False,False,0
ISIC_0012390,True,True,2000,3008,6016000,1.504,2000,3008,0.13104138962765957,788345,normal,True,False,False,False,False,False,0
ISIC_0012391,True,True,2000,3008,6016000,1.504,2000,3008,0.033498337765957446,201526,small,True,False,False,False,False,False,0
ISIC_0012395,True,True,2000,3008,6016000,1.504,2000,3008,0.10176695478723405,612230,normal,True,False,False,False,False,False,0
ISIC_0012400,True,True,2848,4288,12212224,1.5056179775280898,2848,4288,0.13666904570371458,1669033,normal,True,False,False,False,False,False,0
ISIC_0012406,True,True,2848,4288,12212224,1.5056179775280898,2848,4288,0.008244116714531275,100679,very_tiny,True,False,False,False,False,False,0
ISIC_0012413,True,True,2000,3008,6016000,1.504,2000,3008,0.04133194813829787,248653,small,True,False,False,False,False,False,0
ISIC_0012415,True,True,2000,3008,6016000,1.504,2000,3008,0.014807679521276595,89083,tiny,True,False,False,False,False,False,0
ISIC_0012417,True,True,2848,4288,12212224,1.5056179775280898,2848,4288,0.48607550926022974,5936063,normal,True,True,False,False,False,True,1
ISIC_0012425,True,True,2848,4288,12212224,1.5056179775280898,2848,4288,0.016969554439879256,207236,tiny,True,False,False,False,False,False,0
ISIC_0012432,True,True,2000,3008,6016000,1.504,2000,3008,0.1744609375,1049557,normal,True,False,False,False,False,False,0
ISIC_0012434,True,True,2000,3008,6016000,1.504,2000,3008,0.03751845079787234,225711,small,True,False,False,False,False,False,0
ISIC_0012435,True,True,2000,3008,6016000,1.504,2000,3008,0.0502265625,302163,normal,True,False,False,False,False,False,0
ISIC_0012442,True,True,2000,3008,6016000,1.504,2000,3008,0.07026429521276596,422710,normal,True,False,False,False,False,False,0
ISIC_0012445,True,True,2848,4288,12212224,1.5056179775280898,2848,4288,0.038737825313390914,473075,small,True,False,False,False,False,False,0
ISIC_0012447,True,True,2000,3008,6016000,1.504,2000,3008,0.15351645611702128,923555,normal,True,False,False,False,False,False,0
ISIC_0012448,True,True,2000,3008,6016000,1.504,2000,3008,0.01752593085106383,105436,tiny,True,False,False,False,False,False,0
ISIC_0012450,True,True,2848,4288,12212224,1.5056179775280898,2848,4288,0.03379097861290458,412663,small,True,False,False,False,False,False,0
ISIC_0012453,True,True,2848,4288,12212224,1.5056179775280898,2848,4288,0.03627070712099614,442946,small,True,False,False,False,False,False,0
ISIC_0012455,True,True,2000,3008,6016000,1.504,2000,3008,0.054423204787234045,327410,normal,True,False,False,False,False,False,0
ISIC_0012464,True,True,2848,4288,12212224,1.5056179775280898,2848,4288,0.02800235239707362,341971,small,True,False,False,False,False,False,0
ISIC_0012469,True,True,2848,4288,12212224,1.5056179775280898,2848,4288,0.23211472373909944,2834637,normal,True,False,False,False,False,False,0
ISIC_0012473,True,True,2848,4288,12212224,1.5056179775280898,2848,4288,0.15742898263248364,1922558,normal,True,False,False,False,False,False,0
ISIC_0012475,True,True,2848,4288,12212224,1.5056179775280898,2848,4288,0.11202341195182794,1368055,normal,True,False,False,False,False,False,0
ISIC_0012478,True,True,2848,4288,12212224,1.5056179775280898,2848,4288,0.1290990076827939,1576586,normal,True,False,False,False,False,False,0
ISIC_0012481,True,True,2848,4288,12212224,1.5056179775280898,2848,4288,0.007663632766644306,93590,very_tiny,True,False,False,False,False,False,0
ISIC_0012484,True,True,2848,4288,12212224,1.5056179775280898,2848,4288,0.11899986439816368,1453253,normal,True,False,False,False,False,False,0
ISIC_0012487,True,True,2000,3008,6016000,1.504,2000,3008,0.0484453125,291447,small,True,False,False,False,False,False,0
ISIC_0012489,True,True,2848,4288,12212224,1.5056179775280898,2848,4288,0.1307729042637934,1597028,normal,True,False,False,False,False,False,0
ISIC_0012493,True,True,2848,4288,12212224,1.5056179775280898,2848,4288,0.07269822433653363,887807,normal,True,False,False,False,False,False,0
ISIC_0012494,True,True,2848,4288,12212224,1.5056179775280898,2848,4288,0.08332536317709206,1017588,normal,True,False,False,False,False,False,0
ISIC_0012495,True,True,2848,4288,12212224,1.5056179775280898,2848,4288,0.025054895815864498,305976,small,True,False,False,False,False,False,0
ISIC_0012496,True,True,2848,4288,12212224,1.5056179775280898,2848,4288,0.05192690536957069,634143,normal,True,False,False,False,False,False,0
ISIC_0012503,True,True,2848,4288,12212224,1.5056179775280898,2848,4288,0.04697350785573537,573651,small,True,False,False,False,False,False,0
ISIC_0012506,True,True,2848,4288,12212224,1.5056179775280898,2848,4288,0.017521378579364415,213975,tiny,True,False,False,False,False,False,0
ISIC_0012508,True,True,2848,4288,12212224,1.5056179775280898,2848,4288,0.05639562458074795,688716,normal,True,False,False,False,False,False,0
ISIC_0012510,True,True,2848,4288,12212224,1.5056179775280898,2848,4288,0.9272833515009223,11324192,normal,True,True,False,False,False,True,1
ISIC_0012511,True,True,2848,4288,12212224,1.5056179775280898,2848,4288,0.05270964567960758,643702,normal,True,False,False,False,False,False,0
ISIC_0012512,True,True,2848,4288,12212224,1.5056179775280898,2848,4288,0.09691469792889486,1183544,normal,True,False,False,False,False,False,0
ISIC_0012516,True,True,2848,4288,12212224,1.5056179775280898,2848,4288,0.1175621246383951,1435695,normal,True,False,False,False,False,False,0
ISIC_0012517,True,True,2848,4288,12212224,1.5056179775280898,2848,4288,0.10729036742201911,1310254,normal,True,False,False,False,False,False,0
ISIC_0012518,True,True,2848,4288,12212224,1.5056179775280898,2848,4288,0.14729184463042932,1798761,normal,True,False,False,False,False,False,0
ISIC_0012520,True,True,2848,4288,12212224,1.5056179775280898,2848,4288,0.05097130547228744,622473,normal,True,False,False,False,False,False,0
ISIC_0012521,True,True,2848,4288,12212224,1.5056179775280898,2848,4288,0.06791400157743585,829381,normal,True,False,False,False,False,False,0
ISIC_0012523,True,True,2848,4288,12212224,1.5056179775280898,2848,4288,0.005851022712980044,71454,very_tiny,True,False,False,False,False,False,0
ISIC_0012526,True,True,2848,4288,12212224,1.5056179775280898,2848,4288,0.050588082891371795,617793,normal,True,False,False,False,False,False,0
ISIC_0012529,True,True,2848,4288,12212224,1.5056179775280898,2848,4288,0.022794701440130807,278374,small,True,False,False,False,False,False,0
ISIC_0012538,True,True,2848,4288,12212224,1.5056179775280898,2848,4288,0.022414181069721616,273727,small,True,False,False,False,False,False,0
ISIC_0012539,True,True,2848,4288,12212224,1.5056179775280898,2848,4288,0.019291572116593995,235593,tiny,True,False,False,False,False,False,0
ISIC_0012544,True,True,2848,4288,12212224,1.5056179775280898,2848,4288,0.005252196487715915,64141,very_tiny,True,False,False,False,False,False,0
ISIC_0012547,True,True,2848,4288,12212224,1.5056179775280898,2848,4288,0.04689407924387892,572681,small,True,False,False,False,False,False,0
ISIC_0012548,True,True,2848,4288,12212224,1.5056179775280898,2848,4288,0.26582496357747776,3246314,normal,True,False,False,False,False,False,0
ISIC_0012549,True,True,2848,4288,12212224,1.5056179775280898,2848,4288,0.0506413082498323,618443,normal,True,False,False,False,False,False,0
ISIC_0012550,True,True,2848,4288,12212224,1.5056179775280898,2848,4288,0.04285894199123763,523403,small,True,False,False,False,False,False,0
ISIC_0012551,True,True,2848,4288,12212224,1.5056179775280898,2848,4288,0.032265621724593324,394035,small,True,False,False,False,False,False,0
ISIC_0012653,True,True,1536,2304,3538944,1.5,1536,2304,0.042277018229166664,149616,small,True,False,False,False,False,False,0
ISIC_0012654,True,True,1536,2304,3538944,1.5,1536,2304,0.020721152976707177,73331,small,True,False,False,False,False,False,0
ISIC_0012655,True,True,1536,2304,3538944,1.5,1536,2304,0.0177001953125,62640,tiny,True,False,False,False,False,False,0
ISIC_0012656,True,True,1536,2304,3538944,1.5,1536,2304,0.08655039469401042,306297,normal,True,False,False,False,False,False,0
ISIC_0012657,True,True,1536,2304,3538944,1.5,1536,2304,0.025166829427083332,89064,small,True,False,False,False,False,False,0
ISIC_0012658,True,True,1536,2304,3538944,1.5,1536,2304,0.0989990234375,350352,normal,True,False,False,False,False,False,0
ISIC_0012659,True,True,1536,2304,3538944,1.5,1536,2304,0.0128173828125,45360,tiny,True,False,False,False,False,False,0
ISIC_0012660,True,True,1536,2304,3538944,1.5,1536,2304,0.05971866183810764,211341,normal,True,False,False,False,False,False,0
ISIC_0012661,True,True,1536,2304,3538944,1.5,1536,2304,0.10110982259114583,357822,normal,True,False,False,False,False,False,0
ISIC_0012662,True,True,2000,3008,6016000,1.504,2000,3008,0.008793218085106382,52900,very_tiny,True,False,False,False,False,False,0
ISIC_0012663,True,True,2000,3008,6016000,1.504,2000,3008,0.025702958776595744,154629,small,True,False,False,False,False,False,0
ISIC_0012664,True,True,2000,3008,6016000,1.504,2000,3008,0.07131532579787234,429033,normal,True,False,False,False,False,False,0
ISIC_0012665,True,True,2000,3008,6016000,1.504,2000,3008,0.010393284574468085,62526,tiny,True,False,False,False,False,False,0
ISIC_0012666,True,True,2000,3008,6016000,1.504,2000,3008,0.013433676861702128,80817,tiny,True,False,False,False,False,False,0
ISIC_0012669,True,True,2000,3008,6016000,1.504,2000,3008,0.02815309175531915,169369,small,True,False,False,False,False,False,0
ISIC_0012670,True,True,2000,3008,6016000,1.504,2000,3008,0.028225731382978722,169806,small,True,False,False,False,False,False,0
ISIC_0012671,True,True,2000,3008,6016000,1.504,2000,3008,0.12881449468085107,774948,normal,True,False,False,False,False,False,0
ISIC_0012672,True,True,2000,3008,6016000,1.504,2000,3008,0.07296077127659574,438932,normal,True,False,False,False,False,False,0
ISIC_0012673,True,True,2000,3008,6016000,1.504,2000,3008,0.0728344414893617,438172,normal,True,False,False,False,False,False,0
ISIC_0012674,True,True,2000,3008,6016000,1.504,2000,3008,0.08685422207446808,522515,normal,True,False,False,False,False,False,0
ISIC_0012675,True,True,2000,3008,6016000,1.504,2000,3008,0.02265126329787234,136270,small,True,False,False,False,False,False,0
ISIC_0012676,True,True,2000,3008,6016000,1.504,2000,3008,0.014843916223404256,89301,tiny,True,False,False,False,False,False,0
ISIC_0012677,True,True,2000,3008,6016000,1.504,2000,3008,0.010319148936170213,62080,tiny,True,False,False,False,False,False,0
ISIC_0012678,True,True,2000,3008,6016000,1.504,2000,3008,0.06642170877659574,399593,normal,True,False,False,False,False,False,0
ISIC_0012679,True,True,2000,3008,6016000,1.504,2000,3008,0.012162732712765958,73171,tiny,True,False,False,False,False,False,0
ISIC_0012680,True,True,2000,3008,6016000,1.504,2000,3008,0.044437666223404254,267337,small,True,False,False,False,False,False,0
ISIC_0012681,True,True,2000,3008,6016000,1.504,2000,3008,0.014839926861702128,89277,tiny,True,False,False,False,False,False,0
ISIC_0012682,True,True,2000,3008,6016000,1.504,2000,3008,0.0079921875,48081,very_tiny,True,False,False,False,False,False,0
ISIC_0012683,True,True,2000,3008,6016000,1.504,2000,3008,0.006227892287234043,37467,very_tiny,True,False,False,False,False,False,0
ISIC_0012684,True,True,2000,3008,6016000,1.504,2000,3008,0.14285039893617021,859388,normal,True,False,False,False,False,False,0
ISIC_0012685,True,True,2000,3008,6016000,1.504,2000,3008,0.0412109375,247925,small,True,False,False,False,False,False,0
ISIC_0012690,True,True,2000,3008,6016000,1.504,2000,3008,0.06549867021276595,394040,normal,True,False,False,False,False,False,0
ISIC_0012693,True,True,2000,3008,6016000,1.504,2000,3008,0.03786203457446809,227778,small,True,False,False,False,False,False,0
ISIC_0012697,True,True,2000,3008,6016000,1.504,2000,3008,0.0320405585106383,192756,small,True,False,False,False,False,False,0
ISIC_0012699,True,True,2000,3008,6016000,1.504,2000,3008,0.030027260638297873,180644,small,True,False,False,False,False,False,0
ISIC_0012700,True,True,2000,3008,6016000,1.504,2000,3008,0.0376796875,226681,small,True,False,False,False,False,False,0
ISIC_0012701,True,True,2000,3008,6016000,1.504,2000,3008,0.01837117686170213,110521,tiny,True,False,False,False,False,False,0
ISIC_0012702,True,True,2000,3008,6016000,1.504,2000,3008,0.011214760638297872,67468,tiny,True,False,False,False,False,False,0
ISIC_0012704,True,True,2000,3008,6016000,1.504,2000,3008,0.02674468085106383,160896,small,True,False,False,False,False,False,0
ISIC_0012705,True,True,2000,3008,6016000,1.504,2000,3008,0.014482878989361701,87129,tiny,True,False,False,False,False,False,0
ISIC_0012706,True,True,2000,3008,6016000,1.504,2000,3008,0.08198304521276596,493210,normal,True,False,False,False,False,False,0
ISIC_0012708,True,True,2000,3008,6016000,1.504,2000,3008,0.06566023936170212,395012,normal,True,False,False,False,False,False,0
ISIC_0012710,True,True,2000,3008,6016000,1.504,2000,3008,0.011782579787234043,70884,tiny,True,False,False,False,False,False,0
ISIC_0012711,True,True,2000,3008,6016000,1.504,2000,3008,0.01312250664893617,78945,tiny,True,False,False,False,False,False,0
ISIC_0012713,True,True,2000,3008,6016000,1.504,2000,3008,0.010225398936170213,61516,tiny,True,False,False,False,False,False,0
ISIC_0012715,True,True,2000,3008,6016000,1.504,2000,3008,0.2370487034574468,1426085,normal,True,False,False,False,False,False,0
ISIC_0012719,True,True,2000,3008,6016000,1.504,2000,3008,0.09194647606382979,553150,normal,True,False,False,False,False,False,0
ISIC_0012720,True,True,2000,3008,6016000,1.504,2000,3008,0.16296476063829787,980396,normal,True,False,False,False,False,False,0
ISIC_0012721,True,True,2000,3008,6016000,1.504,2000,3008,0.1200063164893617,721958,normal,True,False,False,False,False,False,0
ISIC_0012722,True,True,2000,3008,6016000,1.504,2000,3008,0.013274601063829787,79860,tiny,True,False,False,False,False,False,0
ISIC_0012725,True,True,2000,3008,6016000,1.504,2000,3008,0.026173371010638297,157459,small,True,False,False,False,False,False,0
ISIC_0012726,True,True,2000,3008,6016000,1.504,2000,3008,0.016114527925531915,96945,tiny,True,False,False,False,False,False,0
ISIC_0012735,True,True,2000,3008,6016000,1.504,2000,3008,0.02776811835106383,167053,small,True,False,False,False,False,False,0
ISIC_0012737,True,True,2000,3008,6016000,1.504,2000,3008,0.0609375,366600,normal,True,False,False,False,False,False,0
ISIC_0012739,True,True,2000,3008,6016000,1.504,2000,3008,0.013432180851063829,80808,tiny,True,False,False,False,False,False,0
ISIC_0012740,True,True,2000,3008,6016000,1.504,2000,3008,0.011308676861702128,68033,tiny,True,False,False,False,False,False,0
ISIC_0012741,True,True,2000,3008,6016000,1.504,2000,3008,0.03181748670212766,191414,small,True,False,False,False,False,False,0
ISIC_0012742,True,True,2000,3008,6016000,1.504,2000,3008,0.00701811835106383,42221,very_tiny,True,False,False,False,False,False,0
ISIC_0012744,True,True,2000,3008,6016000,1.504,2000,3008,0.011673204787234043,70226,tiny,True,False,False,False,False,False,0
ISIC_0012746,True,True,2000,3008,6016000,1.504,2000,3008,0.02080718085106383,125176,small,True,False,False,False,False,False,0
ISIC_0012749,True,True,2000,3008,6016000,1.504,2000,3008,0.6021909906914894,3622781,normal,True,False,False,False,False,False,0
ISIC_0012756,True,True,2592,3872,10036224,1.4938271604938271,2592,3872,0.23683259759845934,2376905,normal,True,False,False,False,False,False,0
ISIC_0012758,True,True,602,639,384678,1.0614617940199336,602,639,0.06481004892403516,24931,normal,True,False,False,False,False,False,0
ISIC_0012768,True,True,2000,3008,6016000,1.504,2000,3008,0.1908620345744681,1148226,normal,True,False,False,False,False,False,0
ISIC_0012770,True,True,2000,3008,6016000,1.504,2000,3008,0.022270777925531914,133981,small,True,False,False,False,False,False,0
ISIC_0012773,True,True,2000,3008,6016000,1.504,2000,3008,0.4317746010638298,2597556,normal,True,False,False,False,False,False,0
ISIC_0012777,True,True,2000,3008,6016000,1.504,2000,3008,0.010197972074468086,61351,tiny,True,False,False,False,False,False,0
ISIC_0012786,True,True,2592,3872,10036224,1.4938271604938271,2592,3872,0.21895814601188654,2197513,normal,True,False,False,False,False,False,0
ISIC_0012789,True,True,2000,3008,6016000,1.504,2000,3008,0.011897440159574469,71575,tiny,True,False,False,False,False,False,0
ISIC_0012792,True,True,2000,3008,6016000,1.504,2000,3008,0.09076695478723404,546054,normal,True,False,False,False,False,False,0
ISIC_0012793,True,True,2000,3008,6016000,1.504,2000,3008,0.007876329787234043,47384,very_tiny,True,False,False,False,False,False,0
ISIC_0012803,True,True,2000,3008,6016000,1.504,2000,3008,0.05055967420212766,304167,normal,True,False,False,False,False,False,0
ISIC_0012804,True,True,2000,3008,6016000,1.504,2000,3008,0.03611668882978723,217278,small,True,False,False,False,False,False,0
ISIC_0012806,True,True,2592,3872,10036224,1.4938271604938271,2592,3872,0.16908032343638404,1696928,normal,True,False,False,False,False,False,0
ISIC_0012810,True,True,2592,3872,10036224,1.4938271604938271,2592,3872,0.024110362622436488,241977,small,True,False,False,False,False,False,0
ISIC_0012813,True,True,2000,3008,6016000,1.504,2000,3008,0.4082026263297872,2455747,normal,True,False,False,False,False,False,0
ISIC_0012814,True,True,2000,3008,6016000,1.504,2000,3008,0.057312333776595746,344791,normal,True,False,False,False,False,False,0
ISIC_0012823,True,True,2592,3872,10036224,1.4938271604938271,2592,3872,0.012691426576369758,127374,tiny,True,False,False,False,False,False,0
ISIC_0012826,True,True,2592,3872,10036224,1.4938271604938271,2592,3872,0.12269524873099684,1231397,normal,True,False,False,False,False,False,0
ISIC_0012828,True,True,2592,3872,10036224,1.4938271604938271,2592,3872,0.20323270983190492,2039689,normal,True,False,False,False,False,False,0
ISIC_0012835,True,True,2000,3008,6016000,1.504,2000,3008,0.011463597074468085,68965,tiny,True,False,False,False,False,False,0
ISIC_0012836,True,True,2000,3008,6016000,1.504,2000,3008,0.017214760638297872,103564,tiny,True,False,False,False,False,False,0
ISIC_0012837,True,True,2592,3872,10036224,1.4938271604938271,2592,3872,0.7229878488164473,7256068,normal,True,True,True,False,True,True,3
ISIC_0012840,True,True,2592,3872,10036224,1.4938271604938271,2592,3872,0.09908377891924293,994427,normal,True,False,False,False,False,False,0
ISIC_0012844,True,True,2000,3008,6016000,1.504,2000,3008,0.07315508643617022,440101,normal,True,False,False,False,False,False,0
ISIC_0012852,True,True,2592,3872,10036224,1.4938271604938271,2592,3872,0.09423394695056626,945753,normal,True,False,False,False,False,False,0
ISIC_0012855,True,True,2000,3008,6016000,1.504,2000,3008,0.038941655585106386,234273,small,True,False,False,False,False,False,0
ISIC_0012856,True,True,2592,3872,10036224,1.4938271604938271,2592,3872,0.025094796608764413,251857,small,True,False,False,False,False,False,0
ISIC_0012865,True,True,2592,3872,10036224,1.4938271604938271,2592,3872,0.06071008379247016,609300,normal,True,False,False,False,False,False,0
ISIC_0012871,True,True,2592,3872,10036224,1.4938271604938271,2592,3872,0.05468670288746046,548848,normal,True,False,False,False,False,False,0
ISIC_0012873,True,True,2000,3008,6016000,1.504,2000,3008,0.011774767287234042,70837,tiny,True,False,False,False,False,False,0
ISIC_0012876,True,True,2592,3872,10036224,1.4938271604938271,2592,3872,0.011114239777828792,111545,tiny,True,False,False,False,False,False,0
ISIC_0012877,True,True,2592,3872,10036224,1.4938271604938271,2592,3872,0.08060441855422916,808964,normal,True,False,False,False,False,False,0
ISIC_0012878,True,True,2592,3872,10036224,1.4938271604938271,2592,3872,0.06192657716687073,621509,normal,True,False,False,False,False,False,0
ISIC_0012879,True,True,2000,3008,6016000,1.504,2000,3008,0.028867021276595746,173664,small,True,False,False,False,False,False,0
ISIC_0012880,True,True,2000,3008,6016000,1.504,2000,3008,0.07789876994680851,468639,normal,True,False,False,False,False,False,0
ISIC_0012883,True,True,2592,3872,10036224,1.4938271604938271,2592,3872,0.030801225640240792,309128,small,True,False,False,False,False,False,0
ISIC_0012884,True,True,2000,3008,6016000,1.504,2000,3008,0.08906648936170213,535824,normal,True,False,False,False,False,False,0
ISIC_0012887,True,True,2000,3008,6016000,1.504,2000,3008,0.019459607712765958,117069,tiny,True,False,False,False,False,False,0
ISIC_0012888,True,True,2000,3008,6016000,1.504,2000,3008,0.04763946143617021,286599,small,True,False,False,False,False,False,0
ISIC_0012889,True,True,2000,3008,6016000,1.504,2000,3008,0.08264860372340425,497214,normal,True,False,False,False,False,False,0
ISIC_0012891,True,True,2000,3008,6016000,1.504,2000,3008,0.040229222074468086,242019,small,True,False,False,False,False,False,0
ISIC_0012897,True,True,2000,3008,6016000,1.504,2000,3008,0.010993351063829787,66136,tiny,True,False,False,False,False,False,0
ISIC_0012898,True,True,2592,3872,10036224,1.4938271604938271,2592,3872,0.03186566979772472,319811,small,True,False,False,False,False,False,0
ISIC_0012901,True,True,2000,3008,6016000,1.504,2000,3008,0.04073055186170213,245035,small,True,False,False,False,False,False,0
ISIC_0012902,True,True,2592,3872,10036224,1.4938271604938271,2592,3872,0.15990595666258545,1604852,normal,True,False,False,False,False,False,0
ISIC_0012903,True,True,2592,3872,10036224,1.4938271604938271,2592,3872,0.03584356028721559,359734,small,True,False,False,False,False,False,0
ISIC_0012904,True,True,2592,3872,10036224,1.4938271604938271,2592,3872,0.10756794587287012,1079576,normal,True,False,False,False,False,False,0
ISIC_0012905,True,True,2592,3872,10036224,1.4938271604938271,2592,3872,0.03746697961304969,376027,small,True,False,False,False,False,False,0
ISIC_0012907,True,True,2592,3872,10036224,1.4938271604938271,2592,3872,0.03868765782828283,388278,small,True,False,False,False,False,False,0
ISIC_0012911,True,True,2000,3008,6016000,1.504,2000,3008,0.023133311170212768,139170,small,True,False,False,False,False,False,0
ISIC_0012930,True,True,2000,3008,6016000,1.504,2000,3008,0.0541108710106383,325531,normal,True,False,False,False,False,False,0
ISIC_0012932,True,True,2000,3008,6016000,1.504,2000,3008,0.17521658909574467,1054103,normal,True,False,False,False,False,False,0
ISIC_0012939,True,True,2592,3872,10036224,1.4938271604938271,2592,3872,0.01593089193704724,159886,tiny,True,False,False,False,False,False,0
ISIC_0012940,True,True,2592,3872,10036224,1.4938271604938271,2592,3872,0.03224081088664422,323576,small,True,False,False,False,False,False,0
ISIC_0012941,True,True,2592,3872,10036224,1.4938271604938271,2592,3872,0.09657267514156719,969225,normal,True,False,False,False,False,False,0
ISIC_0012944,True,True,2592,3872,10036224,1.4938271604938271,2592,3872,0.06893598628328743,691857,normal,True,False,False,False,False,False,0
ISIC_0012945,True,True,2000,3008,6016000,1.504,2000,3008,0.005794547872340425,34860,very_tiny,True,False,False,False,False,False,0
ISIC_0012949,True,True,2000,3008,6016000,1.504,2000,3008,0.01690874335106383,101723,tiny,True,False,False,False,False,False,0
ISIC_0012950,True,True,2592,3872,10036224,1.4938271604938271,2592,3872,0.06906651346163657,693167,normal,True,False,False,False,False,False,0
ISIC_0012956,True,True,2592,3872,10036224,1.4938271604938271,2592,3872,0.019542309936486073,196131,tiny,True,False,False,False,False,False,0
ISIC_0012957,True,True,2592,3872,10036224,1.4938271604938271,2592,3872,0.024633168809305172,247224,small,True,False,False,False,False,False,0
ISIC_0012961,True,True,2000,3008,6016000,1.504,2000,3008,0.06862882313829788,412871,normal,True,False,False,False,False,False,0
ISIC_0012965,True,True,2000,3008,6016000,1.504,2000,3008,0.008537732712765957,51363,very_tiny,True,False,False,False,False,False,0
ISIC_0012966,True,True,2592,3872,10036224,1.4938271604938271,2592,3872,0.011961271490154066,120046,tiny,True,False,False,False,False,False,0
ISIC_0012969,True,True,2000,3008,6016000,1.504,2000,3008,0.02394880319148936,144076,small,True,False,False,False,False,False,0
ISIC_0012976,True,True,2592,3872,10036224,1.4938271604938271,2592,3872,0.010813030876951332,108522,tiny,True,False,False,False,False,False,0
ISIC_0012981,True,True,2592,3872,10036224,1.4938271604938271,2592,3872,0.02005804174956637,201307,small,True,False,False,False,False,False,0
ISIC_0012986,True,True,2592,3872,10036224,1.4938271604938271,2592,3872,0.057499115205081115,577074,normal,True,False,False,False,False,False,0
ISIC_0012987,True,True,2592,3872,10036224,1.4938271604938271,2592,3872,0.024713976093000713,248035,small,True,False,False,False,False,False,0
ISIC_0012988,True,True,2000,3008,6016000,1.504,2000,3008,0.028626163563829788,172215,small,True,False,False,False,False,False,0
ISIC_0012989,True,True,2000,3008,6016000,1.504,2000,3008,0.03612034574468085,217300,small,True,False,False,False,False,False,0
ISIC_0012990,True,True,2000,3008,6016000,1.504,2000,3008,0.028077958776595746,168917,small,True,False,False,False,False,False,0
ISIC_0012999,True,True,2592,3872,10036224,1.4938271604938271,2592,3872,0.3837249945796347,3851150,normal,True,False,False,False,False,False,0
ISIC_0013000,True,True,2592,3872,10036224,1.4938271604938271,2592,3872,0.01284058626033058,128871,tiny,True,False,False,False,False,False,0
ISIC_0013001,True,True,2592,3872,10036224,1.4938271604938271,2592,3872,0.014111980760891745,141631,tiny,True,False,False,False,False,False,0
ISIC_0013007,True,True,2000,3008,6016000,1.504,2000,3008,0.1329077460106383,799573,normal,True,False,False,False,False,False,0
ISIC_0013010,True,True,2000,3008,6016000,1.504,2000,3008,0.020146941489361702,121204,small,True,False,False,False,False,False,0
ISIC_0013012,True,True,2000,3008,6016000,1.504,2000,3008,0.05064561170212766,304684,normal,True,False,False,False,False,False,0
ISIC_0013015,True,True,2000,3008,6016000,1.504,2000,3008,0.06281399601063829,377889,normal,True,False,False,False,False,False,0
ISIC_0013023,True,True,2000,3008,6016000,1.504,2000,3008,0.03297273936170213,198364,small,True,False,False,False,False,False,0
ISIC_0013024,True,True,2000,3008,6016000,1.504,2000,3008,0.13743617021276597,826816,normal,True,False,False,False,False,False,0
ISIC_0013025,True,True,2592,3872,10036224,1.4938271604938271,2592,3872,0.01251197661590654,125573,tiny,True,False,False,False,False,False,0
ISIC_0013026,True,True,2592,3872,10036224,1.4938271604938271,2592,3872,0.006960585973370064,69858,very_tiny,True,False,False,False,False,False,0
ISIC_0013027,True,True,2592,3872,10036224,1.4938271604938271,2592,3872,0.004795030481583512,48124,very_tiny,True,False,False,False,False,False,0
ISIC_0013031,True,True,2000,3008,6016000,1.504,2000,3008,0.05568367686170213,334993,normal,True,False,False,False,False,False,0
ISIC_0013032,True,True,2000,3008,6016000,1.504,2000,3008,0.04932413563829787,296734,small,True,False,False,False,False,False,0
ISIC_0013034,True,True,2000,3008,6016000,1.504,2000,3008,0.07515724734042553,452146,normal,True,False,False,False,False,False,0
ISIC_0013035,True,True,2000,3008,6016000,1.504,2000,3008,0.06492320478723404,390578,normal,True,False,False,False,False,False,0
ISIC_0013037,True,True,2592,3872,10036224,1.4938271604938271,2592,3872,0.030583414638812367,306942,small,True,False,False,False,False,False,0
ISIC_0013039,True,True,2592,3872,10036224,1.4938271604938271,2592,3872,0.03550478745791246,356334,small,True,False,False,False,False,False,0
ISIC_0013044,True,True,2592,3872,10036224,1.4938271604938271,2592,3872,0.018412901107029894,184796,tiny,True,False,False,False,False,False,0
ISIC_0013045,True,True,2592,3872,10036224,1.4938271604938271,2592,3872,0.037050388672074275,371846,small,True,False,False,False,False,False,0
ISIC_0013047,True,True,2000,3008,6016000,1.504,2000,3008,0.09674983377659574,582047,normal,True,False,False,False,False,False,0
ISIC_0013048,True,True,2592,3872,10036224,1.4938271604938271,2592,3872,0.03569031540148965,358196,small,True,False,False,False,False,False,0
ISIC_0013052,True,True,2000,3008,6016000,1.504,2000,3008,0.24850548537234043,1495009,normal,True,False,False,False,False,False,0
ISIC_0013053,True,True,2592,3872,10036224,1.4938271604938271,2592,3872,0.02115526716023875,212319,small,True,False,False,False,False,False,0
ISIC_0013054,True,True,2592,3872,10036224,1.4938271604938271,2592,3872,0.01110078850372411,111410,tiny,True,False,False,False,False,False,0
ISIC_0013055,True,True,2592,3872,10036224,1.4938271604938271,2592,3872,0.005373036711815121,53925,very_tiny,True,False,False,False,False,False,0
ISIC_0013056,True,True,2000,3008,6016000,1.504,2000,3008,0.05086502659574468,306004,normal,True,False,False,False,False,False,0
ISIC_0013063,True,True,2592,3872,10036224,1.4938271604938271,2592,3872,0.16871006466176922,1693212,normal,True,False,False,False,False,False,0
ISIC_0013065,True,True,2592,3872,10036224,1.4938271604938271,2592,3872,0.014185414753596571,142368,tiny,True,False,False,False,False,False,0
ISIC_0013070,True,True,2592,3872,10036224,1.4938271604938271,2592,3872,0.040918775826446284,410670,small,True,False,False,False,False,False,0
ISIC_0013071,True,True,2592,3872,10036224,1.4938271604938271,2592,3872,0.03887916411590654,390200,small,True,False,False,False,False,False,0
ISIC_0013072,True,True,2000,3008,6016000,1.504,2000,3008,0.252656914893617,1519984,normal,True,False,False,False,False,False,0
ISIC_0013073,True,True,2000,3008,6016000,1.504,2000,3008,0.553067652925532,3327255,normal,True,False,False,False,False,False,0
ISIC_0013075,True,True,2592,3872,10036224,1.4938271604938271,2592,3872,0.05737297214569942,575808,normal,True,False,False,False,False,False,0
ISIC_0013079,True,True,2000,3008,6016000,1.504,2000,3008,0.10213264627659574,614430,normal,True,False,False,False,False,False,0
ISIC_0013082,True,True,2592,3872,10036224,1.4938271604938271,2592,3872,0.02539162139067442,254836,small,True,False,False,False,False,False,0
ISIC_0013084,True,True,2000,3008,6016000,1.504,2000,3008,0.2693464095744681,1620388,normal,True,False,False,False,False,False,0
ISIC_0013086,True,True,2000,3008,6016000,1.504,2000,3008,0.0502436835106383,302266,normal,True,False,False,False,False,False,0
ISIC_0013087,True,True,2000,3008,6016000,1.504,2000,3008,0.054405751329787234,327305,normal,True,False,False,False,False,False,0
ISIC_0013089,True,True,2592,3872,10036224,1.4938271604938271,2592,3872,0.03719775485282114,373325,small,True,False,False,False,False,False,0
ISIC_0013090,True,True,2000,3008,6016000,1.504,2000,3008,0.016788896276595744,101002,tiny,True,False,False,False,False,False,0
ISIC_0013094,True,True,2000,3008,6016000,1.504,2000,3008,0.015100897606382979,90847,tiny,True,False,False,False,False,False,0
ISIC_0013096,True,True,2000,3008,6016000,1.504,2000,3008,0.100046875,601882,normal,True,False,False,False,False,False,0
ISIC_0013104,True,True,2592,3872,10036224,1.4938271604938271,2592,3872,0.08648142966916642,867947,normal,True,False,False,False,False,False,0
ISIC_0013106,True,True,2000,3008,6016000,1.504,2000,3008,0.03722905585106383,223970,small,True,False,False,False,False,False,0
ISIC_0013109,True,True,2000,3008,6016000,1.504,2000,3008,0.01958194813829787,117805,tiny,True,False,False,False,False,False,0
ISIC_0013112,True,True,2000,3008,6016000,1.504,2000,3008,0.08149484707446808,490273,normal,True,False,False,False,False,False,0
ISIC_0013114,True,True,2000,3008,6016000,1.504,2000,3008,0.1316499335106383,792006,normal,True,False,False,False,False,False,0
ISIC_0013118,True,True,2000,3008,6016000,1.504,2000,3008,0.031080618351063828,186981,small,True,False,False,False,False,False,0
ISIC_0013120,True,True,2592,3872,10036224,1.4938271604938271,2592,3872,0.024334650163248647,244228,small,True,False,False,False,False,False,0
ISIC_0013121,True,True,2000,3008,6016000,1.504,2000,3008,0.02454936835106383,147689,small,True,False,False,False,False,False,0
ISIC_0013124,True,True,2592,3872,10036224,1.4938271604938271,2592,3872,0.035803903938373634,359336,small,True,False,False,False,False,False,0
ISIC_0013126,True,True,2592,3872,10036224,1.4938271604938271,2592,3872,0.01817884893760841,182447,tiny,True,False,False,False,False,False,0
ISIC_0013128,True,True,2592,3872,10036224,1.4938271604938271,2592,3872,0.0469197379412815,470897,small,True,False,False,False,False,False,0
ISIC_0013129,True,True,2000,3008,6016000,1.504,2000,3008,0.059437666223404254,357577,normal,True,False,False,False,False,False,0
ISIC_0013134,True,True,2592,3872,10036224,1.4938271604938271,2592,3872,0.0370722096278441,372065,small,True,False,False,False,False,False,0
ISIC_0013136,True,True,2000,3008,6016000,1.504,2000,3008,0.04205069813829787,252977,small,True,False,False,False,False,False,0
ISIC_0013140,True,True,2592,3872,10036224,1.4938271604938271,2592,3872,0.025676389845423937,257694,small,True,False,False,False,False,False,0
ISIC_0013141,True,True,2000,3008,6016000,1.504,2000,3008,0.07368666888297873,443299,normal,True,False,False,False,False,False,0
ISIC_0013146,True,True,2000,3008,6016000,1.504,2000,3008,0.15288597074468085,919762,normal,True,False,False,False,False,False,0
ISIC_0013147,True,True,2000,3008,6016000,1.504,2000,3008,0.039682347074468084,238729,small,True,False,False,False,False,False,0
ISIC_0013150,True,True,2000,3008,6016000,1.504,2000,3008,0.061687666223404256,371113,normal,True,False,False,False,False,False,0
ISIC_0013155,True,True,2000,3008,6016000,1.504,2000,3008,0.004209275265957447,25323,very_tiny,True,False,False,False,False,False,0
ISIC_0013159,True,True,2592,3872,10036224,1.4938271604938271,2592,3872,0.1058741813654219,1062577,normal,True,False,False,False,False,False,0
ISIC_0013160,True,True,2000,3008,6016000,1.504,2000,3008,0.15635588430851063,940637,normal,True,False,False,False,False,False,0
ISIC_0013163,True,True,2000,3008,6016000,1.504,2000,3008,0.01737965425531915,104556,tiny,True,False,False,False,False,False,0
ISIC_0013164,True,True,2000,3008,6016000,1.504,2000,3008,0.010928025265957446,65743,tiny,True,False,False,False,False,False,0
ISIC_0013165,True,True,2592,3872,10036224,1.4938271604938271,2592,3872,0.06911523696561575,693656,normal,True,False,False,False,False,False,0
ISIC_0013166,True,True,2000,3008,6016000,1.504,2000,3008,0.12264345079787234,737823,normal,True,False,False,False,False,False,0
ISIC_0013167,True,True,2592,3872,10036224,1.4938271604938271,2592,3872,0.11455663006325885,1149716,normal,True,False,False,False,False,False,0
ISIC_0013169,True,True,2000,3008,6016000,1.504,2000,3008,0.6372333776595744,3833596,normal,True,True,False,False,False,True,1
ISIC_0013170,True,True,2000,3008,6016000,1.504,2000,3008,0.4294597739361702,2583630,normal,True,False,False,False,False,False,0
ISIC_0013172,True,True,2000,3008,6016000,1.504,2000,3008,0.024844747340425532,149466,small,True,False,False,False,False,False,0
ISIC_0013173,True,True,2592,3872,10036224,1.4938271604938271,2592,3872,0.007889022803795531,79176,very_tiny,True,False,False,False,False,False,0
ISIC_0013176,True,True,2000,3008,6016000,1.504,2000,3008,0.04709375,283316,small,True,False,False,False,False,False,0
ISIC_0013177,True,True,2000,3008,6016000,1.504,2000,3008,0.16233161569148935,976587,normal,True,False,False,False,False,False,0
ISIC_0013178,True,True,2000,3008,6016000,1.504,2000,3008,0.2506929853723404,1508169,normal,True,False,False,False,False,False,0
ISIC_0013181,True,True,2000,3008,6016000,1.504,2000,3008,0.01701313164893617,102351,tiny,True,False,False,False,False,False,0
ISIC_0013184,True,True,2592,3872,10036224,1.4938271604938271,2592,3872,0.23773722069176614,2385984,normal,True,False,False,False,False,False,0
ISIC_0013187,True,True,2000,3008,6016000,1.504,2000,3008,0.09982164228723404,600527,normal,True,False,False,False,False,False,0
ISIC_0013189,True,True,2592,3872,10036224,1.4938271604938271,2592,3872,0.12498993645418835,1254427,normal,True,False,False,False,False,False,0
ISIC_0013190,True,True,2592,3872,10036224,1.4938271604938271,2592,3872,0.06748922702402817,677337,normal,True,False,False,False,False,False,0
ISIC_0013191,True,True,2000,3008,6016000,1.504,2000,3008,0.11640292553191489,700280,normal,True,False,False,False,False,False,0
ISIC_0013192,True,True,2000,3008,6016000,1.504,2000,3008,0.012633976063829787,76006,tiny,True,False,False,False,False,False,0
ISIC_0013193,True,True,2000,3008,6016000,1.504,2000,3008,0.11669564494680851,702041,normal,True,False,False,False,False,False,0
ISIC_0013196,True,True,2000,3008,6016000,1.504,2000,3008,0.0029767287234042554,17908,very_tiny,True,False,False,False,False,False,0
ISIC_0013197,True,True,2000,3008,6016000,1.504,2000,3008,0.004635472074468085,27887,very_tiny,True,False,False,False,False,False,0
ISIC_0013198,True,True,2000,3008,6016000,1.504,2000,3008,0.1586559175531915,954474,normal,True,False,False,False,False,False,0
ISIC_0013200,True,True,2000,3008,6016000,1.504,2000,3008,0.03931499335106383,236519,small,True,False,False,False,False,False,0
ISIC_0013201,True,True,2000,3008,6016000,1.504,2000,3008,0.019690159574468086,118456,tiny,True,False,False,False,False,False,0
ISIC_0013203,True,True,2000,3008,6016000,1.504,2000,3008,0.26093550531914894,1569788,normal,True,False,False,False,False,False,0
ISIC_0013204,True,True,2000,3008,6016000,1.504,2000,3008,0.03467087765957447,208580,small,True,False,False,False,False,False,0
ISIC_0013205,True,True,2000,3008,6016000,1.504,2000,3008,0.0323091755319149,194372,small,True,False,False,False,False,False,0
ISIC_0013207,True,True,2000,3008,6016000,1.504,2000,3008,0.04280917553191489,257540,small,True,False,False,False,False,False,0
ISIC_0013208,True,True,2000,3008,6016000,1.504,2000,3008,0.00775249335106383,46639,very_tiny,True,False,False,False,False,False,0
ISIC_0013212,True,True,2000,3008,6016000,1.504,2000,3008,0.01842121010638298,110822,tiny,True,False,False,False,False,False,0
ISIC_0013213,True,True,2000,3008,6016000,1.504,2000,3008,0.05441539228723404,327363,normal,True,False,False,False,False,False,0
ISIC_0013216,True,True,2592,3872,10036224,1.4938271604938271,2592,3872,0.04871363971150903,488901,small,True,False,False,False,False,False,0
ISIC_0013217,True,True,2592,3872,10036224,1.4938271604938271,2592,3872,0.009225880171666156,92593,very_tiny,True,False,False,False,False,False,0
ISIC_0013219,True,True,2000,3008,6016000,1.504,2000,3008,0.015011801861702128,90311,tiny,True,False,False,False,False,False,0
ISIC_0013220,True,True,2000,3008,6016000,1.504,2000,3008,0.07056366356382979,424511,normal,True,False,False,False,False,False,0
ISIC_0013222,True,True,2592,3872,10036224,1.4938271604938271,2592,3872,0.0429365665812162,430921,small,True,False,False,False,False,False,0
ISIC_0013223,True,True,2000,3008,6016000,1.504,2000,3008,0.11059940159574468,665366,normal,True,False,False,False,False,False,0
ISIC_0013224,True,True,2592,3872,10036224,1.4938271604938271,2592,3872,0.0252052963345577,252966,small,True,False,False,False,False,False,0
ISIC_0013226,True,True,2592,3872,10036224,1.4938271604938271,2592,3872,0.025661942180644833,257549,small,True,False,False,False,False,False,0
ISIC_0013227,True,True,2592,3872,10036224,1.4938271604938271,2592,3872,0.02494503909039894,250354,small,True,False,False,False,False,False,0
ISIC_0013229,True,True,2848,4288,12212224,1.5056179775280898,2848,4288,0.05411856186064062,660908,normal,True,False,False,False,False,False,0
ISIC_0013230,True,True,2000,3008,6016000,1.504,2000,3008,0.035065990691489364,210957,small,True,False,False,False,False,False,0
ISIC_0013232,True,True,2000,3008,6016000,1.504,2000,3008,0.07778523936170213,467956,normal,True,False,False,False,False,False,0
ISIC_0013233,True,True,2000,3008,6016000,1.504,2000,3008,0.00892220744680851,53676,very_tiny,True,False,False,False,False,False,0
ISIC_0013235,True,True,2000,3008,6016000,1.504,2000,3008,0.06066655585106383,364970,normal,True,False,False,False,False,False,0
ISIC_0013238,True,True,2592,3872,10036224,1.4938271604938271,2592,3872,0.054850609153402716,550493,normal,True,False,False,False,False,False,0
ISIC_0013242,True,True,2592,3872,10036224,1.4938271604938271,2592,3872,0.10165496505458627,1020232,normal,True,False,False,False,False,False,0
ISIC_0013244,True,True,2000,3008,6016000,1.504,2000,3008,0.09683726728723405,582573,normal,True,False,False,False,False,False,0
ISIC_0013248,True,True,2000,3008,6016000,1.504,2000,3008,0.024671708776595743,148425,small,True,False,False,False,False,False,0
ISIC_0013249,True,True,2592,3872,10036224,1.4938271604938271,2592,3872,0.029703203117028874,298108,small,True,False,False,False,False,False,0
ISIC_0013257,True,True,2848,4288,12212224,1.5056179775280898,2848,4288,0.03755523973356532,458633,small,True,False,False,False,False,False,0
ISIC_0013258,True,True,2000,3008,6016000,1.504,2000,3008,0.04211851728723404,253385,small,True,False,False,False,False,False,0
ISIC_0013269,True,True,2848,4288,12212224,1.5056179775280898,2848,4288,0.02802454327729331,342242,small,True,False,False,False,False,False,0
ISIC_0013271,True,True,2848,4288,12212224,1.5056179775280898,2848,4288,0.03657482863072279,446660,small,True,False,False,False,False,False,0
ISIC_0013274,True,True,2848,4288,12212224,1.5056179775280898,2848,4288,0.03468794873071441,423617,small,True,False,False,False,False,False,0
ISIC_0013275,True,True,2848,4288,12212224,1.5056179775280898,2848,4288,0.016013545116761698,195561,tiny,True,False,False,False,False,False,0
ISIC_0013277,True,True,2000,3008,6016000,1.504,2000,3008,0.2870925864361702,1727149,normal,True,False,False,False,False,False,0
ISIC_0013287,True,True,2848,4288,12212224,1.5056179775280898,2848,4288,0.034693516922061046,423685,small,True,False,False,False,False,False,0
ISIC_0013288,True,True,2848,4288,12212224,1.5056179775280898,2848,4288,0.036405244450150934,444589,small,True,False,False,False,False,False,0
ISIC_0013291,True,True,2848,4288,12212224,1.5056179775280898,2848,4288,0.05443881474823914,664819,normal,True,False,False,False,False,False,0
ISIC_0013294,True,True,2848,4288,12212224,1.5056179775280898,2848,4288,0.037498984623930906,457946,small,True,False,False,False,False,False,0
ISIC_0013302,True,True,2848,4288,12212224,1.5056179775280898,2848,4288,0.008511963095337917,103950,very_tiny,True,False,False,False,False,False,0
ISIC_0013304,True,True,2848,4288,12212224,1.5056179775280898,2848,4288,0.06780509430550898,828051,normal,True,False,False,False,False,False,0
ISIC_0013306,True,True,2848,4288,12212224,1.5056179775280898,2848,4288,0.024111742463944322,294458,small,True,False,False,False,False,False,0
ISIC_0013310,True,True,2848,4288,12212224,1.5056179775280898,2848,4288,0.23743169139380346,2899569,normal,True,False,False,False,False,False,0
ISIC_0013311,True,True,2848,4288,12212224,1.5056179775280898,2848,4288,0.03480504451932752,425047,small,True,False,False,False,False,False,0
ISIC_0013314,True,True,2848,4288,12212224,1.5056179775280898,2848,4288,0.04158980379003857,507904,small,True,False,False,False,False,False,0
ISIC_0013315,True,True,2848,4288,12212224,1.5056179775280898,2848,4288,0.12434180702876069,1518490,normal,True,False,False,False,False,False,0
ISIC_0013319,True,True,2848,4288,12212224,1.5056179775280898,2848,4288,0.06656207747253899,812871,normal,True,False,False,False,False,False,0
ISIC_0013320,True,True,2848,4288,12212224,1.5056179775280898,2848,4288,0.08415797155374811,1027756,normal,True,False,False,False,False,False,0
ISIC_0013321,True,True,2848,4288,12212224,1.5056179775280898,2848,4288,0.5309479256194449,6484055,normal,True,False,False,False,False,False,0
ISIC_0013325,True,True,2848,4288,12212224,1.5056179775280898,2848,4288,0.03728878540059534,455379,small,True,False,False,False,False,False,0
ISIC_0013326,True,True,2848,4288,12212224,1.5056179775280898,2848,4288,0.034507391937782995,421412,small,True,False,False,False,False,False,0
ISIC_0013329,True,True,2848,4288,12212224,1.5056179775280898,2848,4288,0.023082609686818717,281890,small,True,False,False,False,False,False,0
ISIC_0013330,True,True,2848,4288,12212224,1.5056179775280898,2848,4288,0.016237582933297,198297,tiny,True,False,False,False,False,False,0
ISIC_0013333,True,True,2848,4288,12212224,1.5056179775280898,2848,4288,0.029493481285636426,360181,small,True,False,False,False,False,False,0
ISIC_0013334,True,True,2848,4288,12212224,1.5056179775280898,2848,4288,0.25810270103136007,3152008,normal,True,False,False,False,False,False,0
ISIC_0013335,True,True,2848,4288,12212224,1.5056179775280898,2848,4288,0.1393455442677763,1701719,normal,True,False,False,False,False,False,0
ISIC_0013340,True,True,2848,4288,12212224,1.5056179775280898,2848,4288,0.01636589698977025,199864,tiny,True,False,False,False,False,False,0
ISIC_0013341,True,True,2848,4288,12212224,1.5056179775280898,2848,4288,0.3594742448222371,4389980,normal,True,False,False,False,False,False,0
ISIC_0013342,True,True,2848,4288,12212224,1.5056179775280898,2848,4288,0.02358554838168707,288032,small,True,False,False,False,False,False,0
ISIC_0013346,True,True,2848,4288,12212224,1.5056179775280898,2848,4288,0.14068788780815025,1718112,normal,True,False,False,False,False,False,0
ISIC_0013355,True,True,2848,4288,12212224,1.5056179775280898,2848,4288,0.004272849892042596,52181,very_tiny,True,False,False,False,False,False,0
ISIC_0013356,True,True,2848,4288,12212224,1.5056179775280898,2848,4288,0.016605574873176255,202791,tiny,True,False,False,False,False,False,0
ISIC_0013359,True,True,2848,4288,12212224,1.5056179775280898,2848,4288,0.29065262805529934,3549515,normal,True,False,False,False,False,False,0
ISIC_0013360,True,True,2848,4288,12212224,1.5056179775280898,2848,4288,0.020718093608502432,253014,small,True,False,False,False,False,False,0
ISIC_0013364,True,True,2848,4288,12212224,1.5056179775280898,2848,4288,0.026444077671683715,322941,small,True,False,False,False,False,False,0
ISIC_0013365,True,True,2848,4288,12212224,1.5056179775280898,2848,4288,0.0957376805404159,1169170,normal,True,False,False,False,False,False,0
ISIC_0013369,True,True,2848,4288,12212224,1.5056179775280898,2848,4288,0.007586906365294315,92653,very_tiny,True,False,False,False,False,False,0
ISIC_0013371,True,True,2848,4288,12212224,1.5056179775280898,2848,4288,0.07798694160867013,952394,normal,True,False,False,False,False,False,0
ISIC_0013374,True,True,2848,4288,12212224,1.5056179775280898,2848,4288,0.5558012201544944,6787569,normal,True,False,False,False,False,False,0
ISIC_0013378,True,True,2848,4288,12212224,1.5056179775280898,2848,4288,0.03279869416086701,400545,small,True,False,False,False,False,False,0
ISIC_0013383,True,True,2848,4288,12212224,1.5056179775280898,2848,4288,0.030425989565864498,371569,small,True,False,False,False,False,False,0
ISIC_0013385,True,True,2848,4288,12212224,1.5056179775280898,2848,4288,0.06916569823809324,844667,normal,True,False,False,False,False,False,0
ISIC_0013390,True,True,2848,4288,12212224,1.5056179775280898,2848,4288,0.05808516122861815,709349,normal,True,False,False,False,False,False,0
ISIC_0013393,True,True,2848,4288,12212224,1.5056179775280898,2848,4288,0.28027785929901056,3422816,normal,True,False,False,False,False,False,0
ISIC_0013394,True,True,2848,4288,12212224,1.5056179775280898,2848,4288,0.027119630298297837,331191,small,True,False,False,False,False,False,0
ISIC_0013395,True,True,2848,4288,12212224,1.5056179775280898,2848,4288,0.031370698735955056,383106,small,True,False,False,False,False,False,0
ISIC_0013397,True,True,2848,4288,12212224,1.5056179775280898,2848,4288,0.08727124559785343,1065776,normal,True,False,False,False,False,False,0
ISIC_0013398,True,True,2848,4288,12212224,1.5056179775280898,2848,4288,0.00945192292575046,115429,very_tiny,True,False,False,False,False,False,0
ISIC_0013399,True,True,2848,4288,12212224,1.5056179775280898,2848,4288,0.050660633149211806,618679,normal,True,False,False,False,False,False,0
ISIC_0013400,True,True,2848,4288,12212224,1.5056179775280898,2848,4288,0.15763844488931747,1925116,normal,True,False,False,False,False,False,0
ISIC_0013403,True,True,2848,4288,12212224,1.5056179775280898,2848,4288,0.037333249046201576,455922,small,True,False,False,False,False,False,0
ISIC_0013405,True,True,2848,4288,12212224,1.5056179775280898,2848,4288,0.050764463540793225,619947,normal,True,False,False,False,False,False,0
ISIC_0013410,True,True,2848,4288,12212224,1.5056179775280898,2848,4288,0.04962830685057857,606072,small,True,False,False,False,False,False,0
ISIC_0013411,True,True,2848,4288,12212224,1.5056179775280898,2848,4288,0.3528604617799346,4309211,normal,True,False,False,False,False,False,0
ISIC_0013414,True,True,2848,4288,12212224,1.5056179775280898,2848,4288,0.022807311755827602,278528,small,True,False,False,False,False,False,0
ISIC_0013416,True,True,2848,4288,12212224,1.5056179775280898,2848,4288,0.013427120236248532,163975,tiny,True,False,False,False,False,False,0
ISIC_0013417,True,True,2848,4288,12212224,1.5056179775280898,2848,4288,0.01393972138080664,170235,tiny,True,False,False,False,False,False,0
ISIC_0013423,True,True,2848,4288,12212224,1.5056179775280898,2848,4288,0.3345892607276119,4086079,normal,True,False,False,False,False,False,0
ISIC_0013424,True,True,2848,4288,12212224,1.5056179775280898,2848,4288,0.14770241685707697,1803775,normal,True,False,False,False,False,False,0
ISIC_0013425,True,True,2848,4288,12212224,1.5056179775280898,2848,4288,0.04745916878039577,579582,small,True,False,False,False,False,False,0
ISIC_0013427,True,True,2848,4288,12212224,1.5056179775280898,2848,4288,0.5521286704207194,6742719,normal,True,False,False,False,False,False,0
ISIC_0013428,True,True,2848,4288,12212224,1.5056179775280898,2848,4288,0.18060715230903068,2205615,normal,True,False,False,False,False,False,0
ISIC_0013429,True,True,2848,4288,12212224,1.5056179775280898,2848,4288,0.05551224740063726,677928,normal,True,False,False,False,False,False,0
ISIC_0013430,True,True,2848,4288,12212224,1.5056179775280898,2848,4288,0.06375538149316619,778595,normal,True,False,False,False,False,False,0
ISIC_0013432,True,True,2848,4288,12212224,1.5056179775280898,2848,4288,0.040542738161370113,495117,small,True,False,False,False,False,False,0
ISIC_0013433,True,True,2848,4288,12212224,1.5056179775280898,2848,4288,0.04042940909043267,493733,small,True,False,False,False,False,False,0
ISIC_0013434,True,True,2848,4288,12212224,1.5056179775280898,2848,4288,0.0419413368113785,512197,small,True,False,False,False,False,False,0
ISIC_0013437,True,True,2848,4288,12212224,1.5056179775280898,2848,4288,0.15248704904200905,1862206,normal,True,False,False,False,False,False,0
ISIC_0013438,True,True,2848,4288,12212224,1.5056179775280898,2848,4288,0.05837511660447761,712890,normal,True,False,False,False,False,False,0
ISIC_0013443,True,True,2848,4288,12212224,1.5056179775280898,2848,4288,0.17266723898939293,2108651,normal,True,False,False,False,False,False,0
ISIC_0013455,True,True,2848,4288,12212224,1.5056179775280898,2848,4288,0.24039478804188327,2935755,normal,True,False,False,False,False,False,0
ISIC_0013456,True,True,2848,4288,12212224,1.5056179775280898,2848,4288,0.004492547794734194,54864,very_tiny,True,False,False,False,False,False,0
ISIC_0013457,True,True,2848,4288,12212224,1.5056179775280898,2848,4288,0.3189206159336743,3894730,normal,True,False,False,False,False,False,0
ISIC_0013458,True,True,2848,4288,12212224,1.5056179775280898,2848,4288,0.04343041857076975,530382,small,True,False,False,False,False,False,0
ISIC_0013459,True,True,2848,4288,12212224,1.5056179775280898,2848,4288,0.1914275401433842,2337756,normal,True,False,False,False,False,False,0
ISIC_0013461,True,True,2848,4288,12212224,1.5056179775280898,2848,4288,0.06796837332823244,830045,normal,True,False,False,False,False,False,0
ISIC_0013465,True,True,2848,4288,12212224,1.5056179775280898,2848,4288,0.020922151444323328,255506,small,True,False,False,False,False,False,0
ISIC_0013472,True,True,2848,4288,12212224,1.5056179775280898,2848,4288,0.05559650723733859,678957,normal,True,False,False,False,False,False,0
ISIC_0013473,True,True,2848,4288,12212224,1.5056179775280898,2848,4288,0.8203488570140869,10018284,normal,True,True,False,False,False,True,1
ISIC_0013474,True,True,2848,4288,12212224,1.5056179775280898,2848,4288,0.12205933988764045,1490616,normal,True,False,False,False,False,False,0
ISIC_0013480,True,True,2592,3872,10036224,1.4938271604938271,2592,3872,0.018543527924446485,186107,tiny,True,False,False,False,False,False,0
ISIC_0013487,True,True,1536,2304,3538944,1.5,1536,2304,0.035580952962239586,125919,small,True,False,False,False,False,False,0
ISIC_0013488,True,True,1536,2304,3538944,1.5,1536,2304,0.0699039035373264,247386,normal,True,False,False,False,False,False,0
ISIC_0013489,True,True,1536,2304,3538944,1.5,1536,2304,0.047007242838541664,166356,small,True,False,False,False,False,False,0
ISIC_0013490,True,True,2000,3008,6016000,1.504,2000,3008,0.06653108377659575,400251,normal,True,False,False,False,False,False,0
ISIC_0013491,True,True,2000,3008,6016000,1.504,2000,3008,0.06617303856382979,398097,normal,True,False,False,False,False,False,0
ISIC_0013492,True,True,2000,3008,6016000,1.504,2000,3008,0.055613198138297876,334569,normal,True,False,False,False,False,False,0
ISIC_0013493,True,True,2848,4288,12212224,1.5056179775280898,2848,4288,0.18624691129150595,2274489,normal,True,False,False,False,False,False,0
ISIC_0013494,True,True,2848,4288,12212224,1.5056179775280898,2848,4288,0.0645680917742747,788520,normal,True,False,False,False,False,False,0
ISIC_0013495,True,True,2848,4288,12212224,1.5056179775280898,2848,4288,0.051285007546536976,626304,normal,True,False,False,False,False,False,0
ISIC_0013498,True,True,2592,3872,10036224,1.4938271604938271,2592,3872,0.054980239580144884,551794,normal,True,False,False,False,False,False,0
ISIC_0013499,True,True,2592,3872,10036224,1.4938271604938271,2592,3872,0.06968068867334966,699331,normal,True,False,False,False,False,False,0
ISIC_0013500,True,True,2592,3872,10036224,1.4938271604938271,2592,3872,0.048283099301091724,484580,small,True,False,False,False,False,False,0
ISIC_0013501,True,True,2848,4288,12212224,1.5056179775280898,2848,4288,0.06629922608691095,809661,normal,True,False,False,False,False,False,0
ISIC_0013511,True,True,2000,3008,6016000,1.504,2000,3008,0.07183992686170212,432189,normal,True,False,False,False,False,False,0
ISIC_0013512,True,True,2000,3008,6016000,1.504,2000,3008,0.01714461436170213,103142,tiny,True,False,False,False,False,False,0
ISIC_0013516,True,True,2848,4288,12212224,1.5056179775280898,2848,4288,0.06486238706397786,792114,normal,True,False,False,False,False,False,0
ISIC_0013517,True,True,2848,4288,12212224,1.5056179775280898,2848,4288,0.012705302490357203,155160,tiny,True,False,False,False,False,False,0
ISIC_0013518,True,True,2848,4288,12212224,1.5056179775280898,2848,4288,0.3832798186472832,4680699,normal,True,False,False,False,False,False,0
ISIC_0013523,True,True,2000,3008,6016000,1.504,2000,3008,0.03235804521276596,194666,small,True,False,False,False,False,False,0
ISIC_0013525,True,True,2000,3008,6016000,1.504,2000,3008,0.07982829122340425,480247,normal,True,False,False,False,False,False,0
ISIC_0013526,True,True,2000,3008,6016000,1.504,2000,3008,0.012067985372340426,72601,tiny,True,False,False,False,False,False,0
ISIC_0013527,True,True,2000,3008,6016000,1.504,2000,3008,0.005476063829787234,32944,very_tiny,True,False,False,False,False,False,0
ISIC_0013529,True,True,2848,4288,12212224,1.5056179775280898,2848,4288,0.03994481267294147,487815,small,True,False,False,False,False,False,0
ISIC_0013549,True,True,2848,4288,12212224,1.5056179775280898,2848,4288,0.07430309172186819,907406,normal,True,False,False,False,False,False,0
ISIC_0013552,True,True,2848,4288,12212224,1.5056179775280898,2848,4288,0.011870974525197048,144971,tiny,True,False,False,False,False,False,0
ISIC_0013553,True,True,2848,4288,12212224,1.5056179775280898,2848,4288,0.13930353717717592,1701206,normal,True,False,False,False,False,False,0
ISIC_0013554,True,True,2848,4288,12212224,1.5056179775280898,2848,4288,0.018556570858837832,226617,tiny,True,False,False,False,False,False,0
ISIC_0013558,True,True,2000,3008,6016000,1.504,2000,3008,0.03263497340425532,196332,small,True,False,False,False,False,False,0
ISIC_0013559,True,True,2000,3008,6016000,1.504,2000,3008,0.047501329787234044,285768,small,True,False,False,False,False,False,0
ISIC_0013561,True,True,2000,3008,6016000,1.504,2000,3008,0.07236502659574467,435348,normal,True,False,False,False,False,False,0
ISIC_0013562,True,True,2848,4288,12212224,1.5056179775280898,2848,4288,0.055815713829029015,681634,normal,True,False,False,False,False,False,0
ISIC_0013565,True,True,2848,4288,12212224,1.5056179775280898,2848,4288,0.024551302039661244,299826,small,True,False,False,False,False,False,0
ISIC_0013567,True,True,2848,4288,12212224,1.5056179775280898,2848,4288,0.04138771119822237,505436,small,True,False,False,False,False,False,0
ISIC_0013568,True,True,2000,3008,6016000,1.504,2000,3008,0.01765625,106220,tiny,True,False,False,False,False,False,0
ISIC_0013572,True,True,2848,4288,12212224,1.5056179775280898,2848,4288,0.06381941569365253,779377,normal,True,False,False,False,False,False,0
ISIC_0013573,True,True,2592,3872,10036224,1.4938271604938271,2592,3872,0.1058652138493521,1062487,normal,True,False,False,False,False,False,0
ISIC_0013577,True,True,2848,4288,12212224,1.5056179775280898,2848,4288,0.1051945165761781,1284659,normal,True,False,False,False,False,False,0
ISIC_0013578,True,True,2848,4288,12212224,1.5056179775280898,2848,4288,0.07158876221071608,874258,normal,True,False,False,False,False,False,0
ISIC_0013579,True,True,2848,4288,12212224,1.5056179775280898,2848,4288,0.09559872141225055,1167473,normal,True,False,False,False,False,False,0
ISIC_0013580,True,True,2848,4288,12212224,1.5056179775280898,2848,4288,0.0356325760156381,435153,small,True,False,False,False,False,False,0
ISIC_0013581,True,True,2848,4288,12212224,1.5056179775280898,2848,4288,0.029738481704888478,363173,small,True,False,False,False,False,False,0
ISIC_0013585,True,True,2848,4288,12212224,1.5056179775280898,2848,4288,0.5184836930603304,6331839,normal,True,True,True,False,False,True,2
ISIC_0013588,True,True,2848,4288,12212224,1.5056179775280898,2848,4288,0.13018177524421432,1589809,normal,True,False,False,False,False,False,0
ISIC_0013592,True,True,2848,4288,12212224,1.5056179775280898,2848,4288,0.0121448804083515,148316,tiny,True,False,False,False,False,False,0
ISIC_0013594,True,True,2000,3008,6016000,1.504,2000,3008,0.5383761635638298,3238871,normal,True,True,True,False,False,True,2
ISIC_0013595,True,True,2000,3008,6016000,1.504,2000,3008,0.011901097074468086,71597,tiny,True,False,False,False,False,False,0
ISIC_0013596,True,True,2000,3008,6016000,1.504,2000,3008,0.013844414893617022,83288,tiny,True,False,False,False,False,False,0
ISIC_0013597,True,True,2000,3008,6016000,1.504,2000,3008,0.013630152925531915,81999,tiny,True,False,False,False,False,False,0
ISIC_0013599,True,True,2592,3872,10036224,1.4938271604938271,2592,3872,0.012195024742373228,122392,tiny,True,False,False,False,False,False,0
ISIC_0013600,True,True,2592,3872,10036224,1.4938271604938271,2592,3872,0.1275585319737782,1280206,normal,True,False,False,False,False,False,0
ISIC_0013601,True,True,2592,3872,10036224,1.4938271604938271,2592,3872,0.03269476647791042,328132,small,True,False,False,False,False,False,0
ISIC_0013602,True,True,2592,3872,10036224,1.4938271604938271,2592,3872,0.04290189218574635,430573,small,True,False,False,False,False,False,0
ISIC_0013603,True,True,2592,3872,10036224,1.4938271604938271,2592,3872,0.017921780143607794,179867,tiny,True,False,False,False,False,False,0
ISIC_0013606,True,True,2848,4288,12212224,1.5056179775280898,2848,4288,0.017297340762829114,211239,tiny,True,False,False,False,False,False,0
ISIC_0013610,True,True,2000,3008,6016000,1.504,2000,3008,0.0631889960106383,380145,normal,True,False,False,False,False,False,0
ISIC_0013615,True,True,2848,4288,12212224,1.5056179775280898,2848,4288,0.11020318657764548,1345826,normal,True,False,False,False,False,False,0
ISIC_0013617,True,True,2592,3872,10036224,1.4938271604938271,2592,3872,0.2983531455655035,2994339,normal,True,False,False,False,False,False,0
ISIC_0013618,True,True,2848,4288,12212224,1.5056179775280898,2848,4288,0.28619316186797755,3495055,normal,True,False,False,False,False,False,0
ISIC_0013621,True,True,2592,3872,10036224,1.4938271604938271,2592,3872,0.5216378191638609,5235274,normal,True,False,True,False,False,True,1
ISIC_0013626,True,True,2592,3872,10036224,1.4938271604938271,2592,3872,0.132704092694623,1331848,normal,True,False,False,False,False,False,0
ISIC_0013634,True,True,2848,4288,12212224,1.5056179775280898,2848,4288,0.16954733224677176,2070550,normal,True,False,False,False,False,False,0
ISIC_0013635,True,True,2848,4288,12212224,1.5056179775280898,2848,4288,0.06705347035887976,818872,normal,True,False,False,False,False,False,0
ISIC_0013636,True,True,2848,4288,12212224,1.5056179775280898,2848,4288,0.3261935745692185,3983549,normal,True,False,False,False,False,False,0
ISIC_0013637,True,True,2848,4288,12212224,1.5056179775280898,2848,4288,0.0647994992558276,791346,normal,True,False,False,False,False,False,0
ISIC_0013639,True,True,2592,3872,10036224,1.4938271604938271,2592,3872,0.06346928884807673,636992,normal,True,False,False,False,False,False,0
ISIC_0013643,True,True,2848,4288,12212224,1.5056179775280898,2848,4288,0.04679074016329868,571419,small,True,False,False,False,False,False,0
ISIC_0013644,True,True,2848,4288,12212224,1.5056179775280898,2848,4288,0.09027782326953715,1102493,normal,True,False,False,False,False,False,0
ISIC_0013651,True,True,2848,4288,12212224,1.5056179775280898,2848,4288,0.34440418059806305,4205941,normal,True,False,False,False,False,False,0
ISIC_0013652,True,True,2000,3008,6016000,1.504,2000,3008,0.05587267287234043,336130,normal,True,False,False,False,False,False,0
ISIC_0013656,True,True,2592,3872,10036224,1.4938271604938271,2592,3872,0.016415038165748394,164745,tiny,True,False,False,False,False,False,0
ISIC_0013663,True,True,2848,4288,12212224,1.5056179775280898,2848,4288,0.1857741882232098,2268716,normal,True,False,False,False,False,False,0
ISIC_0013664,True,True,2848,4288,12212224,1.5056179775280898,2848,4288,0.04852686947111353,592621,small,True,False,False,False,False,False,0
ISIC_0013667,True,True,2592,3872,10036224,1.4938271604938271,2592,3872,0.15417750739720437,1547360,normal,True,False,False,False,False,False,0
ISIC_0013670,True,True,2848,4288,12212224,1.5056179775280898,2848,4288,0.011822334736080832,144377,tiny,True,False,False,False,False,False,0
ISIC_0013671,True,True,2848,4288,12212224,1.5056179775280898,2848,4288,0.15495318461240148,1892323,normal,True,False,False,False,False,False,0
ISIC_0013672,True,True,2848,4288,12212224,1.5056179775280898,2848,4288,0.19606731746813685,2394418,normal,True,False,False,False,False,False,0
ISIC_0013673,True,True,2000,3008,6016000,1.504,2000,3008,0.02565059840425532,154314,small,True,False,False,False,False,False,0
ISIC_0013674,True,True,2848,4288,12212224,1.5056179775280898,2848,4288,0.21770768371100957,2658695,normal,True,False,False,False,False,False,0
ISIC_0013675,True,True,2848,4288,12212224,1.5056179775280898,2848,4288,0.07207532387221198,880200,normal,True,False,False,False,False,False,0
ISIC_0013676,True,True,2848,4288,12212224,1.5056179775280898,2848,4288,0.06870853335150093,839084,normal,True,False,False,False,False,False,0
ISIC_0013678,True,True,2000,3008,6016000,1.504,2000,3008,0.03994281914893617,240296,small,True,False,False,False,False,False,0
ISIC_0013680,True,True,2592,3872,10036224,1.4938271604938271,2592,3872,0.03766356749311295,378000,small,True,False,False,False,False,False,0
ISIC_0013684,True,True,2000,3008,6016000,1.504,2000,3008,0.07112849069148937,427909,normal,True,False,False,False,False,False,0
ISIC_0013685,True,True,2000,3008,6016000,1.504,2000,3008,0.4363716755319149,2625212,normal,True,False,False,False,False,False,0
ISIC_0013688,True,True,2848,4288,12212224,1.5056179775280898,2848,4288,0.04878587225389904,595784,small,True,False,False,False,False,False,0
ISIC_0013689,True,True,2848,4288,12212224,1.5056179775280898,2848,4288,0.008613418817080328,105189,very_tiny,True,False,False,False,False,False,0
ISIC_0013690,True,True,2848,4288,12212224,1.5056179775280898,2848,4288,0.011553505733271843,141094,tiny,True,False,False,False,False,False,0
ISIC_0013691,True,True,2000,3008,6016000,1.504,2000,3008,0.10757164228723404,647151,normal,True,False,False,False,False,False,0
ISIC_0013695,True,True,2848,4288,12212224,1.5056179775280898,2848,4288,0.05045837678706188,616209,normal,True,False,False,False,False,False,0
ISIC_0013696,True,True,2848,4288,12212224,1.5056179775280898,2848,4288,0.020740202603555257,253284,small,True,False,False,False,False,False,0
ISIC_0013702,True,True,2848,4288,12212224,1.5056179775280898,2848,4288,0.14585566068883113,1781222,normal,True,False,False,False,False,False,0
ISIC_0013708,True,True,2592,3872,10036224,1.4938271604938271,2592,3872,0.6912277964302111,6937317,normal,True,False,False,False,False,False,0
ISIC_0013709,True,True,2000,3008,6016000,1.504,2000,3008,0.28648686835106385,1723505,normal,True,False,False,False,False,False,0
ISIC_0013712,True,True,2848,4288,12212224,1.5056179775280898,2848,4288,0.01738692313537649,212333,tiny,True,False,False,False,False,False,0
ISIC_0013713,True,True,2848,4288,12212224,1.5056179775280898,2848,4288,0.0228431774589133,278966,small,True,False,False,False,False,False,0
ISIC_0013719,True,True,2000,3008,6016000,1.504,2000,3008,0.05421359707446809,326149,normal,True,False,False,False,False,False,0
ISIC_0013721,True,True,2000,3008,6016000,1.504,2000,3008,0.12800880984042554,770101,normal,True,False,False,False,False,False,0
ISIC_0013733,True,True,2848,4288,12212224,1.5056179775280898,2848,4288,0.03820270574794567,466540,small,True,False,False,False,False,False,0
ISIC_0013736,True,True,2848,4288,12212224,1.5056179775280898,2848,4288,0.11271681554481805,1376523,normal,True,False,False,False,False,False,0
ISIC_0013737,True,True,2848,4288,12212224,1.5056179775280898,2848,4288,0.011369427878165353,138846,tiny,True,False,False,False,False,False,0
ISIC_0013738,True,True,2848,4288,12212224,1.5056179775280898,2848,4288,0.008358919718472246,102081,very_tiny,True,False,False,False,False,False,0
ISIC_0013739,True,True,2000,3008,6016000,1.504,2000,3008,0.07048653590425531,424047,normal,True,False,False,False,False,False,0
ISIC_0013740,True,True,2000,3008,6016000,1.504,2000,3008,0.10029521276595744,603376,normal,True,False,False,False,False,False,0
ISIC_0013747,True,True,2848,4288,12212224,1.5056179775280898,2848,4288,0.14585959117684053,1781270,normal,True,False,False,False,False,False,0
ISIC_0013748,True,True,2848,4288,12212224,1.5056179775280898,2848,4288,0.08549843173528425,1044126,normal,True,False,False,False,False,False,0
ISIC_0013749,True,True,2848,4288,12212224,1.5056179775280898,2848,4288,0.06602106217507966,806264,normal,True,False,False,False,False,False,0
ISIC_0013758,True,True,2848,4288,12212224,1.5056179775280898,2848,4288,0.11681598699794567,1426583,normal,True,False,False,False,False,False,0
ISIC_0013762,True,True,2848,4288,12212224,1.5056179775280898,2848,4288,0.0723347360808318,883368,normal,True,False,False,False,False,False,0
ISIC_0013765,True,True,2848,4288,12212224,1.5056179775280898,2848,4288,0.43576084094101125,5321609,normal,True,False,False,False,False,False,0
ISIC_0013766,True,True,2848,4288,12212224,1.5056179775280898,2848,4288,0.03775241921536978,461041,small,True,False,False,False,False,False,0
ISIC_0013767,True,True,2592,3872,10036224,1.4938271604938271,2592,3872,0.40529834726686054,4067665,normal,True,False,False,False,False,False,0
ISIC_0013772,True,True,2848,4288,12212224,1.5056179775280898,2848,4288,0.020073411689795404,245141,small,True,False,False,False,False,False,0
ISIC_0013775,True,True,2848,4288,12212224,1.5056179775280898,2848,4288,0.046429544692268995,567008,small,True,False,False,False,False,False,0
ISIC_0013777,True,True,2848,4288,12212224,1.5056179775280898,2848,4288,0.0985393815246101,1203385,normal,True,False,False,False,False,False,0
ISIC_0013778,True,True,2848,4288,12212224,1.5056179775280898,2848,4288,0.12979666930446085,1585106,normal,True,False,False,False,False,False,0
ISIC_0013782,True,True,2000,3008,6016000,1.504,2000,3008,0.05856283244680851,352314,normal,True,False,False,False,False,False,0
ISIC_0013783,True,True,2848,4288,12212224,1.5056179775280898,2848,4288,0.3496807788655039,4270380,normal,True,False,False,False,False,False,0
ISIC_0013789,True,True,2000,3008,6016000,1.504,2000,3008,0.013503823138297873,81239,tiny,True,False,False,False,False,False,0
ISIC_0013792,True,True,1536,2304,3538944,1.5,1536,2304,0.069549560546875,246132,normal,True,False,False,False,False,False,0
ISIC_0013793,True,True,1536,2304,3538944,1.5,1536,2304,0.08513895670572917,301302,normal,True,False,False,False,False,False,0
ISIC_0013794,True,True,2000,3008,6016000,1.504,2000,3008,0.041197972074468084,247847,small,True,False,False,False,False,False,0
ISIC_0013795,True,True,2000,3008,6016000,1.504,2000,3008,0.010414561170212767,62654,tiny,True,False,False,False,False,False,0
ISIC_0013796,True,True,2000,3008,6016000,1.504,2000,3008,0.018328125,110262,tiny,True,False,False,False,False,False,0
ISIC_0013797,True,True,2592,3872,10036224,1.4938271604938271,2592,3872,0.1363348406731456,1368287,normal,True,False,False,False,False,False,0
ISIC_0013798,True,True,2592,3872,10036224,1.4938271604938271,2592,3872,0.004328719645954495,43444,very_tiny,True,False,False,False,False,False,0
ISIC_0013799,True,True,2000,3008,6016000,1.504,2000,3008,0.04292004654255319,258207,small,True,False,False,False,False,False,0
ISIC_0013800,True,True,2000,3008,6016000,1.504,2000,3008,0.0333891289893617,200869,small,True,False,False,False,False,False,0
ISIC_0013801,True,True,2000,3008,6016000,1.504,2000,3008,0.14454155585106382,869562,normal,True,False,False,False,False,False,0
ISIC_0013802,True,True,2000,3008,6016000,1.504,2000,3008,0.018128989361702128,109064,tiny,True,False,False,False,False,False,0
ISIC_0013803,True,True,2000,3008,6016000,1.504,2000,3008,0.010033909574468085,60364,tiny,True,False,False,False,False,False,0
ISIC_0013804,True,True,2000,3008,6016000,1.504,2000,3008,0.01713813164893617,103103,tiny,True,False,False,False,False,False,0
ISIC_0013805,True,True,2848,4288,12212224,1.5056179775280898,2848,4288,0.11488816451450612,1403040,normal,True,False,False,False,False,False,0
ISIC_0013806,True,True,2848,4288,12212224,1.5056179775280898,2848,4288,0.02255412281988932,275436,small,True,False,False,False,False,False,0
ISIC_0013807,True,True,2848,4288,12212224,1.5056179775280898,2848,4288,0.007144972119738387,87256,very_tiny,True,False,False,False,False,False,0
ISIC_0013808,True,True,2848,4288,12212224,1.5056179775280898,2848,4288,0.01240134475096428,151448,tiny,True,False,False,False,False,False,0
ISIC_0013809,True,True,2848,4288,12212224,1.5056179775280898,2848,4288,0.25943497269620996,3168278,normal,True,False,False,False,False,False,0
ISIC_0013813,True,True,2848,4288,12212224,1.5056179775280898,2848,4288,0.5489127123773688,6703445,normal,True,False,False,False,False,False,0
ISIC_0013815,True,True,2848,4288,12212224,1.5056179775280898,2848,4288,0.018760301153991278,229105,tiny,True,False,False,False,False,False,0
ISIC_0013816,True,True,2848,4288,12212224,1.5056179775280898,2848,4288,0.1259140022325172,1537690,normal,True,False,False,False,False,False,0
ISIC_0013817,True,True,2848,4288,12212224,1.5056179775280898,2848,4288,0.0855030991897954,1044183,normal,True,False,False,False,False,False,0
ISIC_0013819,True,True,2848,4288,12212224,1.5056179775280898,2848,4288,0.053313057474216,651071,normal,True,False,False,False,False,False,0
ISIC_0013828,True,True,2000,3008,6016000,1.504,2000,3008,0.3171013962765957,1907682,normal,True,True,False,False,False,True,1
ISIC_0013830,True,True,2848,4288,12212224,1.5056179775280898,2848,4288,0.020950319941723965,255850,small,True,False,False,False,False,False,0
ISIC_0013831,True,True,2848,4288,12212224,1.5056179775280898,2848,4288,0.03999779237590139,488462,small,True,False,False,False,False,False,0
ISIC_0013832,True,True,2000,3008,6016000,1.504,2000,3008,0.27222938829787235,1637732,normal,True,False,False,False,False,False,0
ISIC_0013833,True,True,2848,4288,12212224,1.5056179775280898,2848,4288,0.9001705995566409,10993085,normal,True,False,False,False,False,False,0
ISIC_0013835,True,True,2848,4288,12212224,1.5056179775280898,2848,4288,0.09880477135041087,1206626,normal,True,False,False,False,False,False,0
ISIC_0013836,True,True,2848,4288,12212224,1.5056179775280898,2848,4288,0.01549603086219185,189241,tiny,True,False,False,False,False,False,0
ISIC_0013837,True,True,2000,3008,6016000,1.504,2000,3008,0.00958344414893617,57654,very_tiny,True,False,False,False,False,False,0
ISIC_0013839,True,True,2848,4288,12212224,1.5056179775280898,2848,4288,0.010029868433464699,122487,tiny,True,False,False,False,False,False,0
ISIC_0013840,True,True,2000,3008,6016000,1.504,2000,3008,0.42781050531914894,2573708,normal,True,False,False,False,False,False,0
ISIC_0013842,True,True,2000,3008,6016000,1.504,2000,3008,0.04302908909574468,258863,small,True,False,False,False,False,False,0
ISIC_0013843,True,True,2000,3008,6016000,1.504,2000,3008,0.02455186170212766,147704,small,True,False,False,False,False,False,0
ISIC_0013844,True,True,2000,3008,6016000,1.504,2000,3008,0.04888946143617021,294119,small,True,False,False,False,False,False,0
ISIC_0013861,True,True,2848,4288,12212224,1.5056179775280898,2848,4288,0.3802259113491531,4643404,normal,True,False,False,False,False,False,0
ISIC_0013862,True,True,2848,4288,12212224,1.5056179775280898,2848,4288,0.38942562796096764,4755753,normal,True,False,False,False,False,False,0
ISIC_0013863,True,True,2848,4288,12212224,1.5056179775280898,2848,4288,0.008890518221742411,108573,very_tiny,True,False,False,False,False,False,0
ISIC_0013865,True,True,2848,4288,12212224,1.5056179775280898,2848,4288,0.08396226600494718,1025366,normal,True,False,False,False,False,False,0
ISIC_0013867,True,True,2848,4288,12212224,1.5056179775280898,2848,4288,0.4136815702037565,5051972,normal,True,False,False,False,False,False,0
ISIC_0013874,True,True,2848,4288,12212224,1.5056179775280898,2848,4288,0.3171247923392168,3872799,normal,True,False,False,False,False,False,0
ISIC_0013879,True,True,2848,4288,12212224,1.5056179775280898,2848,4288,0.03828516411097602,467547,small,True,False,False,False,False,False,0
ISIC_0013886,True,True,2592,3872,10036224,1.4938271604938271,2592,3872,0.022756666252168146,228391,small,True,False,False,False,False,False,0
ISIC_0013888,True,True,2848,4288,12212224,1.5056179775280898,2848,4288,0.010565724965411706,129031,tiny,True,False,False,False,False,False,0
ISIC_0013891,True,True,2848,4288,12212224,1.5056179775280898,2848,4288,0.011167744712183465,136383,tiny,True,False,False,False,False,False,0
ISIC_0013896,True,True,2848,4288,12212224,1.5056179775280898,2848,4288,0.08806061860640617,1075416,normal,True,False,False,False,False,False,0
ISIC_0013897,True,True,2848,4288,12212224,1.5056179775280898,2848,4288,0.031168688029305718,380639,small,True,False,False,False,False,False,0
ISIC_0013898,True,True,2848,4288,12212224,1.5056179775280898,2848,4288,0.048053491321482476,586840,small,True,False,False,False,False,False,0
ISIC_0013908,True,True,2000,3008,6016000,1.504,2000,3008,0.14258078457446807,857766,normal,True,False,False,False,False,False,0
ISIC_0013910,True,True,2000,3008,6016000,1.504,2000,3008,0.017511635638297874,105350,tiny,True,False,False,False,False,False,0
ISIC_0013911,True,True,2000,3008,6016000,1.504,2000,3008,0.029774434840425534,179123,small,True,False,False,False,False,False,0
ISIC_0013917,True,True,2848,4288,12212224,1.5056179775280898,2848,4288,0.04900581581209123,598470,small,True,False,False,False,False,False,0
ISIC_0013918,True,True,2000,3008,6016000,1.504,2000,3008,0.06653008643617021,400245,normal,True,False,False,False,False,False,0
ISIC_0013921,True,True,2592,3872,10036224,1.4938271604938271,2592,3872,0.03104862944469952,311611,small,True,False,False,False,False,False,0
ISIC_0013922,True,True,2848,4288,12212224,1.5056179775280898,2848,4288,0.033953848209793726,414652,small,True,False,False,False,False,False,0
ISIC_0013925,True,True,2000,3008,6016000,1.504,2000,3008,0.6002523271276595,3611118,normal,True,False,False,False,False,False,0
ISIC_0013929,True,True,2848,4288,12212224,1.5056179775280898,2848,4288,0.30668402413843704,3745294,normal,True,False,False,False,False,False,0
ISIC_0013935,True,True,2848,4288,12212224,1.5056179775280898,2848,4288,0.02075690717759517,253488,small,True,False,False,False,False,False,0
ISIC_0013936,True,True,2000,3008,6016000,1.504,2000,3008,0.023640625,142222,small,True,False,False,False,False,False,0
ISIC_0013942,True,True,2848,4288,12212224,1.5056179775280898,2848,4288,0.04236263599488513,517342,small,True,False,False,False,False,False,0
ISIC_0013946,True,True,2000,3008,6016000,1.504,2000,3008,0.17113713430851063,1029561,normal,True,False,False,False,False,False,0
ISIC_0013948,True,True,2000,3008,6016000,1.504,2000,3008,0.24175797872340427,1454416,normal,True,False,False,False,False,False,0
ISIC_0013953,True,True,2592,3872,10036224,1.4938271604938271,2592,3872,0.15515137964238343,1557134,normal,True,False,False,False,False,False,0
ISIC_0013958,True,True,2000,3008,6016000,1.504,2000,3008,0.16691871675531914,1004183,normal,True,False,False,False,False,False,0
ISIC_0013961,True,True,2848,4288,12212224,1.5056179775280898,2848,4288,0.02547046303769076,311051,small,True,False,False,False,False,False,0
ISIC_0013962,True,True,2848,4288,12212224,1.5056179775280898,2848,4288,0.015873685251760857,193853,tiny,True,False,False,False,False,False,0
ISIC_0013966,True,True,2000,3008,6016000,1.504,2000,3008,0.0265141289893617,159509,small,True,False,False,False,False,False,0
ISIC_0013967,True,True,2000,3008,6016000,1.504,2000,3008,0.06506515957446808,391432,normal,True,False,False,False,False,False,0
ISIC_0013969,True,True,2848,4288,12212224,1.5056179775280898,2848,4288,0.05874638395103136,717424,normal,True,False,False,False,False,False,0
ISIC_0013970,True,True,2848,4288,12212224,1.5056179775280898,2848,4288,0.005434145328483984,66363,very_tiny,True,False,False,False,False,False,0
ISIC_0013972,True,True,2848,4288,12212224,1.5056179775280898,2848,4288,0.12042826924890994,1470697,normal,True,False,False,False,False,False,0
ISIC_0013975,True,True,2000,3008,6016000,1.504,2000,3008,0.06483194813829787,390029,normal,True,False,False,False,False,False,0
ISIC_0013977,True,True,2000,3008,6016000,1.504,2000,3008,0.05307995345744681,319329,normal,True,False,False,False,False,False,0
ISIC_0013980,True,True,2848,4288,12212224,1.5056179775280898,2848,4288,0.04346431902985075,530796,small,True,False,False,False,False,False,0
ISIC_0013981,True,True,2848,4288,12212224,1.5056179775280898,2848,4288,0.07193218860053664,878452,normal,True,False,False,False,False,False,0
ISIC_0013982,True,True,2848,4288,12212224,1.5056179775280898,2848,4288,0.0776562893048801,948356,normal,True,False,False,False,False,False,0
ISIC_0013983,True,True,2000,3008,6016000,1.504,2000,3008,0.055094913563829784,331451,normal,True,False,False,False,False,False,0
ISIC_0013984,True,True,2000,3008,6016000,1.504,2000,3008,0.15071259973404255,906687,normal,True,False,False,False,False,False,0
ISIC_0013986,True,True,2000,3008,6016000,1.504,2000,3008,0.14539827127659574,874716,normal,True,False,False,False,False,False,0
ISIC_0013987,True,True,2000,3008,6016000,1.504,2000,3008,0.11322839095744681,681182,normal,True,False,False,False,False,False,0
ISIC_0013988,True,True,2000,3008,6016000,1.504,2000,3008,0.3672641289893617,2209461,normal,True,False,False,False,False,False,0
ISIC_0013995,True,True,2848,4288,12212224,1.5056179775280898,2848,4288,0.043780723314606744,534660,small,True,False,False,False,False,False,0
ISIC_0013996,True,True,2848,4288,12212224,1.5056179775280898,2848,4288,0.09390394411370116,1146776,normal,True,False,False,False,False,False,0
ISIC_0013997,True,True,2848,4288,12212224,1.5056179775280898,2848,4288,0.048297754774232766,589823,small,True,False,False,False,False,False,0
ISIC_0013998,True,True,2848,4288,12212224,1.5056179775280898,2848,4288,0.044603177930571856,544704,small,True,False,False,False,False,False,0
ISIC_0014001,True,True,2848,4288,12212224,1.5056179775280898,2848,4288,0.11796287064501929,1440589,normal,True,False,False,False,False,False,0
ISIC_0014013,True,True,2000,3008,6016000,1.504,2000,3008,0.16773603723404254,1009100,normal,True,False,False,False,False,False,0
ISIC_0014026,True,True,2848,4288,12212224,1.5056179775280898,2848,4288,0.0390807603922103,477263,small,True,False,False,False,False,False,0
ISIC_0014027,True,True,2848,4288,12212224,1.5056179775280898,2848,4288,0.13221539336323998,1614644,normal,True,False,False,False,False,False,0
ISIC_0014028,True,True,2000,3008,6016000,1.504,2000,3008,0.02474750664893617,148881,small,True,False,False,False,False,False,0
ISIC_0014029,True,True,2000,3008,6016000,1.504,2000,3008,0.04039311835106383,243005,small,True,False,False,False,False,False,0
ISIC_0014032,True,True,2848,4288,12212224,1.5056179775280898,2848,4288,0.03077768635753815,375864,small,True,False,False,False,False,False,0
ISIC_0014037,True,True,2848,4288,12212224,1.5056179775280898,2848,4288,0.30386832079070936,3710908,normal,True,False,False,False,False,False,0
ISIC_0014044,True,True,2848,4288,12212224,1.5056179775280898,2848,4288,0.16531689887116385,2018887,normal,True,False,False,False,False,False,0
ISIC_0014046,True,True,2848,4288,12212224,1.5056179775280898,2848,4288,0.01081072538466376,132023,tiny,True,False,False,False,False,False,0
ISIC_0014049,True,True,2848,4288,12212224,1.5056179775280898,2848,4288,0.033218519411370113,405672,small,True,False,False,False,False,False,0
ISIC_0014059,True,True,2848,4288,12212224,1.5056179775280898,2848,4288,0.038494544482642966,470104,small,True,False,False,False,False,False,0
ISIC_0014062,True,True,2848,4288,12212224,1.5056179775280898,2848,4288,0.06948758882902902,848598,normal,True,False,False,False,False,False,0
ISIC_0014066,True,True,2848,4288,12212224,1.5056179775280898,2848,4288,0.06217720867222874,759322,normal,True,False,False,False,False,False,0
ISIC_0014069,True,True,2848,4288,12212224,1.5056179775280898,2848,4288,0.046819645627201076,571772,small,True,False,False,False,False,False,0
ISIC_0014072,True,True,2848,4288,12212224,1.5056179775280898,2848,4288,0.5821683257693275,7109570,normal,True,False,False,False,False,False,0
ISIC_0014073,True,True,2848,4288,12212224,1.5056179775280898,2848,4288,0.22462427810036895,2743162,normal,True,False,False,False,False,False,0
ISIC_0014076,True,True,2848,4288,12212224,1.5056179775280898,2848,4288,0.6399343805026833,7815022,normal,True,True,True,False,False,True,2
ISIC_0014077,True,True,2848,4288,12212224,1.5056179775280898,2848,4288,0.34974030938181283,4271107,normal,True,False,False,False,False,False,0
ISIC_0014080,True,True,2848,4288,12212224,1.5056179775280898,2848,4288,0.050346767304628545,614846,normal,True,False,False,False,False,False,0
ISIC_0014081,True,True,2848,4288,12212224,1.5056179775280898,2848,4288,0.021564786233858796,263354,small,True,False,False,False,False,False,0
ISIC_0014089,True,True,2848,4288,12212224,1.5056179775280898,2848,4288,0.01102624714384538,134655,tiny,True,False,False,False,False,False,0
ISIC_0014090,True,True,2848,4288,12212224,1.5056179775280898,2848,4288,0.011354770433296997,138667,tiny,True,False,False,False,False,False,0
ISIC_0014092,True,True,2848,4288,12212224,1.5056179775280898,2848,4288,0.019550493014212644,238755,tiny,True,False,False,False,False,False,0
ISIC_0014093,True,True,2848,4288,12212224,1.5056179775280898,2848,4288,0.032270289179104475,394092,small,True,False,False,False,False,False,0
ISIC_0014094,True,True,2848,4288,12212224,1.5056179775280898,2848,4288,0.0141099606427134,172314,tiny,True,False,False,False,False,False,0
ISIC_0014099,True,True,2848,4288,12212224,1.5056179775280898,2848,4288,0.14809669393551902,1808590,normal,True,False,False,False,False,False,0
ISIC_0014103,True,True,2848,4288,12212224,1.5056179775280898,2848,4288,0.20561545546495053,2511022,normal,True,False,False,False,False,False,0
ISIC_0014108,True,True,2848,4288,12212224,1.5056179775280898,2848,4288,0.1298575918686064,1585850,normal,True,False,False,False,False,False,0
ISIC_0014110,True,True,2848,4288,12212224,1.5056179775280898,2848,4288,0.15535761545153445,1897262,normal,True,False,False,False,False,False,0
ISIC_0014114,True,True,2848,4288,12212224,1.5056179775280898,2848,4288,0.18840581371583096,2300854,normal,True,False,False,False,False,False,0
ISIC_0014117,True,True,2848,4288,12212224,1.5056179775280898,2848,4288,0.038315379737548214,467916,small,True,False,False,False,False,False,0
ISIC_0014127,True,True,2848,4288,12212224,1.5056179775280898,2848,4288,0.08935448612799765,1091217,normal,True,False,False,False,False,False,0
ISIC_0014129,True,True,2848,4288,12212224,1.5056179775280898,2848,4288,0.3447871575234781,4210618,normal,True,False,False,False,False,False,0
ISIC_0014131,True,True,2848,4288,12212224,1.5056179775280898,2848,4288,0.01582250702247191,193228,tiny,True,False,False,False,False,False,0
ISIC_0014132,True,True,2848,4288,12212224,1.5056179775280898,2848,4288,0.2030671890721952,2479902,normal,True,False,False,False,False,False,0
ISIC_0014133,True,True,2848,4288,12212224,1.5056179775280898,2848,4288,0.5096749781202834,6224265,normal,True,True,False,False,False,True,1
ISIC_0014136,True,True,2848,4288,12212224,1.5056179775280898,2848,4288,0.0573472939900218,700338,normal,True,False,False,False,False,False,0
ISIC_0014139,True,True,2848,4288,12212224,1.5056179775280898,2848,4288,0.06614282541820392,807751,normal,True,False,False,False,False,False,0
ISIC_0014144,True,True,2848,4288,12212224,1.5056179775280898,2848,4288,0.027605045567457655,337119,small,True,False,False,False,False,False,0
ISIC_0014149,True,True,2848,4288,12212224,1.5056179775280898,2848,4288,0.04115180003249203,502555,small,True,False,False,False,False,False,0
ISIC_0014150,True,True,2848,4288,12212224,1.5056179775280898,2848,4288,0.07884550758322154,962879,normal,True,False,False,False,False,False,0
ISIC_0014151,True,True,2848,4288,12212224,1.5056179775280898,2848,4288,0.34576879690382356,4222606,normal,True,False,False,False,False,False,0
ISIC_0014156,True,True,2848,4288,12212224,1.5056179775280898,2848,4288,0.06253430988491532,763683,normal,True,False,False,False,False,False,0
ISIC_0014157,True,True,2848,4288,12212224,1.5056179775280898,2848,4288,0.09646105410447761,1178004,normal,True,False,False,False,False,False,0
ISIC_0014158,True,True,2848,4288,12212224,1.5056179775280898,2848,4288,0.02120146174849069,258917,small,True,False,False,False,False,False,0
ISIC_0014160,True,True,2848,4288,12212224,1.5056179775280898,2848,4288,0.0588373583714154,718535,normal,True,False,False,False,False,False,0
ISIC_0014162,True,True,2848,4288,12212224,1.5056179775280898,2848,4288,0.025166423413130974,307338,small,True,False,False,False,False,False,0
ISIC_0014163,True,True,2848,4288,12212224,1.5056179775280898,2848,4288,0.341826026119403,4174456,normal,True,False,False,False,False,False,0
ISIC_0014164,True,True,2848,4288,12212224,1.5056179775280898,2848,4288,0.07497479574563978,915609,normal,True,False,False,False,False,False,0
ISIC_0014166,True,True,2848,4288,12212224,1.5056179775280898,2848,4288,0.08866124630534127,1082751,normal,True,False,False,False,False,False,0
ISIC_0014169,True,True,2848,4288,12212224,1.5056179775280898,2848,4288,0.10276301843136844,1254965,normal,True,False,False,False,False,False,0
ISIC_0014171,True,True,2848,4288,12212224,1.5056179775280898,2848,4288,0.2217203025427637,2707698,normal,True,False,False,False,False,False,0
ISIC_0014173,True,True,2848,4288,12212224,1.5056179775280898,2848,4288,0.3573823244644055,4364433,normal,True,False,False,False,False,False,0
ISIC_0014174,True,True,2848,4288,12212224,1.5056179775280898,2848,4288,0.016018130686105986,195617,tiny,True,False,False,False,False,False,0
ISIC_0014178,True,True,2848,4288,12212224,1.5056179775280898,2848,4288,0.04707610996981385,574904,small,True,False,False,False,False,False,0
ISIC_0014181,True,True,2848,4288,12212224,1.5056179775280898,2848,4288,0.45988126323264295,5616173,normal,True,False,False,False,False,False,0
ISIC_0014183,True,True,2848,4288,12212224,1.5056179775280898,2848,4288,0.13870225439690592,1693863,normal,True,False,False,False,False,False,0
ISIC_0014185,True,True,2848,4288,12212224,1.5056179775280898,2848,4288,0.07359584953567835,898769,normal,True,False,False,False,False,False,0
ISIC_0014186,True,True,2848,4288,12212224,1.5056179775280898,2848,4288,0.1354853137315529,1654577,normal,True,False,False,False,False,False,0
ISIC_0014187,True,True,2848,4288,12212224,1.5056179775280898,2848,4288,0.008161822121834647,99674,very_tiny,True,False,False,False,False,False,0
ISIC_0014189,True,True,2848,4288,12212224,1.5056179775280898,2848,4288,0.5284538672071525,6453597,normal,True,False,False,False,False,False,0
ISIC_0014190,True,True,2848,4288,12212224,1.5056179775280898,2848,4288,0.044802895852549054,547143,small,True,False,False,False,False,False,0
ISIC_0014195,True,True,2848,4288,12212224,1.5056179775280898,2848,4288,0.018217238727360387,222473,tiny,True,False,False,False,False,False,0
ISIC_0014197,True,True,2848,4288,12212224,1.5056179775280898,2848,4288,0.14387461284693107,1757029,normal,True,False,False,False,False,False,0
ISIC_0014211,True,True,2848,4288,12212224,1.5056179775280898,2848,4288,0.11013374795614624,1344978,normal,True,False,False,False,False,False,0
ISIC_0014217,True,True,2848,4288,12212224,1.5056179775280898,2848,4288,0.35505989736185645,4336071,normal,True,False,False,False,False,False,0
ISIC_0014219,True,True,2848,4288,12212224,1.5056179775280898,2848,4288,0.18494436394222707,2258582,normal,True,False,False,False,False,False,0
ISIC_0014221,True,True,2848,4288,12212224,1.5056179775280898,2848,4288,0.2778524206565487,3393196,normal,True,False,False,False,False,False,0
ISIC_0014222,True,True,2848,4288,12212224,1.5056179775280898,2848,4288,0.29626773960254904,3618088,normal,True,False,False,False,False,False,0
ISIC_0014225,True,True,2848,4288,12212224,1.5056179775280898,2848,4288,0.023173747877536476,283003,small,True,False,False,False,False,False,0
ISIC_0014229,True,True,2848,4288,12212224,1.5056179775280898,2848,4288,0.04447363559659567,543122,small,True,False,False,False,False,False,0
ISIC_0014233,True,True,2848,4288,12212224,1.5056179775280898,2848,4288,0.20990779402670637,2563441,normal,True,False,False,False,False,False,0
ISIC_0014238,True,True,2848,4288,12212224,1.5056179775280898,2848,4288,0.07145709086240147,872650,normal,True,False,False,False,False,False,0
ISIC_0014248,True,True,2848,4288,12212224,1.5056179775280898,2848,4288,0.006475151454804628,79076,very_tiny,True,False,False,False,False,False,0
ISIC_0014249,True,True,2848,4288,12212224,1.5056179775280898,2848,4288,0.1767302171987674,2158269,normal,True,False,False,False,False,False,0
ISIC_0014253,True,True,2848,4288,12212224,1.5056179775280898,2848,4288,0.01752408078987087,214008,tiny,True,False,False,False,False,False,0
ISIC_0014255,True,True,2848,4288,12212224,1.5056179775280898,2848,4288,0.28750586297794734,3511086,normal,True,False,False,False,False,False,0
ISIC_0014263,True,True,2848,4288,12212224,1.5056179775280898,2848,4288,0.027688404667323495,338137,small,True,False,False,False,False,False,0
ISIC_0014270,True,True,2848,4288,12212224,1.5056179775280898,2848,4288,0.09302089447425792,1135992,normal,True,False,False,False,False,False,0
ISIC_0014273,True,True,2848,4288,12212224,1.5056179775280898,2848,4288,0.11464349163592151,1400052,normal,True,False,False,False,False,False,0
ISIC_0014274,True,True,2848,4288,12212224,1.5056179775280898,2848,4288,0.027128801436986417,331303,small,True,False,False,False,False,False,0
ISIC_0014284,True,True,2848,4288,12212224,1.5056179775280898,2848,4288,0.026223233376656045,320244,small,True,False,False,False,False,False,0
ISIC_0014286,True,True,2848,4288,12212224,1.5056179775280898,2848,4288,0.009226165520711052,112672,very_tiny,True,False,False,False,False,False,0
ISIC_0014288,True,True,2848,4288,12212224,1.5056179775280898,2848,4288,0.1703349856668204,2080169,normal,True,False,False,False,False,False,0
ISIC_0014289,True,True,2848,4288,12212224,1.5056179775280898,2848,4288,0.36434313684387054,4449440,normal,True,False,False,False,False,False,0
ISIC_0014290,True,True,2848,4288,12212224,1.5056179775280898,2848,4288,0.05168288757232098,631163,normal,True,False,False,False,False,False,0
ISIC_0014291,True,True,2848,4288,12212224,1.5056179775280898,2848,4288,0.09708239875062888,1185592,normal,True,False,False,False,False,False,0
ISIC_0014299,True,True,2848,4288,12212224,1.5056179775280898,2848,4288,0.009319842151601542,113816,very_tiny,True,False,False,False,False,False,0
ISIC_0014302,True,True,2848,4288,12212224,1.5056179775280898,2848,4288,0.04747014139275532,579716,small,True,False,False,False,False,False,0
ISIC_0014308,True,True,2848,4288,12212224,1.5056179775280898,2848,4288,0.07755974669314943,947177,normal,True,False,False,False,False,False,0
ISIC_0014311,True,True,2848,4288,12212224,1.5056179775280898,2848,4288,0.24140426837896192,2948083,normal,True,False,True,False,False,True,1
ISIC_0014316,True,True,2848,4288,12212224,1.5056179775280898,2848,4288,0.0903865667711303,1103821,normal,True,False,False,False,False,False,0
ISIC_0014317,True,True,2848,4288,12212224,1.5056179775280898,2848,4288,0.04214293809219353,514659,small,True,False,False,False,False,False,0
ISIC_0014324,True,True,2848,4288,12212224,1.5056179775280898,2848,4288,0.38500415649106995,4701757,normal,True,False,False,False,False,False,0
ISIC_0014325,True,True,2848,4288,12212224,1.5056179775280898,2848,4288,0.2142344424733775,2616279,normal,True,False,False,False,False,False,0
ISIC_0014327,True,True,2848,4288,12212224,1.5056179775280898,2848,4288,0.12434549186126949,1518535,normal,True,False,False,False,False,False,0
ISIC_0014328,True,True,2848,4288,12212224,1.5056179775280898,2848,4288,0.0878152087613198,1072419,normal,True,False,False,False,False,False,0
ISIC_0014331,True,True,2848,4288,12212224,1.5056179775280898,2848,4288,0.3245195142178853,3963105,normal,True,False,False,False,False,False,0
ISIC_0014336,True,True,2848,4288,12212224,1.5056179775280898,2848,4288,0.31481456612653025,3844586,normal,True,False,False,False,False,False,0
ISIC_0014337,True,True,2848,4288,12212224,1.5056179775280898,2848,4288,0.055282723277922184,675125,normal,True,False,False,False,False,False,0
ISIC_0014346,True,True,2848,4288,12212224,1.5056179775280898,2848,4288,0.011047537287229582,134915,tiny,True,False,False,False,False,False,0
ISIC_0014347,True,True,2848,4288,12212224,1.5056179775280898,2848,4288,0.14979769450674996,1829363,normal,True,False,False,False,False,False,0
ISIC_0014349,True,True,2848,4288,12212224,1.5056179775280898,2848,4288,0.12398265868690257,1514104,normal,True,False,False,False,False,False,0
ISIC_0014353,True,True,2848,4288,12212224,1.5056179775280898,2848,4288,0.014475577912753647,176779,tiny,True,False,False,False,False,False,0
ISIC_0014357,True,True,2848,4288,12212224,1.5056179775280898,2848,4288,0.1281370207424954,1564838,normal,True,False,False,False,False,False,0
ISIC_0014360,True,True,2848,4288,12212224,1.5056179775280898,2848,4288,0.04312957246771759,526708,small,True,False,False,False,False,False,0
ISIC_0014361,True,True,2848,4288,12212224,1.5056179775280898,2848,4288,0.053318625665562634,651139,normal,True,False,False,False,False,False,0
ISIC_0014365,True,True,2848,4288,12212224,1.5056179775280898,2848,4288,0.5960794692268993,7279456,normal,True,False,True,False,False,True,1
ISIC_0014366,True,True,2848,4288,12212224,1.5056179775280898,2848,4288,0.11840971800058696,1446046,normal,True,False,False,False,False,False,0
ISIC_0014372,True,True,2848,4288,12212224,1.5056179775280898,2848,4288,0.2974753820434345,3632836,normal,True,False,False,False,False,False,0
ISIC_0014382,True,True,2848,4288,12212224,1.5056179775280898,2848,4288,0.22325597696209962,2726452,normal,True,False,False,False,False,False,0
ISIC_0014385,True,True,2848,4288,12212224,1.5056179775280898,2848,4288,0.4401439082676505,5375136,normal,True,False,False,False,False,False,0
ISIC_0014386,True,True,2848,4288,12212224,1.5056179775280898,2848,4288,0.2805296561871122,3425891,normal,True,False,False,False,False,False,0
ISIC_0014392,True,True,2848,4288,12212224,1.5056179775280898,2848,4288,0.24978537897765388,3050435,normal,True,False,False,False,False,False,0
ISIC_0014393,True,True,2848,4288,12212224,1.5056179775280898,2848,4288,0.06461886057772934,789140,normal,True,False,False,False,False,False,0
ISIC_0014394,True,True,2848,4288,12212224,1.5056179775280898,2848,4288,0.036465430047794734,445324,small,True,False,False,False,False,False,0
ISIC_0014395,True,True,2848,4288,12212224,1.5056179775280898,2848,4288,0.15430760195685897,1884439,normal,True,False,False,False,False,False,0
ISIC_0014397,True,True,2848,4288,12212224,1.5056179775280898,2848,4288,0.18258295950025155,2229744,normal,True,False,False,False,False,False,0
ISIC_0014410,True,True,2848,4288,12212224,1.5056179775280898,2848,4288,0.06473554694050813,790565,normal,True,False,False,False,False,False,0
ISIC_0014419,True,True,2848,4288,12212224,1.5056179775280898,2848,4288,0.298426068830706,3644446,normal,True,False,False,False,False,False,0
ISIC_0014422,True,True,2848,4288,12212224,1.5056179775280898,2848,4288,0.4014878043507882,4903059,normal,True,False,False,False,False,False,0
ISIC_0014423,True,True,2848,4288,12212224,1.5056179775280898,2848,4288,0.1034495436703421,1263349,normal,True,False,False,False,False,False,0
ISIC_0014428,True,True,2848,4288,12212224,1.5056179775280898,2848,4288,0.043060133846218346,525860,small,True,False,False,False,False,False,0
ISIC_0014430,True,True,2848,4288,12212224,1.5056179775280898,2848,4288,0.09803382250440215,1197211,normal,True,False,False,False,False,False,0
ISIC_0014431,True,True,2848,4288,12212224,1.5056179775280898,2848,4288,0.01472156095400805,179783,tiny,True,False,False,False,False,False,0
ISIC_0014433,True,True,2848,4288,12212224,1.5056179775280898,2848,4288,0.044900748626949524,548338,small,True,False,False,False,False,False,0
ISIC_0014434,True,True,2848,4288,12212224,1.5056179775280898,2848,4288,0.06963735679922019,850427,normal,True,False,False,False,False,False,0
ISIC_0014438,True,True,2848,4288,12212224,1.5056179775280898,2848,4288,0.09787562036202414,1195279,normal,True,False,False,False,False,False,0
ISIC_0014440,True,True,2848,4288,12212224,1.5056179775280898,2848,4288,0.006784677385544189,82856,very_tiny,True,False,False,False,False,False,0
ISIC_0014441,True,True,2848,4288,12212224,1.5056179775280898,2848,4288,0.05187376189627704,633494,normal,True,False,False,False,False,False,0
ISIC_0014453,True,True,2848,4288,12212224,1.5056179775280898,2848,4288,0.029379087707529766,358784,small,True,False,False,False,False,False,0
ISIC_0014454,True,True,2848,4288,12212224,1.5056179775280898,2848,4288,0.43297723657869364,5287615,normal,True,False,False,False,False,False,0
ISIC_0014457,True,True,2848,4288,12212224,1.5056179775280898,2848,4288,0.48372802529662084,5907395,normal,True,False,False,False,False,False,0
ISIC_0014458,True,True,2848,4288,12212224,1.5056179775280898,2848,4288,0.02687913356322321,328254,small,True,False,False,False,False,False,0
ISIC_0014469,True,True,2848,4288,12212224,1.5056179775280898,2848,4288,0.04747030516308905,579718,small,True,False,False,False,False,False,0
ISIC_0014470,True,True,2848,4288,12212224,1.5056179775280898,2848,4288,0.05716526326408687,698115,normal,True,False,False,False,False,False,0
ISIC_0014473,True,True,2848,4288,12212224,1.5056179775280898,2848,4288,0.1240373579783666,1514772,normal,True,False,False,False,False,False,0
ISIC_0014475,True,True,2848,4288,12212224,1.5056179775280898,2848,4288,0.05450514173339762,665629,normal,True,False,False,False,False,False,0
ISIC_0014476,True,True,2848,4288,12212224,1.5056179775280898,2848,4288,0.03811689009307396,465492,small,True,False,False,False,False,False,0
ISIC_0014478,True,True,2848,4288,12212224,1.5056179775280898,2848,4288,0.03363613376236794,410772,small,True,False,False,False,False,False,0
ISIC_0014480,True,True,2848,4288,12212224,1.5056179775280898,2848,4288,0.10298189748239141,1257638,normal,True,False,False,False,False,False,0
ISIC_0014486,True,True,2848,4288,12212224,1.5056179775280898,2848,4288,0.0498768283320057,609107,small,True,False,False,False,False,False,0
ISIC_0014489,True,True,2848,4288,12212224,1.5056179775280898,2848,4288,0.5678676545729918,6934927,normal,True,False,False,False,False,False,0
ISIC_0014490,True,True,2848,4288,12212224,1.5056179775280898,2848,4288,0.025963084201534464,317067,small,True,False,False,False,False,False,0
ISIC_0014498,True,True,2848,4288,12212224,1.5056179775280898,2848,4288,0.044704060456146236,545936,small,True,False,False,False,False,False,0
ISIC_0014500,True,True,2848,4288,12212224,1.5056179775280898,2848,4288,0.27644489652335236,3376007,normal,True,False,False,False,False,False,0
ISIC_0014501,True,True,2848,4288,12212224,1.5056179775280898,2848,4288,0.1244365481668204,1519647,normal,True,False,False,False,False,False,0
ISIC_0014502,True,True,2848,4288,12212224,1.5056179775280898,2848,4288,0.06107618071859802,745876,normal,True,False,False,False,False,False,0
ISIC_0014503,True,True,2848,4288,12212224,1.5056179775280898,2848,4288,0.1191851705307731,1455516,normal,True,False,False,False,False,False,0
ISIC_0014506,True,True,2848,4288,12212224,1.5056179775280898,2848,4288,0.5028735961606993,6141205,normal,True,False,False,False,False,False,0
ISIC_0014507,True,True,2848,4288,12212224,1.5056179775280898,2848,4288,0.06257951049702332,764235,normal,True,False,False,False,False,False,0
ISIC_0014511,True,True,2848,4288,12212224,1.5056179775280898,2848,4288,0.015215901706355861,185820,tiny,True,False,False,False,False,False,0
ISIC_0014513,True,True,2848,4288,12212224,1.5056179775280898,2848,4288,0.08440763942751132,1030805,normal,True,False,False,False,False,False,0
ISIC_0014518,True,True,2848,4288,12212224,1.5056179775280898,2848,4288,0.1417730300394097,1731364,normal,True,False,False,False,False,False,0
ISIC_0014522,True,True,2848,4288,12212224,1.5056179775280898,2848,4288,0.02659302679020627,324760,small,True,False,False,False,False,False,0
ISIC_0014525,True,True,2848,4288,12212224,1.5056179775280898,2848,4288,0.03874568628940969,473171,small,True,False,False,False,False,False,0
ISIC_0014526,True,True,2848,4288,12212224,1.5056179775280898,2848,4288,0.03657990551106825,446722,small,True,False,False,False,False,False,0
ISIC_0014527,True,True,2848,4288,12212224,1.5056179775280898,2848,4288,0.326120123574543,3982652,normal,True,False,False,False,False,False,0
ISIC_0014529,True,True,2848,4288,12212224,1.5056179775280898,2848,4288,0.0073296231710129126,89511,very_tiny,True,False,False,False,False,False,0
ISIC_0014535,True,True,2848,4288,12212224,1.5056179775280898,2848,4288,0.10657313524547207,1301495,normal,True,False,False,False,False,False,0
ISIC_0014537,True,True,2848,4288,12212224,1.5056179775280898,2848,4288,0.21865738787627872,2670293,normal,True,False,False,False,False,False,0
ISIC_0014541,True,True,2848,4288,12212224,1.5056179775280898,2848,4288,0.24671443956481637,3012932,normal,True,False,False,False,False,False,0
ISIC_0014542,True,True,2848,4288,12212224,1.5056179775280898,2848,4288,0.2773918165929482,3387571,normal,True,False,False,False,False,False,0
ISIC_0014543,True,True,2848,4288,12212224,1.5056179775280898,2848,4288,0.07212379989099446,880792,normal,True,False,False,False,False,False,0
ISIC_0014545,True,True,2848,4288,12212224,1.5056179775280898,2848,4288,0.05952732278739728,726961,normal,True,False,False,False,False,False,0
ISIC_0014546,True,True,2848,4288,12212224,1.5056179775280898,2848,4288,0.5826833015837246,7115859,normal,True,False,False,False,False,False,0
ISIC_0014547,True,True,2848,4288,12212224,1.5056179775280898,2848,4288,0.00733658341019621,89596,very_tiny,True,False,False,False,False,False,0
ISIC_0014548,True,True,2848,4288,12212224,1.5056179775280898,2848,4288,0.18941766872274862,2313211,normal,True,False,False,False,False,False,0
ISIC_0014554,True,True,2848,4288,12212224,1.5056179775280898,2848,4288,0.15748875880429314,1923288,normal,True,False,False,False,False,False,0
ISIC_0014558,True,True,2848,4288,12212224,1.5056179775280898,2848,4288,0.17147417210820895,2094081,normal,True,False,False,False,False,False,0
ISIC_0014559,True,True,2848,4288,12212224,1.5056179775280898,2848,4288,0.310553425813349,3792548,normal,True,False,False,False,False,False,0
ISIC_0014567,True,True,1936,2592,5018112,1.3388429752066116,1936,2592,0.10155134042444648,509596,normal,True,False,False,False,False,False,0
ISIC_0014572,True,True,1936,2592,5018112,1.3388429752066116,1936,2592,0.05462353171870217,274107,normal,True,False,False,False,False,False,0
ISIC_0014573,True,True,1936,2592,5018112,1.3388429752066116,1936,2592,0.036066153963881235,180984,small,True,False,False,False,False,False,0
ISIC_0014574,True,True,1936,2592,5018112,1.3388429752066116,1936,2592,0.035232972081930415,176803,small,True,False,False,False,False,False,0
ISIC_0014576,True,True,1936,2592,5018112,1.3388429752066116,1936,2592,0.05861586987297215,294141,normal,True,False,False,False,False,False,0
ISIC_0014577,True,True,1936,2592,5018112,1.3388429752066116,1936,2592,0.12047618705999388,604563,normal,True,False,False,False,False,False,0
ISIC_0014580,True,True,1936,2592,5018112,1.3388429752066116,1936,2592,0.20206603599122538,1013990,normal,True,False,False,False,False,False,0
ISIC_0014581,True,True,1936,2592,5018112,1.3388429752066116,1936,2592,0.2428644478242016,1218721,normal,True,False,False,False,False,False,0
ISIC_0014583,True,True,1936,2592,5018112,1.3388429752066116,1936,2592,0.05110049357208448,256428,normal,True,False,False,False,False,False,0
ISIC_0014585,True,True,3456,5184,17915904,1.5,3456,5184,0.029851466049382717,534816,small,True,False,False,False,False,False,0
ISIC_0014586,True,True,3456,5184,17915904,1.5,3456,5184,0.22297775205761317,3994848,normal,True,False,False,False,False,False,0
ISIC_0014587,True,True,1936,2592,5018112,1.3388429752066116,1936,2592,0.041055281348841954,206020,small,True,False,False,False,False,False,0
ISIC_0014596,True,True,1936,2592,5018112,1.3388429752066116,1936,2592,0.018037062544638303,90512,tiny,True,False,False,False,False,False,0
ISIC_0014599,True,True,1936,2592,5018112,1.3388429752066116,1936,2592,0.30394558750382616,1525233,normal,True,False,False,False,False,False,0
ISIC_0014600,True,True,1936,2592,5018112,1.3388429752066116,1936,2592,0.04579351756198347,229797,small,True,False,False,False,False,False,0
ISIC_0014601,True,True,1936,2592,5018112,1.3388429752066116,1936,2592,0.1451681429190899,728470,normal,True,False,False,False,False,False,0
ISIC_0014603,True,True,1936,2592,5018112,1.3388429752066116,1936,2592,0.11659644105193348,585094,normal,True,False,False,False,False,False,0
ISIC_0014605,True,True,1936,2592,5018112,1.3388429752066116,1936,2592,0.32800284250331596,1645955,normal,True,True,False,False,False,True,1
ISIC_0014609,True,True,1936,2592,5018112,1.3388429752066116,1936,2592,0.35206169172788493,1766685,normal,True,True,False,False,False,True,1
ISIC_0014610,True,True,1936,2592,5018112,1.3388429752066116,1936,2592,0.03656355218855219,183480,small,True,False,False,False,False,False,0
ISIC_0014617,True,True,1936,2592,5018112,1.3388429752066116,1936,2592,0.02557196810274462,128323,small,True,False,False,False,False,False,0
ISIC_0014619,True,True,1936,2592,5018112,1.3388429752066116,1936,2592,0.08097866289154168,406360,normal,True,False,False,False,False,False,0
ISIC_0014623,True,True,1936,2592,5018112,1.3388429752066116,1936,2592,0.3860350267192123,1937167,normal,True,False,False,False,False,False,0
ISIC_0014624,True,True,1936,2592,5018112,1.3388429752066116,1936,2592,0.09900476513876134,496817,normal,True,False,False,False,False,False,0
ISIC_0014625,True,True,1936,2592,5018112,1.3388429752066116,1936,2592,0.22163953295582084,1112212,normal,True,False,False,False,False,False,0
ISIC_0014628,True,True,1936,2592,5018112,1.3388429752066116,1936,2592,0.06231267855320886,312692,normal,True,False,False,False,False,False,0
ISIC_0014632,True,True,1936,2592,5018112,1.3388429752066116,1936,2592,0.010057567467605347,50470,tiny,True,False,False,False,False,False,0
ISIC_0014633,True,True,1936,2592,5018112,1.3388429752066116,1936,2592,0.019442172673706765,97563,tiny,True,False,False,False,False,False,0
ISIC_0014635,True,True,1936,2592,5018112,1.3388429752066116,1936,2592,0.12266665231864096,615555,normal,True,False,False,False,False,False,0
ISIC_0014637,True,True,1936,2592,5018112,1.3388429752066116,1936,2592,0.05789707364044485,290534,normal,True,False,False,False,False,False,0
ISIC_0014639,True,True,1936,2592,5018112,1.3388429752066116,1936,2592,0.12178883213447607,611150,normal,True,False,False,False,False,False,0
ISIC_0014640,True,True,1936,2592,5018112,1.3388429752066116,1936,2592,0.16173214149066423,811590,normal,True,False,False,False,False,False,0
ISIC_0014642,True,True,1936,2592,5018112,1.3388429752066116,1936,2592,0.09120721099887767,457688,normal,True,False,False,False,False,False,0
ISIC_0014643,True,True,1936,2592,5018112,1.3388429752066116,1936,2592,0.1394008344174064,699529,normal,True,False,False,False,False,False,0
ISIC_0014651,True,True,1936,2592,5018112,1.3388429752066116,1936,2592,0.04643220398428732,233002,small,True,False,False,False,False,False,0
ISIC_0014652,True,True,1936,2592,5018112,1.3388429752066116,1936,2592,0.5809200751198857,2915122,normal,True,False,False,False,False,False,0
ISIC_0014657,True,True,4361,6602,28791322,1.5138729649163036,4361,6602,0.11115186027234178,3200209,normal,True,False,False,False,False,False,0
ISIC_0014658,True,True,4401,6682,29407482,1.5182912974324017,4401,6682,0.18927519874023896,5566107,normal,True,False,False,False,False,False,0
ISIC_0014661,True,True,4440,6662,29579280,1.5004504504504506,4440,6662,0.16541322168761377,4892804,normal,True,False,False,False,False,False,0
ISIC_0014663,True,True,4479,6668,29865972,1.488725161866488,4479,6668,0.4546692469945395,13579139,normal,True,True,False,False,False,True,1
ISIC_0014664,True,True,4419,6628,29289132,1.4998868522290112,4419,6628,0.5660046190511894,16577784,normal,True,False,False,False,False,False,0
ISIC_0014665,True,True,4419,6688,29554272,1.5134645847476804,4419,6688,0.10276947440965556,3037277,normal,True,False,False,False,False,False,0
ISIC_0014666,True,True,4439,6668,29599252,1.50214012164902,4439,6668,0.5353891037516759,15847117,normal,True,False,False,False,False,False,0
ISIC_0014667,True,True,4459,6688,29821792,1.499887867234806,4459,6688,0.11003637876623913,3281482,normal,True,False,False,False,False,False,0
ISIC_0014675,True,True,4439,6708,29776812,1.5111511601712098,4439,6708,0.10255664709842008,3053810,normal,True,False,False,False,False,False,0
ISIC_0014677,True,True,4420,6642,29357640,1.5027149321266968,4420,6642,0.19738763061335993,5794835,normal,True,False,False,False,False,False,0
ISIC_0014680,True,True,4439,6688,29688032,1.506645640910115,4439,6688,0.222408949168473,6602884,normal,True,False,False,False,False,False,0
ISIC_0014682,True,True,4399,6628,29156572,1.506706069561264,4399,6628,0.6861398864036554,20005487,normal,True,False,True,False,False,True,1
ISIC_0014683,True,True,4401,6620,29134620,1.5042035900931607,4401,6620,0.24109794464455003,7024297,normal,True,False,False,False,False,False,0
ISIC_0014684,True,True,4419,6628,29289132,1.4998868522290112,4419,6628,0.0655674944549398,1920415,normal,True,False,False,False,False,False,0
ISIC_0014685,True,True,4419,6648,29377512,1.5044127630685675,4419,6648,0.03974039734882927,1167474,small,True,False,False,False,False,False,0
ISIC_0014687,True,True,4439,6668,29599252,1.50214012164902,4439,6668,0.3608196585508309,10679992,normal,True,False,False,False,False,False,0
ISIC_0014688,True,True,4398,6648,29237904,1.5115961800818554,4398,6648,0.8329429838746307,24353507,normal,True,True,False,False,False,True,1
ISIC_0014692,True,True,4419,6648,29377512,1.5044127630685675,4419,6648,0.0941630795691616,2766277,normal,True,False,False,False,False,False,0
ISIC_0014693,True,True,4439,6628,29421692,1.4931290831268305,4439,6628,0.6537586281577552,19234685,normal,True,False,True,False,False,True,1
ISIC_0014694,True,True,4439,6648,29510472,1.4976346023879252,4439,6648,0.29861064235095935,8812141,normal,True,False,False,False,False,False,0
ISIC_0014696,True,True,4459,6648,29643432,1.4909172460192868,4459,6648,0.4941873464583993,14649409,normal,True,False,False,False,False,False,0
ISIC_0014697,True,True,4401,6642,29231442,1.50920245398773,4401,6642,0.1706174467889747,4987394,normal,True,False,False,False,False,False,0
ISIC_0014698,True,True,4401,6642,29231442,1.50920245398773,4401,6642,0.09561953871451159,2795097,normal,True,False,False,False,False,False,0
ISIC_0014702,True,True,4400,6641,29220400,1.5093181818181818,4400,6641,0.09126363773254302,2666760,normal,True,False,False,False,False,False,0
ISIC_0014703,True,True,4401,6602,29055402,1.5001136105430584,4401,6602,0.771058648577638,22403419,normal,True,False,False,False,False,False,0
ISIC_0014707,True,True,4400,6641,29220400,1.5093181818181818,4400,6641,0.10375381582729874,3031728,normal,True,False,False,False,False,False,0
ISIC_0014708,True,True,4421,6622,29275862,1.4978511648948203,4421,6622,0.25845968258765534,7566630,normal,True,False,False,False,False,False,0
ISIC_0014713,True,True,4401,6602,29055402,1.5001136105430584,4401,6602,0.2415652689988595,7018776,normal,True,False,False,False,False,False,0
ISIC_0014714,True,True,4422,6622,29282484,1.4975124378109452,4422,6622,0.6798774311632851,19908500,normal,True,True,True,False,True,True,3
ISIC_0014715,True,True,4400,6622,29136800,1.505,4400,6622,0.13572540567255156,3954604,normal,True,False,False,False,False,False,0
ISIC_0014716,True,True,4440,6641,29486040,1.4957207207207208,4440,6641,0.39359032274255884,11605420,normal,True,False,False,False,False,False,0
ISIC_0014720,True,True,4420,6622,29269240,1.4981900452488688,4420,6622,0.49514739706258176,14492588,normal,True,False,False,False,False,False,0
ISIC_0014722,True,True,4402,6602,29062004,1.4997728305315765,4402,6602,0.5411328138279796,15726404,normal,True,False,True,False,False,True,1
ISIC_0014723,True,True,4382,6602,28929964,1.5066179826563213,4382,6602,0.4169522990073545,12062415,normal,True,False,False,False,False,False,0
ISIC_0014724,True,True,4382,6582,28842324,1.5020538566864445,4382,6582,0.701061987931347,20220257,normal,True,True,False,False,False,True,1
ISIC_0014725,True,True,4401,6602,29055402,1.5001136105430584,4401,6602,0.3061285815284882,8894689,normal,True,False,False,False,False,False,0
ISIC_0014726,True,True,4440,6641,29486040,1.4957207207207208,4440,6641,0.4121259755463942,12151963,normal,True,False,False,False,False,False,0
ISIC_0014728,True,True,4399,6627,29152173,1.5064787451693566,4399,6627,0.4750218448552703,13847919,normal,True,False,False,False,False,False,0
ISIC_0014729,True,True,4439,6648,29510472,1.4976346023879252,4439,6648,0.5712157365697167,16856846,normal,True,False,False,False,False,False,0
ISIC_0014730,True,True,4439,6668,29599252,1.50214012164902,4439,6668,0.12200092083408054,3611136,normal,True,False,False,False,False,False,0
ISIC_0014731,True,True,4439,6668,29599252,1.50214012164902,4439,6668,0.1046555500794412,3097726,normal,True,False,False,False,False,False,0
ISIC_0014735,True,True,4399,6648,29244552,1.511252557399409,4399,6648,0.6823838505031639,19956010,normal,True,True,True,False,False,True,2
ISIC_0014739,True,True,4439,6688,29688032,1.506645640910115,4439,6688,0.13927854833894007,4134906,normal,True,False,False,False,False,False,0
ISIC_0014740,True,True,4439,6668,29599252,1.50214012164902,4439,6668,0.5516587716473376,16328687,normal,True,False,True,False,False,True,1
ISIC_0014742,True,True,4419,6648,29377512,1.5044127630685675,4419,6648,0.5845049437814883,17171301,normal,True,False,False,False,False,False,0
ISIC_0014743,True,True,4399,6628,29156572,1.506706069561264,4399,6628,0.4127154591424534,12033368,normal,True,False,False,False,False,False,0
ISIC_0014745,True,True,4439,6688,29688032,1.506645640910115,4439,6688,0.2514707610123837,7465672,normal,True,False,False,False,False,False,0
ISIC_0014746,True,True,4420,6642,29357640,1.5027149321266968,4420,6642,0.5815278407937423,17072285,normal,True,True,False,False,False,True,1
ISIC_0014748,True,True,4419,6668,29465892,1.508938673908124,4419,6668,0.4297304150846681,12662390,normal,True,False,True,False,False,True,1
ISIC_0014749,True,True,4459,6648,29643432,1.4909172460192868,4459,6648,0.36266266335153097,10750566,normal,True,False,False,False,False,False,0
ISIC_0014753,True,True,4439,6668,29599252,1.50214012164902,4439,6668,0.5085518377288724,15052754,normal,True,True,True,False,False,True,2
ISIC_0014754,True,True,4399,6648,29244552,1.511252557399409,4399,6648,0.3103692270615053,9076609,normal,True,False,False,False,False,False,0
ISIC_0014755,True,True,4439,6668,29599252,1.50214012164902,4439,6668,0.2660625680675985,7875253,normal,True,False,False,False,False,False,0
ISIC_0014760,True,True,4439,6648,29510472,1.4976346023879252,4439,6648,0.6615797266814303,19523530,normal,True,False,False,True,False,True,1
ISIC_0014762,True,True,4419,6628,29289132,1.4998868522290112,4419,6628,0.7515790498673706,22013098,normal,True,True,False,True,False,True,2
ISIC_0014763,True,True,4421,6642,29364282,1.5023750282741462,4421,6642,0.566934073170936,16647612,normal,True,False,False,False,False,False,0
ISIC_0014765,True,True,4441,6681,29670321,1.5043909029497862,4441,6681,0.2716081838143915,8058702,normal,True,False,False,False,False,False,0
ISIC_0014768,True,True,4421,6642,29364282,1.5023750282741462,4421,6642,0.11863010987294019,3483488,normal,True,False,False,False,False,False,0
ISIC_0014769,True,True,4422,6642,29370924,1.502035278154681,4422,6642,0.42520654099952726,12488709,normal,True,False,False,False,False,False,0
ISIC_0014770,True,True,4382,6682,29280524,1.5248744865358284,4382,6682,0.15102007737293227,4421947,normal,True,False,False,False,False,False,0
ISIC_0014771,True,True,4420,6621,29264820,1.4979638009049774,4420,6621,0.4276123003661051,12513997,normal,True,False,False,False,False,False,0
ISIC_0014772,True,True,4401,6642,29231442,1.50920245398773,4401,6642,0.4723288026639261,13806852,normal,True,False,False,False,False,False,0
ISIC_0014773,True,True,4420,6642,29357640,1.5027149321266968,4420,6642,0.2032094201032508,5965749,normal,True,False,False,False,False,False,0
ISIC_0014775,True,True,4401,6642,29231442,1.50920245398773,4401,6642,0.6418465089748224,18762099,normal,True,False,False,False,False,False,0
ISIC_0014778,True,True,4420,6681,29530020,1.5115384615384615,4420,6681,0.07812964569614243,2307170,normal,True,False,False,False,False,False,0
ISIC_0014779,True,True,4441,6621,29403861,1.4908804323350597,4441,6621,0.18402603658070618,5411076,normal,True,False,False,False,False,False,0
ISIC_0014780,True,True,4441,6682,29674762,1.5046160774600315,4441,6682,0.21886153627786467,6494664,normal,True,False,False,False,False,False,0
ISIC_0014782,True,True,4441,6661,29581501,1.4998874127448774,4441,6661,0.23352831217050143,6908118,normal,True,False,False,False,False,False,0
ISIC_0014783,True,True,4422,6661,29454942,1.5063319764812302,4422,6661,0.27061414685522045,7970924,normal,True,False,False,False,False,False,0
ISIC_0014784,True,True,4422,6642,29370924,1.502035278154681,4422,6642,0.6522712053594228,19157808,normal,True,True,False,True,False,True,2
ISIC_0014785,True,True,4401,6621,29139021,1.5044308111792775,4401,6621,0.21320980550444713,6212725,normal,True,False,False,False,False,False,0
ISIC_0014786,True,True,4420,6642,29357640,1.5027149321266968,4420,6642,0.5518143828999879,16199968,normal,True,False,False,False,False,False,0
ISIC_0014787,True,True,4421,6641,29359861,1.5021488351051797,4421,6641,0.6095364688545358,17895906,normal,True,True,False,False,True,True,2
ISIC_0014788,True,True,4441,6622,29408302,1.491105606845305,4441,6622,0.11222790081521877,3300432,normal,True,False,False,False,False,False,0
ISIC_0014790,True,True,4441,6641,29492681,1.4953839225399685,4441,6641,0.885768777684199,26123696,normal,True,False,False,False,False,False,0
ISIC_0014791,True,True,4441,6641,29492681,1.4953839225399685,4441,6641,0.6252626880547075,18440673,normal,True,True,True,False,False,True,2
ISIC_0014792,True,True,4401,6600,29046600,1.499659168370825,4401,6600,0.042552209208650923,1235997,small,True,False,False,False,False,False,0
ISIC_0014794,True,True,4441,6621,29403861,1.4908804323350597,4441,6621,0.3739158609136399,10994570,normal,True,False,False,False,False,False,0
ISIC_0014795,True,True,4420,6641,29353220,1.5024886877828054,4420,6641,0.18780239442214516,5512605,normal,True,False,False,False,False,False,0
ISIC_0014796,True,True,4420,6641,29353220,1.5024886877828054,4420,6641,0.1395792011915558,4097099,normal,True,False,False,False,False,False,0
ISIC_0014797,True,True,4421,6622,29275862,1.4978511648948203,4421,6622,0.04031454308672448,1180243,small,True,False,False,False,False,False,0
ISIC_0014798,True,True,4441,6662,29585942,1.5001125872551226,4441,6662,0.31603834010084925,9350292,normal,True,False,False,False,False,False,0
ISIC_0014800,True,True,4422,6642,29370924,1.502035278154681,4422,6642,0.27376169711242315,8040634,normal,True,False,False,False,False,False,0
ISIC_0014802,True,True,4420,6642,29357640,1.5027149321266968,4420,6642,0.12542445509925185,3682166,normal,True,False,False,False,False,False,0
ISIC_0014803,True,True,4420,6642,29357640,1.5027149321266968,4420,6642,0.580901121479792,17053886,normal,True,True,False,False,False,True,1
ISIC_0014804,True,True,4461,6661,29714721,1.4931629679444072,4461,6661,0.22376313073913767,6649059,normal,True,False,False,False,False,False,0
ISIC_0014805,True,True,4461,6661,29714721,1.4931629679444072,4461,6661,0.07098269574868295,2109231,normal,True,False,False,False,False,False,0
ISIC_0014806,True,True,4422,6642,29370924,1.502035278154681,4422,6642,0.2056114067095744,6038997,normal,True,False,False,False,False,False,0
ISIC_0014807,True,True,4401,6621,29139021,1.5044308111792775,4401,6621,0.6258124114739476,18235561,normal,True,True,True,False,True,True,3
ISIC_0014808,True,True,4422,6642,29370924,1.502035278154681,4422,6642,0.2197261141665138,6453559,normal,True,False,False,False,False,False,0
ISIC_0014809,True,True,4421,6622,29275862,1.4978511648948203,4421,6622,0.16381737965563575,4795895,normal,True,False,False,False,False,False,0
ISIC_0014812,True,True,4422,6642,29370924,1.502035278154681,4422,6642,0.07355890471814915,2160493,normal,True,False,False,False,False,False,0
ISIC_0014814,True,True,4420,6620,29260400,1.497737556561086,4420,6620,0.14570651802436058,4263431,normal,True,False,False,False,False,False,0
ISIC_0014815,True,True,4420,6661,29441620,1.5070135746606335,4420,6661,0.2175729120883973,6405699,normal,True,False,False,False,False,False,0
ISIC_0014818,True,True,4401,6641,29227041,1.5089752329016133,4401,6641,0.46057570453334634,13461265,normal,True,False,False,False,False,False,0
ISIC_0014820,True,True,4441,6622,29408302,1.491105606845305,4441,6622,0.04745843537651375,1395672,small,True,False,False,False,False,False,0
ISIC_0014821,True,True,4422,6642,29370924,1.502035278154681,4422,6642,0.13838352514888533,4064452,normal,True,False,False,False,False,False,0
ISIC_0014823,True,True,4441,6622,29408302,1.491105606845305,4441,6622,0.08325458572888704,2448376,normal,True,False,False,False,False,False,0
ISIC_0014825,True,True,4441,6642,29497122,1.4956090970502138,4441,6642,0.38091682300395274,11235950,normal,True,False,False,False,False,False,0
ISIC_0014826,True,True,4401,6621,29139021,1.5044308111792775,4401,6621,0.473400358920775,13794423,normal,True,False,False,False,False,False,0
ISIC_0014829,True,True,4441,6642,29497122,1.4956090970502138,4441,6642,0.08942862290090538,2637887,normal,True,False,False,False,False,False,0
ISIC_0014830,True,True,4441,6681,29670321,1.5043909029497862,4441,6681,0.32862563232800884,9750428,normal,True,False,False,False,False,False,0
ISIC_0014831,True,True,4420,6642,29357640,1.5027149321266968,4420,6642,0.36532875258365455,10725190,normal,True,False,False,False,False,False,0
ISIC_0014832,True,True,4440,6642,29490480,1.4959459459459459,4440,6642,0.2667111895092925,7865441,normal,True,False,False,False,False,False,0
ISIC_0014833,True,True,4441,6641,29492681,1.4953839225399685,4441,6641,0.8617322040000365,25414793,normal,True,False,False,False,False,False,0
ISIC_0014834,True,True,4421,6661,29448281,1.5066726984845058,4421,6661,0.19579988387098046,5765970,normal,True,False,False,False,False,False,0
ISIC_0014835,True,True,4461,6681,29803941,1.4976462676529927,4461,6681,0.4299877321593141,12815329,normal,True,False,False,False,False,False,0
ISIC_0014836,True,True,4401,6622,29143422,1.5046580322653942,4401,6622,0.22898831166772385,6673503,normal,True,False,False,False,False,False,0
ISIC_0014838,True,True,4420,6640,29348800,1.502262443438914,4420,6640,0.45573784958839886,13375359,normal,True,False,False,False,False,False,0
ISIC_0014839,True,True,4441,6622,29408302,1.491105606845305,4441,6622,0.13951815375127744,4102992,normal,True,False,False,False,False,False,0
ISIC_0014843,True,True,4421,6642,29364282,1.5023750282741462,4421,6642,0.27451663895613043,8060984,normal,True,False,False,False,False,False,0
ISIC_0014844,True,True,4420,6620,29260400,1.497737556561086,4420,6620,0.13874861587674808,4059840,normal,True,False,False,False,False,False,0
ISIC_0014845,True,True,4401,6622,29143422,1.5046580322653942,4401,6622,0.14920790701929237,4348429,normal,True,False,False,False,False,False,0
ISIC_0014846,True,True,4440,6641,29486040,1.4957207207207208,4440,6641,0.5465470439570725,16115508,normal,True,False,False,False,False,False,0
ISIC_0014848,True,True,4419,6628,29289132,1.4998868522290112,4419,6628,0.09028430750354773,2644349,normal,True,False,False,False,False,False,0
ISIC_0014849,True,True,4459,6648,29643432,1.4909172460192868,4459,6648,0.21153677482418365,6270676,normal,True,False,False,False,False,False,0
ISIC_0014850,True,True,4459,6668,29732612,1.4954025566270464,4459,6668,0.155200222570422,4614508,normal,True,False,False,False,False,False,0
ISIC_0014851,True,True,4439,6648,29510472,1.4976346023879252,4439,6648,0.17230259820988292,5084731,normal,True,False,False,False,False,False,0
ISIC_0014853,True,True,4439,6648,29510472,1.4976346023879252,4439,6648,0.08274757516585976,2441920,normal,True,False,False,False,False,False,0
ISIC_0014854,True,True,4439,6708,29776812,1.5111511601712098,4439,6708,0.46507016936534373,13848307,normal,True,False,False,False,False,False,0
ISIC_0014855,True,True,4419,6628,29289132,1.4998868522290112,4419,6628,0.23894443167520293,6998475,normal,True,False,False,False,False,False,0
ISIC_0014857,True,True,4439,6628,29421692,1.4931290831268305,4439,6628,0.6217757632701749,18293695,normal,True,True,True,False,False,True,2
ISIC_0014860,True,True,4439,6668,29599252,1.50214012164902,4439,6668,0.23064380140417062,6826884,normal,True,False,False,False,False,False,0
ISIC_0014862,True,True,4439,6668,29599252,1.50214012164902,4439,6668,0.4082676481148916,12084417,normal,True,False,True,False,False,True,1
ISIC_0014863,True,True,4419,6648,29377512,1.5044127630685675,4419,6648,0.17950621550252452,5273446,normal,True,False,False,False,False,False,0
ISIC_0014867,True,True,4459,6668,29732612,1.4954025566270464,4459,6668,0.1409189344010543,4189888,normal,True,False,False,False,False,False,0
ISIC_0014868,True,True,4439,6648,29510472,1.4976346023879252,4439,6648,0.5085999641076564,15009025,normal,True,False,True,False,False,True,1
ISIC_0014869,True,True,4459,6648,29643432,1.4909172460192868,4459,6648,0.28478119537575813,8441892,normal,True,False,False,False,False,False,0
ISIC_0014872,True,True,4459,6668,29732612,1.4954025566270464,4459,6668,0.6878454540085479,20451442,normal,True,False,False,False,False,False,0
ISIC_0014876,True,True,4439,6668,29599252,1.50214012164902,4439,6668,0.41218014563340993,12200224,normal,True,False,False,False,False,False,0
ISIC_0014879,True,True,4439,6648,29510472,1.4976346023879252,4439,6648,0.031008450152881322,915074,small,True,False,False,False,False,False,0
ISIC_0014883,True,True,4439,6668,29599252,1.50214012164902,4439,6668,0.3392847224652839,10042574,normal,True,False,True,False,False,True,1
ISIC_0014890,True,True,4457,6715,29928755,1.5066188018846758,4457,6715,0.11613510151023657,3475779,normal,True,False,False,False,False,False,0
ISIC_0014891,True,True,4439,6668,29599252,1.50214012164902,4439,6668,0.5314508285547216,15730547,normal,True,False,False,False,False,False,0
ISIC_0014897,True,True,4459,6668,29732612,1.4954025566270464,4459,6668,0.21788425450142088,6478268,normal,True,False,False,False,False,False,0
ISIC_0014898,True,True,4439,6648,29510472,1.4976346023879252,4439,6648,0.4277007158679129,12621650,normal,True,False,False,False,False,False,0
ISIC_0014901,True,True,4497,6695,30107415,1.4887702913053147,4497,6695,0.18841275479811204,5672621,normal,True,False,False,False,False,False,0
ISIC_0014903,True,True,4477,6694,29969038,1.4951976770158588,4477,6694,0.19449740095094142,5828900,normal,True,False,False,False,False,False,0
ISIC_0014904,True,True,4439,6668,29599252,1.50214012164902,4439,6668,0.18566236065695174,5495467,normal,True,False,False,False,False,False,0
ISIC_0014907,True,True,4459,6688,29821792,1.499887867234806,4459,6688,0.14767113927962477,4403818,normal,True,False,False,False,False,False,0
ISIC_0014908,True,True,4439,6688,29688032,1.506645640910115,4439,6688,0.14660345286612464,4352368,normal,True,False,False,False,False,False,0
ISIC_0014910,True,True,4459,6688,29821792,1.499887867234806,4459,6688,0.5008617859047505,14936596,normal,True,True,False,False,False,True,1
ISIC_0014911,True,True,4439,6708,29776812,1.5111511601712098,4439,6708,0.47467630181498277,14134347,normal,True,False,False,False,False,False,0
ISIC_0014912,True,True,4439,6708,29776812,1.5111511601712098,4439,6708,0.4024168201753767,11982690,normal,True,False,False,True,True,True,2
ISIC_0014913,True,True,4439,6708,29776812,1.5111511601712098,4439,6708,0.3811791873488673,11350301,normal,True,False,False,False,False,False,0
ISIC_0014915,True,True,4459,6708,29910972,1.5043731778425655,4459,6708,0.461606831098635,13807109,normal,True,False,False,False,False,False,0
ISIC_0014919,True,True,4459,6708,29910972,1.5043731778425655,4459,6708,0.17541472741173372,5246825,normal,True,False,False,False,False,False,0
ISIC_0014920,True,True,4439,6668,29599252,1.50214012164902,4439,6668,0.13161150153389012,3895602,normal,True,False,False,False,False,False,0
ISIC_0014921,True,True,4439,6708,29776812,1.5111511601712098,4439,6708,0.2422000044867127,7211944,normal,True,False,False,False,False,False,0
ISIC_0014922,True,True,4439,6668,29599252,1.50214012164902,4439,6668,0.3897449503115822,11536159,normal,True,True,False,False,False,True,1
ISIC_0014923,True,True,4499,6748,30359252,1.4998888641920427,4499,6748,0.08234168615221482,2499832,normal,True,False,False,False,False,False,0
ISIC_0014925,True,True,4439,6708,29776812,1.5111511601712098,4439,6708,0.10663559282303291,3175268,normal,True,False,False,False,False,False,0
ISIC_0014926,True,True,4439,6708,29776812,1.5111511601712098,4439,6708,0.1748553874739848,5206636,normal,True,False,False,False,False,False,0
ISIC_0014927,True,True,4439,6668,29599252,1.50214012164902,4439,6668,0.542547088689944,16058988,normal,True,False,False,False,False,False,0
ISIC_0014928,True,True,4439,6688,29688032,1.506645640910115,4439,6688,0.09490315828277199,2817488,normal,True,False,False,False,False,False,0
ISIC_0014929,True,True,4439,6708,29776812,1.5111511601712098,4439,6708,0.05457229605372126,1624989,normal,True,False,False,False,False,False,0
ISIC_0014930,True,True,4459,6728,30000152,1.508858488450325,4459,6728,0.15651544032176903,4695487,normal,True,False,False,False,False,False,0
ISIC_0014931,True,True,4439,6688,29688032,1.506645640910115,4439,6688,0.26599813015561286,7896961,normal,True,False,False,False,False,False,0
ISIC_0014932,True,True,4439,6688,29688032,1.506645640910115,4439,6688,0.5882136950000593,17462907,normal,True,True,True,False,True,True,3
ISIC_0014933,True,True,4399,6688,29420512,1.520345533075699,4399,6688,0.06432393154816612,1892443,normal,True,False,False,False,False,False,0
ISIC_0014936,True,True,4439,6668,29599252,1.50214012164902,4439,6668,0.2061286210881275,6101253,normal,True,False,False,False,False,False,0
ISIC_0014937,True,True,4439,6688,29688032,1.506645640910115,4439,6688,0.7515129665718495,22310941,normal,True,True,True,False,False,True,2
ISIC_0014938,True,True,4439,6688,29688032,1.506645640910115,4439,6688,0.19024443924070145,5647983,normal,True,False,False,False,False,False,0
ISIC_0014940,True,True,4439,6708,29776812,1.5111511601712098,4439,6708,0.2508063992881441,7468215,normal,True,False,False,False,False,False,0
ISIC_0014941,True,True,4419,6708,29642652,1.517990495587237,4419,6708,0.3023791865855997,8963321,normal,True,False,False,False,False,False,0
ISIC_0014942,True,True,4419,6668,29465892,1.508938673908124,4419,6668,0.09954349931099998,2933138,normal,True,False,False,False,False,False,0
ISIC_0014943,True,True,4439,6668,29599252,1.50214012164902,4439,6668,0.15664436385081623,4636556,normal,True,False,False,False,False,False,0
ISIC_0014944,True,True,4439,6688,29688032,1.506645640910115,4439,6688,0.12437729115894243,3692517,normal,True,False,False,False,False,False,0
ISIC_0014945,True,True,4439,6688,29688032,1.506645640910115,4439,6688,0.05224408273340584,1551024,normal,True,False,False,False,False,False,0
ISIC_0014946,True,True,4439,6688,29688032,1.506645640910115,4439,6688,0.310677346346164,9223399,normal,True,False,False,False,False,False,0
ISIC_0014947,True,True,4439,6688,29688032,1.506645640910115,4439,6688,0.2329669747054975,6916331,normal,True,False,False,False,False,False,0
ISIC_0014948,True,True,4439,6688,29688032,1.506645640910115,4439,6688,0.729937167947003,21670398,normal,True,True,True,True,False,True,3
ISIC_0014949,True,True,4459,6708,29910972,1.5043731778425655,4459,6708,0.3567365513899047,10670337,normal,True,False,False,False,False,False,0
ISIC_0014951,True,True,4439,6687,29683593,1.5064203649470602,4439,6687,0.5843582682190798,17345853,normal,True,False,True,False,False,True,1
ISIC_0014952,True,True,4419,6688,29554272,1.5134645847476804,4419,6688,0.3417539433893009,10100289,normal,True,False,False,False,False,False,0
ISIC_0014955,True,True,4439,6688,29688032,1.506645640910115,4439,6688,0.12190579018508199,3619143,normal,True,False,False,False,False,False,0
ISIC_0014956,True,True,4439,6688,29688032,1.506645640910115,4439,6688,0.3453418872628539,10252521,normal,True,False,False,False,False,False,0
ISIC_0014957,True,True,4439,6668,29599252,1.50214012164902,4439,6668,0.3496028548288991,10347983,normal,True,False,True,False,False,True,1
ISIC_0014958,True,True,4459,6688,29821792,1.499887867234806,4459,6688,0.3548811888970321,10583193,normal,True,False,False,False,False,False,0
ISIC_0014961,True,True,4459,6688,29821792,1.499887867234806,4459,6688,0.5714261570867372,17040952,normal,True,False,True,False,False,True,1
ISIC_0014962,True,True,4439,6688,29688032,1.506645640910115,4439,6688,0.4691841816931483,13929155,normal,True,False,False,False,False,False,0
ISIC_0014963,True,True,4459,6688,29821792,1.499887867234806,4459,6688,0.7375760316482658,21995839,normal,True,False,False,True,True,True,2
ISIC_0014964,True,True,4439,6708,29776812,1.5111511601712098,4439,6708,0.40863622338079714,12167884,normal,True,False,False,False,False,False,0
ISIC_0014966,True,True,4459,6688,29821792,1.499887867234806,4459,6688,0.3690179315850637,11004776,normal,True,True,False,False,False,True,1
ISIC_0014968,True,True,4439,6688,29688032,1.506645640910115,4439,6688,0.4311765091064305,12800782,normal,True,False,False,False,True,True,1
ISIC_0014969,True,True,4459,6688,29821792,1.499887867234806,4459,6688,0.3081457009692778,9189457,normal,True,False,False,False,False,False,0
ISIC_0014973,True,True,4441,6661,29581501,1.4998874127448774,4441,6661,0.6757177737532656,19988746,normal,True,False,False,False,False,False,0
ISIC_0014974,True,True,4459,6668,29732612,1.4954025566270464,4459,6668,0.15536452027827222,4619393,normal,True,False,False,False,False,False,0
ISIC_0014975,True,True,4459,6688,29821792,1.499887867234806,4459,6688,0.37271687093786987,11115085,normal,True,False,False,False,False,False,0
ISIC_0014979,True,True,4420,6642,29357640,1.5027149321266968,4420,6642,0.5309858694363716,15588492,normal,True,False,False,False,False,False,0
ISIC_0014982,True,True,4420,6641,29353220,1.5024886877828054,4420,6641,0.381183018421829,11188949,normal,True,False,False,False,False,False,0
ISIC_0014983,True,True,4420,6621,29264820,1.4979638009049774,4420,6621,0.3585008552931472,10491463,normal,True,False,False,False,False,False,0
ISIC_0014985,True,True,4440,6662,29579280,1.5004504504504506,4440,6662,0.5772181743436622,17073698,normal,True,False,False,True,False,True,1
ISIC_0014987,True,True,4420,6621,29264820,1.4979638009049774,4420,6621,0.17498928747895937,5121030,normal,True,False,False,False,False,False,0
ISIC_0014989,True,True,4420,6640,29348800,1.502262443438914,4420,6640,0.24724959793926837,7256479,normal,True,False,False,False,False,False,0
ISIC_0014992,True,True,4440,6641,29486040,1.4957207207207208,4440,6641,0.2860782594068244,8435315,normal,True,False,False,False,False,False,0
ISIC_0014994,True,True,4439,6648,29510472,1.4976346023879252,4439,6648,0.08289769136867753,2446350,normal,True,False,False,False,False,False,0
ISIC_0014998,True,True,4399,6628,29156572,1.506706069561264,4399,6628,0.4410712960357617,12860127,normal,True,False,False,False,False,False,0
ISIC_0015002,True,True,4439,6648,29510472,1.4976346023879252,4439,6648,0.4859096459046809,14339423,normal,True,True,True,False,False,True,2
ISIC_0015003,True,True,4439,6648,29510472,1.4976346023879252,4439,6648,0.4095008375331984,12084563,normal,True,False,False,False,False,False,0
ISIC_0015005,True,True,4439,6647,29506033,1.4974093264248705,4439,6647,0.1740147514916695,5134485,normal,True,False,False,False,False,False,0
ISIC_0015007,True,True,4399,6608,29068592,1.5021595817231188,4399,6608,0.22933869655606298,6666553,normal,True,False,False,False,False,False,0
ISIC_0015008,True,True,4479,6648,29776392,1.4842598794373745,4479,6648,0.9150768165599109,27247686,normal,True,True,True,True,True,True,4
ISIC_0015009,True,True,4439,6668,29599252,1.50214012164902,4439,6668,0.7970189584520582,23591165,normal,True,True,False,True,True,True,3
ISIC_0015011,True,True,4459,6648,29643432,1.4909172460192868,4459,6648,0.7844947575570872,23255117,normal,True,True,True,False,True,True,3
ISIC_0015013,True,True,4439,6648,29510472,1.4976346023879252,4439,6648,0.524590050609831,15480900,normal,True,True,True,False,False,True,2
ISIC_0015015,True,True,4419,6607,29196333,1.4951346458474768,4419,6607,0.46963582721158853,13711644,normal,True,False,False,False,False,False,0
ISIC_0015016,True,True,4439,6668,29599252,1.50214012164902,4439,6668,0.514223535108252,15220632,normal,True,True,False,False,False,True,1
ISIC_0015018,True,True,4439,6668,29599252,1.50214012164902,4439,6668,0.17181059170008756,5085465,normal,True,False,False,False,False,False,0
ISIC_0015019,True,True,4439,6648,29510472,1.4976346023879252,4439,6648,0.47876750327815837,14128655,normal,True,True,False,False,False,True,1
ISIC_0015020,True,True,4459,6648,29643432,1.4909172460192868,4459,6648,0.6747383703749282,20001561,normal,True,False,False,False,False,False,0
ISIC_0015021,True,True,4419,6628,29289132,1.4998868522290112,4419,6628,0.20216488491362597,5921234,normal,True,False,False,False,False,False,0
ISIC_0015023,True,True,4459,6668,29732612,1.4954025566270464,4459,6668,0.2050296489255636,6096067,normal,True,False,False,False,False,False,0
ISIC_0015026,True,True,4439,6668,29599252,1.50214012164902,4439,6668,0.04006901931170423,1186013,small,True,False,False,False,False,False,0
ISIC_0015030,True,True,4382,6602,28929964,1.5066179826563213,4382,6602,0.19986360854095775,5782047,normal,True,False,False,False,False,False,0
ISIC_0015031,True,True,4361,6602,28791322,1.5138729649163036,4361,6602,0.3823214508871805,11007540,normal,True,False,False,False,False,False,0
ISIC_0015032,True,True,4402,6622,29150044,1.5043162199000455,4402,6622,0.2297820888366412,6698158,normal,True,False,False,False,False,False,0
ISIC_0015034,True,True,4382,6581,28837942,1.5018256503879508,4382,6581,0.14915190550005267,4301234,normal,True,False,False,False,False,False,0
ISIC_0015035,True,True,4380,6601,28912380,1.5070776255707763,4380,6601,0.0304760452096991,881135,small,True,False,False,False,False,False,0
ISIC_0015037,True,True,4400,6602,29048800,1.5004545454545455,4400,6602,0.5774028875547355,16772861,normal,True,True,True,False,False,True,2
ISIC_0015040,True,True,4420,6621,29264820,1.4979638009049774,4420,6621,0.0748996576777168,2191925,normal,True,False,False,False,False,False,0
ISIC_0015041,True,True,4402,6621,29145642,1.504089050431622,4402,6621,0.15083201804235433,4396096,normal,True,False,False,False,False,False,0
ISIC_0015043,True,True,4401,6621,29139021,1.5044308111792775,4401,6621,0.33528363907627506,9769837,normal,True,False,False,False,False,False,0
ISIC_0015044,True,True,4422,6621,29278062,1.4972862957937585,4422,6621,0.24116094159510967,7060725,normal,True,False,False,False,False,False,0
ISIC_0015046,True,True,4422,6641,29366502,1.5018091361374943,4422,6641,0.3041729655101585,8932496,normal,True,False,False,False,False,False,0
ISIC_0015050,True,True,4382,6601,28925582,1.5063897763578276,4382,6601,0.6455923687205326,18674135,normal,True,True,True,True,False,True,3
ISIC_0015051,True,True,4380,6601,28912380,1.5070776255707763,4380,6601,0.23573590275169323,6815686,normal,True,False,False,False,False,False,0
ISIC_0015056,True,True,4401,6601,29051001,1.4998863894569416,4401,6601,0.5225079507587364,15179379,normal,True,False,False,False,False,False,0
ISIC_0015057,True,True,4420,6681,29530020,1.5115384615384615,4420,6681,0.33559682655142126,9910181,normal,True,False,False,False,False,False,0
ISIC_0015060,True,True,4380,6602,28916760,1.5073059360730594,4380,6602,0.31547382901818877,9122481,normal,True,False,False,False,False,False,0
ISIC_0015062,True,True,4380,6602,28916760,1.5073059360730594,4380,6602,0.9581580716511808,27706827,normal,True,True,True,True,True,True,4
ISIC_0015064,True,True,4380,6601,28912380,1.5070776255707763,4380,6601,0.6248890613640247,18067030,normal,True,True,True,True,False,True,3
ISIC_0015071,True,True,4422,6681,29543382,1.510854816824966,4422,6681,0.2757370500100496,8146205,normal,True,False,False,False,False,False,0
ISIC_0015078,True,True,4441,6622,29408302,1.491105606845305,4441,6622,0.5137612841435047,15108847,normal,True,False,False,False,False,False,0
ISIC_0015079,True,True,4401,6621,29139021,1.5044308111792775,4401,6621,0.17077622477433269,4976252,normal,True,False,False,False,False,False,0
ISIC_0015082,True,True,4439,6708,29776812,1.5111511601712098,4439,6708,0.4695381090494174,13981348,normal,True,False,True,False,False,True,1
ISIC_0015089,True,True,4459,6708,29910972,1.5043731778425655,4459,6708,0.5701038067234994,17052359,normal,True,False,False,False,False,False,0
ISIC_0015102,True,True,4441,6681,29670321,1.5043909029497862,4441,6681,0.6515174540915819,19330732,normal,True,False,True,False,False,True,1
ISIC_0015108,True,True,4420,6642,29357640,1.5027149321266968,4420,6642,0.3760929012005052,11041200,normal,True,False,False,False,False,False,0
ISIC_0015109,True,True,4441,6661,29581501,1.4998874127448774,4441,6661,0.3449916892317263,10205372,normal,True,False,False,False,False,False,0
ISIC_0015110,True,True,4401,6681,29403081,1.518064076346285,4401,6681,0.2593893476673414,7626846,normal,True,False,False,False,False,False,0
ISIC_0015113,True,True,4441,6682,29674762,1.5046160774600315,4441,6682,0.2085128770367223,6187570,normal,True,False,False,False,False,False,0
ISIC_0015115,True,True,4422,6681,29543382,1.510854816824966,4422,6681,0.4032693345670445,11913940,normal,True,False,False,False,False,False,0
ISIC_0015118,True,True,4422,6680,29538960,1.5106286748077793,4422,6680,0.6508910604841877,19226645,normal,True,False,False,False,False,False,0
ISIC_0015124,True,True,4421,6682,29541122,1.511422755032798,4421,6682,0.40783962098663684,12048040,normal,True,False,False,False,False,False,0
ISIC_0015125,True,True,4422,6662,29459364,1.506558118498417,4422,6662,0.19910331397514217,5865457,normal,True,False,False,False,False,False,0
ISIC_0015127,True,True,4401,6682,29407482,1.5182912974324017,4401,6682,0.24233842938337938,7126563,normal,True,False,False,False,False,False,0
ISIC_0015129,True,True,4422,6662,29459364,1.506558118498417,4422,6662,0.18351512951874996,5406239,normal,True,False,False,False,False,False,0
ISIC_0015130,True,True,4401,6661,29315061,1.513519654623949,4401,6661,0.3234062177117762,9480673,normal,True,False,False,False,False,False,0
ISIC_0015132,True,True,4422,6681,29543382,1.510854816824966,4422,6681,0.49503462399802434,14624997,normal,True,False,False,False,False,False,0
ISIC_0015133,True,True,4420,6621,29264820,1.4979638009049774,4420,6621,0.26678247124021265,7807341,normal,True,False,False,False,False,False,0
ISIC_0015136,True,True,4422,6681,29543382,1.510854816824966,4422,6681,0.284920561904524,8417517,normal,True,False,False,False,False,False,0
ISIC_0015139,True,True,4422,6662,29459364,1.506558118498417,4422,6662,0.1135195247256526,3344213,normal,True,False,False,False,False,False,0
ISIC_0015140,True,True,4382,6662,29192884,1.5203103605659516,4382,6662,0.6604071389452306,19279189,normal,True,True,False,False,False,True,1
ISIC_0015142,True,True,4401,6682,29407482,1.5182912974324017,4401,6682,0.5140133725151986,15115839,normal,True,False,False,False,False,False,0
ISIC_0015144,True,True,4420,6641,29353220,1.5024886877828054,4420,6641,0.09982567500260618,2930205,normal,True,False,False,False,False,False,0
ISIC_0015146,True,True,4422,6662,29459364,1.506558118498417,4422,6662,0.25033605613481674,7374741,normal,True,False,False,False,False,False,0
ISIC_0015149,True,True,4382,6601,28925582,1.5063897763578276,4382,6601,0.38938884617775366,11263299,normal,True,True,False,False,False,True,1
ISIC_0015150,True,True,4380,6622,29004360,1.5118721461187214,4380,6622,0.3349163711938481,9714035,normal,True,True,False,False,False,True,1
ISIC_0015152,True,True,4401,6601,29051001,1.4998863894569416,4401,6601,0.3001072837386911,8718417,normal,True,False,False,False,False,False,0
ISIC_0015153,True,True,4401,6601,29051001,1.4998863894569416,4401,6601,0.7130338469232093,20714347,normal,True,False,False,False,False,False,0
ISIC_0015155,True,True,4380,6601,28912380,1.5070776255707763,4380,6601,0.2610385931562881,7547247,normal,True,False,False,False,False,False,0
ISIC_0015156,True,True,4382,6581,28837942,1.5018256503879508,4382,6581,0.2684799421539859,7742409,normal,True,False,True,False,False,True,1
ISIC_0015157,True,True,4361,6602,28791322,1.5138729649163036,4361,6602,0.3315060697803317,9544498,normal,True,False,False,False,False,False,0
ISIC_0015158,True,True,4441,6642,29497122,1.4956090970502138,4441,6642,0.10807101791151015,3187784,normal,True,False,False,False,False,False,0
ISIC_0015160,True,True,4382,6601,28925582,1.5063897763578276,4382,6601,0.3613325740515783,10451755,normal,True,False,False,False,False,False,0
ISIC_0015161,True,True,4382,6601,28925582,1.5063897763578276,4382,6601,0.3760315349921049,10876931,normal,True,True,False,False,False,True,1
ISIC_0015163,True,True,4419,6628,29289132,1.4998868522290112,4419,6628,0.35017790899368406,10256407,normal,True,False,False,False,False,False,0
ISIC_0015166,True,True,4459,6627,29549793,1.4862076698811393,4459,6627,0.4710499664075481,13919429,normal,True,False,True,False,False,True,1
ISIC_0015167,True,True,4418,6668,29459224,1.5092802172928927,4418,6668,0.6478740580539393,19085867,normal,True,True,False,True,True,True,3
ISIC_0015170,True,True,4439,6688,29688032,1.506645640910115,4439,6688,0.317679764020734,9431287,normal,True,False,False,False,False,False,0
ISIC_0015171,True,True,4439,6708,29776812,1.5111511601712098,4439,6708,0.884072176699104,26324851,normal,True,True,True,True,True,True,4
ISIC_0015173,True,True,4459,6648,29643432,1.4909172460192868,4459,6648,0.40438010011796205,11987214,normal,True,True,False,False,False,True,1
ISIC_0015174,True,True,4439,6648,29510472,1.4976346023879252,4439,6648,0.19645978552969265,5797621,normal,True,False,False,False,False,False,0
ISIC_0015175,True,True,4439,6648,29510472,1.4976346023879252,4439,6648,0.18702286429034412,5519133,normal,True,False,False,False,False,False,0
ISIC_0015176,True,True,4439,6628,29421692,1.4931290831268305,4439,6628,0.5748596307785426,16913343,normal,True,False,False,False,False,False,0
ISIC_0015179,True,True,4399,6628,29156572,1.506706069561264,4399,6628,0.23670711357974455,6901568,normal,True,False,False,False,False,False,0
ISIC_0015180,True,True,4399,6628,29156572,1.506706069561264,4399,6628,0.20369301301950038,5938990,normal,True,False,False,False,False,False,0
ISIC_0015184,True,True,4399,6607,29064193,1.5019322573312117,4399,6607,0.1537804954708359,4469506,normal,True,False,False,False,False,False,0
ISIC_0015185,True,True,4419,6608,29200752,1.4953609413894546,4419,6608,0.4962280423463067,14490232,normal,True,True,True,False,False,True,2
ISIC_0015189,True,True,4439,6668,29599252,1.50214012164902,4439,6668,0.2510844868647356,7431913,normal,True,False,False,False,False,False,0
ISIC_0015190,True,True,4419,6648,29377512,1.5044127630685675,4419,6648,0.42808209898782446,12575987,normal,True,False,False,False,False,False,0
ISIC_0015193,True,True,4459,6688,29821792,1.499887867234806,4459,6688,0.4061250578100739,12111377,normal,True,False,False,False,False,False,0
ISIC_0015200,True,True,4422,6661,29454942,1.5063319764812302,4422,6661,0.7020881589242308,20679966,normal,True,False,True,False,True,True,2
ISIC_0015201,True,True,4402,6681,29409762,1.5177192185370285,4402,6681,0.25343074860653414,7453338,normal,True,False,False,False,False,False,0
ISIC_0015202,True,True,4401,6661,29315061,1.513519654623949,4401,6661,0.14929769376908342,4376671,normal,True,False,False,False,False,False,0
ISIC_0015203,True,True,4422,6642,29370924,1.502035278154681,4422,6642,0.740845436119068,21759315,normal,True,False,False,False,False,False,0
ISIC_0015204,True,True,4420,6641,29353220,1.5024886877828054,4420,6641,0.47617998979328335,13977416,normal,True,False,True,False,False,True,1
ISIC_0015206,True,True,4401,6580,28958580,1.495114746648489,4401,6580,0.1737090009247691,5030366,normal,True,False,False,False,False,False,0
ISIC_0015207,True,True,4420,6641,29353220,1.5024886877828054,4420,6641,0.3047588305473812,8945653,normal,True,False,False,False,False,False,0
ISIC_0015208,True,True,4422,6621,29278062,1.4972862957937585,4422,6621,0.3713343458320431,10871950,normal,True,False,False,False,False,False,0
ISIC_0015211,True,True,4401,6622,29143422,1.5046580322653942,4401,6622,0.4782509411557778,13937869,normal,True,False,False,False,False,False,0
ISIC_0015212,True,True,4420,6640,29348800,1.502262443438914,4420,6640,0.07618590879354523,2235965,normal,True,False,False,False,False,False,0
ISIC_0015215,True,True,4441,6642,29497122,1.4956090970502138,4441,6642,0.1796135568751419,5298083,normal,True,False,False,False,False,False,0
ISIC_0015216,True,True,4420,6621,29264820,1.4979638009049774,4420,6621,0.8741509088386671,25581869,normal,True,False,False,False,False,False,0
ISIC_0015218,True,True,4422,6642,29370924,1.502035278154681,4422,6642,0.28490400914863967,8367894,normal,True,False,False,False,False,False,0
ISIC_0015219,True,True,4441,6640,29488240,1.495158748029723,4441,6640,0.2719720132500278,8019976,normal,True,False,False,False,False,False,0
ISIC_0015220,True,True,4441,6682,29674762,1.5046160774600315,4441,6682,0.7279423504727688,21601516,normal,True,True,True,False,False,True,2
ISIC_0015223,True,True,4422,6682,29547804,1.5110809588421528,4422,6682,0.05501295460061939,1625512,normal,True,False,False,False,False,False,0
ISIC_0015224,True,True,4420,6621,29264820,1.4979638009049774,4420,6621,0.8236989327116996,24105401,normal,True,False,False,False,False,False,0
ISIC_0015226,True,True,4441,6661,29581501,1.4998874127448774,4441,6661,0.032043708667792076,947901,small,True,False,False,False,False,False,0
ISIC_0015229,True,True,4420,6661,29441620,1.5070135746606335,4420,6661,0.9521736915292025,28033536,normal,True,False,True,False,False,True,1
ISIC_0015232,True,True,4441,6641,29492681,1.4953839225399685,4441,6641,0.3461328591998808,10208386,normal,True,False,False,False,False,False,0
ISIC_0015233,True,True,4401,6641,29227041,1.5089752329016133,4401,6641,0.24918841424966695,7283040,normal,True,False,False,False,False,False,0
ISIC_0015237,True,True,4459,6708,29910972,1.5043731778425655,4459,6708,0.4943758430852732,14787262,normal,True,False,False,False,False,False,0
ISIC_0015241,True,True,4439,6648,29510472,1.4976346023879252,4439,6648,0.15346338750528965,4528777,normal,True,False,False,False,False,False,0
ISIC_0015243,True,True,4459,6688,29821792,1.499887867234806,4459,6688,0.6618032880116661,19736160,normal,True,True,True,False,False,True,2
ISIC_0015244,True,True,4439,6708,29776812,1.5111511601712098,4439,6708,0.34307275741943094,10215613,normal,True,True,True,False,False,True,2
ISIC_0015245,True,True,4439,6708,29776812,1.5111511601712098,4439,6708,0.4517898692445652,13452862,normal,True,False,False,False,False,False,0
ISIC_0015250,True,True,4439,6688,29688032,1.506645640910115,4439,6688,0.1827817350776232,5426430,normal,True,False,False,False,False,False,0
ISIC_0015251,True,True,4459,6688,29821792,1.499887867234806,4459,6688,0.007946370224834243,236975,very_tiny,True,False,False,False,False,False,0
ISIC_0015254,True,True,4459,6668,29732612,1.4954025566270464,4459,6668,0.28208944441208195,8387256,normal,True,False,False,False,False,False,0
ISIC_0015255,True,True,4459,6688,29821792,1.499887867234806,4459,6688,0.8548735770137489,25493862,normal,True,False,False,False,False,False,0
ISIC_0015256,True,True,4459,6668,29732612,1.4954025566270464,4459,6668,0.8482803663532824,25221591,normal,True,False,False,False,False,False,0
ISIC_0015258,True,True,4439,6688,29688032,1.506645640910115,4439,6688,0.7271393401893396,21587336,normal,True,False,False,False,False,False,0
ISIC_0015260,True,True,4439,6708,29776812,1.5111511601712098,4439,6708,0.20112378047723847,5988825,normal,True,False,False,False,False,False,0
ISIC_0015264,True,True,4439,6708,29776812,1.5111511601712098,4439,6708,0.06768478103028625,2015437,normal,True,False,False,False,False,False,0
ISIC_0015270,True,True,4439,6648,29510472,1.4976346023879252,4439,6648,0.22827554232273886,6736519,normal,True,False,False,False,False,False,0
ISIC_0015273,True,True,4439,6688,29688032,1.506645640910115,4439,6688,0.044611646875077474,1324432,small,True,False,False,False,False,False,0
ISIC_0015274,True,True,4459,6668,29732612,1.4954025566270464,4459,6668,0.8677776779248322,25801297,normal,True,False,False,False,False,False,0
ISIC_0015276,True,True,4439,6708,29776812,1.5111511601712098,4439,6708,0.047679247865755406,1419736,small,True,False,False,False,False,False,0
ISIC_0015279,True,True,4439,6688,29688032,1.506645640910115,4439,6688,0.19615988692008954,5823601,normal,True,False,False,False,False,False,0
ISIC_0015283,True,True,4439,6668,29599252,1.50214012164902,4439,6668,0.38545551759213376,11409195,normal,True,False,False,False,False,False,0
ISIC_0015284,True,True,4459,6708,29910972,1.5043731778425655,4459,6708,0.3844212083779825,11498412,normal,True,False,False,False,False,False,0
ISIC_0015291,True,True,4459,6688,29821792,1.499887867234806,4459,6688,0.19700747694840068,5875116,normal,True,False,False,False,False,False,0
ISIC_0015293,True,True,4439,6668,29599252,1.50214012164902,4439,6668,0.11649760608815385,3448242,normal,True,False,False,False,False,False,0
ISIC_0015295,True,True,4439,6688,29688032,1.506645640910115,4439,6688,0.729378491642693,21653812,normal,True,True,False,False,False,True,1
ISIC_0015298,True,True,4459,6688,29821792,1.499887867234806,4459,6688,0.1181845141968665,3524474,normal,True,False,False,False,False,False,0
ISIC_0015309,True,True,4439,6668,29599252,1.50214012164902,4439,6668,0.14632572471763813,4331132,normal,True,False,False,False,False,False,0
ISIC_0015310,True,True,4439,6688,29688032,1.506645640910115,4439,6688,0.4114599782161377,12215437,normal,True,False,False,False,False,False,0
ISIC_0015311,True,True,4459,6708,29910972,1.5043731778425655,4459,6708,0.4637192666289815,13870294,normal,True,True,True,False,False,True,2
ISIC_0015312,True,True,4459,6708,29910972,1.5043731778425655,4459,6708,0.3632604450300044,10865473,normal,True,False,False,False,False,False,0
ISIC_0015313,True,True,4419,6688,29554272,1.5134645847476804,4419,6688,0.628838362183308,18584860,normal,True,True,False,True,False,True,2
ISIC_0015330,True,True,4439,6688,29688032,1.506645640910115,4439,6688,0.16326545323044653,4847030,normal,True,False,False,False,False,False,0
ISIC_0015331,True,True,4439,6688,29688032,1.506645640910115,4439,6688,0.2745190048299598,8149929,normal,True,False,False,False,False,False,0
ISIC_0015353,True,True,4459,6688,29821792,1.499887867234806,4459,6688,0.12728644878215234,3795910,normal,True,False,True,False,False,True,1
ISIC_0015355,True,True,4439,6668,29599252,1.50214012164902,4439,6668,0.09187455142447519,2719418,normal,True,False,False,False,False,False,0
ISIC_0015357,True,True,4439,6688,29688032,1.506645640910115,4439,6688,0.0890373939235851,2643345,normal,True,False,False,False,False,False,0
ISIC_0015360,True,True,4419,6688,29554272,1.5134645847476804,4419,6688,0.31742974416693465,9381405,normal,True,False,False,False,False,False,0
ISIC_0015363,True,True,4439,6687,29683593,1.5064203649470602,4439,6687,0.5792270834598763,17193541,normal,True,True,False,False,False,True,1
ISIC_0015368,True,True,4399,6608,29068592,1.5021595817231188,4399,6608,0.6131510944871358,17823439,normal,True,False,True,False,False,True,1
ISIC_0015369,True,True,4459,6688,29821792,1.499887867234806,4459,6688,0.09756103858547467,2909445,normal,True,False,False,False,False,False,0
ISIC_0015383,True,True,4439,6688,29688032,1.506645640910115,4439,6688,0.16585861939248786,4924016,normal,True,False,False,False,False,False,0
ISIC_0015390,True,True,4439,6688,29688032,1.506645640910115,4439,6688,0.7382788121489494,21918045,normal,True,False,False,False,False,False,0
ISIC_0015395,True,True,4439,6688,29688032,1.506645640910115,4439,6688,0.26260198048829914,7796136,normal,True,False,False,False,False,False,0
ISIC_0015401,True,True,4419,6648,29377512,1.5044127630685675,4419,6648,0.23066197709322694,6776275,normal,True,False,False,False,False,False,0
ISIC_0015403,True,True,4419,6648,29377512,1.5044127630685675,4419,6648,0.19087954078616323,5607566,normal,True,False,False,False,False,False,0
ISIC_0015404,True,True,4419,6648,29377512,1.5044127630685675,4419,6648,0.5761589681250067,16926117,normal,True,False,False,False,False,False,0
ISIC_0015411,True,True,4419,6668,29465892,1.508938673908124,4419,6668,0.1091272580514447,3215532,normal,True,False,False,False,False,False,0
ISIC_0015412,True,True,4419,6648,29377512,1.5044127630685675,4419,6648,0.36429922996882785,10702205,normal,True,False,False,False,False,False,0
ISIC_0015416,True,True,4419,6668,29465892,1.508938673908124,4419,6668,0.5582991005329144,16450781,normal,True,False,False,False,False,False,0
ISIC_0015417,True,True,4439,6748,29954372,1.5201621986933995,4439,6748,0.2399954504137159,7188913,normal,True,False,False,False,False,False,0
ISIC_0015418,True,True,4439,6668,29599252,1.50214012164902,4439,6668,0.2716629122925133,8041019,normal,True,False,False,False,False,False,0
ISIC_0015419,True,True,4459,6648,29643432,1.4909172460192868,4459,6648,0.6847348512142588,20297891,normal,True,False,False,False,False,False,0
ISIC_0015436,True,True,4440,6681,29663640,1.5047297297297297,4440,6681,0.32678069852519787,9693505,normal,True,False,False,False,False,False,0
ISIC_0015440,True,True,4421,6642,29364282,1.5023750282741462,4421,6642,0.08872905525154676,2605465,normal,True,False,False,False,False,False,0
ISIC_0015443,True,True,4401,6601,29051001,1.4998863894569416,4401,6601,0.33503107173484314,9732988,normal,True,False,False,False,False,False,0
ISIC_0015445,True,True,4440,6641,29486040,1.4957207207207208,4440,6641,0.4086658635747628,12049938,normal,True,False,False,False,False,False,0
ISIC_0015447,True,True,4420,6641,29353220,1.5024886877828054,4420,6641,0.8842079335759416,25954350,normal,True,False,False,False,False,False,0
ISIC_0015455,True,True,4402,6641,29233682,1.5086324398000908,4402,6641,0.33937733194197023,9921249,normal,True,False,False,False,False,False,0
ISIC_0015464,True,True,4422,6641,29366502,1.5018091361374943,4422,6641,0.46184036491646163,13562636,normal,True,False,False,False,False,False,0
ISIC_0015466,True,True,4459,6668,29732612,1.4954025566270464,4459,6668,0.6399004904110005,19025913,normal,True,False,False,False,False,False,0
ISIC_0015468,True,True,4439,6708,29776812,1.5111511601712098,4439,6708,0.07757543017029493,2309949,normal,True,False,False,False,False,False,0
ISIC_0015476,True,True,4439,6668,29599252,1.50214012164902,4439,6668,0.21234012940597283,6285109,normal,True,False,False,False,False,False,0
ISIC_0015481,True,True,4479,6648,29776392,1.4842598794373745,4479,6648,0.08800639782012543,2620513,normal,True,False,False,False,False,False,0
ISIC_0015482,True,True,4399,6608,29068592,1.5021595817231188,4399,6608,0.3522413813507032,10239161,normal,True,True,False,False,False,True,1
ISIC_0015483,True,True,4459,6668,29732612,1.4954025566270464,4459,6668,0.2978708362386729,8856478,normal,True,False,False,False,False,False,0
ISIC_0015485,True,True,4439,6648,29510472,1.4976346023879252,4439,6648,0.6193638651391276,18277720,normal,True,True,True,False,False,True,2
ISIC_0015496,True,True,4459,6688,29821792,1.499887867234806,4459,6688,0.3001671395199859,8951522,normal,True,False,False,False,False,False,0
ISIC_0015510,True,True,4440,6681,29663640,1.5047297297297297,4440,6681,0.10459741285964905,3102740,normal,True,False,False,False,False,False,0
ISIC_0015526,True,True,4401,6621,29139021,1.5044308111792775,4401,6621,0.10815641335376366,3151572,normal,True,False,False,False,False,False,0
ISIC_0015537,True,True,4402,6641,29233682,1.5086324398000908,4402,6641,0.48379328337771477,14143059,normal,True,False,False,False,False,False,0
ISIC_0015544,True,True,4440,6621,29397240,1.4912162162162161,4440,6621,0.2184786394913264,6422669,normal,True,True,True,False,False,True,2
ISIC_0015559,True,True,4419,6688,29554272,1.5134645847476804,4419,6688,0.2204750974749099,6515981,normal,True,False,False,False,False,False,0
ISIC_0015563,True,True,4419,6668,29465892,1.508938673908124,4419,6668,0.05136318289634673,1513462,normal,True,False,False,False,False,False,0
ISIC_0015566,True,True,4479,6688,29955552,1.4931904442956017,4479,6688,0.30928814131016513,9264897,normal,True,False,False,False,False,False,0
ISIC_0015568,True,True,4439,6688,29688032,1.506645640910115,4439,6688,0.17034369270418465,5057169,normal,True,False,False,False,False,False,0
ISIC_0015582,True,True,4419,6688,29554272,1.5134645847476804,4419,6688,0.1291211639386685,3816082,normal,True,False,False,False,False,False,0
ISIC_0015593,True,True,4402,6661,29321722,1.5131758291685597,4402,6661,0.3011227307864115,8829437,normal,True,False,False,False,False,False,0
ISIC_0015603,True,True,4420,6662,29446040,1.5072398190045249,4420,6662,0.07011537035200659,2064620,normal,True,False,False,False,False,False,0
ISIC_0015607,True,True,4380,6620,28995600,1.5114155251141552,4380,6620,0.629746823656003,18259887,normal,True,False,False,False,False,False,0
ISIC_0015614,True,True,4439,6648,29510472,1.4976346023879252,4439,6648,0.09065341279529518,2675225,normal,True,False,False,False,False,False,0
ISIC_0015617,True,True,4419,6648,29377512,1.5044127630685675,4419,6648,0.6089583420134421,17889681,normal,True,False,False,False,False,False,0
ISIC_0015625,True,True,4419,6688,29554272,1.5134645847476804,4419,6688,0.4023062046664523,11889867,normal,True,False,False,False,False,False,0
ISIC_0015627,True,True,4379,6608,28936432,1.5090203242749487,4379,6608,0.11034853917027504,3193093,normal,True,False,False,False,False,False,0
ISIC_0015631,True,True,4459,6688,29821792,1.499887867234806,4459,6688,0.2321138850408453,6922052,normal,True,False,False,False,False,False,0
ISIC_0015636,True,True,4441,6641,29492681,1.4953839225399685,4441,6641,0.6508395421901454,19195003,normal,True,True,True,False,False,True,2
ISIC_0015638,True,True,4420,6641,29353220,1.5024886877828054,4420,6641,0.21609145436173613,6342980,normal,True,True,True,False,False,True,2
ISIC_0015641,True,True,4400,6641,29220400,1.5093181818181818,4400,6641,0.32282610778771,9433108,normal,True,False,False,False,False,False,0
ISIC_0015645,True,True,4442,6682,29681444,1.504277352543899,4442,6682,0.15647749482808182,4644478,normal,True,False,False,False,False,False,0
ISIC_0015936,True,True,1536,2304,3538944,1.5,1536,2304,0.04328296802662037,153176,small,True,False,False,False,False,False,0
ISIC_0015937,True,True,1536,2304,3538944,1.5,1536,2304,0.024976659704137733,88391,small,True,False,False,False,False,False,0
ISIC_0015939,True,True,2000,3008,6016000,1.504,2000,3008,0.026932845744680852,162028,small,True,False,False,False,False,False,0
ISIC_0015940,True,True,2000,3008,6016000,1.504,2000,3008,0.015954953457446807,95985,tiny,True,False,False,False,False,False,0
ISIC_0015941,True,True,2000,3008,6016000,1.504,2000,3008,0.021661070478723406,130313,small,True,False,False,False,False,False,0
ISIC_0015942,True,True,2000,3008,6016000,1.504,2000,3008,0.010933843085106382,65778,tiny,True,False,False,False,False,False,0
ISIC_0015943,True,True,2000,3008,6016000,1.504,2000,3008,0.012057347074468086,72537,tiny,True,False,False,False,False,False,0
ISIC_0015944,True,True,2000,3008,6016000,1.504,2000,3008,0.034114527925531914,205233,small,True,False,False,False,False,False,0
ISIC_0015945,True,True,2000,3008,6016000,1.504,2000,3008,0.023873670212765957,143624,small,True,False,False,False,False,False,0
ISIC_0015946,True,True,2000,3008,6016000,1.504,2000,3008,0.023246841755319148,139853,small,True,False,False,False,False,False,0
ISIC_0015947,True,True,2000,3008,6016000,1.504,2000,3008,0.07187516622340426,432401,normal,True,False,False,False,False,False,0
ISIC_0015948,True,True,2000,3008,6016000,1.504,2000,3008,0.06924085771276596,416553,normal,True,False,False,False,False,False,0
ISIC_0015949,True,True,2000,3008,6016000,1.504,2000,3008,0.01505934175531915,90597,tiny,True,False,False,False,False,False,0
ISIC_0015950,True,True,2000,3008,6016000,1.504,2000,3008,0.028299534574468085,170250,small,True,False,False,False,False,False,0
ISIC_0015951,True,True,2000,3008,6016000,1.504,2000,3008,0.003201628989361702,19261,very_tiny,True,False,False,False,False,False,0
ISIC_0015952,True,True,2000,3008,6016000,1.504,2000,3008,0.018033909574468085,108492,tiny,True,False,False,False,False,False,0
ISIC_0015953,True,True,2000,3008,6016000,1.504,2000,3008,0.08755152925531914,526710,normal,True,False,False,False,False,False,0
ISIC_0015955,True,True,2000,3008,6016000,1.504,2000,3008,0.26150315824468084,1573203,normal,True,False,False,False,False,False,0
ISIC_0015956,True,True,2000,3008,6016000,1.504,2000,3008,0.11693317819148936,703470,normal,True,False,False,False,False,False,0
ISIC_0015957,True,True,2592,3872,10036224,1.4938271604938271,2592,3872,0.12663607348739925,1270948,normal,True,False,False,False,False,False,0
ISIC_0015958,True,True,2592,3872,10036224,1.4938271604938271,2592,3872,0.033892228790429545,340150,small,True,False,False,False,False,False,0
ISIC_0015960,True,True,2000,3008,6016000,1.504,2000,3008,0.06823819813829787,410521,normal,True,False,False,False,False,False,0
ISIC_0015961,True,True,2000,3008,6016000,1.504,2000,3008,0.057465425531914895,345712,normal,True,False,False,False,False,False,0
ISIC_0015962,True,True,2000,3008,6016000,1.504,2000,3008,0.021635472074468084,130159,small,True,False,False,False,False,False,0
ISIC_0015963,True,True,2592,3872,10036224,1.4938271604938271,2592,3872,0.034046968262167125,341703,small,True,False,False,False,False,False,0
ISIC_0015964,True,True,2000,3008,6016000,1.504,2000,3008,0.02897440159574468,174310,small,True,False,False,False,False,False,0
ISIC_0015965,True,True,2000,3008,6016000,1.504,2000,3008,0.03192519946808511,192062,small,True,False,False,False,False,False,0
ISIC_0015966,True,True,2592,3872,10036224,1.4938271604938271,2592,3872,0.07241418684955617,726765,normal,True,False,False,False,False,False,0
ISIC_0015967,True,True,2000,3008,6016000,1.504,2000,3008,0.2210246010638298,1329684,normal,True,False,False,False,False,False,0
ISIC_0015968,True,True,2000,3008,6016000,1.504,2000,3008,0.08180252659574468,492124,normal,True,False,False,False,False,False,0
ISIC_0015969,True,True,2000,3008,6016000,1.504,2000,3008,0.15190625,913868,normal,True,False,False,False,False,False,0
ISIC_0015971,True,True,2000,3008,6016000,1.504,2000,3008,0.017742021276595743,106736,tiny,True,False,False,False,False,False,0
ISIC_0015972,True,True,2592,3872,10036224,1.4938271604938271,2592,3872,0.07542009823614937,756933,normal,True,False,False,False,False,False,0
ISIC_0015973,True,True,753,1028,774084,1.3652058432934926,753,1028,0.24385983950062268,188768,normal,True,False,False,False,False,False,0
ISIC_0015974,True,True,753,1028,774084,1.3652058432934926,753,1028,0.19565964417298382,151457,normal,True,False,False,False,False,False,0
ISIC_0015975,True,True,2000,3008,6016000,1.504,2000,3008,0.04669996675531915,280947,small,True,False,False,False,False,False,0
ISIC_0015976,True,True,2000,3008,6016000,1.504,2000,3008,0.035138630319148934,211394,small,True,False,False,False,False,False,0
ISIC_0015978,True,True,2592,3872,10036224,1.4938271604938271,2592,3872,0.03233048604734211,324476,small,True,False,False,False,False,False,0
ISIC_0015980,True,True,2000,3008,6016000,1.504,2000,3008,0.04739045877659574,285101,small,True,False,False,False,False,False,0
ISIC_0015981,True,True,2000,3008,6016000,1.504,2000,3008,0.038183178191489364,229710,small,True,False,False,False,False,False,0
ISIC_0015982,True,True,2000,3008,6016000,1.504,2000,3008,0.06977111037234042,419743,normal,True,False,False,False,False,False,0
ISIC_0015983,True,True,2592,3872,10036224,1.4938271604938271,2592,3872,0.24843835689598,2493383,normal,True,True,False,False,False,True,1
ISIC_0015984,True,True,2592,3872,10036224,1.4938271604938271,2592,3872,0.10281924755764718,1031917,normal,True,False,False,False,False,False,0
ISIC_0015985,True,True,2592,3872,10036224,1.4938271604938271,2592,3872,0.021818066236863585,218971,small,True,False,False,False,False,False,0
ISIC_0015986,True,True,2000,3008,6016000,1.504,2000,3008,0.04082347074468085,245594,small,True,False,False,False,False,False,0
ISIC_0015987,True,True,2000,3008,6016000,1.504,2000,3008,0.0303578789893617,182633,small,True,False,False,False,False,False,0
ISIC_0015989,True,True,2000,3008,6016000,1.504,2000,3008,0.027709607712765958,166701,small,True,False,False,False,False,False,0
ISIC_0015990,True,True,2000,3008,6016000,1.504,2000,3008,0.07790541888297872,468679,normal,True,False,False,False,False,False,0
ISIC_0015991,True,True,2000,3008,6016000,1.504,2000,3008,0.03418151595744681,205636,small,True,False,False,False,False,False,0
ISIC_0015993,True,True,2000,3008,6016000,1.504,2000,3008,0.03070694813829787,184733,small,True,False,False,False,False,False,0
ISIC_0015994,True,True,2592,3872,10036224,1.4938271604938271,2592,3872,0.01541227059101112,154681,tiny,True,False,False,False,False,False,0
ISIC_0015995,True,True,2000,3008,6016000,1.504,2000,3008,0.08355535239361703,502669,normal,True,False,False,False,False,False,0
ISIC_0015996,True,True,2000,3008,6016000,1.504,2000,3008,0.04355435505319149,262023,small,True,False,False,False,False,False,0
ISIC_0015997,True,True,2592,3872,10036224,1.4938271604938271,2592,3872,0.03633418305530048,364658,small,True,False,False,False,False,False,0
ISIC_0015998,True,True,2592,3872,10036224,1.4938271604938271,2592,3872,0.02840201653530252,285049,small,True,False,False,False,False,False,0
ISIC_0015999,True,True,2000,3008,6016000,1.504,2000,3008,0.01574251994680851,94707,tiny,True,False,False,False,False,False,0
ISIC_0016000,True,True,2592,3872,10036224,1.4938271604938271,2592,3872,0.033065722725997344,331855,small,True,False,False,False,False,False,0
ISIC_0016003,True,True,2000,3008,6016000,1.504,2000,3008,0.03878091755319149,233306,small,True,False,False,False,False,False,0
ISIC_0016004,True,True,2848,4288,12212224,1.5056179775280898,2848,4288,0.05516333470463693,673667,normal,True,False,False,False,False,False,0
ISIC_0016005,True,True,2848,4288,12212224,1.5056179775280898,2848,4288,0.10454991654263793,1276787,normal,True,False,False,False,False,False,0
ISIC_0016006,True,True,2848,4288,12212224,1.5056179775280898,2848,4288,0.04356012467507966,531966,small,True,False,False,False,False,False,0
ISIC_0016007,True,True,2848,4288,12212224,1.5056179775280898,2848,4288,0.049847185901601546,608745,small,True,False,False,False,False,False,0
ISIC_0016008,True,True,2848,4288,12212224,1.5056179775280898,2848,4288,0.15825839748763207,1932687,normal,True,False,False,False,False,False,0
ISIC_0016009,True,True,2848,4288,12212224,1.5056179775280898,2848,4288,0.056149477769159815,685710,normal,True,False,False,False,False,False,0
ISIC_0016011,True,True,2848,4288,12212224,1.5056179775280898,2848,4288,0.01447287570224719,176746,tiny,True,False,False,False,False,False,0
ISIC_0016012,True,True,2848,4288,12212224,1.5056179775280898,2848,4288,0.027830066005995305,339867,small,True,False,False,False,False,False,0
ISIC_0016013,True,True,2848,4288,12212224,1.5056179775280898,2848,4288,0.03677413712686567,449094,small,True,False,False,False,False,False,0
ISIC_0016014,True,True,2848,4288,12212224,1.5056179775280898,2848,4288,0.04712720631393594,575528,small,True,False,False,False,False,False,0
ISIC_0016015,True,True,2848,4288,12212224,1.5056179775280898,2848,4288,0.06997071131351669,854498,normal,True,False,False,False,False,False,0
ISIC_0016016,True,True,2848,4288,12212224,1.5056179775280898,2848,4288,0.15904596902251383,1942305,normal,True,False,False,False,False,False,0
ISIC_0016017,True,True,2848,4288,12212224,1.5056179775280898,2848,4288,0.022195465789032365,271056,small,True,False,False,False,False,False,0
ISIC_0016019,True,True,2000,3008,6016000,1.504,2000,3008,0.044511635638297874,267782,small,True,False,False,False,False,False,0
ISIC_0016022,True,True,2848,4288,12212224,1.5056179775280898,2848,4288,0.035411404179942985,432452,small,True,False,False,False,False,False,0
ISIC_0016023,True,True,2592,3872,10036224,1.4938271604938271,2592,3872,0.040918576548311394,410668,small,True,False,False,False,False,False,0
ISIC_0016024,True,True,2592,3872,10036224,1.4938271604938271,2592,3872,0.09443581570120396,947779,normal,True,False,False,False,False,False,0
ISIC_0016025,True,True,2000,3008,6016000,1.504,2000,3008,0.22581183510638297,1358484,normal,True,False,False,False,False,False,0
ISIC_0016026,True,True,2000,3008,6016000,1.504,2000,3008,0.02082313829787234,125272,small,True,False,False,False,False,False,0
ISIC_0016027,True,True,2848,4288,12212224,1.5056179775280898,2848,4288,0.008617594960590306,105240,very_tiny,True,False,False,False,False,False,0
ISIC_0016028,True,True,2592,3872,10036224,1.4938271604938271,2592,3872,0.020174220902203856,202473,small,True,False,False,False,False,False,0
ISIC_0016029,True,True,2848,4288,12212224,1.5056179775280898,2848,4288,0.10684114539661245,1304768,normal,True,False,False,False,False,False,0
ISIC_0016030,True,True,2848,4288,12212224,1.5056179775280898,2848,4288,0.09266182801756666,1131607,normal,True,False,False,False,False,False,0
ISIC_0016033,True,True,2592,3872,10036224,1.4938271604938271,2592,3872,0.09109073292903785,914207,normal,True,False,False,False,False,False,0
ISIC_0016034,True,True,2848,4288,12212224,1.5056179775280898,2848,4288,0.02713805446084186,331416,small,True,False,False,False,False,False,0
ISIC_0016035,True,True,2848,4288,12212224,1.5056179775280898,2848,4288,0.542225887766225,6621784,normal,True,False,False,False,False,False,0
ISIC_0016036,True,True,2848,4288,12212224,1.5056179775280898,2848,4288,0.28905382017231257,3529990,normal,True,False,False,False,False,False,0
ISIC_0016037,True,True,2848,4288,12212224,1.5056179775280898,2848,4288,0.1315540887556599,1606568,normal,True,False,False,False,False,False,0
ISIC_0016038,True,True,2000,3008,6016000,1.504,2000,3008,0.017797539893617022,107070,tiny,True,False,False,False,False,False,0
ISIC_0016040,True,True,2848,4288,12212224,1.5056179775280898,2848,4288,0.033971125980001675,414863,small,True,False,False,False,False,False,0
ISIC_0016041,True,True,2000,3008,6016000,1.504,2000,3008,0.0463374335106383,278766,small,True,False,False,False,False,False,0
ISIC_0016042,True,True,2848,4288,12212224,1.5056179775280898,2848,4288,0.02578637601144558,314909,small,True,False,False,False,False,False,0
ISIC_0016043,True,True,2848,4288,12212224,1.5056179775280898,2848,4288,0.031718792580286766,387357,small,True,False,False,False,False,False,0
ISIC_0016044,True,True,2848,4288,12212224,1.5056179775280898,2848,4288,0.05786718291443065,706687,normal,True,False,False,False,False,False,0
ISIC_0016045,True,True,2592,3872,10036224,1.4938271604938271,2592,3872,0.020255426742169166,203288,small,True,False,False,False,False,False,0
ISIC_0016046,True,True,2000,3008,6016000,1.504,2000,3008,0.04471841755319149,269026,small,True,False,False,False,False,False,0
ISIC_0016048,True,True,2848,4288,12212224,1.5056179775280898,2848,4288,0.013026619885124937,159084,tiny,True,False,False,False,False,False,0
ISIC_0016050,True,True,2848,4288,12212224,1.5056179775280898,2848,4288,0.01639275532450109,200192,tiny,True,False,False,False,False,False,0
ISIC_0016051,True,True,2848,4288,12212224,1.5056179775280898,2848,4288,0.02866021782764548,350005,small,True,False,False,False,False,False,0
ISIC_0016052,True,True,2848,4288,12212224,1.5056179775280898,2848,4288,0.1825074613764045,2228822,normal,True,False,False,False,False,False,0
ISIC_0016053,True,True,2848,4288,12212224,1.5056179775280898,2848,4288,0.008587051793350663,104867,very_tiny,True,False,False,False,False,False,0
ISIC_0016054,True,True,2848,4288,12212224,1.5056179775280898,2848,4288,0.10209409850327017,1246796,normal,True,False,False,False,False,False,0
ISIC_0016055,True,True,2848,4288,12212224,1.5056179775280898,2848,4288,0.27486942591292135,3356767,normal,True,False,False,False,False,False,0
ISIC_0016056,True,True,2848,4288,12212224,1.5056179775280898,2848,4288,0.01217697939376153,148708,tiny,True,False,False,False,False,False,0
ISIC_0016057,True,True,2848,4288,12212224,1.5056179775280898,2848,4288,0.04428882077498742,540865,small,True,False,False,False,False,False,0
ISIC_0016058,True,True,2848,4288,12212224,1.5056179775280898,2848,4288,0.020285002960967635,247725,small,True,False,False,False,False,False,0
ISIC_0016059,True,True,2848,4288,12212224,1.5056179775280898,2848,4288,0.018087696393384204,220891,tiny,True,False,False,False,False,False,0
ISIC_0016060,True,True,2848,4288,12212224,1.5056179775280898,2848,4288,0.023924962398331376,292177,small,True,False,False,False,False,False,0
ISIC_0016061,True,True,2848,4288,12212224,1.5056179775280898,2848,4288,0.012503537439208453,152696,tiny,True,False,False,False,False,False,0
ISIC_0016062,True,True,2848,4288,12212224,1.5056179775280898,2848,4288,0.03143129375943317,383846,small,True,False,False,False,False,False,0
ISIC_0016063,True,True,2848,4288,12212224,1.5056179775280898,2848,4288,0.01458907075402482,178165,tiny,True,False,False,False,False,False,0
ISIC_0016064,True,True,2848,4288,12212224,1.5056179775280898,2848,4288,0.01812831143614791,221387,tiny,True,False,False,False,False,False,0
ISIC_0016065,True,True,2848,4288,12212224,1.5056179775280898,2848,4288,0.01133929413676002,138478,tiny,True,False,False,False,False,False,0
ISIC_0016066,True,True,2848,4288,12212224,1.5056179775280898,2848,4288,0.0907362164336324,1108091,normal,True,False,False,False,False,False,0
ISIC_0016068,True,True,2848,4288,12212224,1.5056179775280898,2848,4288,0.12831856015742915,1567055,normal,True,False,False,False,False,False,0
ISIC_0016069,True,True,2848,4288,12212224,1.5056179775280898,2848,4288,0.022374139223125943,273238,small,True,False,False,False,False,False,0
ISIC_0016070,True,True,2848,4288,12212224,1.5056179775280898,2848,4288,0.024808257693275198,302964,small,True,False,False,False,False,False,0
ISIC_0016071,True,True,2848,4288,12212224,1.5056179775280898,2848,4288,0.03152063047647996,384937,small,True,False,False,False,False,False,0
ISIC_0016072,True,True,2848,4288,12212224,1.5056179775280898,2848,4288,0.10361020236772597,1265311,normal,True,False,False,False,False,False,0
