stem,image_exists,mask_exists,img_h,img_w,pixels,aspect_ratio,mask_h,mask_w,mask_coverage_x,mask_pixels_x,mask_size_class,same_size,touch_top,touch_bottom,touch_left,touch_right,touches_any_border,n_borders_touched,mask_pixels_y,mask_coverage_y,equivalent_diameter_px,centroid_x,centroid_y,bbox_xmin,bbox_ymin,bbox_xmax,bbox_ymax,bbox_width,bbox_height
ISIC_0000000,True,True,767,1022,783874,1.332464146023468,767,1022,0.4697323804591043,368211,normal,True,False,False,False,False,False,0,368211,0.46973238045910437,684.7049043248333,499.1147684344031,366.8733552229564,49,46,900,635,852,590
ISIC_0000001,True,True,767,1022,783874,1.332464146023468,767,1022,0.0705036778870073,55266,normal,True,False,False,False,False,False,0,55266,0.07050367788700736,265.26751908089597,500.33329714471824,357.5703325733724,351,229,649,482,299,254
ISIC_0000003,True,True,767,1022,783874,1.332464146023468,767,1022,0.3365693976327828,263828,normal,True,False,False,False,False,False,0,263828,0.3365693976327828,579.5828177304677,537.7512015403976,357.12476310323393,251,49,849,700,599,652
ISIC_0000004,True,True,767,1022,783874,1.332464146023468,767,1022,0.3449738095663334,270416,normal,True,False,False,False,False,False,0,270416,0.3449738095663334,586.7745263123679,452.62973344772496,371.57186335128097,181,57,719,718,539,662
ISIC_0000006,True,True,767,1022,783874,1.332464146023468,767,1022,0.0917226493033319,71899,normal,True,False,False,False,False,False,0,71899,0.09172264930333192,302.56346446144727,478.02144675169336,361.08778981627006,333,191,625,540,293,350
ISIC_0000007,True,True,767,1022,783874,1.332464146023468,767,1022,0.0880587951635084,69027,normal,True,False,False,False,False,False,0,69027,0.08805879516350842,296.4589449728817,515.8554333811408,380.52152056441685,345,233,691,532,347,300
ISIC_0000008,True,True,767,1022,783874,1.332464146023468,767,1022,0.3374840854525089,264545,normal,True,False,False,False,False,False,0,264545,0.33748408545250896,580.3698436014432,497.27185544992346,404.0736169649776,199,83,807,716,609,634
ISIC_0000009,True,True,767,1022,783874,1.332464146023468,767,1022,0.2313790226490482,181372,normal,True,False,False,False,False,False,0,181372,0.2313790226490482,480.55176901943247,447.0479291180557,392.45953620183934,183,153,733,630,551,478
ISIC_0000011,True,True,767,1022,783874,1.332464146023468,767,1022,0.1802470805256967,141291,normal,True,False,False,False,False,False,0,141291,0.18024708052569674,424.14300479340204,497.7964272317416,355.6339965036697,243,151,753,576,511,426
ISIC_0000012,True,True,767,1022,783874,1.332464146023468,767,1022,0.0503218629524643,39446,normal,True,False,False,False,False,False,0,39446,0.0503218629524643,224.10757925965652,499.6909699335801,397.82593925873346,372,279,621,518,250,240
ISIC_0000013,True,True,767,1022,783874,1.332464146023468,767,1022,0.2757675340679752,216167,normal,True,False,False,False,False,False,0,216167,0.2757675340679752,524.6259359455706,482.96694685127704,381.2677837042657,198,122,789,637,592,516
ISIC_0000014,True,True,767,1022,783874,1.332464146023468,767,1022,0.2805578447556622,219922,normal,True,False,False,False,False,False,0,219922,0.28055784475566226,529.1629117363068,473.79139876865435,387.32829821482164,127,135,807,640,681,506
ISIC_0000015,True,True,767,1022,783874,1.332464146023468,767,1022,0.2277419585290493,178521,normal,True,False,False,False,False,False,0,178521,0.2277419585290493,476.75989425041405,479.67106390844776,353.9967062698506,177,111,725,621,549,511
ISIC_0000016,True,True,767,1022,783874,1.332464146023468,767,1022,0.2081010468519175,163125,normal,True,False,False,False,False,False,0,163125,0.20810104685191752,455.73808348098737,496.09673563218394,256.3094314176245,247,27,737,514,491,488
ISIC_0000017,True,True,1129,1504,1698016,1.3321523472099204,1129,1504,0.154288887737218,261985,normal,True,False,False,False,False,False,0,261985,0.15428888773721802,577.5548996653406,736.0494035918086,553.398587705403,424,261,1008,872,585,612
ISIC_0000018,True,True,1129,1504,1698016,1.3321523472099204,1129,1504,0.2355719851874187,400005,normal,True,False,False,False,False,False,0,400005,0.23557198518741873,713.6541067574605,691.0717666029175,518.8380470244122,194,213,1174,852,981,640
ISIC_0000019,True,True,1129,1504,1698016,1.3321523472099204,1129,1504,0.3215069822663626,545924,normal,True,False,False,False,False,False,0,545924,0.32150698226636265,833.7217912589301,686.021010250511,609.8723686813549,210,227,1142,1013,933,787
ISIC_0000020,True,True,1129,1504,1698016,1.3321523472099204,1129,1504,0.239541912443699,406746,normal,True,False,False,False,False,False,0,406746,0.239541912443699,719.6423360690006,609.2959488230985,601.8382430312776,294,149,938,1094,645,946
ISIC_0000021,True,True,1129,1504,1698016,1.3321523472099204,1129,1504,0.2539828835535118,431267,normal,True,False,False,False,False,False,0,431267,0.25398288355351184,741.0170030028322,675.7436645975695,557.1591125683161,190,107,1088,1054,899,948
ISIC_0000022,True,True,1129,1504,1698016,1.3321523472099204,1129,1504,0.4090509158924297,694575,normal,True,False,False,False,False,False,0,694575,0.40905091589242976,940.4043581270909,762.0016024187453,542.1957772738725,151,116,1347,935,1197,820
ISIC_0000023,True,True,1129,1504,1698016,1.3321523472099204,1129,1504,0.1771249505305014,300761,normal,True,False,False,False,False,False,0,300761,0.17712495053050148,618.8221058705743,901.5451271940178,531.1171228982481,576,261,1245,830,670,570
ISIC_0000024,True,True,1129,1504,1698016,1.3321523472099204,1129,1504,0.3328231300529559,565139,normal,True,False,False,False,False,False,0,565139,0.33282313005295594,848.2672474356682,810.6279145484563,560.2597891846077,340,133,1270,1035,931,903
ISIC_0000025,True,True,1129,1504,1698016,1.3321523472099204,1129,1504,0.1961406724082694,333050,normal,True,False,False,False,False,False,0,333050,0.1961406724082694,651.1930822529106,729.4720012010208,606.987464344693,396,253,1092,970,697,718
ISIC_0000026,True,True,1129,1504,1698016,1.3321523472099204,1129,1504,0.5335939119537154,906051,normal,True,False,False,False,False,False,0,906051,0.5335939119537154,1074.067019671882,782.3767006493011,575.436424660422,80,88,1461,1060,1382,973
ISIC_0000027,True,True,1129,1504,1698016,1.3321523472099204,1129,1504,0.1902979712794225,323129,normal,True,False,False,False,False,False,0,323129,0.19029797127942258,641.4207829893949,696.930145545587,561.3964577614513,366,173,1010,952,645,780
ISIC_0000028,True,True,1129,1504,1698016,1.3321523472099204,1129,1504,0.2400760652432014,407653,normal,True,False,False,False,False,False,0,407653,0.24007606524320146,720.4442519237164,695.3044304837692,595.5934998638548,272,271,1174,946,903,676
ISIC_0000029,True,True,1129,1504,1698016,1.3321523472099204,1129,1504,0.3876859817575335,658297,normal,True,False,False,False,False,False,0,658297,0.3876859817575335,915.5161236048896,765.9914050952685,562.2063536671138,298,97,1248,1070,951,974
ISIC_0000030,True,True,1129,1503,1696887,1.3312666076173605,1129,1503,0.4977555959825256,844635,normal,True,False,False,False,False,False,0,844635,0.49775559598252567,1037.0258834124559,798.237735826718,557.4714344065779,247,23,1372,1107,1126,1085
ISIC_0000031,True,True,1129,1504,1698016,1.3321523472099204,1129,1504,0.326120013003411,553757,normal,True,False,False,False,False,False,0,553757,0.32612001300341104,839.6816721674409,710.9578371018334,606.0807502207647,186,150,1194,1005,1009,856
ISIC_0000032,True,True,1129,1504,1698016,1.3321523472099204,1129,1504,0.3292383581780148,559052,normal,True,False,False,False,False,False,0,559052,0.32923835817801483,843.6866207089467,721.3117259217389,640.7254244685646,312,193,1132,1064,821,872
ISIC_0000034,True,True,1129,1504,1698016,1.3321523472099204,1129,1504,0.2059686127810338,349738,normal,True,False,False,False,False,False,0,349738,0.20596861278103387,667.3082135689522,800.394395233003,609.4550606453975,366,333,1258,866,893,534
ISIC_0000035,True,True,1129,1504,1698016,1.3321523472099204,1129,1504,0.4655362493639636,790488,normal,True,False,False,False,False,False,0,790488,0.4655362493639636,1003.2350578197561,738.3352271002217,554.2085294147413,174,73,1326,1012,1153,940
ISIC_0000036,True,True,1129,1504,1698016,1.3321523472099204,1129,1504,0.3923155023274221,666158,normal,True,False,False,False,False,False,0,666158,0.3923155023274221,920.9661821379146,707.2725899861595,591.5358353423662,123,168,1188,1028,1066,861
ISIC_0000037,True,True,1129,1504,1698016,1.3321523472099204,1129,1504,0.4297815803855794,729776,normal,True,False,False,False,False,False,0,729776,0.4297815803855794,963.9396568243512,785.9415176711758,523.915928997391,135,17,1372,1018,1238,1002
ISIC_0000038,True,True,1129,1504,1698016,1.3321523472099204,1129,1504,0.5224461960311328,887122,normal,True,False,False,False,False,False,0,887122,0.5224461960311328,1062.7882250968662,703.5869564727286,598.4613773528331,15,135,1381,1054,1367,920
ISIC_0000039,True,True,1129,1504,1698016,1.3321523472099204,1129,1504,0.221212285396604,375622,normal,True,False,False,False,False,False,0,375622,0.22121228539660404,691.5611211400706,714.9022740947016,576.7624047579748,350,243,1088,928,739,686
ISIC_0000040,True,True,1129,1504,1698016,1.3321523472099204,1129,1504,0.2685840416109153,456060,normal,True,False,False,False,False,False,0,456060,0.2685840416109153,762.0194398910819,722.4556330307415,561.0109415427795,333,164,1189,921,857,758
ISIC_0000041,True,True,1129,1504,1698016,1.3321523472099204,1129,1504,0.0692826216007387,117643,normal,True,False,False,False,False,False,0,117643,0.06928262160073874,387.0241849823842,639.3360845949185,544.0986544035769,434,307,818,768,385,462
ISIC_0000042,True,True,1129,1504,1698016,1.3321523472099204,1129,1504,0.3352165115051919,569203,normal,True,False,False,False,False,False,0,569203,0.33521651150519194,851.3117928126503,762.5999599439918,596.7000472590622,314,124,1163,1055,850,932
ISIC_0000043,True,True,1129,1504,1698016,1.3321523472099204,1129,1504,0.4100002591259446,696187,normal,True,False,False,False,False,False,0,696187,0.4100002591259446,941.4949914527101,698.1315810263621,611.4253440526755,196,144,1224,1091,1029,948
ISIC_0000044,True,True,1129,1504,1698016,1.3321523472099204,1129,1504,0.5100511420387087,866075,normal,True,False,False,False,False,False,0,866075,0.5100511420387087,1050.1052036374765,747.743635366452,546.8682250382473,118,71,1350,1012,1233,942
ISIC_0000045,True,True,1129,1504,1698016,1.3321523472099204,1129,1504,0.3218314786197538,546475,normal,True,False,False,False,False,False,0,546475,0.32183147861975386,834.1424220174562,670.398929502722,445.9454595361178,226,17,1086,868,861,852
ISIC_0000046,True,True,1129,1504,1698016,1.3321523472099204,1129,1504,0.3805947647136423,646256,normal,True,False,False,False,False,False,0,646256,0.3805947647136423,907.1045668622594,706.5565178505112,554.5368429848234,158,149,1262,974,1105,826
ISIC_0000047,True,True,1129,1504,1698016,1.3321523472099204,1129,1504,0.2468145176488325,419095,normal,True,False,False,False,False,False,0,419095,0.24681451764883253,730.4849943707147,661.8861976401532,546.3815006144191,256,198,1041,931,786,734
ISIC_0000048,True,True,1129,1504,1698016,1.3321523472099204,1129,1504,0.1274281278857207,216375,normal,True,False,False,False,False,False,0,216375,0.12742812788572075,524.878277786451,638.3566724436741,614.4703454650491,379,285,857,946,479,662
ISIC_0000049,True,True,1129,1504,1698016,1.3321523472099204,1129,1504,0.655867789231668,1113674,normal,True,False,False,False,False,False,0,1113674,0.655867789231668,1190.7870408865674,767.7261514590446,535.5520089361878,112,3,1419,1071,1308,1069
ISIC_0000050,True,True,1129,1504,1698016,1.3321523472099204,1129,1504,0.2820538793509601,478932,normal,True,False,False,False,False,False,0,478932,0.28205387935096016,780.8938222569705,797.8338386242723,569.480949278812,304,196,1324,919,1021,724
ISIC_0000051,True,True,1129,1504,1698016,1.3321523472099204,1129,1504,0.2873111914139796,487859,normal,True,False,False,False,False,False,0,487859,0.2873111914139796,788.1379137276367,722.7703557790263,569.3363451325075,212,191,1218,990,1007,800
ISIC_0000052,True,True,1129,1504,1698016,1.3321523472099204,1129,1504,0.6176066656615721,1048706,normal,True,False,False,False,False,False,0,1048706,0.6176066656615721,1155.5318905166719,782.6251990548352,562.3122943894666,192,3,1413,1125,1222,1123
ISIC_0000053,True,True,1129,1504,1698016,1.3321523472099204,1129,1504,0.5533881895105818,939662,normal,True,False,False,False,False,False,0,939662,0.5533881895105818,1093.8074862995463,657.7560463230395,566.9044496850995,104,15,1241,1118,1138,1104
ISIC_0000054,True,True,1129,1504,1698016,1.3321523472099204,1129,1504,0.2114797504852722,359096,normal,True,False,False,False,False,False,0,359096,0.21147975048527223,676.1769203072654,718.8475895025285,642.4522049813977,352,259,1100,1002,749,744
ISIC_0000055,True,True,1129,1504,1698016,1.3321523472099204,1129,1504,0.4219047405913725,716401,normal,True,False,False,False,False,False,0,716401,0.4219047405913725,955.0654862823885,943.8461071383206,621.4338799080404,424,75,1474,1126,1051,1052
ISIC_0000056,True,True,1129,1504,1698016,1.3321523472099204,1129,1504,0.4973262913894804,844468,normal,True,False,False,False,False,False,0,844468,0.4973262913894804,1036.923358722048,812.265483120734,538.3427897800746,299,41,1395,1043,1097,1003
ISIC_0000057,True,True,1129,1504,1698016,1.3321523472099204,1129,1504,0.1962396114053106,333218,normal,True,False,False,False,False,False,0,333218,0.19623961140531068,651.3573018072043,728.3682484139513,721.5887557094754,416,334,1041,1070,626,737
ISIC_0000058,True,True,1129,1504,1698016,1.3321523472099204,1129,1504,0.4733594972014397,803772,normal,True,False,False,False,False,False,0,803772,0.47335949720143977,1011.6295247524516,763.5772084621012,569.596613218674,231,78,1322,1096,1092,1019
ISIC_0000059,True,True,1129,1504,1698016,1.3321523472099204,1129,1504,0.4273092833047509,725578,normal,True,False,False,False,False,False,0,725578,0.42730928330475093,961.1631507657012,714.0235109113011,567.0145718310092,138,152,1245,1021,1108,870
ISIC_0000060,True,True,1129,1504,1698016,1.3321523472099204,1129,1504,0.505168973672804,857785,normal,True,False,False,False,False,False,0,857785,0.505168973672804,1045.0673580591117,636.6247264757486,613.4872468042691,112,94,1152,1118,1041,1025
ISIC_0000061,True,True,1129,1504,1698016,1.3321523472099204,1129,1504,0.3197849725797637,543000,normal,True,False,False,False,False,False,0,543000,0.3197849725797637,831.4860628965428,747.8050478821363,614.158394106814,302,201,1206,1048,905,848
ISIC_0000062,True,True,1129,1504,1698016,1.3321523472099204,1129,1504,0.0821264346154571,139452,normal,True,False,False,False,False,False,0,139452,0.0821264346154571,421.37370704922716,691.0785503255601,574.0745848033732,504,309,874,850,371,542
ISIC_0000063,True,True,1129,1504,1698016,1.3321523472099204,1129,1504,0.4330206546934775,735276,normal,True,False,False,False,False,False,0,735276,0.43302065469347756,967.5652326818546,725.4238802844102,635.9257788911918,208,109,1215,1125,1008,1017
ISIC_0000064,True,True,1129,1504,1698016,1.3321523472099204,1129,1504,0.3378360392363794,573651,normal,True,False,False,False,False,False,0,573651,0.3378360392363794,854.6315803180169,697.141172943131,645.2057104406687,260,175,1104,1058,845,884
ISIC_0000065,True,True,1129,1504,1698016,1.3321523472099204,1129,1504,0.2574257250815069,437113,normal,True,False,False,False,False,False,0,437113,0.2574257250815069,746.0224910267929,752.5766975587549,589.9683903246987,168,311,1388,856,1221,546
ISIC_0000066,True,True,722,962,694564,1.332409972299169,722,962,0.5062888373137681,351650,normal,True,False,False,False,False,False,0,351650,0.5062888373137681,669.1297975027865,431.1337494667994,341.131133229063,30,10,840,684,811,675
ISIC_0000067,True,True,722,962,694564,1.332409972299169,722,962,0.2761790130211183,191824,normal,True,False,False,False,False,False,0,191824,0.2761790130211183,494.2043124349259,375.27809346067227,361.90379201768286,124,78,620,645,497,568
ISIC_0000068,True,True,722,962,694564,1.332409972299169,722,962,0.3638066470476442,252687,normal,True,False,False,False,False,False,0,252687,0.36380664704764426,567.2134349964695,442.54853633150896,383.3352487464729,91,130,788,633,698,504
ISIC_0000069,True,True,767,1022,783874,1.332464146023468,767,1022,0.1310210569555821,102704,normal,True,False,False,False,False,False,0,102704,0.13102105695558214,361.6169163665884,475.2260476709768,387.9997371085839,241,223,715,556,475,334
ISIC_0000071,True,True,767,1022,783874,1.332464146023468,767,1022,0.0900897338092601,70619,normal,True,False,False,False,False,False,0,70619,0.09008973380926016,299.85813880842466,470.57929169203754,366.97914159079,273,247,657,498,385,252
ISIC_0000072,True,True,767,1022,783874,1.332464146023468,767,1022,0.1231498939880644,96534,normal,True,False,False,False,False,False,0,96534,0.1231498939880644,350.5865174410793,489.6310833488719,428.0528932811238,312,220,651,625,340,406
ISIC_0000073,True,True,767,1022,783874,1.332464146023468,767,1022,0.343955788812998,269618,normal,True,False,False,False,False,False,0,269618,0.343955788812998,585.9080982307764,493.61934292220843,388.9721643213732,125,127,897,626,773,500
ISIC_0000074,True,True,767,1022,783874,1.332464146023468,767,1022,0.3710009516835614,290818,normal,True,False,False,False,False,False,0,290818,0.3710009516835614,608.5071716264242,506.33251036730877,356.25452688623125,40,51,1015,635,976,585
ISIC_0000075,True,True,767,1022,783874,1.332464146023468,767,1022,0.6189094165643968,485147,normal,True,False,False,False,False,False,0,485147,0.6189094165643968,785.944238104479,512.0838900374525,380.094196192082,76,1,941,762,866,762
ISIC_0000077,True,True,1129,1504,1698016,1.3321523472099204,1129,1504,0.4146492141416806,704081,normal,True,False,False,False,False,False,0,704081,0.41464921414168066,946.8177078491287,780.4076405981698,615.7489905280785,275,175,1258,1116,984,942
ISIC_0000078,True,True,1129,1504,1698016,1.3321523472099204,1129,1504,0.1122221463166424,190555,normal,True,False,False,False,False,False,0,190555,0.11222214631664248,492.56691062941786,745.9915719870903,578.8846264857915,505,304,1020,864,516,561
ISIC_0000079,True,True,1129,1504,1698016,1.3321523472099204,1129,1504,0.0594976725778791,101028,normal,True,False,False,False,False,False,0,101028,0.05949767257787913,358.65421331068177,743.276685671299,589.3540305657838,481,401,968,772,488,372
ISIC_0000080,True,True,1944,2592,5038848,1.3333333333333333,1944,2592,0.1853332348981354,933866,normal,True,False,False,False,False,False,0,933866,0.18533323489813544,1090.4288700706927,1270.397476725783,980.2274234204907,674,457,1883,1497,1210,1041
ISIC_0000081,True,True,1536,2048,3145728,1.3333333333333333,1536,2048,0.1140899658203125,358896,normal,True,False,False,False,False,False,0,358896,0.1140899658203125,675.9885943174419,939.5488080112344,811.2544971245152,558,417,1328,1189,771,773
ISIC_0000082,True,True,1536,2048,3145728,1.3333333333333333,1536,2048,0.2588062286376953,814134,normal,True,False,False,False,False,False,0,814134,0.2588062286376953,1018.1294630416197,1015.2592411077292,734.861492088526,543,129,1548,1313,1006,1185
ISIC_0000085,True,True,1536,2048,3145728,1.3333333333333333,1536,2048,0.1287755966186523,405093,normal,True,False,False,False,False,False,0,405093,0.12877559661865234,718.1785480612751,1078.0770366310946,816.9424749378538,646,444,1486,1206,841,763
ISIC_0000086,True,True,1944,2592,5038848,1.3333333333333333,1944,2592,0.2349634281486562,1183945,normal,True,False,False,False,False,False,0,1183945,0.2349634281486562,1227.7807592528368,1264.390777443209,949.1828573117839,391,485,2121,1417,1731,933
ISIC_0000087,True,True,1536,2048,3145728,1.3333333333333333,1536,2048,0.3870588938395182,1217582,normal,True,False,False,False,False,False,0,1217582,0.38705889383951825,1245.0998158210966,1080.9074370350415,738.3579126498256,249,244,1913,1225,1665,982
ISIC_0000088,True,True,1536,2048,3145728,1.3333333333333333,1536,2048,0.220306396484375,693024,normal,True,False,False,False,False,False,0,693024,0.220306396484375,939.3538003598758,1022.4668409752044,749.9472211640579,510,171,1488,1336,979,1166
ISIC_0000089,True,True,1536,2048,3145728,1.3333333333333333,1536,2048,0.1231584548950195,387423,normal,True,False,False,False,False,False,0,387423,0.12315845489501953,702.3405756041232,1035.3290950717949,817.155215358923,736,297,1336,1325,601,1029
ISIC_0000091,True,True,1536,2048,3145728,1.3333333333333333,1536,2048,0.1378968556722005,433786,normal,True,False,False,False,False,False,0,433786,0.13789685567220053,743.1779660030882,944.0272161849391,786.8415117131489,614,370,1296,1212,683,843
ISIC_0000092,True,True,1536,2048,3145728,1.3333333333333333,1536,2048,0.0874830881754557,275198,normal,True,False,False,False,False,False,0,275198,0.08748308817545573,591.9400106700233,1078.8326259638516,726.3126984934484,713,465,1449,995,737,531
ISIC_0000093,True,True,1536,2048,3145728,1.3333333333333333,1536,2048,0.1093708674112955,344051,normal,True,False,False,False,False,False,0,344051,0.10937086741129558,661.860512952448,1071.476005010885,826.9738033024174,726,494,1406,1152,681,659
ISIC_0000094,True,True,1536,2048,3145728,1.3333333333333333,1536,2048,0.0596809387207031,187740,normal,True,False,False,False,False,False,0,187740,0.059680938720703125,488.9151175087343,1139.2885160328112,785.260365398956,815,566,1477,981,663,416
ISIC_0000095,True,True,1536,2048,3145728,1.3333333333333333,1536,2048,0.0778656005859375,244944,normal,True,False,False,False,False,False,0,244944,0.0778656005859375,558.4553581492523,1042.4541650336403,804.866038768045,797,463,1309,1126,513,664
ISIC_0000096,True,True,1536,2048,3145728,1.3333333333333333,1536,2048,0.2753582000732422,866202,normal,True,False,False,False,False,False,0,866202,0.2753582000732422,1050.18219377815,1079.8936506727068,715.1363792741186,484,211,1705,1182,1222,972
ISIC_0000097,True,True,1536,2048,3145728,1.3333333333333333,1536,2048,0.243467648824056,765883,normal,True,False,False,False,False,False,0,765883,0.243467648824056,987.4981125249814,1046.1579209879317,691.1101721803461,439,193,1689,1169,1251,977
ISIC_0000098,True,True,1536,2048,3145728,1.3333333333333333,1536,2048,0.0225321451822916,70880,small,True,False,False,False,False,False,0,70880,0.022532145182291668,300.4117489893302,983.7052624153499,743.4762133182844,786,610,1186,875,401,266
ISIC_0000099,True,True,1536,2048,3145728,1.3333333333333333,1536,2048,0.398938496907552,1254952,normal,True,False,False,False,False,False,0,1254952,0.39893849690755206,1264.0627014291981,1074.455328171914,832.4306515308953,226,305,1821,1381,1596,1077
ISIC_0000100,True,True,1704,2272,3871488,1.3333333333333333,1704,2272,0.3857860336904053,1493566,normal,True,False,False,False,False,False,0,1493566,0.3857860336904053,1379.0095336406916,1182.5293954200886,895.8133808616425,537,100,1876,1635,1340,1536
ISIC_0000101,True,True,1704,2272,3871488,1.3333333333333333,1704,2272,0.3898883323414666,1509448,normal,True,False,False,False,False,False,0,1509448,0.38988833234146664,1386.3220709205355,1129.1673810558561,810.0175574117161,486,37,1828,1577,1343,1541
ISIC_0000102,True,True,1536,2048,3145728,1.3333333333333333,1536,2048,0.0281775792439778,88639,small,True,False,False,False,False,False,0,88639,0.028177579243977863,335.9444597039518,1008.336240255418,778.8744345039994,838,599,1188,959,351,361
ISIC_0000103,True,True,1536,2048,3145728,1.3333333333333333,1536,2048,0.3939892450968424,1239383,normal,True,False,False,False,False,False,0,1239383,0.39398924509684247,1256.1972164721988,832.0376300142893,704.5942182521464,135,116,1541,1315,1407,1200
ISIC_0000104,True,True,1536,2048,3145728,1.3333333333333333,1536,2048,0.2373123168945312,746520,normal,True,False,False,False,False,False,0,746520,0.23731231689453125,974.9352721774372,1057.1761747843327,760.6934254942935,503,321,1615,1180,1113,860
ISIC_0000105,True,True,1944,2592,5038848,1.3333333333333333,1944,2592,0.0721857456307473,363733,normal,True,False,False,False,False,False,0,363733,0.07218574563074734,680.528646954083,1247.7339944409773,838.6268829058678,863,470,1608,1202,746,733
ISIC_0000107,True,True,1536,2048,3145728,1.3333333333333333,1536,2048,0.1956424713134765,615438,normal,True,False,False,False,False,False,0,615438,0.19564247131347656,885.2118384503899,938.7366867174272,750.6297141222999,498,141,1408,1295,911,1155
ISIC_0000108,True,True,1536,2048,3145728,1.3333333333333333,1536,2048,0.1865431467692057,586814,normal,True,False,False,False,False,False,0,586814,0.18654314676920572,864.3811602552544,1161.569517768833,762.6541391309682,676,349,1637,1177,962,829
ISIC_0000109,True,True,1536,2048,3145728,1.3333333333333333,1536,2048,0.3553476333618164,1117827,normal,True,False,False,False,False,False,0,1117827,0.3553476333618164,1193.005255886441,975.4731921844793,787.3246844100205,214,129,1692,1529,1479,1401
ISIC_0000110,True,True,1536,2048,3145728,1.3333333333333333,1536,2048,0.105499267578125,331872,normal,True,False,False,False,False,False,0,331872,0.105499267578125,650.040425043203,1035.323248119757,695.2305406903866,617,429,1435,952,819,524
ISIC_0000111,True,True,1536,2048,3145728,1.3333333333333333,1536,2048,0.6033420562744141,1897950,normal,True,False,False,False,False,False,0,1897950,0.6033420562744141,1554.5240409624105,1025.5418978371401,798.5950968149846,91,79,1990,1492,1900,1414
ISIC_0000112,True,True,1536,2048,3145728,1.3333333333333333,1536,2048,0.2026634216308593,637524,normal,True,False,False,False,False,False,0,637524,0.20266342163085938,900.9554747698356,1091.359702536689,677.6644659652029,551,233,1589,1104,1039,872
ISIC_0000113,True,True,2112,2816,5947392,1.3333333333333333,2112,2816,0.1806818854381887,1074586,normal,True,False,False,False,False,False,0,1074586,0.1806818854381887,1169.703120205627,1315.7954207480834,1000.8240606149717,677,469,1933,1552,1257,1084
ISIC_0000115,True,True,1536,2048,3145728,1.3333333333333333,1536,2048,0.2164281209309896,680824,normal,True,False,False,False,False,False,0,680824,0.2164281209309896,931.0488922740698,1080.2759097799137,851.5317012913763,714,273,1454,1451,741,1179
ISIC_0000116,True,True,1536,2048,3145728,1.3333333333333333,1536,2048,0.3614047368367513,1136881,normal,True,False,False,False,False,False,0,1136881,0.3614047368367513,1203.1300207617032,901.514588598103,746.2663374618803,130,173,1538,1345,1409,1173
ISIC_0000117,True,True,1536,2048,3145728,1.3333333333333333,1536,2048,0.2294871012369791,721904,normal,True,False,False,False,False,False,0,721904,0.22948710123697916,958.7266139533693,1214.1524662559011,683.5678400452138,659,231,1723,1110,1065,880
ISIC_0000119,True,True,1536,2048,3145728,1.3333333333333333,1536,2048,0.1696367263793945,533631,normal,True,False,False,False,False,False,0,533631,0.16963672637939453,824.2815608131542,1054.1736068556736,779.6639569290389,656,269,1425,1281,770,1013
ISIC_0000120,True,True,1536,2048,3145728,1.3333333333333333,1536,2048,0.421518325805664,1325982,normal,True,False,False,False,False,False,0,1325982,0.42151832580566406,1299.3431871553491,1002.7916231140392,783.1956112526415,338,69,1620,1465,1283,1397
ISIC_0000121,True,True,1536,2048,3145728,1.3333333333333333,1536,2048,0.2761284510294596,868625,normal,True,False,False,False,False,False,0,868625,0.27612845102945965,1051.6499890864739,943.3170792919844,816.5106507411139,382,290,1487,1360,1106,1071
ISIC_0000122,True,True,1536,2048,3145728,1.3333333333333333,1536,2048,0.3906917572021484,1229010,normal,True,False,False,False,False,False,0,1229010,0.39069175720214844,1250.9293077048608,1110.2516529564446,754.8896713615023,379,247,1831,1290,1453,1044
ISIC_0000123,True,True,1536,2048,3145728,1.3333333333333333,1536,2048,0.1869939168294271,588232,normal,True,False,False,False,False,False,0,588232,0.1869939168294271,865.4248921071396,1105.7907747283384,675.2907067279576,525,303,1649,1044,1125,742
ISIC_0000124,True,True,1536,2048,3145728,1.3333333333333333,1536,2048,0.2411184310913086,758493,normal,True,False,False,False,False,False,0,758493,0.2411184310913086,982.7223829774143,1010.7463852665746,759.494351299221,526,164,1495,1341,970,1178
ISIC_0000125,True,True,1536,2048,3145728,1.3333333333333333,1536,2048,0.014539082845052,45736,tiny,True,False,False,False,False,False,0,45736,0.014539082845052084,241.3149059175736,1087.3541630225643,759.2091787650866,957,640,1224,876,268,237
ISIC_0000126,True,True,1536,2048,3145728,1.3333333333333333,1536,2048,0.2548942565917969,801828,normal,True,False,False,False,False,False,0,801828,0.2548942565917969,1010.4054224299798,979.0810672613079,762.3611846929765,422,268,1538,1268,1117,1001
ISIC_0000127,True,True,1536,2048,3145728,1.3333333333333333,1536,2048,0.4293721516927083,1350688,normal,True,False,False,False,False,False,0,1350688,0.4293721516927083,1311.39215118867,1003.6070432253784,688.0702382785662,219,7,1711,1380,1493,1374
ISIC_0000128,True,True,1536,2048,3145728,1.3333333333333333,1536,2048,0.1517384847005208,477328,normal,True,False,False,False,False,False,0,477328,0.15173848470052084,779.5850725926874,1056.667710672745,751.3708896188784,615,375,1479,1149,865,775
ISIC_0000129,True,True,1536,2048,3145728,1.3333333333333333,1536,2048,0.0934995015462239,294124,normal,True,False,False,False,False,False,0,294124,0.09349950154622395,611.9561322968216,1122.3660666929595,832.7510607770872,822,460,1414,1201,593,742
ISIC_0000131,True,True,1536,2048,3145728,1.3333333333333333,1536,2048,0.2602144877115885,818564,normal,True,False,False,False,False,False,0,818564,0.26021448771158856,1020.8957119591569,993.5244000469114,608.8729848857267,467,97,1512,1113,1046,1017
ISIC_0000132,True,True,1536,2048,3145728,1.3333333333333333,1536,2048,0.0457547505696614,143932,small,True,False,False,False,False,False,0,143932,0.04575475056966146,428.08867557180423,1008.5246922157686,570.999847150043,819,351,1223,802,405,452
ISIC_0000133,True,True,1536,2048,3145728,1.3333333333333333,1536,2048,0.1420106887817382,446727,normal,True,False,False,False,False,False,0,446727,0.14201068878173828,754.1819953438991,1202.8240110850697,736.6626619837172,803,349,1549,1128,747,780
ISIC_0000134,True,True,1536,2048,3145728,1.3333333333333333,1536,2048,0.0898675918579101,282699,normal,True,False,False,False,False,False,0,282699,0.08986759185791016,599.9529532030706,1077.8887190969901,797.7801407150362,861,391,1315,1196,455,806
ISIC_0000135,True,True,1704,2272,3871488,1.3333333333333333,1704,2272,0.1012042398168352,391811,normal,True,False,False,False,False,False,0,391811,0.10120423981683528,706.3067741868464,1159.329322045578,911.746696749198,765,529,1533,1301,769,773
ISIC_0000136,True,True,1536,2048,3145728,1.3333333333333333,1536,2048,0.5140606562296549,1617095,normal,True,False,False,False,False,False,0,1617095,0.5140606562296549,1434.9039346219342,986.1352406630408,784.4720229794787,133,58,1800,1419,1668,1362
ISIC_0000137,True,True,1536,2048,3145728,1.3333333333333333,1536,2048,0.2463417053222656,774924,normal,True,False,False,False,False,False,0,774924,0.24634170532226562,993.3095594850334,1133.2317891819068,695.2444446165043,468,321,1797,1149,1330,829
ISIC_0000138,True,True,1536,2048,3145728,1.3333333333333333,1536,2048,0.1796410878499349,565102,normal,True,False,False,False,False,False,0,565102,0.1796410878499349,848.2394786903814,1119.1276973006643,827.9623112287693,686,396,1557,1242,872,847
ISIC_0000139,True,True,2112,2816,5947392,1.3333333333333333,2112,2816,0.2677491243220558,1592409,normal,True,False,False,False,False,False,0,1592409,0.2677491243220558,1423.9094459242046,1457.6038674737458,1027.4057525422174,713,321,2153,1767,1441,1447
ISIC_0000140,True,True,2112,2816,5947392,1.3333333333333333,2112,2816,0.3477774796078685,2068369,normal,True,False,False,False,False,False,0,2068369,0.3477774796078685,1622.815209413667,1514.1320083602104,1049.0339238308059,746,203,2419,1901,1674,1699
ISIC_0000141,True,True,1536,2048,3145728,1.3333333333333333,1536,2048,0.1719484329223632,540903,normal,True,False,False,False,False,False,0,540903,0.17194843292236328,829.8789607321562,1067.9609874598589,813.3179775301671,544,444,1666,1160,1123,717
ISIC_0000142,True,True,1536,2048,3145728,1.3333333333333333,1536,2048,0.3623377482096354,1139816,normal,True,False,False,False,False,False,0,1139816,0.36233774820963544,1204.682034780072,1079.501305473866,801.0037234079887,471,227,1707,1390,1237,1164
ISIC_0000143,True,True,1944,2592,5038848,1.3333333333333333,1944,2592,0.2782270868261952,1401944,normal,True,False,False,False,False,False,0,1401944,0.2782270868261952,1336.0428661926207,1265.472827730637,1123.2694836598323,487,528,2098,1669,1612,1142
ISIC_0000145,True,True,1536,2048,3145728,1.3333333333333333,1536,2048,0.3044379552205403,957679,normal,True,False,False,False,False,False,0,957679,0.30443795522054035,1104.2439829867428,1012.5747447735619,704.9256953530358,502,109,1528,1317,1027,1209
ISIC_0000146,True,True,1536,2048,3145728,1.3333333333333333,1536,2048,0.370327631632487,1164950,normal,True,False,False,False,False,False,0,1164950,0.370327631632487,1217.8917881483674,1005.2331722391519,724.1291626250054,387,133,1650,1325,1264,1193
ISIC_0000147,True,True,1536,2048,3145728,1.3333333333333333,1536,2048,0.4887584050496419,1537501,normal,True,False,False,False,False,False,0,1537501,0.4887584050496419,1399.1451223049942,1048.8977945380198,757.4856146435027,367,51,1779,1464,1413,1414
ISIC_0000148,True,True,2112,2816,5947392,1.3333333333333333,2112,2816,0.1476341226540977,878038,normal,True,False,False,False,False,False,0,878038,0.14763412265409778,1057.332825263726,1523.2494755352275,1055.0401691042985,991,359,2002,1662,1012,1304
ISIC_0000149,True,True,1536,2048,3145728,1.3333333333333333,1536,2048,0.5180390675862631,1629610,normal,True,False,False,False,False,False,0,1629610,0.5180390675862631,1440.4457277162055,1178.5001718202516,700.7054252244402,413,11,1931,1384,1519,1374
ISIC_0000150,True,True,1536,2048,3145728,1.3333333333333333,1536,2048,0.32337220509847,1017241,normal,True,False,False,False,False,False,0,1017241,0.32337220509847003,1138.0647906538281,1065.177976507042,802.4178704947992,285,233,1675,1322,1391,1090
ISIC_0000151,True,True,1536,2048,3145728,1.3333333333333333,1536,2048,0.0993254979451497,312451,normal,True,False,False,False,False,False,0,312451,0.09932549794514973,630.7336751688832,1018.0962614938022,722.6159845863831,577,423,1432,993,856,571
ISIC_0000152,True,True,1944,2592,5038848,1.3333333333333333,1944,2592,0.22641464874511,1140869,normal,True,False,False,False,False,False,0,1140869,0.22641464874511,1205.2383690218546,1405.6771040321019,852.6028281949988,819,157,2000,1513,1182,1357
ISIC_0000153,True,True,1944,2592,5038848,1.3333333333333333,1944,2592,0.279224537037037,1406970,normal,True,False,False,False,False,False,0,1406970,0.27922453703703703,1338.4355951094665,1245.8762120016775,948.4810699588477,521,253,2031,1657,1511,1405
ISIC_0000154,True,True,1536,2048,3145728,1.3333333333333333,1536,2048,0.0993353525797526,312482,normal,True,False,False,False,False,False,0,312482,0.09933535257975261,630.7649636892755,1134.10914548678,695.3760440601378,752,369,1517,1057,766,689
ISIC_0000155,True,True,1536,2048,3145728,1.3333333333333333,1536,2048,0.4820880889892578,1516518,normal,True,False,False,False,False,False,0,1516518,0.4820880889892578,1389.5649275592268,1105.8370958999496,762.322389183643,342,39,1814,1504,1473,1466
ISIC_0000156,True,True,1536,2048,3145728,1.3333333333333333,1536,2048,0.3141384124755859,988194,normal,True,False,False,False,False,False,0,988194,0.31413841247558594,1121.6985685423779,1021.5769099994535,734.5825839865452,406,109,1542,1452,1137,1344
ISIC_0000157,True,True,629,963,605727,1.5310015898251192,629,963,0.3334588023977798,201985,normal,True,False,False,False,False,False,0,201985,0.33345880239777986,507.12453050836723,490.2152932148427,338.2652672228136,230,74,756,605,527,532
ISIC_0000159,True,True,724,965,698660,1.3328729281767957,724,965,0.3819754959493888,266871,normal,True,False,False,False,False,False,0,266871,0.38197549594938884,582.9156976296123,555.7252530248697,384.6113777817747,281,70,836,717,556,648
ISIC_0000160,True,True,540,722,389880,1.337037037037037,540,722,0.7110546834923567,277226,normal,True,False,True,True,False,True,2,277226,0.7110546834923567,594.1170810780905,358.47328172682217,278.3836472769509,0,38,720,539,721,502
ISIC_0000161,True,True,674,962,648388,1.427299703264095,674,962,0.4914942904557148,318679,normal,True,False,False,False,False,False,0,318679,0.4914942904557148,636.9887792392084,520.2726160179993,331.3458935166735,144,38,873,665,730,628
ISIC_0000162,True,True,640,964,616960,1.50625,640,964,0.4143720824688797,255651,normal,True,False,False,False,False,False,0,255651,0.4143720824688797,570.5304223712255,474.0471580396713,298.62823927933005,159,20,808,566,650,547
ISIC_0000163,True,True,649,965,626285,1.4869029275808936,649,965,0.295245774687243,184908,normal,True,False,False,False,False,False,0,184908,0.295245774687243,485.21353828792684,491.3413156813118,323.24930776386094,178,106,799,551,622,446
ISIC_0000164,True,True,638,959,611842,1.5031347962382444,638,959,0.3454699088980488,211373,normal,True,False,False,False,False,False,0,211373,0.34546990889804885,518.7759268598588,515.7450289299012,368.444806101063,234,94,849,632,616,539
ISIC_0000165,True,True,649,961,623689,1.4807395993836672,649,961,0.1140183649222609,71112,normal,True,False,False,False,False,False,0,71112,0.11401836492226093,300.9029918515382,617.8413910451119,259.0690319496006,433,92,809,398,377,307
ISIC_0000166,True,True,542,722,391324,1.3321033210332105,542,722,0.4944163915323363,193477,normal,True,False,False,False,False,False,0,193477,0.49441639153233635,496.329091829932,339.9268440176352,256.674798554867,90,2,616,503,527,502
ISIC_0000167,True,True,624,965,602160,1.546474358974359,624,965,0.2677112395376644,161205,normal,True,False,False,False,False,False,0,161205,0.2677112395376644,453.0480998845839,478.88165379485747,222.16620452219223,232,6,694,501,463,496
ISIC_0000169,True,True,542,722,391324,1.3321033210332105,542,722,0.2817844037166133,110269,normal,True,False,False,False,False,False,0,110269,0.28178440371661334,374.69834715194787,352.1913230372997,277.851708095657,126,61,596,464,471,404
ISIC_0000170,True,True,542,722,391324,1.3321033210332105,542,722,0.3852229865788962,150747,normal,True,False,False,False,False,False,0,150747,0.38522298657889625,438.10619905474016,410.69500553908205,254.6873569623276,150,68,710,428,561,361
ISIC_0000171,True,True,720,964,694080,1.3388888888888888,720,964,0.4114799446749654,285600,normal,True,False,False,False,False,False,0,285600,0.4114799446749654,603.0233942197951,456.5335259103641,386.6108298319328,115,70,819,677,705,608
ISIC_0000172,True,True,674,962,648388,1.427299703264095,674,962,0.3582392024528523,232278,normal,True,False,False,False,False,False,0,232278,0.3582392024528523,543.8249120553362,510.97801341495966,348.85010203290886,232,54,790,651,559,598
ISIC_0000173,True,True,545,722,393490,1.3247706422018348,545,722,0.3355510940557574,132036,normal,True,False,False,False,False,False,0,132036,0.33555109405575745,410.01641007239203,346.14615710866735,269.99464539973945,64,65,613,425,550,361
ISIC_0000175,True,True,638,966,616308,1.5141065830721003,638,966,0.2244981405401195,138360,normal,True,False,False,False,False,False,0,138360,0.22449814054011955,419.720649253235,469.6114989881469,326.08188782885225,239,97,666,561,428,465
ISIC_0000176,True,True,1127,944,1063888,0.8376220053238687,1127,944,0.170482231212308,181374,normal,True,False,False,False,False,False,0,181374,0.17048223121230807,480.55441854882093,472.1363480984044,449.6625866993064,185,227,759,681,575,455
ISIC_0000177,True,True,703,1069,751507,1.5206258890469415,703,1069,0.1224419732617261,92016,normal,True,False,False,False,False,False,0,92016,0.12244197326172611,342.28410706363616,513.4737328290732,277.1451704051469,295,126,713,434,419,309
ISIC_0000179,True,True,1043,1502,1566586,1.4400767018216682,1043,1502,0.4123795310311722,646028,normal,True,False,False,False,False,False,0,646028,0.41237953103117225,906.944538881054,826.7507646727387,510.13249425721483,256,117,1414,966,1159,850
ISIC_0000181,True,True,1051,1502,1578602,1.4291151284490962,1051,1502,0.215268953162355,339824,normal,True,False,False,False,False,False,0,339824,0.21526895316235506,657.782148625274,959.0831754084468,480.98168463675313,678,82,1257,859,580,778
ISIC_0000182,True,True,1051,1502,1578602,1.4291151284490962,1051,1502,0.2669247853480485,421368,normal,True,False,False,False,False,False,0,421368,0.2669247853480485,732.463241730236,780.9753445919007,539.504081942625,397,170,1154,895,758,726
ISIC_0000183,True,True,705,1079,760695,1.530496453900709,705,1079,0.4599688442805592,349896,normal,True,False,False,False,False,False,0,349896,0.45996884428055923,667.4589303804801,508.64150204632233,392.88131616251684,169,37,854,703,686,667
ISIC_0000184,True,True,707,1057,747299,1.495049504950495,707,1057,0.4106174369295289,306854,normal,True,False,False,False,False,False,0,306854,0.4106174369295289,625.0589150313461,563.1853422148644,367.14800849915594,201,73,939,627,739,555
ISIC_0000185,True,True,705,1045,736725,1.482269503546099,705,1045,0.2789616206861448,205518,normal,True,False,False,False,False,False,0,205518,0.2789616206861448,511.54046248061474,483.91302951566286,410.4191019764692,216,137,723,686,508,550
ISIC_0000186,True,True,702,1064,746928,1.5156695156695157,702,1064,0.10526851316325,78628,normal,True,False,False,False,False,False,0,78628,0.10526851316325,316.40524477864835,546.0414483390141,305.5711832934832,381,157,714,449,334,293
ISIC_0000187,True,True,542,722,391324,1.3321033210332105,542,722,0.812523637701751,317960,normal,True,False,True,False,False,True,1,317960,0.812523637701751,636.2697899821995,392.11779154610645,271.286856837338,66,3,717,541,652,539
ISIC_0000188,True,True,1036,1502,1556072,1.44980694980695,1036,1502,0.5846181924743842,909708,normal,True,False,True,False,False,True,1,909708,0.5846181924743842,1076.2324097340386,865.5698300993286,561.6486872710803,280,1,1433,1035,1154,1035
ISIC_0000189,True,True,1051,1502,1578602,1.4291151284490962,1051,1502,0.4078216041788874,643788,normal,True,False,False,False,False,False,0,643788,0.4078216041788874,905.3708301165666,823.2982223961925,610.5411470856866,358,144,1270,1049,913,906
ISIC_0000190,True,True,543,722,392046,1.3296500920810312,543,722,0.6023017707105799,236130,normal,True,False,True,False,False,True,1,236130,0.6023017707105799,548.3156515168192,354.0799813661966,306.58679964426375,40,9,640,542,601,534
ISIC_0000191,True,True,1051,1502,1578602,1.4291151284490962,1051,1502,0.1308303169513278,206529,normal,True,False,False,False,False,False,0,206529,0.13083031695132782,512.7971235631187,835.3947726469406,499.63478252448806,514,286,1139,712,626,427
ISIC_0000192,True,True,1051,1502,1578602,1.4291151284490962,1051,1502,0.5278176513142642,833214,normal,True,False,False,False,False,False,0,833214,0.5278176513142642,1029.9907834669998,660.0926772713852,488.38233395022166,29,69,1305,910,1277,842
ISIC_0000193,True,True,704,1057,744128,1.5014204545454546,704,1057,0.3071339877010406,228547,normal,True,False,False,False,False,False,0,228547,0.30713398770104067,539.4395964615383,496.38421856335896,362.5271082096899,145,140,826,568,682,429
ISIC_0000196,True,True,1036,1494,1547784,1.442084942084942,1036,1494,0.3197319522620727,494876,normal,True,False,False,False,False,False,0,494876,0.31973195226207274,793.7856719167703,774.4229463542382,581.7857059142088,348,165,1186,1025,839,861
ISIC_0000197,True,True,1051,1502,1578602,1.4291151284490962,1051,1502,0.3020805750911249,476865,normal,True,False,False,False,False,False,0,476865,0.30208057509112496,779.2068887658356,869.7455107839745,593.3721157979721,496,140,1258,1049,763,910
ISIC_0000198,True,True,542,725,392950,1.3376383763837638,542,725,0.1949510115790813,76606,normal,True,False,False,False,False,False,0,76606,0.19495101157908132,312.3104041878558,367.5173485105605,258.32634519489335,203,91,540,415,338,325
ISIC_0000199,True,True,542,718,389156,1.3247232472324724,542,718,0.3041248239780448,118352,normal,True,False,False,False,False,False,0,118352,0.3041248239780448,388.1886739698828,352.6056762876842,278.43534541030147,130,90,573,465,444,376
ISIC_0000200,True,True,670,962,644540,1.435820895522388,670,962,0.2605858441679337,167958,normal,True,False,False,False,False,False,0,167958,0.26058584416793373,462.4400149799198,481.99575489110373,284.4421998356732,222,57,736,498,515,442
ISIC_0000201,True,True,705,1043,735315,1.4794326241134752,705,1043,0.1671120540176659,122880,normal,True,False,False,False,False,False,0,122880,0.1671120540176659,395.5447828717461,548.7368326822917,357.6039143880208,316,177,780,537,465,361
ISIC_0000202,True,True,1051,1502,1578602,1.4291151284490962,1051,1502,0.8070406600270366,1273996,normal,True,False,False,True,False,True,1,1273996,0.8070406600270366,1273.617716206248,746.8077215313078,544.2220525025197,0,10,1497,1048,1498,1039
ISIC_0000203,True,True,1051,1502,1578602,1.4291151284490962,1051,1502,0.9324706290756,1472000,normal,True,True,False,True,True,True,3,1472000,0.9324706290755999,1369.0173884396647,757.3112948369566,525.8505054347826,0,0,1501,1049,1502,1050
ISIC_0000204,True,True,1018,1456,1482208,1.4302554027504912,1018,1456,0.5064349942788057,750642,normal,True,True,False,False,False,True,1,750642,0.5064349942788057,977.6231780901536,684.584830052142,517.6355213270773,210,0,1210,1014,1001,1015
ISIC_0000205,True,True,1026,1502,1541052,1.4639376218323588,1026,1502,0.6826940297926352,1052067,normal,True,False,False,False,False,False,0,1052067,0.6826940297926352,1157.3820925307632,775.8011162787161,493.6195223308021,97,1,1443,983,1347,983
ISIC_0000206,True,True,1051,1502,1578602,1.4291151284490962,1051,1502,0.1711267311203204,270141,normal,True,False,False,False,False,False,0,270141,0.1711267311203204,586.4760897549887,728.6835504421765,569.2263521642402,354,270,1113,878,760,609
ISIC_0000207,True,True,701,1062,744462,1.514978601997147,701,1062,0.8530039142360524,635029,normal,True,False,False,False,False,False,0,635029,0.8530039142360524,899.1907666639074,565.7316091076156,353.40706802366503,3,1,1058,698,1056,698
ISIC_0000208,True,True,1051,1502,1578602,1.4291151284490962,1051,1502,0.7230144140194932,1141352,normal,True,False,True,False,True,True,2,1141352,0.7230144140194932,1205.4934677809613,914.1517297030189,528.7835479326272,247,4,1501,1050,1255,1047
ISIC_0000209,True,True,542,722,391324,1.3321033210332105,542,722,0.5958004109126964,233151,normal,True,False,False,False,False,False,0,233151,0.5958004109126964,544.8459168375476,355.44629875059513,247.83704551985622,51,3,641,527,591,525
ISIC_0000210,True,True,542,722,391324,1.3321033210332105,542,722,0.088719322096268,34718,normal,True,False,False,False,False,False,0,34718,0.08871932209626805,210.2482592415818,375.08713059508034,276.06901319200415,255,181,485,370,231,190
ISIC_0000211,True,True,674,962,648388,1.427299703264095,674,962,0.141493981998433,91743,normal,True,False,False,False,False,False,0,91743,0.14149398199843305,341.7759727550169,472.22051818667364,322.08600111180147,289,158,650,483,362,326
ISIC_0000212,True,True,542,722,391324,1.3321033210332105,542,722,0.6873613680735146,268981,normal,True,False,False,False,True,True,1,268981,0.6873613680735146,585.215555143922,373.45225127425357,261.6932757332302,20,15,721,524,702,510
ISIC_0000213,True,True,542,718,389156,1.3247232472324724,542,718,0.3833372734841554,149178,normal,True,False,False,False,False,False,0,149178,0.38333727348415547,435.8202941632045,328.97114856077974,292.7759656249581,62,96,626,474,565,379
ISIC_0000214,True,True,642,958,615036,1.4922118380062306,642,958,0.2490894841927952,153199,normal,True,False,False,False,False,False,0,153199,0.24908948419279522,441.6548709273817,565.6686140248958,318.1461693614188,211,115,922,492,712,378
ISIC_0000215,True,True,674,962,648388,1.427299703264095,674,962,0.7340944002665071,475978,normal,True,False,True,False,False,True,1,475978,0.7340944002665071,778.4818636448464,432.7766094231246,339.1994461928913,1,2,904,673,904,672
ISIC_0000216,True,True,626,949,594074,1.5159744408945688,626,949,0.4578049199258004,271970,normal,True,False,False,False,False,False,0,271970,0.45780491992580047,588.4581199895385,529.8827039747031,329.84247159613193,200,57,866,619,667,563
ISIC_0000217,True,True,638,959,611842,1.5031347962382444,638,959,0.58505954151562,357964,normal,True,False,False,False,False,False,0,357964,0.58505954151562,675.1103023888598,460.85194600574357,286.4645718563878,61,2,831,578,771,577
ISIC_0000218,True,True,1016,1502,1526032,1.4783464566929134,1016,1502,0.2344171026557765,357728,normal,True,False,False,False,False,False,0,357728,0.23441710265577656,674.887720927726,701.28472470704,502.1740288710976,263,229,1127,768,865,540
ISIC_0000219,True,True,674,962,648388,1.427299703264095,674,962,0.3734954996082592,242170,normal,True,False,False,False,False,False,0,242170,0.37349549960825923,555.2840899472218,441.40091671140107,294.6894330429038,145,7,772,546,628,540
ISIC_0000220,True,True,674,962,648388,1.427299703264095,674,962,0.1274530065331252,82639,normal,True,False,False,False,False,False,0,82639,0.12745300653312522,324.375157398604,424.7118067740413,368.83529568363605,231,224,610,517,380,294
ISIC_0000221,True,True,671,962,645502,1.433681073025335,671,962,0.1579266989103054,101942,normal,True,False,False,False,False,False,0,101942,0.15792669891030547,360.27293219084885,545.8198289223284,322.9708559769281,350,153,746,490,397,338
ISIC_0000222,True,True,645,966,623070,1.4976744186046511,645,966,0.5258253486767137,327626,normal,True,True,False,False,False,True,1,327626,0.5258253486767137,645.8687011176517,486.0493001165964,318.4410944186359,105,0,849,618,745,619
ISIC_0000223,True,True,634,959,608006,1.5126182965299684,634,959,0.5359864869754575,325883,normal,True,False,False,False,False,False,0,325883,0.5359864869754575,644.1483699870155,494.0570480816735,326.88578723038637,9,78,956,575,948,498
ISIC_0000224,True,True,640,957,612480,1.4953125,640,957,0.6144363897596656,376330,normal,True,False,True,False,False,True,1,376330,0.6144363897596656,692.2125669692683,468.6104934498977,325.2574841229772,130,2,826,639,697,638
ISIC_0000225,True,True,723,957,691911,1.3236514522821576,723,957,0.0998134153091944,69062,normal,True,False,False,False,False,False,0,69062,0.0998134153091944,296.53409490056924,416.7147780255423,414.4733862326605,257,250,571,569,315,320
ISIC_0000226,True,True,672,964,647808,1.4345238095238095,672,964,0.4748737280181782,307627,normal,True,False,False,False,False,False,0,307627,0.47487372801817823,625.8457169528637,459.44891703264017,328.6051061837875,125,37,800,620,676,584
ISIC_0000227,True,True,723,959,693357,1.326417704011065,723,959,0.1646092849715226,114133,normal,True,False,False,False,False,False,0,114133,0.1646092849715226,381.2068322567925,539.1141825764678,384.4764704336169,325,200,758,575,434,376
ISIC_0000228,True,True,639,959,612801,1.5007824726134584,639,959,0.388666141210605,238175,normal,True,False,False,False,False,False,0,238175,0.38866614121060505,550.6848722884054,435.7982617823029,340.0504796893041,85,96,778,588,694,493
ISIC_0000229,True,True,641,962,616642,1.500780031201248,641,962,0.4283717294637731,264152,normal,True,False,False,False,False,False,0,264152,0.42837172946377317,579.9385934914857,502.29884687604107,317.829757109543,47,51,869,563,823,513
ISIC_0000230,True,True,674,962,648388,1.427299703264095,674,962,0.6324762333664411,410090,normal,True,False,False,False,False,False,0,410090,0.6324762333664411,722.5944954816933,452.09376722182935,364.2468677607354,26,36,899,672,874,637
ISIC_0000231,True,True,723,962,695526,1.330567081604426,723,962,0.3167070677444121,220278,normal,True,False,False,False,False,False,0,220278,0.31670706774441215,529.5910313016755,540.3499577806226,325.0142047775992,291,24,791,621,501,598
ISIC_0000232,True,True,645,960,619200,1.4883720930232558,645,960,0.1791941214470284,110957,normal,True,False,False,False,False,False,0,110957,0.17919412144702843,375.86545487072823,458.00041457501555,294.99509719981614,264,103,648,492,385,390
ISIC_0000233,True,True,674,962,648388,1.427299703264095,674,962,0.7198837732962362,466764,normal,True,False,False,False,False,False,0,466764,0.7198837732962362,770.9101003740731,460.59875226024286,359.5887043559486,1,43,947,671,947,629
ISIC_0000234,True,True,676,962,650312,1.4230769230769231,676,962,0.42727644576757,277863,normal,True,False,False,False,False,False,0,277863,0.42727644576757,594.7992599345989,406.154072330609,307.682429830528,79,14,734,589,656,576
ISIC_0000235,True,True,542,724,392408,1.3357933579335792,542,724,0.6482666000693156,254385,normal,True,False,False,False,False,False,0,254385,0.6482666000693156,569.1160176866,359.48267389979753,290.716252923718,57,13,648,540,592,528
ISIC_0000236,True,True,768,1024,786432,1.3333333333333333,768,1024,0.4908650716145833,386032,normal,True,False,False,False,False,False,0,386032,0.4908650716145833,701.0786032487401,457.2243751813321,366.3529422431301,33,29,863,682,831,654
ISIC_0000239,True,True,768,1024,786432,1.3333333333333333,768,1024,0.4131037394205729,324878,normal,True,False,False,False,False,False,0,324878,0.41310373942057294,643.1543491374914,511.372102758574,386.2872924605544,169,109,892,688,724,580
ISIC_0000240,True,True,768,1024,786432,1.3333333333333333,768,1024,0.172766367594401,135869,normal,True,False,False,False,False,False,0,135869,0.17276636759440103,415.9252140753453,532.8413398199737,377.47116708005507,306,174,755,582,450,409
ISIC_0000242,True,True,768,1024,786432,1.3333333333333333,768,1024,0.3619016011555989,284611,normal,True,False,False,False,False,False,0,284611,0.36190160115559894,601.978388371725,489.7222700457818,355.5678909107519,80,104,967,618,888,515
ISIC_0000243,True,True,768,576,442368,0.75,768,576,0.4423918547453703,195700,normal,True,False,False,False,False,False,0,195700,0.44239185474537035,499.1722938071296,267.93593254982113,393.5915636177823,33,97,493,687,461,591
ISIC_0000244,True,True,768,1024,786432,1.3333333333333333,768,1024,0.2880744934082031,226551,normal,True,False,False,False,False,False,0,226551,0.2880744934082031,537.0788509141798,437.2767103212963,373.65111167021996,159,39,693,665,535,627
ISIC_0000245,True,True,768,1024,786432,1.3333333333333333,768,1024,0.4986712137858073,392171,normal,True,False,False,False,False,False,0,392171,0.4986712137858073,706.6311806723033,508.70564881136033,406.30271488712833,114,83,903,701,790,619
ISIC_0000246,True,True,768,1024,786432,1.3333333333333333,768,1024,0.4905573527018229,385790,normal,True,True,False,False,False,True,1,385790,0.49055735270182294,700.8588188525407,490.09576453510977,395.6578060602919,95,0,889,733,795,734
ISIC_0000247,True,True,768,1024,786432,1.3333333333333333,768,1024,0.1186930338541666,93344,normal,True,False,False,False,False,False,0,93344,0.11869303385416667,344.745227760674,513.1503149640041,352.9044716318135,353,169,679,539,327,371
ISIC_0000249,True,True,768,1024,786432,1.3333333333333333,768,1024,0.1637751261393229,128798,normal,True,False,False,False,False,False,0,128798,0.1637751261393229,404.9576606051545,506.9653100203419,438.50990698613333,264,263,771,618,508,356
ISIC_0000250,True,True,768,1024,786432,1.3333333333333333,768,1024,0.3130238850911458,246172,normal,True,False,False,False,False,False,0,246172,0.3130238850911458,559.853485482179,491.23715126009455,346.5800009749281,157,108,868,591,712,484
ISIC_0000251,True,True,768,1024,786432,1.3333333333333333,768,1024,0.1071815490722656,84291,normal,True,False,False,False,False,False,0,84291,0.10718154907226562,327.60133465123675,524.0772680357334,398.03298098254857,334,245,724,548,391,304
ISIC_0000252,True,True,768,576,442368,0.75,768,576,0.2094590928819444,92658,normal,True,False,False,False,False,False,0,92658,0.20945909288194445,343.4760977652895,284.0697619201796,368.2277083468238,112,160,451,571,340,412
ISIC_0000253,True,True,768,576,442368,0.75,768,576,0.0987051504629629,43664,normal,True,False,False,False,False,False,0,43664,0.09870515046296297,235.7853504383089,271.91851410773177,333.43523268596556,159,206,388,475,230,270
ISIC_0000254,True,True,768,1024,786432,1.3333333333333333,768,1024,0.191809336344401,150845,normal,True,False,False,False,False,False,0,150845,0.19180933634440103,438.248581430192,492.1408001591037,368.6822566210348,246,164,739,569,494,406
ISIC_0000255,True,True,768,1024,786432,1.3333333333333333,768,1024,0.199804941813151,157133,normal,True,False,False,False,False,False,0,157133,0.19980494181315103,447.28955876799796,474.27751649876217,370.4898461812605,191,179,763,561,573,383
ISIC_0000256,True,True,768,1024,786432,1.3333333333333333,768,1024,0.0733985900878906,57723,normal,True,False,False,False,False,False,0,57723,0.07339859008789062,271.0999930666687,514.7055073367635,361.70406943506055,383,215,643,529,261,315
ISIC_0000258,True,True,768,1024,786432,1.3333333333333333,768,1024,0.5331637064615885,419297,normal,True,False,False,False,False,False,0,419297,0.5331637064615885,730.6610167436194,451.53068350119366,464.2245162736676,34,149,894,766,861,618
ISIC_0000259,True,True,768,1024,786432,1.3333333333333333,768,1024,0.8941930135091146,703222,normal,True,False,True,True,True,True,3,703222,0.8941930135091146,946.2399585346999,516.0454820810498,389.9852976727122,0,3,1023,767,1024,765
ISIC_0000260,True,True,768,1024,786432,1.3333333333333333,768,1024,0.1643651326497396,129262,normal,True,False,False,False,False,False,0,129262,0.1643651326497396,405.6864429969981,469.6502607108044,364.485889124414,247,151,699,557,453,407
ISIC_0000261,True,True,768,1024,786432,1.3333333333333333,768,1024,0.0842793782552083,66280,normal,True,False,False,False,False,False,0,66280,0.08427937825520833,290.50011536150305,517.2632015691008,370.79770669885335,367,225,669,521,303,297
ISIC_0000262,True,True,768,576,442368,0.75,768,576,0.0655359338831018,28991,normal,True,False,False,False,False,False,0,28991,0.06553593388310185,192.12622840574656,302.4983270670208,385.4240626401297,201,281,419,484,219,204
ISIC_0000263,True,True,768,1024,786432,1.3333333333333333,768,1024,0.2193018595377604,172466,normal,True,False,False,False,False,False,0,172466,0.2193018595377604,468.6048776125731,439.6933540523929,411.7143494949729,203,151,699,653,497,503
ISIC_0000264,True,True,768,1024,786432,1.3333333333333333,768,1024,0.4820289611816406,379083,normal,True,False,False,False,False,False,0,379083,0.4820289611816406,694.7398551521567,495.7829525460123,373.316139209619,75,55,938,648,864,594
ISIC_0000265,True,True,768,1024,786432,1.3333333333333333,768,1024,0.2500584920247395,196654,normal,True,False,False,False,False,False,0,196654,0.25005849202473956,500.3874992746608,561.0305409500951,384.24858380709264,331,104,814,669,484,566
ISIC_0000268,True,True,768,1024,786432,1.3333333333333333,768,1024,0.5565745035807291,437708,normal,True,False,False,False,False,False,0,437708,0.5565745035807291,746.5300627884577,530.3184611658914,452.77250358686615,64,155,1017,748,954,594
ISIC_0000269,True,True,768,576,442368,0.75,768,576,0.1957578305844907,86597,normal,True,False,False,False,False,False,0,86597,0.19575783058449073,332.05229235081464,264.4585147291477,385.74492187951085,100,207,431,569,332,363
ISIC_0000271,True,True,768,1024,786432,1.3333333333333333,768,1024,0.2064666748046875,162372,normal,True,False,False,False,False,False,0,162372,0.2064666748046875,454.68500234529165,472.96671224102676,420.07250634345826,228,222,740,627,513,406
ISIC_0000274,True,True,768,1024,786432,1.3333333333333333,768,1024,0.3070119222005208,241444,normal,True,False,False,False,False,False,0,241444,0.3070119222005208,554.4511237602794,476.09729792415635,412.66111810606185,130,170,865,634,736,465
ISIC_0000275,True,True,768,1024,786432,1.3333333333333333,768,1024,0.0886484781901041,69716,normal,True,False,False,False,False,False,0,69716,0.08864847819010417,297.93483868248205,558.6110935796661,415.1159131332836,434,221,681,613,248,393
ISIC_0000276,True,True,768,1024,786432,1.3333333333333333,768,1024,0.4242947896321614,333679,normal,True,False,False,False,False,False,0,333679,0.42429478963216144,651.8077155478327,490.28617623524406,347.31095154324964,187,5,801,733,615,729
ISIC_0000277,True,True,768,1024,786432,1.3333333333333333,768,1024,0.4552001953125,357984,normal,True,False,False,False,False,False,0,357984,0.4552001953125,675.1291618516211,477.55425661482076,400.59863569321533,115,78,839,702,725,625
ISIC_0000278,True,True,768,1024,786432,1.3333333333333333,768,1024,0.5542856852213541,435908,normal,True,False,False,False,False,False,0,435908,0.5542856852213541,744.9934922309155,410.4119355460326,333.98398285876834,34,10,854,679,821,670
ISIC_0000279,True,True,768,1024,786432,1.3333333333333333,768,1024,0.57122802734375,449232,normal,True,True,False,False,False,True,1,449232,0.57122802734375,756.2935588516317,475.88275100616164,366.947147576308,31,0,915,749,885,750
ISIC_0000281,True,True,768,1024,786432,1.3333333333333333,768,1024,0.2785085042317708,219028,normal,True,False,False,False,False,False,0,219028,0.2785085042317708,528.0862723118763,545.1680515733149,431.0447248753584,236,195,863,673,628,479
ISIC_0000282,True,True,768,1024,786432,1.3333333333333333,768,1024,0.428235371907552,336778,normal,True,True,False,False,False,True,1,336778,0.42823537190755206,654.8275096518308,459.64636644911485,340.06750144011784,100,0,806,695,707,696
ISIC_0000283,True,True,768,1024,786432,1.3333333333333333,768,1024,0.1430142720540364,112471,normal,True,False,False,False,False,False,0,112471,0.14301427205403647,378.42109459689016,496.3062122680513,375.7826373020601,268,176,738,571,471,396
ISIC_0000287,True,True,768,1024,786432,1.3333333333333333,768,1024,0.3089154561360677,242941,normal,True,False,False,False,False,False,0,242941,0.3089154561360677,556.167320360973,550.5474168625304,390.47135724311664,156,135,902,639,747,505
ISIC_0000288,True,True,768,1024,786432,1.3333333333333333,768,1024,0.7910029093424479,622070,normal,True,False,False,True,False,True,1,622070,0.7910029093424479,889.9686082067179,503.2805520279068,372.3668204542897,0,1,1019,766,1020,766
ISIC_0000290,True,True,768,1024,786432,1.3333333333333333,768,1024,0.3134956359863281,246543,normal,True,False,False,False,False,False,0,246543,0.3134956359863281,560.275197628488,508.3495008984234,376.26704469402904,163,111,867,594,705,484
ISIC_0000292,True,True,768,1024,786432,1.3333333333333333,768,1024,0.6444524129231771,506818,normal,True,False,False,False,False,False,0,506818,0.6444524129231771,803.3061182286524,451.71178213875595,376.08352505238565,19,1,868,764,850,764
ISIC_0000293,True,True,768,1024,786432,1.3333333333333333,768,1024,0.7845878601074219,617025,normal,True,False,True,False,True,True,2,617025,0.7845878601074219,886.3524299567378,588.133155058547,394.5146161014546,60,1,1023,767,964,767
ISIC_0000294,True,True,768,1024,786432,1.3333333333333333,768,1024,0.7353388468424479,578294,normal,True,False,False,False,False,False,0,578294,0.7353388468424479,858.0832065033532,495.56496003762794,340.71930367598486,6,12,1021,721,1016,710
ISIC_0000295,True,True,576,767,441792,1.3315972222222223,576,767,0.699125380269448,308868,normal,True,False,False,False,False,False,0,308868,0.699125380269448,627.106810442416,382.94803605423675,304.2940285170364,60,2,738,574,679,573
ISIC_0000297,True,True,576,767,441792,1.3315972222222223,576,767,0.1147417789366942,50692,normal,True,False,False,False,False,False,0,50692,0.1147417789366942,254.0532601674595,379.7917225597727,209.74039296141402,253,90,510,334,258,245
ISIC_0000298,True,True,576,767,441792,1.3315972222222223,576,767,0.1138997537302622,50320,normal,True,False,False,False,False,False,0,50320,0.1138997537302622,253.11936688264964,372.6780007949126,361.4351748807631,218,237,523,487,306,251
ISIC_0000299,True,True,576,767,441792,1.3315972222222223,576,767,0.6715943249311893,296705,normal,True,False,False,False,False,False,0,296705,0.6715943249311893,614.6352895178136,356.9982103436073,247.45557708835375,22,9,697,527,676,519
ISIC_0000300,True,True,576,767,441792,1.3315972222222223,576,767,0.4709795559901492,208075,normal,True,False,False,False,False,False,0,208075,0.47097955599014923,514.7128503066239,301.3166021867115,312.30949417277424,56,4,571,572,516,569
ISIC_0000301,True,True,576,767,441792,1.3315972222222223,576,767,0.8423986853541938,372165,normal,True,False,True,False,True,True,2,372165,0.8423986853541938,688.3714078652322,407.9209866591431,295.17435277363535,2,1,766,575,765,575
ISIC_0000303,True,True,576,767,441792,1.3315972222222223,576,767,0.9089978994640012,401588,normal,True,False,False,True,False,True,1,401588,0.9089978994640011,715.0648378231897,389.15869996115424,294.66452931860516,0,1,765,574,766,574
ISIC_0000306,True,True,576,767,441792,1.3315972222222223,576,767,0.138940949587136,61383,normal,True,False,False,False,False,False,0,61383,0.13894094958713601,279.56262800037933,366.93688806347035,290.9438118045713,203,135,516,442,314,308
ISIC_0000307,True,True,576,767,441792,1.3315972222222223,576,767,0.7655254056207446,338203,normal,True,False,False,True,False,True,1,338203,0.7655254056207446,656.21142457905,344.46925958669794,253.35431678607227,0,1,706,570,707,570
ISIC_0000310,True,True,576,767,441792,1.3315972222222223,576,767,0.7384493155149935,326241,normal,True,False,False,False,False,False,0,326241,0.7384493155149935,644.5020886808236,363.2186665685797,289.24309636127896,24,2,699,571,676,570
ISIC_0000311,True,True,576,767,441792,1.3315972222222223,576,767,0.7632279443720121,337188,normal,True,False,False,False,False,False,0,337188,0.7632279443720121,655.2259881980873,384.25569118711223,304.00673511512866,26,10,760,570,735,561
ISIC_0000313,True,True,576,767,441792,1.3315972222222223,576,767,0.2276410618571635,100570,normal,True,False,False,False,False,False,0,100570,0.22764106185716354,357.8403289373842,435.44824500348017,297.78038182360547,222,132,653,457,432,326
ISIC_0000314,True,True,576,767,441792,1.3315972222222223,576,767,0.3300648268868608,145820,normal,True,False,False,False,False,False,0,145820,0.3300648268868608,430.88721310022817,388.6700246879715,267.3420792758195,144,46,618,478,475,433
ISIC_0000315,True,True,576,767,441792,1.3315972222222223,576,767,0.1667051463131971,73649,normal,True,False,False,False,False,False,0,73649,0.16670514631319716,306.22347922750794,347.27343209004874,234.89137666499207,180,78,518,411,339,334
ISIC_0000316,True,True,576,767,441792,1.3315972222222223,576,767,0.4008470049253947,177091,normal,True,False,False,False,False,False,0,177091,0.40084700492539477,474.8465691322774,393.04868118650865,287.9833644849258,151,39,627,541,477,503
ISIC_0000317,True,True,576,767,441792,1.3315972222222223,576,767,0.0349621541358829,15446,small,True,False,False,False,False,False,0,15446,0.034962154135882946,140.23714917231925,310.7341059173896,248.60235659717728,247,161,366,330,120,170
ISIC_0000319,True,True,576,767,441792,1.3315972222222223,576,767,0.1571440859046791,69425,normal,True,False,False,False,False,False,0,69425,0.15714408590467913,297.31238688160755,377.4798271516024,278.9010442924019,202,136,534,400,333,265
ISIC_0000320,True,True,576,767,441792,1.3315972222222223,576,767,0.3615615493263798,159735,normal,True,False,False,False,False,False,0,159735,0.36156154932637985,450.97773634434685,388.9959871036404,299.3498168842145,156,64,605,525,450,462
ISIC_0000321,True,True,576,767,441792,1.3315972222222223,576,767,0.4384438830943068,193701,normal,True,False,False,False,False,False,0,193701,0.4384438830943068,496.616323790052,391.54767915498627,216.36817053086975,121,3,677,453,557,451
ISIC_0000322,True,True,576,767,441792,1.3315972222222223,576,767,0.2956051716644937,130596,normal,True,False,False,False,False,False,0,130596,0.2956051716644937,407.7744371392514,330.8189224784833,247.10238445281632,77,85,590,396,514,312
ISIC_0000323,True,True,576,767,441792,1.3315972222222223,576,767,0.0855651528321019,37802,normal,True,False,False,False,False,False,0,37802,0.08556515283210199,219.38778742236002,348.8240040209513,231.75191788794243,239,120,470,345,232,226
ISIC_0000324,True,True,576,767,441792,1.3315972222222223,576,767,0.3549158880197016,156799,normal,True,False,False,False,False,False,0,156799,0.3549158880197016,446.8139292534744,387.9565558453817,271.3970752364492,161,35,600,510,440,476
ISIC_0000325,True,True,576,767,441792,1.3315972222222223,576,767,0.2828480370853252,124960,normal,True,False,False,False,False,False,0,124960,0.28284803708532524,398.87844452929005,336.697119078105,243.38345070422534,132,62,564,448,433,387
ISIC_0000326,True,True,576,767,441792,1.3315972222222223,576,767,0.1540136534839924,68042,normal,True,False,False,False,False,False,0,68042,0.15401365348399246,294.33614304544716,376.08975338761354,317.67123247406016,219,143,518,482,300,340
ISIC_0000327,True,True,576,767,441792,1.3315972222222223,576,767,0.1622573518759959,71684,normal,True,False,False,False,False,False,0,71684,0.16225735187599594,302.1107471189918,363.9269153507059,248.2932732548407,198,97,541,400,344,304
ISIC_0000328,True,True,576,767,441792,1.3315972222222223,576,767,0.422676282051282,186735,normal,True,False,False,False,False,False,0,186735,0.42267628205128205,487.60474401519167,410.2832891530779,277.314188555975,123,16,639,524,517,509
ISIC_0000329,True,True,576,767,441792,1.3315972222222223,576,767,0.1508356873822975,66638,normal,True,False,False,False,False,False,0,66638,0.15083568738229755,291.2836019793455,350.62423842252167,261.17266424562564,210,112,484,425,275,314
ISIC_0000330,True,True,576,767,441792,1.3315972222222223,576,767,0.1762050919889903,77846,normal,True,False,False,False,False,False,0,77846,0.1762050919889903,314.82789838172454,407.96427562109807,213.13409809110294,219,68,596,350,378,283
ISIC_0000331,True,True,576,767,441792,1.3315972222222223,576,767,0.2965558452846588,131016,normal,True,False,False,False,False,False,0,131016,0.29655584528465884,408.4296171839428,346.00200738841056,329.86642089515783,121,134,551,534,431,401
ISIC_0000332,True,True,576,767,441792,1.3315972222222223,576,767,0.1401383456468202,61912,normal,True,False,False,False,False,False,0,61912,0.14013834564682023,280.76468206247625,355.5657707714175,215.33450704225353,205,72,501,360,297,289
ISIC_0000336,True,True,576,767,441792,1.3315972222222223,576,767,0.1371414602346805,60588,normal,True,False,False,False,False,False,0,60588,0.13714146023468057,277.7463546770939,342.1821812900244,263.01861754802934,189,102,491,402,303,301
ISIC_0000337,True,True,576,767,441792,1.3315972222222223,576,767,0.5380246812979864,237695,normal,True,False,False,False,False,False,0,237695,0.5380246812979864,550.1296879698682,392.0650623698437,277.41682408128065,105,6,674,546,570,541
ISIC_0000338,True,True,576,767,441792,1.3315972222222223,576,767,0.1512770715630885,66833,normal,True,False,False,False,False,False,0,66833,0.1512770715630885,291.70947618012883,364.800128678946,322.95524665958436,206,145,495,490,290,346
ISIC_0000339,True,True,576,767,441792,1.3315972222222223,576,767,0.1386987541648558,61276,normal,True,False,False,False,False,False,0,61276,0.13869875416485586,279.3188614168256,383.78185586526536,200.62045499053463,227,74,531,330,305,257
ISIC_0000340,True,True,576,767,441792,1.3315972222222223,576,767,0.1548624692162827,68417,normal,True,False,False,False,False,False,0,68417,0.15486246921628277,295.14611624099956,373.6116754607773,331.0168379203999,239,157,510,501,272,345
ISIC_0000341,True,True,576,767,441792,1.3315972222222223,576,767,0.2325030783717224,102718,normal,True,False,False,False,False,False,0,102718,0.23250307837172243,361.64156226311496,391.01055316497593,235.24516637785004,194,43,581,450,388,408
ISIC_0000342,True,True,576,767,441792,1.3315972222222223,576,767,0.1694394647254817,74857,normal,True,False,False,False,False,False,0,74857,0.1694394647254817,308.7246226011785,335.19991450365364,274.6399134349493,156,126,518,436,363,311
ISIC_0000343,True,True,576,767,441792,1.3315972222222223,576,767,0.3242159206142257,143236,normal,True,False,False,False,False,False,0,143236,0.3242159206142257,427.05238487764683,285.32103661090787,318.77055349213884,33,76,545,540,513,465
ISIC_0000344,True,True,576,767,441792,1.3315972222222223,576,767,0.3946449913081269,174351,normal,True,False,False,False,False,False,0,174351,0.3946449913081269,471.15877139677696,357.7487596859209,302.5687607183211,87,47,623,548,537,502
ISIC_0000345,True,True,576,767,441792,1.3315972222222223,576,767,0.0504785057221497,22301,normal,True,False,False,False,False,False,0,22301,0.05047850572214979,168.5067211927728,354.1033137527465,269.6671449710775,274,184,435,352,162,169
ISIC_0000346,True,True,576,767,441792,1.3315972222222223,576,767,0.2341192235260032,103432,normal,True,False,False,False,False,False,0,103432,0.2341192235260032,362.89628351782187,368.10274383169616,320.40324077654884,193,126,563,507,371,382
ISIC_0000348,True,True,576,767,441792,1.3315972222222223,576,767,0.2101169781254527,92828,normal,True,False,False,False,False,False,0,92828,0.2101169781254527,343.79104185344283,395.28142370836383,277.0829706554057,204,118,589,468,386,351
ISIC_0000349,True,True,576,767,441792,1.3315972222222223,576,767,0.1278995545415037,56505,normal,True,False,False,False,False,False,0,56505,0.1278995545415037,268.2245336938073,342.6183877532962,268.4405981771525,208,121,482,396,275,276
ISIC_0000350,True,True,576,767,441792,1.3315972222222223,576,767,0.1908726278429668,84326,normal,True,False,False,False,False,False,0,84326,0.19087262784296682,327.66934224815316,324.2402580461542,303.36431231174254,82,166,565,436,484,271
ISIC_0000351,True,True,576,767,441792,1.3315972222222223,576,767,0.1286895190496885,56854,normal,True,False,False,False,False,False,0,56854,0.12868951904968853,269.05159556555867,388.6763816090337,288.6442466669012,205,192,572,393,368,202
ISIC_0000352,True,True,576,767,441792,1.3315972222222223,576,767,0.1092323989569752,48258,normal,True,False,False,False,False,False,0,48258,0.10923239895697523,247.87899053737792,376.65452360230427,296.50992581540885,258,165,504,425,247,261
ISIC_0000353,True,True,576,767,441792,1.3315972222222223,576,767,0.2396851912212081,105891,normal,True,False,False,False,False,False,0,105891,0.23968519122120818,367.1847064238258,364.18741913854814,318.95169561152505,156,129,567,496,412,368
ISIC_0000354,True,True,576,767,441792,1.3315972222222223,576,767,0.4248085071707953,187677,normal,True,True,False,False,False,True,1,187677,0.4248085071707953,488.8330778878012,383.0052164090432,239.69885494759615,147,0,626,515,480,516
ISIC_0000355,True,True,576,767,441792,1.3315972222222223,576,767,0.3912293568013907,172842,normal,True,False,False,False,False,False,0,172842,0.3912293568013907,469.1154115898507,311.59828629615487,301.1841450573356,102,50,542,568,441,519
ISIC_0000357,True,True,576,767,441792,1.3315972222222223,576,767,0.0893678473127625,39482,normal,True,False,False,False,False,False,0,39482,0.08936784731276257,224.2098207154042,399.03439542069805,288.3185248974216,270,169,522,396,253,228
ISIC_0000358,True,True,576,767,441792,1.3315972222222223,576,767,0.1751797225843836,77393,normal,True,False,False,False,False,False,0,77393,0.1751797225843836,313.9105415332344,382.5129275257452,241.3758867081002,236,72,533,396,298,325
ISIC_0000359,True,True,576,767,441792,1.3315972222222223,576,767,0.6798402868318123,300348,normal,True,False,False,False,False,False,0,300348,0.6798402868318123,618.3970818027174,382.38079494453103,285.19036251281847,46,1,713,571,668,571
ISIC_0000360,True,True,576,767,441792,1.3315972222222223,576,767,0.0820680320150659,36257,normal,True,False,False,False,False,False,0,36257,0.08206803201506592,214.85773473036244,375.50795708414927,333.8098849877265,272,223,476,447,205,225
ISIC_0000361,True,True,576,767,441792,1.3315972222222223,576,767,0.3392456178473128,149876,normal,True,False,False,False,False,False,0,149876,0.3392456178473128,436.8387002163696,388.29831994448745,285.7716245429555,159,53,622,515,464,463
ISIC_0000363,True,True,576,767,441792,1.3315972222222223,576,767,0.2277248116760828,100607,normal,True,False,False,False,False,False,0,100607,0.22772481167608286,357.90614814106016,410.10103670718735,305.4206963730158,187,148,632,481,446,334
ISIC_0000364,True,True,576,767,441792,1.3315972222222223,576,767,0.4700107743010285,207647,normal,True,False,False,False,False,False,0,207647,0.47001077430102856,514.1832083466187,357.6606982041638,281.63946505367284,80,11,634,564,555,554
ISIC_0000365,True,True,576,767,441792,1.3315972222222223,576,767,0.1438074931189338,63533,normal,True,False,False,False,False,False,0,63533,0.1438074931189338,284.41646927641006,358.77480994129036,305.990477389703,204,163,504,447,301,285
ISIC_0000366,True,True,576,767,441792,1.3315972222222223,576,767,0.0683873859191655,30213,normal,True,False,False,False,False,False,0,30213,0.06838738591916559,196.1335931580398,311.44831694965745,252.26326415781287,212,125,427,375,216,251
ISIC_0000367,True,True,576,767,441792,1.3315972222222223,576,767,0.3623650948862813,160090,normal,True,False,False,False,False,False,0,160090,0.3623650948862813,451.47859164821114,391.46515085264537,294.98850646511335,144,90,638,501,495,412
ISIC_0000368,True,True,576,767,441792,1.3315972222222223,576,767,0.6424765500507026,283841,normal,True,False,False,False,False,False,0,283841,0.6424765500507026,601.1635265193435,455.28513146444664,279.2522468565147,172,1,744,573,573,573
ISIC_0000370,True,True,576,767,441792,1.3315972222222223,576,767,0.3780987433000145,167041,normal,True,False,False,False,False,False,0,167041,0.3780987433000145,461.17589571887464,393.39560347459604,297.41286271035256,146,81,618,509,473,429
ISIC_0000372,True,True,576,767,441792,1.3315972222222223,576,767,0.2822640518615095,124702,normal,True,False,False,False,False,False,0,124702,0.2822640518615095,398.46645744348956,300.01116261166624,295.7145996054594,39,123,536,456,498,334
ISIC_0000374,True,True,576,767,441792,1.3315972222222223,576,767,0.1452900912646675,64188,normal,True,False,False,False,False,False,0,64188,0.14529009126466755,285.8788203023453,360.6416464136599,274.5804355954384,208,102,502,433,295,332
ISIC_0000376,True,True,2082,2725,5673450,1.308837656099904,2082,2725,0.2321199622804466,1316921,normal,True,False,False,False,False,False,0,1316921,0.23211996228044665,1294.8960940910183,1292.519773015997,939.7950909735664,671,130,1921,1686,1251,1557
ISIC_0000377,True,True,2304,3072,7077888,1.3333333333333333,2304,3072,0.1771189371744791,1253628,normal,True,False,False,False,False,False,0,1253628,0.17711893717447916,1263.395719474802,1365.4732097560043,1283.003945349019,672,570,2082,1976,1411,1407
ISIC_0000378,True,True,2122,2530,5368660,1.1922714420358154,2122,2530,0.3499195329933354,1878599,normal,True,False,False,False,False,False,0,1878599,0.3499195329933354,1546.5789780997063,1274.0133274850034,869.6646964040756,514,6,2060,1662,1547,1657
ISIC_0000379,True,True,2304,3072,7077888,1.3333333333333333,2304,3072,0.3908119201660156,2766123,normal,True,False,False,False,False,False,0,2766123,0.3908119201660156,1876.6824955760264,1652.1321795885433,1216.0656033733858,517,332,2726,2223,2210,1892
ISIC_0000380,True,True,1958,2155,4219490,1.1006128702757916,1958,2155,0.4079786893676724,1721462,normal,True,False,False,False,False,False,0,1721462,0.4079786893676724,1480.4842090204415,1079.770984198315,1165.9028279450838,146,486,1997,1863,1852,1378
ISIC_0000381,True,True,1943,2101,4082243,1.0813175501801338,1943,2101,0.3364922176362357,1373643,normal,True,False,False,False,False,False,0,1373643,0.33649221763623577,1322.4887855663062,950.191968364415,1226.440083777226,138,409,1669,1899,1532,1491
ISIC_0000382,True,True,2067,2314,4783038,1.119496855345912,2067,2314,0.2713250448773353,1297758,normal,True,False,False,False,False,False,0,1297758,0.2713250448773353,1285.440315649239,1050.685702573207,1108.1801083098699,317,475,1746,1884,1430,1410
ISIC_0000383,True,True,1988,2117,4208596,1.0648893360160965,1988,2117,0.2836739378167921,1193869,normal,True,False,False,False,False,False,0,1193869,0.2836739378167921,1232.9157400379897,1086.911343706889,1057.5693195819642,452,397,1779,1689,1328,1293
ISIC_0000384,True,True,2096,2583,5413968,1.2323473282442747,2096,2583,0.0666359682953427,360765,normal,True,False,False,False,False,False,0,360765,0.06663596829534271,677.7464602315389,1166.5919005446758,1241.3894113896858,775,885,1558,1583,784,699
ISIC_0000385,True,True,2304,3072,7077888,1.3333333333333333,2304,3072,0.1768359431514033,1251625,normal,True,False,False,False,False,False,0,1251625,0.17683594315140336,1262.3860127469522,1494.942628982323,1199.483645660641,816,494,2229,1876,1414,1383
ISIC_0000386,True,True,2304,3072,7077888,1.3333333333333333,2304,3072,0.162186375370732,1147937,normal,True,False,False,False,False,False,0,1147937,0.16218637537073205,1208.965997563475,1550.6827987947074,1358.5388300925922,891,698,2142,2015,1252,1318
ISIC_0000387,True,True,2304,3072,7077888,1.3333333333333333,2304,3072,0.1024470859103732,725109,normal,True,False,False,False,False,False,0,725109,0.10244708591037327,960.8524616419365,1225.227590610515,1194.6279814483064,737,637,1725,1853,989,1217
ISIC_0000388,True,True,2304,3072,7077888,1.3333333333333333,2304,3072,0.1019914415147569,721884,normal,True,False,False,False,False,False,0,721884,0.10199144151475695,958.7133333335873,1492.0043497293193,1210.6910902582686,1045,710,1937,1717,893,1008
ISIC_0000390,True,True,2304,3072,7077888,1.3333333333333333,2304,3072,0.4301673041449653,3044676,normal,True,False,False,False,False,False,0,3044676,0.4301673041449653,1968.9088054315964,1751.3059432267999,1348.8259016722961,466,581,3068,2176,2603,1596
ISIC_0000391,True,True,2304,3072,7077888,1.3333333333333333,2304,3072,0.380719502766927,2694690,normal,True,False,False,False,False,False,0,2694690,0.38071950276692706,1852.2920581815374,1463.5189995880787,1188.9295458846843,499,260,2414,2146,1916,1887
ISIC_0000392,True,True,2304,3072,7077888,1.3333333333333333,2304,3072,0.2781444125705295,1968675,normal,True,False,False,False,False,False,0,1968675,0.2781444125705295,1583.2229346278104,1405.6589990729806,1166.8343103864274,523,434,2342,1828,1820,1395
ISIC_0000393,True,True,2304,3072,7077888,1.3333333333333333,2304,3072,0.5375915809913918,3805013,normal,True,False,False,False,False,False,0,3805013,0.5375915809913918,2201.0663369901818,1436.938979183514,1198.1778871714762,273,26,2627,2281,2355,2256
ISIC_0000395,True,True,2304,3072,7077888,1.3333333333333333,2304,3072,0.4175626966688368,2955462,normal,True,False,False,False,False,False,0,2955462,0.41756269666883683,1939.8482134852907,1208.7319769294952,1245.1185960096932,199,248,2177,2287,1979,2040
ISIC_0000396,True,True,2000,2565,5130000,1.2825,2000,2565,0.3266970760233918,1675956,normal,True,False,False,False,False,False,0,1675956,0.3266970760233918,1460.7852184479977,1365.9403033253857,1073.045921849977,594,386,2106,1750,1513,1365
ISIC_0000397,True,True,2304,3072,7077888,1.3333333333333333,2304,3072,0.2234692043728298,1581690,normal,True,False,False,False,False,False,0,1581690,0.22346920437282985,1419.108965341337,1389.4856469978315,1201.0211647035765,682,320,2192,1978,1511,1659
ISIC_0000403,True,True,2304,3072,7077888,1.3333333333333333,2304,3072,0.1295622366446036,917027,normal,True,False,False,False,False,False,0,917027,0.1295622366446036,1080.5531176160903,1503.2036297731693,1205.6007849278155,993,541,2001,1945,1009,1405
ISIC_0000407,True,True,2304,3072,7077888,1.3333333333333333,2304,3072,0.3184047275119357,2253633,normal,True,False,False,False,False,False,0,2253633,0.31840472751193577,1693.9346666622473,1501.6760266645013,1260.9146848666132,343,503,2648,1969,2306,1467
ISIC_0000408,True,True,2304,3072,7077888,1.3333333333333333,2304,3072,0.6752145555284288,4779093,normal,True,False,False,False,True,True,1,4779093,0.6752145555284288,2466.765127766931,1538.748607528667,1125.8234466247047,3,109,3071,2087,3069,1979
ISIC_0000409,True,True,1909,2601,4965309,1.362493452069146,1909,2601,0.0894212223247334,444004,normal,True,False,False,False,False,False,0,444004,0.08942122232473347,751.8799444197133,1239.0146958135513,920.1938293348709,807,557,1648,1318,842,762
ISIC_0000410,True,True,1985,2313,4591305,1.1652392947103274,1985,2313,0.1729673807338,794146,normal,True,False,False,False,False,False,0,794146,0.17296738073380008,1005.5536243747772,1195.265899469367,772.0087679091754,495,1,1665,1372,1171,1372
ISIC_0000412,True,True,2185,2597,5674445,1.188558352402746,2185,2597,0.3843272778218839,2180844,normal,True,False,False,False,False,False,0,2180844,0.3843272778218839,1666.3543505804555,1508.7928425875486,1139.0520660808384,485,210,2437,2172,1953,1963
ISIC_0000413,True,True,2304,3072,7077888,1.3333333333333333,2304,3072,0.4690855520742911,3320135,normal,True,False,False,False,False,False,0,3320135,0.4690855520742911,2056.0464916580268,1621.411798917815,1317.514887195852,230,382,2989,2199,2760,1818
ISIC_0000415,True,True,2304,3072,7077888,1.3333333333333333,2304,3072,0.5082842508951823,3597579,normal,True,False,False,False,False,False,0,3597579,0.5082842508951823,2140.2289242295515,1589.8781866916613,1200.0970183003626,97,1,2973,2301,2877,2301
ISIC_0000416,True,True,2304,3072,7077888,1.3333333333333333,2304,3072,0.132276040536386,936235,normal,True,False,False,False,False,False,0,936235,0.132276040536386,1091.8110757659153,1360.387600335386,1122.2097261905399,825,417,1869,1805,1045,1389
ISIC_0000418,True,True,2304,3072,7077888,1.3333333333333333,2304,3072,0.2195345560709635,1553841,normal,True,False,False,False,False,False,0,1553841,0.21953455607096353,1406.560275079184,1523.726815678052,1147.726307260524,550,500,2564,1798,2015,1299
ISIC_0000419,True,True,2304,3072,7077888,1.3333333333333333,2304,3072,0.3286128573947482,2325885,normal,True,False,False,False,False,False,0,2325885,0.32861285739474827,1720.8744168318453,1529.4168331624307,1190.534825668509,585,141,2585,2217,2001,2077
ISIC_0000420,True,True,2304,3072,7077888,1.3333333333333333,2304,3072,0.2271351284450954,1607637,normal,True,False,False,False,False,False,0,1607637,0.22713512844509548,1430.7015768424255,1490.3232197318175,1144.666761837405,424,557,2522,1747,2099,1191
ISIC_0000421,True,True,2304,3072,7077888,1.3333333333333333,2304,3072,0.177759947600188,1258165,normal,True,False,False,False,False,False,0,1258165,0.17775994760018807,1265.6798298944784,1467.286650796994,1205.73734367114,701,437,2173,1917,1473,1481
ISIC_0000423,True,True,2304,3072,7077888,1.3333333333333333,2304,3072,0.3222140559443721,2280595,normal,True,False,False,False,False,False,0,2280595,0.3222140559443721,1704.0374818428404,1420.3081752788198,1202.4634119604752,445,405,2405,1977,1961,1573
ISIC_0000425,True,True,2304,3072,7077888,1.3333333333333333,2304,3072,0.4251728764286748,3009326,normal,True,False,False,False,False,False,0,3009326,0.4251728764286748,1957.445495077625,1496.4065990191823,1170.4875284366,453,47,2582,2200,2130,2154
ISIC_0000426,True,True,2304,3072,7077888,1.3333333333333333,2304,3072,0.5616832309299045,3975531,normal,True,False,False,False,True,True,1,3975531,0.5616832309299045,2249.8451681216925,1731.9520949528503,1004.9702605765117,144,7,3071,2171,2928,2165
ISIC_0000427,True,True,2304,3072,7077888,1.3333333333333333,2304,3072,0.2753659001103154,1949009,normal,True,False,False,False,False,False,0,1949009,0.2753659001103154,1575.2953157566155,1483.3749936506194,1193.2919514481462,605,241,2209,2073,1605,1833
ISIC_0000431,True,True,2304,3072,7077888,1.3333333333333333,2304,3072,0.1114052666558159,788514,normal,True,False,False,False,False,False,0,788514,0.11140526665581597,1001.9816397406203,1612.1236046538172,1090.4942144337324,1129,408,2099,1670,971,1263
ISIC_0000433,True,True,2304,3072,7077888,1.3333333333333333,2304,3072,0.5744620429144965,4065978,normal,True,False,False,False,False,False,0,4065978,0.5744620429144965,2275.2942617655385,1383.89363592228,994.8061206922418,3,1,2810,2120,2808,2120
ISIC_0000434,True,True,2304,3072,7077888,1.3333333333333333,2304,3072,0.2883987426757812,2041254,normal,True,False,False,False,False,False,0,2041254,0.28839874267578125,1612.1430810101285,1439.342990632229,996.8899235469961,542,66,2434,1694,1893,1629
ISIC_0000436,True,True,2304,3072,7077888,1.3333333333333333,2304,3072,0.5073598225911459,3591036,normal,True,False,False,False,False,False,0,3591036,0.5073598225911459,2138.281796622601,1307.7704592769328,1137.9440036245808,197,31,2410,2256,2214,2226
ISIC_0000439,True,True,2304,3072,7077888,1.3333333333333333,2304,3072,0.0770095542625144,545065,normal,True,False,False,False,False,False,0,545065,0.07700955426251446,833.0656111322033,1400.979138267913,1004.7657747241154,961,621,1859,1442,899,822
ISIC_0000442,True,True,2304,3072,7077888,1.3333333333333333,2304,3072,0.1980113276728877,1401502,normal,True,False,False,False,False,False,0,1401502,0.19801132767288773,1335.8322381292571,1597.608216042503,1094.0481319327407,835,457,2316,1836,1482,1380
ISIC_0000443,True,True,2304,3072,7077888,1.3333333333333333,2304,3072,0.1039466857910156,735723,normal,True,False,False,False,False,False,0,735723,0.10394668579101562,967.8592963707008,1596.1113041185338,1036.577164231647,1105,542,2072,1519,968,978
ISIC_0000444,True,True,2304,3072,7077888,1.3333333333333333,2304,3072,0.1030515034993489,729387,normal,True,False,False,False,False,False,0,729387,0.10305150349934895,963.6827132494109,1482.2585746661236,958.212002681704,865,436,2125,1524,1261,1089
ISIC_0000447,True,True,1956,2012,3935472,1.0286298568507155,1956,2012,0.077622455451341,305481,normal,True,False,False,False,False,False,0,305481,0.07762245545134103,623.6589527660468,955.9849385068138,1104.2242856347857,641,777,1301,1477,661,701
ISIC_0000448,True,True,2304,3072,7077888,1.3333333333333333,2304,3072,0.1943829854329427,1375821,normal,True,False,False,False,False,False,0,1375821,0.19438298543294272,1323.536816139648,1569.6075426963246,1233.999691093536,910,449,2288,1972,1379,1524
ISIC_0000449,True,True,2304,3072,7077888,1.3333333333333333,2304,3072,0.0348791899504484,246871,small,True,False,False,False,False,False,0,246871,0.034879189950448496,560.6477678973799,1697.3759291289782,1070.0298982059455,1389,755,1973,1367,585,613
ISIC_0000451,True,True,2304,3072,7077888,1.3333333333333333,2304,3072,0.1625455220540364,1150479,normal,True,False,False,False,False,False,0,1150479,0.16254552205403647,1210.3038288741243,1465.7893138423212,1334.4075093939134,790,734,2126,1963,1337,1230
ISIC_0000453,True,True,2304,3072,7077888,1.3333333333333333,2304,3072,0.2319723058629919,1641874,normal,True,False,False,False,False,False,0,1641874,0.2319723058629919,1445.855768834672,1589.9366090211552,1270.246542670144,909,378,2385,2121,1477,1744
ISIC_0000455,True,True,1824,2283,4164192,1.2516447368421053,1824,2283,0.2805968120586178,1168459,normal,True,False,False,False,False,False,0,1168459,0.28059681205861786,1219.72464318866,1076.238624547374,951.012966650948,261,417,1848,1525,1588,1109
ISIC_0000456,True,True,2304,3072,7077888,1.3333333333333333,2304,3072,0.2606324089898003,1844727,normal,True,False,False,False,False,False,0,1844727,0.26063240898980033,1532.57279293372,1463.2647502855436,1078.4679483739328,545,257,2269,1869,1725,1613
ISIC_0000457,True,True,753,1028,774084,1.3652058432934926,753,1028,0.3578733057394287,277024,normal,True,False,False,False,False,False,0,277024,0.35787330573942877,593.9005907058131,531.4287715143814,343.7306190077394,246,17,835,652,590,636
ISIC_0000458,True,True,802,919,737038,1.1458852867830425,802,919,0.2493222873176145,183760,normal,True,False,False,False,False,False,0,183760,0.24932228731761455,483.7049707626887,441.0483674357858,407.2923215063126,217,160,696,682,480,523
ISIC_0000460,True,True,802,919,737038,1.1458852867830425,802,919,0.1765879099856452,130152,normal,True,False,False,False,False,False,0,130152,0.17658790998564525,407.0806716442957,410.79552369537157,385.02350328846273,152,198,692,573,541,376
ISIC_0000461,True,True,802,919,737038,1.1458852867830425,802,919,0.3285529375690263,242156,normal,True,False,False,False,False,False,0,242156,0.3285529375690263,555.2680390540122,459.42497811328235,439.9664926741439,122,193,847,689,726,497
ISIC_0000463,True,True,2000,3008,6016000,1.504,2000,3008,0.2908617021276595,1749824,normal,True,False,False,False,False,False,0,1749824,0.29086170212765955,1492.6302667193445,1456.9281933497311,816.5106113529132,749,99,2190,1578,1442,1480
ISIC_0000465,True,True,802,919,737038,1.1458852867830425,802,919,0.155712459873168,114766,normal,True,False,False,False,False,False,0,114766,0.155712459873168,382.26248781573594,454.8048028161651,418.78618231880523,276,174,629,648,354,475
ISIC_0000466,True,True,802,919,737038,1.1458852867830425,802,919,0.3452969860441388,254497,normal,True,False,False,False,False,False,0,254497,0.34529698604413883,569.2412883975167,466.4629877758873,405.1448465011375,197,36,742,757,546,722
ISIC_0000469,True,True,802,919,737038,1.1458852867830425,802,919,0.2638995547040993,194504,normal,True,False,False,False,False,False,0,194504,0.26389955470409937,497.6446366727648,497.630799366594,386.6652870892115,214,62,749,655,536,594
ISIC_0000470,True,True,802,919,737038,1.1458852867830425,802,919,0.1737834412879661,128085,normal,True,False,False,False,False,False,0,128085,0.17378344128796616,403.83522269287425,451.4926025686068,387.92578365928875,187,174,685,610,499,437
ISIC_0000471,True,True,802,919,737038,1.1458852867830425,802,919,0.1465053362241838,107980,normal,True,False,False,False,False,False,0,107980,0.14650533622418382,370.7888968678848,459.04837932950545,420.105676977218,291,188,638,634,348,447
ISIC_0000473,True,True,2000,3008,6016000,1.504,2000,3008,0.1726908244680851,1038908,normal,True,False,False,False,False,False,0,1038908,0.17269082446808512,1150.1211888065181,1510.4624846473412,1034.1340022408144,962,415,2129,1627,1168,1213
ISIC_0000474,True,True,802,919,737038,1.1458852867830425,802,919,0.4890738333708709,360466,normal,True,False,False,False,False,False,0,360466,0.48907383337087096,677.4655457899723,470.4960578806323,409.89046123628856,55,78,882,773,828,696
ISIC_0000476,True,True,802,919,737038,1.1458852867830425,802,919,0.4611906034695633,339915,normal,True,False,False,False,False,False,0,339915,0.4611906034695633,657.8702150490268,439.8024388450054,385.9487224747363,38,23,898,799,861,777
ISIC_0000477,True,True,802,919,737038,1.1458852867830425,802,919,0.3714408212330979,273766,normal,True,False,False,False,False,False,0,273766,0.3714408212330979,590.3979142950681,473.73100750275785,413.36691188825495,218,98,747,764,530,667
ISIC_0000479,True,True,802,919,737038,1.1458852867830425,802,919,0.4997381410456448,368326,normal,True,True,False,False,False,True,1,368326,0.49973814104564485,684.8118198119273,454.0741625625126,372.5019222102159,27,0,851,770,825,771
ISIC_0000480,True,True,802,919,737038,1.1458852867830425,802,919,0.1940809022058564,143045,normal,True,False,False,False,False,False,0,143045,0.19408090220585641,426.7675604783491,425.89770351987136,383.43596071166417,196,112,623,638,428,527
ISIC_0000481,True,True,802,919,737038,1.1458852867830425,802,919,0.6889522656905072,507784,normal,True,False,True,False,True,True,2,507784,0.6889522656905072,804.0713083948463,466.0006006490949,414.4788926000032,2,9,918,801,917,793
ISIC_0000482,True,True,802,919,737038,1.1458852867830425,802,919,0.2415289306657187,178016,normal,True,False,False,False,False,False,0,178016,0.24152893066571873,476.0850877685361,454.16685017077117,410.71741304152437,124,227,785,599,662,373
ISIC_0000483,True,True,802,919,737038,1.1458852867830425,802,919,0.3150800908501325,232226,normal,True,False,False,False,False,False,0,232226,0.31508009085013255,543.7640356953261,461.7202767993248,384.53584008681196,145,115,772,632,628,518
ISIC_0000484,True,True,802,919,737038,1.1458852867830425,802,919,0.5254640873333533,387287,normal,True,False,False,False,True,True,1,387287,0.5254640873333533,702.2172908451108,526.6030979609437,401.8907218677621,63,68,918,662,856,595
ISIC_0000485,True,True,802,919,737038,1.1458852867830425,802,919,0.6126237724513526,451527,normal,True,True,False,True,False,True,2,451527,0.6126237724513526,758.2229434115231,480.29114316530354,443.7003435010531,0,0,916,799,917,800
ISIC_0000486,True,True,802,919,737038,1.1458852867830425,802,919,0.1834138809667886,135183,normal,True,False,False,False,False,False,0,135183,0.18341388096678868,414.8738861099039,447.9109133544898,403.013337475866,235,166,643,654,409,489
ISIC_0000487,True,True,802,919,737038,1.1458852867830425,802,919,0.4058718817754308,299143,normal,True,False,False,False,False,False,0,299143,0.4058718817754308,617.1553265837626,380.7154036698168,429.58526524103854,30,117,751,730,722,614
ISIC_0000488,True,True,802,919,737038,1.1458852867830425,802,919,0.1652872714839669,121823,normal,True,False,False,False,False,False,0,121823,0.1652872714839669,393.83989266994234,459.8661911133366,386.08611674314375,197,222,754,545,558,324
ISIC_0000489,True,True,802,919,737038,1.1458852867830425,802,919,0.27915656994619,205749,normal,True,True,False,False,False,True,1,205749,0.27915656994619004,511.8278647062067,461.4967508955086,364.8863032141104,200,0,701,665,502,666
ISIC_0000490,True,True,802,919,737038,1.1458852867830425,802,919,0.2975029781368125,219271,normal,True,False,False,False,False,False,0,219271,0.2975029781368125,528.3791330225143,473.15279722352705,406.14946800990555,196,144,750,647,555,504
ISIC_0000491,True,True,802,919,737038,1.1458852867830425,802,919,0.5196380647944883,382993,normal,True,False,False,False,False,False,0,382993,0.5196380647944883,698.3135634918988,456.493922865431,409.7681837527057,101,23,805,793,705,771
ISIC_0000492,True,True,802,919,737038,1.1458852867830425,802,919,0.1565631622792854,115393,normal,True,False,False,False,False,False,0,115393,0.15656316227928546,383.3052710120546,450.7419947483816,385.5182203426551,273,155,628,629,356,475
ISIC_0000493,True,True,802,919,737038,1.1458852867830425,802,919,0.4545179488710216,334997,normal,True,False,False,False,False,False,0,334997,0.4545179488710216,653.093735820246,470.93829795490706,428.52710024268873,142,77,842,746,701,670
ISIC_0000494,True,True,802,919,737038,1.1458852867830425,802,919,0.1368029870915746,100829,normal,True,False,False,False,False,False,0,100829,0.13680298709157465,358.30080945499094,465.895803786609,391.9351377083974,267,195,636,591,370,397
ISIC_0000495,True,True,802,919,737038,1.1458852867830425,802,919,0.2090923398793549,154109,normal,True,False,False,False,False,False,0,154109,0.20909233987935494,442.9646408005849,466.8529352601081,429.63481691530023,262,157,664,676,403,520
ISIC_0000496,True,True,717,1019,730623,1.4211994421199443,717,1019,0.2477146216311285,180986,normal,True,False,False,False,False,False,0,180986,0.2477146216311285,480.04013607555584,474.38999149105456,361.50116031074225,272,48,667,661,396,614
ISIC_0000498,True,True,802,919,737038,1.1458852867830425,802,919,0.2932209736811399,216115,normal,True,False,False,False,False,False,0,216115,0.2932209736811399,524.562831518246,467.82677278300906,409.22617125141704,134,179,816,638,683,460
ISIC_0000499,True,True,802,919,737038,1.1458852867830425,802,919,0.155613414776443,114693,normal,True,False,False,False,False,False,0,114693,0.155613414776443,382.14089431034466,478.60505872197956,381.68277924546396,259,176,708,576,450,401
ISIC_0000500,True,True,802,919,737038,1.1458852867830425,802,919,0.2120433410489011,156284,normal,True,False,False,False,False,False,0,156284,0.21204334104890113,446.0795545745065,439.82123569911187,422.34436666581354,152,257,756,608,605,352
ISIC_0000501,True,True,802,919,737038,1.1458852867830425,802,919,0.1772757985341325,130659,normal,True,False,False,False,False,False,0,130659,0.17727579853413256,407.8727812388952,444.4740966944489,387.4351862481727,245,175,667,619,423,445
ISIC_0000503,True,True,802,919,737038,1.1458852867830425,802,919,0.2369375798805489,174632,normal,True,False,False,False,False,False,0,174632,0.2369375798805489,471.5382997977905,457.16868042512255,398.88224953044113,176,159,737,617,562,459
ISIC_0000504,True,True,2592,3872,10036224,1.4938271604938271,2592,3872,0.1266917717260993,1271507,normal,True,False,False,False,False,False,0,1271507,0.12669177172609938,1272.3729774745975,1934.3805146176937,1062.4194974939187,1297,478,2601,1751,1305,1274
ISIC_0000505,True,True,802,919,737038,1.1458852867830425,802,919,0.1511116116129697,111375,normal,True,False,False,False,False,False,0,111375,0.15111161161296977,376.57277423478024,452.4511874298541,435.4754478114478,292,127,642,701,351,575
ISIC_0000506,True,True,802,919,737038,1.1458852867830425,802,919,0.1023244391740995,75417,normal,True,False,False,False,False,False,0,75417,0.10232443917409957,309.87724463937616,465.6982510574539,416.0292241802246,322,248,609,588,288,341
ISIC_0000507,True,True,717,1019,730623,1.4211994421199443,717,1019,0.2543856407476906,185860,normal,True,False,False,False,False,False,0,185860,0.25438564074769066,486.46099718731546,435.6173463897557,302.88461207360376,164,52,733,541,570,490
ISIC_0000508,True,True,717,1019,730623,1.4211994421199443,717,1019,0.1923468053975853,140533,normal,True,False,False,False,False,False,0,140533,0.19234680539758534,423.00375050378295,501.4899916745533,319.88897269680433,237,105,748,536,512,432
ISIC_0000509,True,True,802,919,737038,1.1458852867830425,802,919,0.299607347246682,220822,normal,True,False,False,False,False,False,0,220822,0.299607347246682,530.2445688052902,461.20487542002155,405.00198349802105,242,51,684,765,443,715
ISIC_0000510,True,True,802,919,737038,1.1458852867830425,802,919,0.2984947858862093,220002,normal,True,False,False,False,False,False,0,220002,0.29849478588620937,529.2591485471227,465.66078944736864,397.79725184316504,186,135,739,661,554,527
ISIC_0000511,True,True,802,919,737038,1.1458852867830425,802,919,0.5089751139018612,375134,normal,True,False,False,False,False,False,0,375134,0.5089751139018612,691.1117444919313,455.2055078985109,400.95320872008404,78,16,878,785,801,770
ISIC_0000513,True,True,802,919,737038,1.1458852867830425,802,919,0.2637611629251137,194402,normal,True,False,False,False,False,False,0,194402,0.26376116292511376,497.5141344480628,425.14154689766565,405.4015699426961,154,167,707,638,554,472
ISIC_0000514,True,True,802,919,737038,1.1458852867830425,802,919,0.1300502823463648,95852,normal,True,False,False,False,False,False,0,95852,0.1300502823463648,349.3458985618048,465.903851771481,373.59509452071944,294,163,627,619,334,457
ISIC_0000515,True,True,802,919,737038,1.1458852867830425,802,919,0.4526374488153935,333611,normal,True,False,False,False,False,False,0,333611,0.45263744881539353,651.7412966497078,449.65443585493284,423.312070045652,133,92,777,773,645,682
ISIC_0000517,True,True,802,919,737038,1.1458852867830425,802,919,0.7666253300372572,565032,normal,True,True,True,False,False,True,2,565032,0.7666253300372572,848.1869407393623,413.92642894561726,417.44400494131304,2,0,916,801,915,802
ISIC_0000518,True,True,802,919,737038,1.1458852867830425,802,919,0.1871192530100212,137914,normal,True,False,False,False,False,False,0,137914,0.1871192530100212,419.0436237107125,453.9960700146468,377.165088388416,251,120,676,613,426,494
ISIC_0000519,True,True,2304,3072,7077888,1.3333333333333333,2304,3072,0.4772436353895399,3377877,normal,True,False,False,False,False,False,0,3377877,0.47724363538953996,2073.8482523201587,1608.0530004496907,1201.0714386580685,685,20,2649,2282,1965,2263
ISIC_0000520,True,True,2304,3072,7077888,1.3333333333333333,2304,3072,0.156132592095269,1105089,normal,True,False,False,False,False,False,0,1105089,0.15613259209526908,1186.1884400262195,1556.364919929526,1406.7995356030149,813,898,2225,1958,1413,1061
ISIC_0000521,True,True,2304,3072,7077888,1.3333333333333333,2304,3072,0.5357805887858073,3792195,normal,True,False,False,False,False,False,0,3792195,0.5357805887858073,2197.3558281140904,1485.5603627977991,1226.1105837120717,12,379,3020,2039,3009,1661
ISIC_0000522,True,True,802,919,737038,1.1458852867830425,802,919,0.2722532623826723,200661,normal,True,False,False,False,False,False,0,200661,0.2722532623826723,505.4597118328052,435.6946940362103,414.1074747957999,199,39,703,720,505,682
ISIC_0000523,True,True,802,919,737038,1.1458852867830425,802,919,0.2164990136193791,159568,normal,True,False,False,False,False,False,0,159568,0.21649901361937918,450.74193023758113,465.48309811491026,394.8885553494435,230,163,701,627,472,465
ISIC_0000524,True,True,802,919,737038,1.1458852867830425,802,919,0.3124927072959603,230319,normal,True,False,False,False,False,False,0,230319,0.3124927072959603,541.5267848443491,481.95907415367384,391.085190540077,161,117,783,668,623,552
ISIC_0000525,True,True,711,1007,715977,1.4163150492264416,711,1007,0.3697283571958317,264717,normal,True,False,False,False,False,False,0,264717,0.3697283571958317,580.5584833276129,519.5437807167655,346.9208777675782,188,90,853,627,666,538
ISIC_0000527,True,True,713,1011,720843,1.417952314165498,713,1011,0.2392185260868178,172439,normal,True,False,False,False,False,False,0,172439,0.2392185260868178,468.56819552183305,507.07469307987174,342.51269144451084,262,79,754,605,493,527
ISIC_0000528,True,True,711,1008,716688,1.4177215189873418,711,1008,0.1348550554774183,96649,normal,True,False,False,False,False,False,0,96649,0.13485505547741836,350.79528041167936,519.2207989736055,346.5541495514698,292,161,759,522,468,362
ISIC_0000529,True,True,753,1028,774084,1.3652058432934926,753,1028,0.3960590840270565,306583,normal,True,False,False,False,False,False,0,306583,0.3960590840270565,624.7828417486674,503.68869441554165,359.0846687520182,129,64,909,647,781,584
ISIC_0000530,True,True,802,919,737038,1.1458852867830425,802,919,0.2329011529934684,171657,normal,True,False,False,False,False,False,0,171657,0.23290115299346845,467.5045246097666,435.51567952370135,391.40385769295744,182,135,654,657,473,523
ISIC_0000531,True,True,802,919,737038,1.1458852867830425,802,919,0.1860772443211883,137146,normal,True,False,False,False,False,False,0,137146,0.18607724432118833,417.87523329607444,484.50209266037655,394.3245373543523,238,128,693,627,456,500
ISIC_0000532,True,True,802,919,737038,1.1458852867830425,802,919,0.211714999769347,156042,normal,True,False,False,False,False,False,0,156042,0.21171499976934705,445.73405191836565,449.5493841401674,428.3455415849579,161,192,728,654,568,463
ISIC_0000533,True,True,682,1016,692912,1.4897360703812317,682,1016,0.3775111413859191,261582,normal,True,False,False,False,False,False,0,261582,0.3775111413859191,577.1105150583494,614.6569182894848,338.4589535977246,332,3,895,664,564,662
ISIC_0000534,True,True,719,824,592456,1.1460361613351877,719,824,0.4290867169882658,254215,normal,True,False,False,False,False,False,0,254215,0.4290867169882658,568.9258219353815,399.7319355663513,363.31001317782193,92,48,705,667,614,620
ISIC_0000535,True,True,719,824,592456,1.1460361613351877,719,824,0.2112477551075522,125155,normal,True,False,False,False,False,False,0,125155,0.21124775510755228,399.189547986078,380.26257840278055,329.42212456553875,200,66,563,586,364,521
ISIC_0000536,True,True,682,796,542872,1.1671554252199414,682,796,0.0631935336506579,34306,normal,True,False,False,False,False,False,0,34306,0.06319353365065798,208.99702347565741,354.7523173788842,324.878184574127,241,226,485,451,245,226
ISIC_0000537,True,True,719,824,592456,1.1460361613351877,719,824,0.3931616862686849,232931,normal,True,False,False,False,False,False,0,232931,0.3931616862686849,544.5887993658207,431.64115124221337,373.36232618243173,175,27,710,700,536,674
ISIC_0000538,True,True,719,824,592456,1.1460361613351877,719,824,0.1715637954548523,101644,normal,True,False,False,False,False,False,0,101644,0.17156379545485234,359.74596632215474,416.61516666010783,342.9603223013655,236,136,595,556,360,421
ISIC_0000539,True,True,719,824,592456,1.1460361613351877,719,824,0.5543669065719649,328438,normal,True,True,False,False,False,True,1,328438,0.5543669065719649,646.6685778617416,393.73034179966993,356.28574647269807,27,0,768,704,742,705
ISIC_0000540,True,True,719,824,592456,1.1460361613351877,719,824,0.5128498994018121,303841,normal,True,False,False,False,False,False,0,303841,0.5128498994018121,621.9826175319344,421.9131815653582,359.9667622210301,72,39,765,690,694,652
ISIC_0000541,True,True,719,824,592456,1.1460361613351877,719,824,0.3158276732786907,187114,normal,True,False,False,False,False,False,0,187114,0.3158276732786907,488.099317940084,394.64582553951067,359.973256944964,108,150,681,587,574,438
ISIC_0000542,True,True,719,824,592456,1.1460361613351877,719,824,0.4249007521233644,251735,normal,True,False,False,True,False,True,1,251735,0.4249007521233644,566.1439364630749,428.02128031461655,351.7935487715256,0,147,808,573,809,427
ISIC_0000543,True,True,680,853,580040,1.2544117647058823,680,853,0.2878163574925867,166945,normal,True,False,False,False,False,False,0,166945,0.2878163574925867,461.04335565737387,405.79581299230284,285.1588607026266,180,40,637,539,458,500
ISIC_0000544,True,True,719,824,592456,1.1460361613351877,719,824,0.2531344099815007,149971,normal,True,False,False,False,False,False,0,149971,0.2531344099815007,436.97712498879974,390.85941948776764,391.1909569183375,160,145,613,635,454,491
ISIC_0000545,True,True,719,824,592456,1.1460361613351877,719,824,0.3948191933240612,233913,normal,True,False,False,False,False,False,0,233913,0.3948191933240612,545.7355418402178,399.70038860602017,340.41341438911047,174,12,620,695,447,684
ISIC_0000546,True,True,719,824,592456,1.1460361613351877,719,824,0.3340062384379599,197884,normal,True,False,False,False,False,False,0,197884,0.33400623843795996,501.9499318362071,410.75163732287604,358.63410381839867,142,68,683,625,542,558
ISIC_0000547,True,True,719,824,592456,1.1460361613351877,719,824,0.514293044546768,304696,normal,True,False,False,False,False,False,0,304696,0.514293044546768,622.8571235224216,433.4244853887153,331.4189979520571,19,75,791,640,773,566
ISIC_0000548,True,True,750,771,578250,1.028,750,771,0.2234431474275832,129206,normal,True,False,False,False,False,False,0,129206,0.22344314742758323,405.59855598491896,398.0392087054781,328.9106388248224,148,85,654,525,507,441
ISIC_0000549,True,True,719,824,592456,1.1460361613351877,719,824,0.5317761994139649,315054,normal,True,True,False,False,False,True,1,315054,0.5317761994139649,633.3555174836578,419.68171488062364,368.27858716283555,95,0,776,714,682,715
ISIC_0000550,True,True,719,824,592456,1.1460361613351877,719,824,0.3738218534372173,221473,normal,True,False,False,False,False,False,0,221473,0.3738218534372173,531.0255941959207,431.13177678543207,353.12483237234335,96,109,795,624,700,516
ISIC_0000552,True,True,566,679,384314,1.1996466431095407,566,679,0.5520121567260105,212146,normal,True,False,False,False,False,False,0,212146,0.5520121567260105,519.7236539329202,335.69372036239196,299.7365823536621,42,38,612,563,571,526
ISIC_0000554,True,True,719,824,592456,1.1460361613351877,719,824,0.340084326937359,201485,normal,True,False,False,False,False,False,0,201485,0.34008432693735907,506.49646560559955,415.6969997766583,336.2909695510832,142,46,676,640,535,595
ISIC_0000555,True,True,680,833,566440,1.225,680,833,0.1945695925428995,110212,normal,True,False,False,False,False,False,0,110212,0.19456959254289952,374.60149052606795,402.5673792327514,370.4401426341959,212,147,615,584,404,438
ISIC_0000556,True,True,719,824,592456,1.1460361613351877,719,824,0.5105678733948175,302489,normal,True,False,False,False,False,False,0,302489,0.5105678733948175,620.5972580082791,401.0851799569571,356.88889513337676,88,25,710,716,623,692
ISIC_0000882,True,True,2016,3024,6096384,1.5,2016,3024,0.0925361657008482,564136,normal,True,False,False,False,False,False,0,564136,0.09253616570084824,847.5141673203556,648.5801118879135,532.4330090616447,141,190,1177,872,1037,683
ISIC_0000900,True,True,2016,3024,6096384,1.5,2016,3024,0.0683761062295288,416847,normal,True,False,False,False,False,False,0,416847,0.06837610622952885,728.5232216643601,1419.6665203300013,646.1336701475601,972,322,1860,941,889,620
ISIC_0000999,True,True,2016,3024,6096384,1.5,2016,3024,0.0858902588813303,523620,normal,True,False,False,False,False,False,0,523620,0.08589025888133031,816.513129358142,2442.2546846950077,718.6336790038578,2048,240,2885,1270,838,1031
ISIC_0001100,True,True,2304,3072,7077888,1.3333333333333333,2304,3072,0.15331381338614,1085138,normal,True,False,False,False,False,False,0,1085138,0.15331381338614006,1175.4320963351413,1146.4368789960356,1236.9380705495523,497,766,1899,1777,1403,1012
ISIC_0001102,True,True,2304,3072,7077888,1.3333333333333333,2304,3072,0.4505554481788917,3188981,normal,True,False,False,False,False,False,0,3188981,0.45055544817889176,2015.027721052265,1443.535780551844,1097.1199994606427,174,170,2806,2082,2633,1913
ISIC_0001103,True,True,2592,3872,10036224,1.4938271604938271,2592,3872,0.1943396241454953,1950436,normal,True,False,False,False,False,False,0,1950436,0.19433962414549535,1575.8718998303993,1912.035968368098,1228.7524563738568,916,381,2797,2191,1882,1811
ISIC_0001105,True,True,2304,3072,7077888,1.3333333333333333,2304,3072,0.1440336439344618,1019454,normal,True,False,False,False,False,False,0,1019454,0.1440336439344618,1139.3020437260877,1632.2085773364959,1157.4763559709413,963,596,2291,1675,1329,1080
ISIC_0001106,True,True,2592,3872,10036224,1.4938271604938271,2592,3872,0.2481033703512396,2490021,normal,True,False,False,False,False,False,0,2490021,0.24810337035123967,1780.5598008550553,1677.6149498337563,1329.1349799861125,571,482,2779,2084,2209,1603
ISIC_0001118,True,True,2592,3872,10036224,1.4938271604938271,2592,3872,0.5971819680389756,5993452,normal,True,False,False,False,False,False,0,5993452,0.5971819680389756,2762.4445869323877,1970.460879306283,1365.3646107451932,158,43,3847,2454,3690,2412
ISIC_0001119,True,True,2304,3072,7077888,1.3333333333333333,2304,3072,0.0551935831705729,390654,normal,True,False,False,False,False,False,0,390654,0.055193583170572914,705.263157345519,1579.6281696846827,1108.1248905681243,1296,671,1880,1528,585,858
ISIC_0001126,True,True,2304,3072,7077888,1.3333333333333333,2304,3072,0.2053540547688802,1453473,normal,True,False,False,False,False,False,0,1453473,0.20535405476888022,1360.374691327669,1460.6719154741781,1266.4794667668405,739,518,2087,2119,1349,1602
ISIC_0001128,True,True,2304,3072,7077888,1.3333333333333333,2304,3072,0.1762717918113426,1247632,normal,True,False,False,False,False,False,0,1247632,0.1762717918113426,1260.3707389800115,1687.8567646549623,1103.3922831411826,924,548,2507,1635,1584,1088
ISIC_0001131,True,True,2304,3072,7077888,1.3333333333333333,2304,3072,0.3430283157913773,2427916,normal,True,True,False,False,False,True,1,2427916,0.3430283157913773,1758.2146235585737,1484.9976564263343,988.9703029264604,451,0,2483,1997,2033,1998
ISIC_0001133,True,True,2304,3072,7077888,1.3333333333333333,2304,3072,0.2424062093098958,1715724,normal,True,False,False,False,False,False,0,1715724,0.24240620930989584,1478.0147646932328,1605.1506250422563,1199.8620768841608,781,539,2418,1903,1638,1365
ISIC_0001134,True,True,2304,3072,7077888,1.3333333333333333,2304,3072,0.0814887152777777,576768,normal,True,False,False,False,False,False,0,576768,0.08148871527777778,856.9503052906921,1570.6093125832224,1154.6098292554373,1035,734,2113,1555,1079,822
ISIC_0001140,True,True,1936,1936,3748096,1.0,1936,1936,0.2944932573765453,1103789,normal,True,False,False,False,False,False,0,1103789,0.2944932573765453,1185.4905330046633,1058.256681304126,911.3940544796152,475,248,1673,1573,1199,1326
ISIC_0001142,True,True,2304,3072,7077888,1.3333333333333333,2304,3072,0.4923270896629051,3484636,normal,True,False,False,False,False,False,0,3484636,0.4923270896629051,2106.3656743803435,1441.2816816447973,1178.4257093136844,273,2,2455,2289,2183,2288
ISIC_0001148,True,True,2304,3072,7077888,1.3333333333333333,2304,3072,0.2875158521864149,2035005,normal,True,False,False,False,False,False,0,2035005,0.28751585218641496,1609.673519610042,1454.271959528355,1255.4645457873569,537,325,2351,2266,1815,1942
ISIC_0001152,True,True,1296,1936,2509056,1.4938271604938271,1296,1936,0.6078369713549637,1525097,normal,True,False,False,False,False,False,0,1525097,0.6078369713549637,1393.4897954262035,941.0205822973883,596.7839022698229,2,75,1934,1222,1933,1148
ISIC_0001163,True,True,2016,3024,6096384,1.5,2016,3024,0.0977679555618543,596031,normal,True,False,False,False,False,False,0,596031,0.09776795556185437,871.1430646501433,1349.3318887775972,1071.9782242869917,881,593,1841,1525,961,933
ISIC_0001181,True,True,2848,4288,12212224,1.5056179775280898,2848,4288,0.031031120948977,378959,small,True,False,False,False,False,False,0,378959,0.031031120948977024,694.6262193678645,1844.4191535232044,1236.4654461300563,1480,770,2250,1662,771,893
ISIC_0001184,True,True,2848,4288,12212224,1.5056179775280898,2848,4288,0.0486878557091648,594587,small,True,False,False,False,False,False,0,594587,0.04868785570916485,870.0871687281948,1587.1236387610224,1696.2242985467224,1186,1237,1999,2222,814,986
ISIC_0001185,True,True,2848,4288,12212224,1.5056179775280898,2848,4288,0.0417806781139946,510235,small,True,False,False,False,False,False,0,510235,0.041780678113994635,806.0095403330818,1654.5346026830773,1272.5708095289426,1297,817,2043,1712,747,896
ISIC_0001186,True,True,2848,4288,12212224,1.5056179775280898,2848,4288,0.0311986580003773,381005,small,True,False,False,False,False,False,0,381005,0.031198658000377327,696.4988390096718,1329.9201769005656,1579.5982887363682,983,1164,1675,1976,693,813
ISIC_0001188,True,True,2848,4288,12212224,1.5056179775280898,2848,4288,0.0377541388038738,461062,small,True,False,False,False,False,False,0,461062,0.03775413880387389,766.186903421537,1496.939988548178,1054.7162572495672,1149,656,1904,1466,756,811
ISIC_0001190,True,True,2848,4288,12212224,1.5056179775280898,2848,4288,0.0300096853775364,366485,small,True,False,False,False,False,False,0,366485,0.030009685377536476,683.0982319932223,2036.6426756893188,1470.503570405337,1676,1134,2384,1819,709,686
ISIC_0001191,True,True,2848,4288,12212224,1.5056179775280898,2848,4288,0.0258144626236793,315252,small,True,False,False,False,False,False,0,315252,0.025814462623679355,633.5545066976081,1913.6068859198356,1323.1213029576338,1567,947,2269,1677,703,731
ISIC_0001204,True,True,2016,3024,6096384,1.5,2016,3024,0.0998749422608549,608876,normal,True,False,False,False,False,False,0,608876,0.09987494226085496,880.4799833273706,1362.1258417148977,1058.3429433907725,1007,514,1691,1614,685,1101
ISIC_0001212,True,True,2848,4288,12212224,1.5056179775280898,2848,4288,0.1060678218807647,1295324,normal,True,False,False,False,False,False,0,1295324,0.10606782188076472,1284.2343010699137,1398.8632095136043,1339.1126976725513,779,660,2001,2079,1223,1420
ISIC_0001213,True,True,2848,4288,12212224,1.5056179775280898,2848,4288,0.0420631819396696,513685,small,True,False,False,False,False,False,0,513685,0.04206318193966963,808.7299027099727,1261.7980980562018,1681.9682782249822,839,1164,1675,2105,837,942
ISIC_0001216,True,True,2848,4288,12212224,1.5056179775280898,2848,4288,0.0339338682290793,414408,small,True,False,False,False,False,False,0,414408,0.033933868229079324,726.388775556595,1336.3118207177467,1465.9857604100307,928,1144,1773,1767,846,624
ISIC_0001242,True,True,2848,4288,12212224,1.5056179775280898,2848,4288,0.0300262261812426,366687,small,True,False,False,False,False,False,0,366687,0.030026226181242663,683.2864618447395,2150.225691120765,1235.4859375980059,1667,930,2615,1550,949,621
ISIC_0001247,True,True,2016,3024,6096384,1.5,2016,3024,0.0574394591941715,350173,normal,True,False,False,False,False,False,0,350173,0.0574394591941715,667.723079650948,2052.8434488095886,929.9840821536783,1634,625,2465,1214,832,590
ISIC_0001254,True,True,2016,3024,6096384,1.5,2016,3024,0.0670989557088267,409061,normal,True,False,False,False,False,False,0,409061,0.06709895570882674,721.6873571075707,1047.6545600778368,939.6364038615268,699,519,1364,1371,666,853
ISIC_0001262,True,True,2016,3024,6096384,1.5,2016,3024,0.0470142628810783,286617,small,True,False,False,False,False,False,0,286617,0.04701426288107836,604.0961004619696,1490.1463276777024,1250.5302651273303,1164,938,1813,1536,650,599
ISIC_0001267,True,True,2016,3024,6096384,1.5,2016,3024,0.0574770224447803,350402,normal,True,False,False,False,False,False,0,350402,0.05747702244478038,667.9413768844468,1262.4716753899806,805.2096420682531,870,423,1637,1155,768,733
ISIC_0001275,True,True,2016,3024,6096384,1.5,2016,3024,0.0559589094125304,341147,normal,True,False,False,False,False,False,0,341147,0.05595890941253044,659.06134082327,1355.729251612941,717.5553441771435,1048,324,1723,1069,676,746
ISIC_0001286,True,True,2016,3024,6096384,1.5,2016,3024,0.0600009776287058,365789,normal,True,False,False,False,False,False,0,365789,0.06000097762870581,682.4492800414771,1153.4153487393005,895.9520898660156,806,439,1546,1282,741,844
ISIC_0001292,True,True,2016,3024,6096384,1.5,2016,3024,0.0546445237045435,333134,normal,True,False,False,False,False,False,0,333134,0.05464452370454355,651.2751972060687,1101.1323461429936,866.0044006315777,779,366,1398,1337,620,972
ISIC_0001296,True,True,2016,3024,6096384,1.5,2016,3024,0.0538294503758293,328165,normal,True,False,False,False,False,False,0,328165,0.05382945037582934,646.3997642310947,2041.4161412703975,953.58510505386,1539,710,2535,1229,997,520
ISIC_0001299,True,True,2016,3024,6096384,1.5,2016,3024,0.0621299445704207,378768,normal,True,False,False,False,False,False,0,378768,0.06212994457042076,694.4511472236533,1583.9120200228108,630.9786940818655,1302,94,1853,1161,552,1068
ISIC_0001306,True,True,2016,3024,6096384,1.5,2016,3024,0.0336097594902158,204898,small,True,False,False,False,False,False,0,204898,0.033609759490215836,510.76828037491265,1173.393888666556,643.4364854708197,909,403,1457,895,549,493
ISIC_0001367,True,True,2016,3024,6096384,1.5,2016,3024,0.0629761839149239,383927,normal,True,False,False,False,False,False,0,383927,0.06297618391492399,699.1645290570287,1442.223305472134,525.2711505051742,1057,122,1802,906,746,785
ISIC_0001372,True,True,2016,3024,6096384,1.5,2016,3024,0.0598261198769631,364723,normal,True,False,False,False,False,False,0,364723,0.05982611987696313,681.45414113823,1042.227970267847,1049.8541166858136,643,701,1427,1394,785,694
ISIC_0001374,True,True,2016,3024,6096384,1.5,2016,3024,0.0724034115961199,441399,normal,True,False,False,False,False,False,0,441399,0.07240341159611993,749.6710357260416,1004.7036558759762,1200.5361792845022,614,763,1375,1663,762,901
ISIC_0001385,True,True,2016,3024,6096384,1.5,2016,3024,0.0747595623897707,455763,normal,True,False,False,False,False,False,0,455763,0.07475956238977072,761.7712744827885,1303.2212224335894,771.5583932877395,864,389,1728,1133,865,745
ISIC_0001423,True,True,2016,3024,6096384,1.5,2016,3024,0.074577815308222,454655,normal,True,False,False,False,False,False,0,454655,0.07457781530822205,760.8447444857363,1151.0718874751185,570.6734974871056,730,180,1593,962,864,783
ISIC_0001427,True,True,2016,3024,6096384,1.5,2016,3024,0.065274595563534,397939,normal,True,False,False,False,False,False,0,397939,0.06527459556353406,711.8087321692295,1303.2339956626518,727.7336928524221,910,355,1694,1144,785,790
ISIC_0001442,True,True,2016,3024,6096384,1.5,2016,3024,0.0789177650226757,481113,normal,True,False,False,False,False,False,0,481113,0.07891776502267574,782.6698519083052,1326.2810711828613,864.7441827595596,889,505,1771,1236,883,732
ISIC_0001449,True,True,2016,3024,6096384,1.5,2016,3024,0.0523320053329973,319036,normal,True,False,False,False,False,False,0,319036,0.052332005332997394,637.3454725610965,1365.927747965747,719.4830332627039,995,372,1728,1065,734,694
ISIC_0001769,True,True,2016,3024,6096384,1.5,2016,3024,0.0356078291656168,217079,small,True,False,False,False,False,False,0,217079,0.03560782916561686,525.7314591419886,1689.9433109605259,904.4906462624206,1364,635,2063,1156,700,522
ISIC_0001852,True,True,2016,3024,6096384,1.5,2016,3024,0.0215229224405811,131212,small,True,False,False,False,False,False,0,131212,0.021522922440581172,408.7350084636624,1541.6998292839069,995.3345654360882,1290,809,1785,1161,496,353
ISIC_0001871,True,True,2016,3024,6096384,1.5,2016,3024,0.0338005283131771,206061,small,True,False,False,False,False,False,0,206061,0.03380052831317712,512.2157883428354,1392.630293942085,885.3681191491839,1103,639,1682,1133,580,495
ISIC_0001960,True,True,2016,3024,6096384,1.5,2016,3024,0.0475545831758629,289911,small,True,False,False,False,False,False,0,289911,0.04755458317586294,607.5575278553594,1220.3959318549487,1267.326386373749,832,952,1666,1569,835,618
ISIC_0002093,True,True,2016,3024,6096384,1.5,2016,3024,0.2046098146048542,1247380,normal,True,False,False,False,False,False,0,1247380,0.20460981460485428,1260.243446049908,1000.8901184883516,1085.9486299283299,484,145,1455,2013,972,1869
ISIC_0002107,True,True,2016,3024,6096384,1.5,2016,3024,0.1342727098555471,818578,normal,True,False,False,False,False,False,0,818578,0.13427270985554715,1020.9044421738109,885.7507482487924,1270.5127159537637,421,722,1371,1845,951,1124
ISIC_0002206,True,True,2016,3024,6096384,1.5,2016,3024,0.050129224143361,305607,normal,True,False,False,False,False,False,0,305607,0.050129224143361045,623.7875580258706,1064.4227586409997,653.1790763955014,739,344,1387,951,649,608
ISIC_0002246,True,True,2016,3024,6096384,1.5,2016,3024,0.0706910850760057,430960,normal,True,False,False,False,False,False,0,430960,0.07069108507600572,740.7532073498337,2011.5349104325228,994.5998770187489,1555,680,2451,1297,897,618
ISIC_0002251,True,True,2016,3024,6096384,1.5,2016,3024,0.1098388815402704,669620,normal,True,False,False,False,False,False,0,669620,0.10983888154027042,923.3561955960222,2096.251665123503,1374.6880275380067,1529,986,2632,1780,1104,795
ISIC_0002287,True,True,2016,3024,6096384,1.5,2016,3024,0.1146199123939699,698767,normal,True,False,False,False,False,False,0,698767,0.11461991239396993,943.2379217122027,1270.371023531449,1145.811772736835,878,476,1653,1789,776,1314
ISIC_0002353,True,True,2016,3024,6096384,1.5,2016,3024,0.0694693772570756,423512,normal,True,False,False,False,False,False,0,423512,0.06946937725707567,734.3243330231392,769.9230435028995,1107.3898590830956,379,709,1189,1460,811,752
ISIC_0002374,True,True,2016,3024,6096384,1.5,2016,3024,0.0516092818300159,314630,normal,True,False,False,False,False,False,0,314630,0.05160928183001596,632.9291887407503,1207.1643867399803,968.9643263515876,900,527,1521,1371,622,845
ISIC_0002438,True,True,2016,3024,6096384,1.5,2016,3024,0.0739439969660703,450791,normal,True,False,False,False,False,False,0,450791,0.07394399696607037,757.6047304569241,1620.7329294506767,960.8615744324975,1165,559,2086,1371,922,813
ISIC_0002439,True,True,2016,3024,6096384,1.5,2016,3024,0.0893980759742168,545005,normal,True,False,False,False,False,False,0,545005,0.08939807597421685,833.0197585161995,1249.4344455555454,619.5404188952394,779,88,1682,1099,904,1012
ISIC_0002453,True,True,2016,3024,6096384,1.5,2016,3024,0.0618453496367682,377033,normal,True,False,False,False,False,False,0,377033,0.061845349636768285,692.8588061575985,1709.162930035302,566.7085798855803,1376,148,2041,990,666,843
ISIC_0002459,True,True,2016,3024,6096384,1.5,2016,3024,0.0875537039661543,533761,normal,True,False,False,False,False,False,0,533761,0.08755370396615436,824.3819579766318,1453.3037033428818,478.2624470502716,1049,44,1857,897,809,854
ISIC_0002469,True,True,2016,3024,6096384,1.5,2016,3024,0.0886366409989921,540363,normal,True,False,False,False,False,False,0,540363,0.08863664099899218,829.4646105239974,1270.2725815794197,1089.4614435111212,790,622,1682,1604,893,983
ISIC_0002476,True,True,2016,3024,6096384,1.5,2016,3024,0.0653267576320651,398257,normal,True,False,False,False,False,False,0,398257,0.06532675763206518,712.0930847632153,1749.146400439917,1271.2712695570951,1461,803,2057,1723,597,921
ISIC_0002488,True,True,2016,3024,6096384,1.5,2016,3024,0.0502607775363231,306409,normal,True,False,False,False,False,False,0,306409,0.05026077753632317,624.6055200386533,590.3848124565532,1114.7173092174185,188,820,1001,1422,814,603
ISIC_0002489,True,True,2016,3024,6096384,1.5,2016,3024,0.0842312426513815,513506,normal,True,False,False,False,False,False,0,513506,0.08423124265138154,808.5889843788217,1256.8120742503495,635.4451048283759,756,253,1762,979,1007,727
ISIC_0002616,True,True,2848,4288,12212224,1.5056179775280898,2848,4288,0.032087930912502,391865,small,True,False,False,False,False,False,0,391865,0.032087930912502095,706.3554446577477,1603.8036313526343,1600.7590828474092,1240,1263,2001,1911,762,649
ISIC_0002647,True,True,2848,4288,12212224,1.5056179775280898,2848,4288,0.0407766021979289,497973,small,True,False,False,False,False,False,0,497973,0.0407766021979289,796.2656063214104,1873.0932098728244,1185.1459557044257,1335,856,2410,1543,1076,688
ISIC_0002673,True,True,2016,3024,6096384,1.5,2016,3024,0.0556147709855547,339049,normal,True,False,False,False,False,False,0,339049,0.055614770985554715,657.0316540341965,954.7213205170934,1148.6272721642003,620,725,1337,1496,718,772
ISIC_0002780,True,True,2848,4288,12212224,1.5056179775280898,2848,4288,0.0555644901370954,678566,normal,True,False,False,False,False,False,0,678566,0.05556449013709542,929.5036658952779,1502.1449586333533,1802.1974398953087,1043,1306,1963,2292,921,987
ISIC_0002806,True,True,2848,4288,12212224,1.5056179775280898,2848,4288,0.1288795554356029,1573906,normal,True,False,False,False,False,False,0,1573906,0.1288795554356029,1415.6127150092786,1905.9904409793214,1602.2642165415216,1136,832,2700,2343,1565,1512
ISIC_0002829,True,True,2016,3024,6096384,1.5,2016,3024,0.084792066903922,516925,normal,True,False,False,False,False,False,0,516925,0.08479206690392206,811.2763719363605,1180.607486579291,1514.746435169512,807,1096,1573,1975,767,880
ISIC_0002836,True,True,2848,4288,12212224,1.5056179775280898,2848,4288,0.0969004499098608,1183370,normal,True,False,False,False,False,False,0,1183370,0.09690044990986081,1227.482578309464,963.1656405012802,1799.3368658999298,432,1117,1557,2489,1126,1373
ISIC_0002871,True,True,2848,4288,12212224,1.5056179775280898,2848,4288,0.0400461046243501,489052,small,True,False,False,False,False,False,0,489052,0.04004610462435016,789.1009731535128,2213.427357418025,1363.9511851500454,1847,920,2558,1802,712,883
ISIC_0002879,True,True,2016,3024,6096384,1.5,2016,3024,0.0778991284013605,474903,normal,True,False,False,False,False,False,0,474903,0.07789912840136054,777.6022630582829,757.9018431132253,1003.8716222049555,337,659,1260,1381,924,723
ISIC_0002885,True,True,2848,4288,12212224,1.5056179775280898,2848,4288,0.0749182949805047,914919,normal,True,False,False,False,False,False,0,914919,0.07491829498050478,1079.3104516447297,1329.5101293119938,1579.5277516370302,771,1052,1912,2109,1142,1058
ISIC_0002948,True,True,2016,3024,6096384,1.5,2016,3024,0.0569595025510204,347247,normal,True,False,False,False,False,False,0,347247,0.056959502551020405,664.9275240134455,1557.5018704265265,1102.9298683645934,1248,665,1857,1479,610,815
ISIC_0002975,True,True,2848,4288,12212224,1.5056179775280898,2848,4288,0.0401671309009726,490530,small,True,False,False,False,False,False,0,490530,0.04016713090097267,790.2924736317178,1349.8426171691845,1453.8829592481602,943,1011,1739,1904,797,894
ISIC_0002976,True,True,2848,4288,12212224,1.5056179775280898,2848,4288,0.0398318111426714,486435,small,True,False,False,False,False,False,0,486435,0.039831811142671474,786.9868346695825,1743.6519843350088,1311.7533031134683,1383,844,2095,1778,713,935
ISIC_0003005,True,True,2016,3024,6096384,1.5,2016,3024,0.0850641954312589,518584,normal,True,False,False,False,False,False,0,518584,0.08506419543125893,812.5771692995932,592.8397212409176,844.5206948151119,101,517,1204,1177,1104,661
ISIC_0003056,True,True,2848,4288,12212224,1.5056179775280898,2848,4288,0.0329073557772933,401872,small,True,False,False,False,False,False,0,401872,0.032907355777293305,715.3176373624582,2006.2900152287295,988.9888695903173,1696,526,2303,1459,608,934
ISIC_0003174,True,True,2016,3024,6096384,1.5,2016,3024,0.0473241186906861,288506,small,True,False,False,False,False,False,0,288506,0.04732411869068615,606.0835322736981,1476.522152052297,1183.4101925089947,1155,908,1804,1450,650,543
ISIC_0003308,True,True,2016,3024,6096384,1.5,2016,3024,0.0937723083060384,571672,normal,True,False,False,False,False,False,0,571672,0.09377230830603847,853.1561387095799,1552.9784421836298,1156.3307176142964,1043,778,2090,1551,1048,774
ISIC_0003346,True,True,2848,4288,12212224,1.5056179775280898,2848,4288,0.0292493816032198,357200,small,True,False,False,False,False,False,0,357200,0.029249381603219857,674.3894760295419,1848.3239165733482,1635.22960806271,1490,1281,2253,1987,764,707
ISIC_0003462,True,True,2016,3024,6096384,1.5,2016,3024,0.0265247399113966,161705,small,True,False,False,False,False,False,0,161705,0.026524739911396658,453.7501521557866,1383.8325531059645,884.5013574100986,1111,691,1656,1071,546,381
ISIC_0003539,True,True,2016,3024,6096384,1.5,2016,3024,0.0520045981355505,317040,normal,True,False,False,False,False,False,0,317040,0.052004598135550514,635.3486171094071,1416.8581220035326,457.75633673984356,1058,124,1730,852,673,729
ISIC_0003559,True,True,2848,4288,12212224,1.5056179775280898,2848,4288,0.047890785494927,584853,small,True,False,False,False,False,False,0,584853,0.04789078549492705,862.9356682030209,2117.7621710070734,1758.462759018078,1636,1324,2612,2211,977,888
ISIC_0003582,True,True,2016,3024,6096384,1.5,2016,3024,0.1762498884584698,1074487,normal,True,False,False,False,False,False,0,1074487,0.1762498884584698,1169.6492374655963,1229.03876826802,962.8705168140704,532,479,1906,1506,1375,1028
ISIC_0003657,True,True,2016,3024,6096384,1.5,2016,3024,0.0559946683148568,341365,normal,True,False,False,False,False,False,0,341365,0.055994668314856805,659.2718841180161,946.2243580917786,968.2306739120883,552,684,1319,1258,768,575
ISIC_0003728,True,True,2016,3024,6096384,1.5,2016,3024,0.050940032648862,310550,normal,True,False,False,False,False,False,0,310550,0.050940032648862016,628.8120073738294,1956.0650169054902,1007.8892964095959,1597,661,2319,1366,723,706
ISIC_0003805,True,True,2016,3024,6096384,1.5,2016,3024,0.0224480610145292,136852,small,True,False,False,False,False,False,0,136852,0.02244806101452927,417.4270932463494,1271.343027504165,648.4589995031129,1073,428,1475,904,403,477
ISIC_0004110,True,True,2016,3024,6096384,1.5,2016,3024,0.1332101127488032,812100,normal,True,False,False,False,False,False,0,812100,0.13321011274880323,1016.8568406021693,1225.2907708410294,960.5855818248984,803,371,1676,1619,874,1249
ISIC_0004115,True,True,2848,4288,12212224,1.5056179775280898,2848,4288,0.0785010985713986,958673,normal,True,False,False,False,False,False,0,958673,0.07850109857139863,1104.8168961732495,1406.6752750938015,1092.6143732012897,754,495,2026,1717,1273,1223
ISIC_0004168,True,True,2848,4288,12212224,1.5056179775280898,2848,4288,0.0309710991216669,378226,small,True,False,False,False,False,False,0,378226,0.030971099121666946,693.9541051445706,1807.805674385156,1353.698389322786,1496,949,2115,1744,620,796
ISIC_0004309,True,True,2848,4288,12212224,1.5056179775280898,2848,4288,0.0335820076670719,410111,small,True,False,False,False,False,False,0,410111,0.03358200766707194,722.6129966523453,1746.512666083085,1301.8547198197562,1244,1029,2261,1551,1018,523
ISIC_0004337,True,True,2016,3024,6096384,1.5,2016,3024,0.0341584453997648,208243,small,True,False,False,False,False,False,0,208243,0.03415844539976484,514.9205982617946,1317.395470676085,921.1690957199041,1055,690,1597,1148,543,459
ISIC_0004346,True,True,2848,4288,12212224,1.5056179775280898,2848,4288,0.0397974193725893,486015,small,True,False,False,False,False,False,0,486015,0.0397974193725893,786.6470093596366,2509.9086139316687,1359.4445438926782,2081,1012,2926,1718,846,707
ISIC_0004715,True,True,2016,3024,6096384,1.5,2016,3024,0.0808904097904593,493139,normal,True,False,False,False,False,False,0,493139,0.08089040979045939,792.3913653310171,1482.6243351266073,688.3413865056302,1059,307,1878,1047,820,741
ISIC_0004985,True,True,2848,4288,12212224,1.5056179775280898,2848,4288,0.0557727241164262,681109,normal,True,False,False,False,False,False,0,681109,0.055772724116426295,931.2437452541745,1913.1350855736746,1600.4894914029912,1542,1004,2319,2137,778,1134
ISIC_0005000,True,True,2848,4256,12121088,1.4943820224719102,2848,4256,0.0327374902318999,396814,small,True,False,False,False,False,False,0,396814,0.03273749023189997,710.8018547419097,1450.8861028088727,1053.0204478672626,1120,619,1798,1487,679,869
ISIC_0005187,True,True,2016,3024,6096384,1.5,2016,3024,0.0565727158919123,344889,normal,True,False,False,False,False,False,0,344889,0.05657271589191232,662.6660647295631,1785.2083307962853,903.8213135240613,1346,544,2214,1255,869,712
ISIC_0005247,True,True,2016,3024,6096384,1.5,2016,3024,0.0952544984042999,580708,normal,True,False,False,False,False,False,0,580708,0.09525449840429999,859.8723100228701,1270.363673309133,730.8897810948015,863,301,1771,1233,909,933
ISIC_0005548,True,True,2016,3024,6096384,1.5,2016,3024,0.1155373414798018,704360,normal,True,False,False,False,False,False,0,704360,0.1155373414798018,947.0052828414736,2136.8568118575727,1026.9084502243172,1597,536,2614,1581,1018,1046
ISIC_0005555,True,True,2016,3024,6096384,1.5,2016,3024,0.0803584551104392,489896,normal,True,False,False,False,False,False,0,489896,0.08035845511043924,789.781590066252,1057.344671113869,957.5477182912291,721,498,1390,1464,670,967
ISIC_0005620,True,True,2016,3024,6096384,1.5,2016,3024,0.0652604888405979,397853,normal,True,False,False,False,False,False,0,397853,0.06526048884059797,711.731812266052,1061.2314749417499,823.0451372743199,684,478,1411,1192,728,715
ISIC_0005639,True,True,2016,3024,6096384,1.5,2016,3024,0.1867951559481817,1138775,normal,True,False,False,False,False,False,0,1138775,0.18679515594818175,1204.1317878686639,1028.5251660775834,709.8370468266339,491,30,1591,1381,1101,1352
ISIC_0005666,True,True,2016,3024,6096384,1.5,2016,3024,0.0835213136180398,509178,normal,True,False,False,False,False,False,0,509178,0.08352131361803981,805.1742450607575,871.2602567275098,987.7421883899148,503,521,1237,1455,735,935
ISIC_0005787,True,True,2016,3024,6096384,1.5,2016,3024,0.1068751574703955,651552,normal,True,False,False,False,False,False,0,651552,0.10687515747039557,910.813796476143,652.5087130420902,1067.2527165905408,142,670,1184,1424,1043,755
ISIC_0006021,True,True,2848,4288,12212224,1.5056179775280898,2848,4288,0.0671952954678852,820604,normal,True,False,False,False,False,False,0,820604,0.06719529546788529,1022.1670427908804,2295.7965547328554,1357.7635509941458,1646,928,2998,1815,1353,888
ISIC_0006114,True,True,2016,3024,6096384,1.5,2016,3024,0.049169966983707,299759,small,True,False,False,False,False,False,0,299759,0.04916996698370706,617.7904278072522,1115.577557304368,1162.8772980961373,722,809,1518,1502,797,694
ISIC_0006193,True,True,2016,3024,6096384,1.5,2016,3024,0.0617895788716721,376693,normal,True,False,False,False,False,False,0,376693,0.06178957887167213,692.5463333416203,1523.0627885307133,830.1401512637613,1123,511,1913,1139,791,629
ISIC_0006350,True,True,2016,3024,6096384,1.5,2016,3024,0.1193810954165616,727793,normal,True,False,False,False,False,False,0,727793,0.11938109541656168,962.6291227577931,1278.5889215752281,981.4781730519529,857,384,1765,1576,909,1193
ISIC_0006612,True,True,2848,4288,12212224,1.5056179775280898,2848,4288,0.0625542898656297,763927,normal,True,False,False,False,False,False,0,763927,0.06255428986562972,986.2363133097963,2030.157236228069,1111.8687885098968,1491,644,2545,1539,1055,896
ISIC_0006651,True,True,2016,3024,6096384,1.5,2016,3024,0.0465407034727471,283730,small,True,False,False,False,False,False,0,283730,0.04654070347274712,601.0459683149932,804.2475733972439,955.3059916117436,455,668,1150,1288,696,621
ISIC_0006671,True,True,2016,3024,6096384,1.5,2016,3024,0.0285065704522549,173787,small,True,False,False,False,False,False,0,173787,0.028506570452254975,470.3960892278865,1343.9120359980896,1325.1923906851491,1078,1107,1579,1552,502,446
ISIC_0006711,True,True,2848,4288,12212224,1.5056179775280898,2848,4288,0.0353248515585695,431395,small,True,False,False,False,False,False,0,431395,0.035324851558569514,741.1269617285728,1657.2884015809177,1251.4717463113852,1289,857,2012,1652,724,796
ISIC_0006776,True,True,2016,3024,6096384,1.5,2016,3024,0.0676023688796506,412130,normal,True,False,False,False,False,False,0,412130,0.06760236887965063,724.3895454599705,1331.3569189333464,1017.5959090578216,975,641,1674,1366,700,726
ISIC_0006795,True,True,2848,4288,12212224,1.5056179775280898,2848,4288,0.0591789832875649,722707,normal,True,False,False,False,False,False,0,722707,0.05917898328756498,959.2596789487794,1978.9669215878635,1428.7742031002883,1529,916,2420,1945,892,1030
ISIC_0006800,True,True,2016,3024,6096384,1.5,2016,3024,0.0800070992903334,487754,normal,True,False,False,False,False,False,0,487754,0.08000709929033342,788.053095230743,1530.1458030072536,943.5966634820012,1056,585,1989,1315,934,731
ISIC_0006815,True,True,2848,4288,12212224,1.5056179775280898,2848,4288,0.0077627138185477,94800,very_tiny,True,False,False,False,False,False,0,94800,0.007762713818547711,347.4235294865525,2046.8511286919831,1088.5165084388186,1845,875,2252,1283,408,409
ISIC_0006914,True,True,2016,3024,6096384,1.5,2016,3024,0.1142762660619803,696672,normal,True,False,False,False,False,False,0,696672,0.11427626606198035,941.8228814961628,1348.4951253961692,887.5835213701713,757,517,1979,1231,1223,715
ISIC_0006940,True,True,2848,4288,12212224,1.5056179775280898,2848,4288,0.0621220180697635,758648,normal,True,False,False,False,False,False,0,758648,0.06212201806976354,982.822788774376,2590.2124806234247,1649.360457023547,1985,1240,3203,2064,1219,825
ISIC_0006982,True,True,2016,3024,6096384,1.5,2016,3024,0.1872834782060972,1141752,normal,True,False,False,False,False,False,0,1141752,0.18728347820609725,1205.7046888357288,1128.4271847126172,1029.8355667430405,390,493,1916,1570,1527,1078
ISIC_0007038,True,True,2848,4288,12212224,1.5056179775280898,2848,4288,0.0333338137263122,407080,small,True,False,False,False,False,False,0,407080,0.03333381372631226,719.9377430519878,2249.550830303626,1333.9881644885527,1755,1062,2726,1618,972,557
ISIC_0007087,True,True,2016,3024,6096384,1.5,2016,3024,0.1161941242546401,708364,normal,True,False,False,False,False,False,0,708364,0.11619412425464012,949.6931382645548,1250.0847149205777,882.8577271007562,728,275,1677,1451,950,1177
ISIC_0007141,True,True,2016,3024,6096384,1.5,2016,3024,0.1646052807697152,1003497,normal,True,False,False,False,False,False,0,1003497,0.16460528076971528,1130.3504162086647,2009.837574003709,1018.578785985409,1377,516,2641,1533,1265,1018
ISIC_0007156,True,True,2016,3024,6096384,1.5,2016,3024,0.0631129863210716,384761,normal,True,False,False,False,False,False,0,384761,0.06311298632107164,699.9235104437098,1174.5199539454363,1002.1174313404945,814,676,1549,1333,736,658
ISIC_0007241,True,True,2016,3024,6096384,1.5,2016,3024,0.0569058641975308,346920,normal,True,False,False,False,False,False,0,346920,0.05690586419753087,664.6143715415147,1295.9578202467428,846.5775452553903,962,493,1620,1174,659,682
ISIC_0007322,True,True,2848,4288,12212224,1.5056179775280898,2848,4288,0.0650676731773017,794621,normal,True,False,False,False,False,False,0,794621,0.0650676731773017,1005.8543037025789,1754.2385489434587,1295.3085823304443,1186,761,2298,1828,1113,1068
ISIC_0007332,True,True,2016,3024,6096384,1.5,2016,3024,0.0870624291383219,530766,normal,True,False,False,False,False,False,0,530766,0.08706242913832199,822.0658490661824,1181.5957747858756,1039.7234204903857,706,682,1662,1396,957,715
ISIC_0007344,True,True,2016,3024,6096384,1.5,2016,3024,0.0857509960002519,522771,normal,True,False,False,False,False,False,0,522771,0.08575099600025195,815.8509116503736,824.5338035200881,1375.3471653936426,241,1017,1310,1746,1070,730
ISIC_0007475,True,True,2016,3024,6096384,1.5,2016,3024,0.1289367598891408,786048,normal,True,False,False,False,False,False,0,786048,0.12893675988914083,1000.4136132920149,1325.413406051539,848.2306665750692,688,458,1998,1225,1311,768
ISIC_0007528,True,True,2016,3024,6096384,1.5,2016,3024,0.02720596340388,165858,small,True,False,False,False,False,False,0,165858,0.02720596340388007,459.539948655919,1375.2688926672213,900.3514150658998,1143,648,1610,1144,468,497
ISIC_0007557,True,True,2016,3024,6096384,1.5,2016,3024,0.1288335839737129,785419,normal,True,False,False,False,False,False,0,785419,0.12883358397371295,1000.0132649051945,1543.3470746187704,1105.5246333485693,1061,532,2014,1721,954,1190
ISIC_0007693,True,True,2016,3024,6096384,1.5,2016,3024,0.0561985596707818,342608,normal,True,False,False,False,False,False,0,342608,0.05619855967078189,660.471084864905,1566.6746164713024,987.6783204128333,1235,560,1885,1399,651,840
ISIC_0007760,True,True,2016,3024,6096384,1.5,2016,3024,0.074198246042244,452341,normal,True,False,False,False,False,False,0,452341,0.07419824604224406,758.9060870127794,809.458921477381,913.4321297428268,408,539,1201,1306,794,768
ISIC_0007788,True,True,2848,4288,12212224,1.5056179775280898,2848,4288,0.1016184275689669,1240987,normal,True,False,False,False,False,False,0,1240987,0.10161842756896697,1257.00983405153,1707.6020063062708,1801.1215733927913,1131,1133,2277,2498,1147,1366
ISIC_0007796,True,True,2016,3024,6096384,1.5,2016,3024,0.0460422112517846,280691,small,True,False,False,False,False,False,0,280691,0.04604221125178466,597.818434853976,1284.9122487005284,864.3300925216697,975,576,1612,1133,638,558
ISIC_0008029,True,True,2848,4288,12212224,1.5056179775280898,2848,4288,0.0579862439470484,708141,normal,True,False,False,False,False,False,0,708141,0.05798624394704847,949.5436400968114,1584.0136244053092,1336.1245641757785,1052,845,2081,1777,1030,933
ISIC_0008116,True,True,2016,3024,6096384,1.5,2016,3024,0.0652542556374401,397815,normal,True,False,False,False,False,False,0,397815,0.06525425563744017,711.6978217535999,982.051322851074,974.7787036687907,674,577,1305,1397,632,821
ISIC_0008145,True,True,2848,4288,12212224,1.5056179775280898,2848,4288,0.0252549412785091,308419,small,True,False,False,False,False,False,0,308419,0.02525494127850914,626.6508335170984,2414.643906503815,1092.2027436701371,2117,633,2704,1542,588,910
ISIC_0008207,True,True,2848,4288,12212224,1.5056179775280898,2848,4288,0.0347076830559282,423858,small,True,False,False,False,False,False,0,423858,0.03470768305592822,734.6242352062424,1759.54574173426,1190.9253051729588,1313,777,2197,1574,885,798
ISIC_0008236,True,True,2848,4288,12212224,1.5056179775280898,2848,4288,0.0659385219268824,805256,normal,True,False,False,False,False,False,0,805256,0.06593852192688245,1012.5629772193225,2162.665164866825,1218.094476787506,1417,842,2897,1606,1481,765
ISIC_0008256,True,True,2848,4288,12212224,1.5056179775280898,2848,4288,0.0435461223115462,531795,small,True,False,False,False,False,False,0,531795,0.0435461223115462,822.8623358086307,2197.406523190327,1311.780018616196,1731,906,2672,1727,942,822
ISIC_0008280,True,True,2016,3024,6096384,1.5,2016,3024,0.0593355011757789,361732,normal,True,False,False,False,False,False,0,361732,0.05933550117577895,678.6541733431983,877.2214429467119,825.9631826877356,546,446,1199,1190,654,745
ISIC_0008294,True,True,2016,3024,6096384,1.5,2016,3024,0.0303071460065507,184764,small,True,False,False,False,False,False,0,184764,0.030307146006550767,485.0245676699765,1568.2331298304864,833.3432757463576,1309,613,1880,1087,572,475
ISIC_0008347,True,True,2848,4288,12212224,1.5056179775280898,2848,4288,0.0339731731091732,414888,small,True,False,False,False,False,False,0,414888,0.033973173109173235,726.8093341696172,2116.6847366036136,1721.1115072019436,1604,1468,2608,1995,1005,528
ISIC_0008396,True,True,2848,4288,12212224,1.5056179775280898,2848,4288,0.0298427215223042,364446,small,True,False,False,False,False,False,0,364446,0.02984272152230421,681.1953164258773,1783.532460227304,1574.5025079161248,1447,1226,2155,1924,709,699
ISIC_0008403,True,True,2016,3024,6096384,1.5,2016,3024,0.0938361166225749,572061,normal,True,False,False,False,False,False,0,572061,0.09383611662257496,853.4463587131543,917.5843153090317,954.0442225566854,464,560,1376,1380,913,821
ISIC_0008406,True,True,2848,4288,12212224,1.5056179775280898,2848,4288,0.0384775942531024,469897,small,True,False,False,False,False,False,0,469897,0.038477594253102466,773.4930137709188,1346.8254468532466,1689.941844702137,959,1196,1707,2161,749,966
ISIC_0008507,True,True,2848,4288,12212224,1.5056179775280898,2848,4288,0.0495123574543015,604656,small,True,False,False,False,False,False,0,604656,0.04951235745430153,877.4234611414174,1671.2328596755842,1390.743559974597,1211,932,2143,1819,933,888
ISIC_0008524,True,True,2848,4288,12212224,1.5056179775280898,2848,4288,0.0266000689145564,324846,small,True,False,False,False,False,False,0,324846,0.02660006891455643,643.1226734838687,1698.4719190016192,1522.341118560795,1357,1113,2005,2016,649,904
ISIC_0008528,True,True,2848,4288,12212224,1.5056179775280898,2848,4288,0.0858842746415395,1048838,normal,True,False,False,False,False,False,0,1048838,0.0858842746415395,1155.6046112840406,1571.7693180453034,1490.0616606187039,1080,777,2109,2266,1030,1490
ISIC_0008541,True,True,2848,4288,12212224,1.5056179775280898,2848,4288,0.031123896843032,380092,small,True,False,False,False,False,False,0,380092,0.03112389684303203,695.6638304795481,2104.5287062079706,1485.7565615693043,1648,1175,2545,1783,898,609
ISIC_0008552,True,True,2848,4288,12212224,1.5056179775280898,2848,4288,0.0400016409787439,488509,small,True,False,False,False,False,False,0,488509,0.040001640978743924,788.6627775919374,1795.5839216882391,1476.5597583667854,1374,1083,2181,1888,808,806
ISIC_0008600,True,True,2016,3024,6096384,1.5,2016,3024,0.1361480838477366,830011,normal,True,False,False,False,False,False,0,830011,0.13614808384773663,1028.009157432548,1071.9349418260722,997.1496835584106,620,275,1483,1746,864,1472
ISIC_0008626,True,True,2848,4288,12212224,1.5056179775280898,2848,4288,0.1002525011005366,1224306,normal,True,False,False,False,False,False,0,1224306,0.10025250110053664,1248.533064863133,1575.855217568157,1608.032431434625,720,1004,2503,2143,1784,1140
ISIC_0008659,True,True,2848,4288,12212224,1.5056179775280898,2848,4288,0.0337647753595086,412343,small,True,False,False,False,False,False,0,412343,0.033764775359508635,724.5767133952976,1705.1617439849833,1724.6548747038266,1168,1469,2254,2000,1087,532
ISIC_0008785,True,True,2016,3024,6096384,1.5,2016,3024,0.0955568087574535,582551,normal,True,False,False,False,False,False,0,582551,0.09555680875745359,861.2357226828284,747.2540103784904,965.5064500790488,271,574,1227,1400,957,827
ISIC_0008807,True,True,2848,4288,12212224,1.5056179775280898,2848,4288,0.0390332669954301,476683,small,True,False,False,False,False,False,0,476683,0.03903326699543015,779.0581787665101,1650.8157203004932,1636.708363839281,1168,1276,2141,1960,974,685
ISIC_0008879,True,True,2848,4288,12212224,1.5056179775280898,2848,4288,0.0316928349823914,387040,small,True,False,False,False,False,False,0,387040,0.031692834982391414,701.9933285967163,1862.59845752377,1371.6316168871435,1508,970,2198,1748,691,779
ISIC_0008913,True,True,2848,4288,12212224,1.5056179775280898,2848,4288,0.1661375520134579,2028909,normal,True,False,False,False,False,False,0,2028909,0.16613755201345798,1607.2607664809946,2178.561359824418,1390.4267756710626,1445,490,2889,2313,1445,1824
ISIC_0008992,True,True,2848,4288,12212224,1.5056179775280898,2848,4288,0.041302878165353,504400,small,True,False,False,False,False,False,0,504400,0.04130287816535301,801.3875631455832,1500.6375198255353,1333.777563441713,1110,903,1850,1811,741,909
ISIC_0008993,True,True,2016,3024,6096384,1.5,2016,3024,0.0711851484420928,433972,normal,True,False,False,False,False,False,0,433972,0.07118514844209288,743.337279912563,1284.2378886195422,923.8284958476584,892,600,1709,1257,818,658
ISIC_0008998,True,True,2848,4288,12212224,1.5056179775280898,2848,4288,0.364678866028006,4453540,normal,True,False,False,False,False,False,0,4453540,0.36467886602800603,2381.265050778648,2118.836606834114,1639.3295342581407,448,474,3746,2687,3299,2214
ISIC_0009035,True,True,2848,4288,12212224,1.5056179775280898,2848,4288,0.1165620610955056,1423482,normal,True,False,False,False,False,False,0,1423482,0.11656206109550561,1346.2665314189085,1640.2644304599567,1202.079835923461,1019,459,2266,1937,1248,1479
ISIC_0009078,True,True,2016,3024,6096384,1.5,2016,3024,0.0593770011862769,361985,normal,True,False,False,False,False,False,0,361985,0.05937700118627698,678.8914615761181,1249.8655413898366,1045.5698523419478,836,713,1637,1366,802,654
ISIC_0009083,True,True,2848,4288,12212224,1.5056179775280898,2848,4288,0.0604543447614455,738282,normal,True,False,False,False,False,False,0,738282,0.06045434476144558,969.5410448073693,2190.6400115403057,857.356157945067,1709,262,2659,1438,951,1177
ISIC_0009160,True,True,2016,3024,6096384,1.5,2016,3024,0.0689774463025951,420513,normal,True,False,False,False,False,False,0,420513,0.06897744630259511,731.7197418924936,1655.5690763424675,664.4610273641956,1291,313,2034,1035,744,723
ISIC_0009165,True,True,2848,4288,12212224,1.5056179775280898,2848,4288,0.0542114196398624,662042,normal,True,False,False,False,False,False,0,662042,0.054211419639862486,918.1165801114565,2282.560092864199,1631.9260968337355,1831,1088,2756,2159,926,1072
ISIC_0009188,True,True,2848,4288,12212224,1.5056179775280898,2848,4288,0.0354127143426127,432468,small,True,False,False,False,False,False,0,432468,0.035412714342612776,742.048084312955,1656.861629068509,1458.649282721496,1211,1100,2076,1844,866,745
ISIC_0009201,True,True,2848,4288,12212224,1.5056179775280898,2848,4288,0.136972102706272,1672734,normal,True,False,False,False,False,False,0,1672734,0.136972102706272,1459.3803742078444,1814.140981172141,1480.0109455538059,1148,635,2466,2330,1319,1696
ISIC_0009252,True,True,2016,3024,6096384,1.5,2016,3024,0.0616383416792643,375771,normal,True,False,False,False,False,False,0,375771,0.0616383416792643,691.698270176149,1026.380907520804,1157.7593108568783,688,707,1347,1581,660,875
ISIC_0009297,True,True,2848,4288,12212224,1.5056179775280898,2848,4288,0.0519632623836575,634587,normal,True,False,False,False,False,False,0,634587,0.05196326238365755,898.8777797759008,1956.6705384762058,1524.1312743563924,1541,1087,2386,1970,846,884
ISIC_0009298,True,True,2848,4288,12212224,1.5056179775280898,2848,4288,0.0714932022209877,873091,normal,True,False,False,False,False,False,0,873091,0.07149320222098776,1054.3500307546674,1655.5423775986696,1811.6519961836739,1052,1355,2231,2292,1180,938
ISIC_0009344,True,True,2848,4288,12212224,1.5056179775280898,2848,4288,0.0601534167732265,734607,normal,True,False,False,False,False,False,0,734607,0.06015341677322656,967.1249568898859,1965.478895518284,1328.4960979135783,1420,832,2478,1882,1059,1051
ISIC_0009430,True,True,2016,3024,6096384,1.5,2016,3024,0.0772989365499286,471244,normal,True,False,False,False,False,False,0,471244,0.07729893654992862,774.6008623924821,1113.0262135963535,872.100028859784,700,431,1511,1295,812,865
ISIC_0009504,True,True,2848,4288,12212224,1.5056179775280898,2848,4288,0.0309116504905249,377500,small,True,False,False,False,False,False,0,377500,0.030911650490524904,693.287767191607,2057.278842384106,1653.284701986755,1731,1244,2422,2057,692,814
ISIC_0009533,True,True,2848,4288,12212224,1.5056179775280898,2848,4288,0.0611771451293392,747109,normal,True,False,False,False,False,False,0,747109,0.06117714512933926,975.3198055138339,1886.6091614476602,1222.0022647297783,1498,581,2355,1850,858,1270
ISIC_0009564,True,True,2848,4288,12212224,1.5056179775280898,2848,4288,0.0311517377997652,380432,small,True,False,False,False,False,False,0,380432,0.031151737799765218,695.9749036299279,1916.0945661773983,981.0473251461497,1576,568,2251,1381,676,814
ISIC_0009583,True,True,2848,4288,12212224,1.5056179775280898,2848,4288,0.0478947978681033,584902,small,True,False,False,False,False,False,0,584902,0.0478947978681033,862.9718165703247,1574.0730566829998,1341.7924866045935,989,945,2217,1694,1229,750
ISIC_0009599,True,True,2848,4288,12212224,1.5056179775280898,2848,4288,0.0689360103450444,841862,normal,True,False,False,False,False,False,0,841862,0.06893601034504444,1035.322167061941,1908.0487573972932,1555.3666360995032,1362,932,2418,2110,1057,1179
ISIC_0009758,True,True,2016,3024,6096384,1.5,2016,3024,0.1236980806983287,754111,normal,True,False,False,False,False,False,0,754111,0.12369808069832872,979.8795570475885,1138.4706866760994,823.8520469798212,618,334,1641,1349,1024,1016
ISIC_0009800,True,True,2848,4288,12212224,1.5056179775280898,2848,4288,0.0547654546788529,668808,normal,True,False,False,False,False,False,0,668808,0.05476545467885292,922.7961819574432,1752.6230069018313,1403.84449348692,1328,912,2160,1936,833,1025
ISIC_0009860,True,True,2848,4288,12212224,1.5056179775280898,2848,4288,0.0411483608554838,502513,small,True,False,False,False,False,False,0,502513,0.04114836085548382,799.8871316276446,2442.923325366707,1425.9571732472593,2149,737,2776,2008,628,1272
ISIC_0009868,True,True,768,1024,786432,1.3333333333333333,768,1024,0.1787401835123697,140567,normal,True,False,False,False,False,False,0,140567,0.17874018351236978,423.05491733909395,467.1258403465963,435.62215882817446,224,215,677,643,454,429
ISIC_0009869,True,True,768,1024,786432,1.3333333333333333,768,1024,0.0579503377278645,45574,normal,True,False,False,False,False,False,0,45574,0.057950337727864586,240.887149951508,521.8910343616975,416.64863738096284,421,257,615,567,195,311
ISIC_0009873,True,True,768,1024,786432,1.3333333333333333,768,1024,0.2618929545084635,205961,normal,True,False,False,False,False,False,0,205961,0.26189295450846356,512.0914858433001,439.33538873864467,348.44413262705075,104,66,751,602,648,537
ISIC_0009874,True,True,768,1024,786432,1.3333333333333333,768,1024,0.1359736124674479,106934,normal,True,False,False,False,False,False,0,106934,0.1359736124674479,368.9886142914303,468.7732713636449,350.7816690669011,203,209,725,483,523,275
ISIC_0009875,True,True,768,1024,786432,1.3333333333333333,768,1024,0.3316459655761719,260817,normal,True,False,False,False,False,False,0,260817,0.3316459655761719,576.2660135208313,508.2543737563119,422.0922600904082,184,110,860,749,677,640
ISIC_0009877,True,True,768,1024,786432,1.3333333333333333,768,1024,0.2460594177246093,193509,normal,True,False,False,False,False,False,0,193509,0.24605941772460938,496.37013514327856,493.6434481083567,358.9102108945837,181,106,801,585,621,480
ISIC_0009879,True,True,768,1024,786432,1.3333333333333333,768,1024,0.2823346455891927,222037,normal,True,False,False,False,False,False,0,222037,0.2823346455891927,531.7013153964934,510.0164927467044,357.20027743123893,196,95,795,646,600,552
ISIC_0009880,True,True,768,1024,786432,1.3333333333333333,768,1024,0.2400525410970052,188785,normal,True,False,False,False,False,False,0,188785,0.24005254109700522,490.273931035322,405.1957252959716,343.09822814312577,123,114,663,582,541,469
ISIC_0009881,True,True,768,1024,786432,1.3333333333333333,768,1024,0.1846199035644531,145191,normal,True,False,False,False,False,False,0,145191,0.18461990356445312,429.9568847450207,502.10897369671676,338.00876087360786,284,108,720,583,437,476
ISIC_0009883,True,True,768,1024,786432,1.3333333333333333,768,1024,0.1757799784342447,138239,normal,True,False,False,False,False,False,0,138239,0.17577997843424478,419.5370799162383,514.4347326007857,391.78963968200003,302,143,784,615,483,473
ISIC_0009884,True,True,768,1024,786432,1.3333333333333333,768,1024,0.1086756388346354,85466,normal,True,False,False,False,False,False,0,85466,0.10867563883463542,329.8767814356376,504.8364612828493,411.4279011536751,338,220,686,579,349,360
ISIC_0009885,True,True,768,1024,786432,1.3333333333333333,768,1024,0.0597572326660156,46995,normal,True,False,False,False,False,False,0,46995,0.059757232666015625,244.61376168324824,566.6030428769018,332.4132992871582,436,199,711,469,276,271
ISIC_0009888,True,True,768,1024,786432,1.3333333333333333,768,1024,0.1080551147460937,84978,normal,True,False,False,False,False,False,0,84978,0.10805511474609375,328.933655974126,502.57095954246984,397.10832215396925,321,214,691,585,371,372
ISIC_0009889,True,True,768,1024,786432,1.3333333333333333,768,1024,0.1034418741861979,81350,normal,True,False,False,False,False,False,0,81350,0.10344187418619792,321.8354190641631,487.90256914566686,402.90673632452365,300,227,680,565,381,339
ISIC_0009891,True,True,768,1024,786432,1.3333333333333333,768,1024,0.1871198018391927,147157,normal,True,False,False,False,False,False,0,147157,0.18711980183919272,432.85807337347,464.1376013373472,316.83688849324193,185,128,726,519,542,392
ISIC_0009895,True,True,768,1024,786432,1.3333333333333333,768,1024,0.2225138346354166,174992,normal,True,False,False,False,False,False,0,174992,0.22251383463541666,472.0240824495034,519.0987530858554,428.06547727896134,283,148,712,690,430,543
ISIC_0009896,True,True,768,1024,786432,1.3333333333333333,768,1024,0.3431816101074219,269889,normal,True,False,False,False,False,False,0,269889,0.3431816101074219,586.2024799410425,431.3415478215118,312.4778853528673,27,5,821,643,795,639
ISIC_0009897,True,True,768,1024,786432,1.3333333333333333,768,1024,0.609717051188151,479501,normal,True,True,False,False,False,True,1,479501,0.609717051188151,781.3575589575206,543.164249918144,392.836625992438,62,0,981,765,920,766
ISIC_0009898,True,True,768,1024,786432,1.3333333333333333,768,1024,0.2057711283365885,161825,normal,True,False,False,False,False,False,0,161825,0.20577112833658853,453.91848312969995,455.8273134558937,329.66757299551983,234,67,718,531,485,465
ISIC_0009899,True,True,768,1024,786432,1.3333333333333333,768,1024,0.334906260172526,263381,normal,True,False,False,False,False,False,0,263381,0.33490626017252606,579.0916201534019,514.6131535684048,337.32840258029245,182,42,848,638,667,597
ISIC_0009901,True,True,768,1024,786432,1.3333333333333333,768,1024,0.3247769673665364,255415,normal,True,False,False,False,False,False,0,255415,0.32477696736653644,570.2670236990139,500.86869995889043,388.3616232406084,209,80,801,709,593,630
ISIC_0009902,True,True,768,1024,786432,1.3333333333333333,768,1024,0.3165397644042969,248937,normal,True,False,False,False,False,False,0,248937,0.3165397644042969,562.9888387417083,504.2148455231645,413.89941631818493,211,149,772,693,562,545
ISIC_0009904,True,True,768,1024,786432,1.3333333333333333,768,1024,0.4584808349609375,360564,normal,True,False,True,False,False,True,1,360564,0.4584808349609375,677.5576309125956,520.9243490753375,397.4785336306453,234,15,837,767,604,753
ISIC_0009906,True,True,768,1024,786432,1.3333333333333333,768,1024,0.3158047993977864,248359,normal,True,False,False,False,False,False,0,248359,0.31580479939778644,562.3348647299758,556.6590701363751,404.5229888991339,209,149,885,665,677,517
ISIC_0009909,True,True,768,1024,786432,1.3333333333333333,768,1024,0.2045745849609375,160884,normal,True,False,False,False,False,False,0,160884,0.2045745849609375,452.5968083351582,434.86709057457546,443.38351855995626,174,244,697,640,524,397
ISIC_0009910,True,True,768,1024,786432,1.3333333333333333,768,1024,0.3956947326660156,311187,normal,True,False,False,False,False,False,0,311187,0.3956947326660156,629.4565864358725,508.26512675658046,416.32271270972115,24,180,997,642,974,463
ISIC_0009914,True,True,768,1024,786432,1.3333333333333333,768,1024,0.1978594462076822,155603,normal,True,False,False,False,False,False,0,155603,0.19785944620768228,445.10660844277015,460.46087800363745,394.74326330469205,215,112,693,663,479,552
ISIC_0009915,True,True,768,1024,786432,1.3333333333333333,768,1024,0.3694877624511719,290577,normal,True,False,False,False,False,False,0,290577,0.3694877624511719,608.2549853396266,499.81878813533075,361.64055654783414,137,73,855,634,719,562
ISIC_0009917,True,True,768,1024,786432,1.3333333333333333,768,1024,0.1088778177897135,85625,normal,True,False,False,False,False,False,0,85625,0.10887781778971355,330.1834884090183,424.15250218978105,444.8584291970803,275,252,597,617,323,366
ISIC_0009918,True,True,768,1024,786432,1.3333333333333333,768,1024,0.5366312662760416,422024,normal,True,False,False,False,False,False,0,422024,0.5366312662760416,733.0331818051025,583.7487062347166,363.20396470342916,172,29,968,761,797,733
ISIC_0009919,True,True,768,1024,786432,1.3333333333333333,768,1024,0.334912618001302,263386,normal,True,False,False,False,False,False,0,263386,0.33491261800130206,579.0971168375954,519.7828168543507,417.4567440942191,204,178,841,705,638,528
ISIC_0009920,True,True,768,1024,786432,1.3333333333333333,768,1024,0.3166160583496094,248997,normal,True,False,False,False,False,False,0,248997,0.3166160583496094,563.0566818007059,613.5854729173444,381.74528608778417,292,121,928,648,637,528
ISIC_0009921,True,True,768,1024,786432,1.3333333333333333,768,1024,0.649389902750651,510701,normal,True,False,False,False,False,False,0,510701,0.649389902750651,806.3775224643804,512.9194048964071,406.47805467386985,7,37,936,763,930,727
ISIC_0009923,True,True,768,1024,786432,1.3333333333333333,768,1024,0.2928937276204427,230341,normal,True,False,False,False,False,False,0,230341,0.2928937276204427,541.552647462684,481.34014352633704,391.73353853634393,165,122,828,688,664,567
ISIC_0009925,True,True,768,1024,786432,1.3333333333333333,768,1024,0.3154767354329427,248101,normal,True,False,False,False,False,False,0,248101,0.3154767354329427,562.0427068189201,497.3698010084603,364.5613681524863,244,34,775,662,532,629
ISIC_0009927,True,True,768,1024,786432,1.3333333333333333,768,1024,0.1537132263183593,120885,normal,True,False,False,False,False,False,0,120885,0.15371322631835938,392.3207391475885,551.2147743723374,258.31925383629067,365,43,750,454,386,412
ISIC_0009928,True,True,768,1024,786432,1.3333333333333333,768,1024,0.6059544881184896,476542,normal,True,False,True,False,False,True,1,476542,0.6059544881184896,778.9429498539569,551.6029080332899,379.9377011889823,155,9,952,767,798,759
ISIC_0009929,True,True,768,1024,786432,1.3333333333333333,768,1024,0.0218594868977864,17191,small,True,False,False,False,False,False,0,17191,0.021859486897786457,147.94681819337035,557.041417020534,400.7380606131115,490,306,618,489,129,184
ISIC_0009930,True,True,768,1024,786432,1.3333333333333333,768,1024,0.0244013468424479,19190,small,True,False,False,False,False,False,0,19190,0.024401346842447918,156.3120816298848,580.8767066180302,373.41130797290253,521,264,638,485,118,222
ISIC_0009931,True,True,768,1024,786432,1.3333333333333333,768,1024,0.3133112589518229,246398,normal,True,False,False,False,False,False,0,246398,0.31331125895182294,560.1104153143866,531.4674266836581,396.6381504720006,234,116,843,673,610,558
ISIC_0009932,True,True,768,1024,786432,1.3333333333333333,768,1024,0.2458648681640625,193356,normal,True,False,False,False,False,False,0,193356,0.2458648681640625,496.17386611127773,486.67220050063094,340.29456546473864,96,172,951,512,856,341
ISIC_0009933,True,True,768,1024,786432,1.3333333333333333,768,1024,0.1957626342773437,153954,normal,True,False,False,False,False,False,0,153954,0.19576263427734375,442.741821912226,482.455415253907,380.4322654818972,250,160,698,616,449,457
ISIC_0009934,True,True,768,1024,786432,1.3333333333333333,768,1024,0.8597462972005209,676132,normal,True,False,True,False,False,True,1,676132,0.8597462972005209,927.8351145871097,497.7458632338064,378.20056734483796,2,5,1022,767,1021,763
ISIC_0009935,True,True,768,1024,786432,1.3333333333333333,768,1024,0.1417045593261718,111441,normal,True,False,False,False,False,False,0,111441,0.14170455932617188,376.6843348280245,532.2540357678054,379.2498182894985,315,215,752,549,438,335
ISIC_0009936,True,True,768,1024,786432,1.3333333333333333,768,1024,0.0364532470703125,28668,small,True,False,False,False,False,False,0,28668,0.0364532470703125,191.05295409510853,545.1434351890609,372.60269289800476,420,295,678,442,259,148
ISIC_0009937,True,True,768,1024,786432,1.3333333333333333,768,1024,0.0742365519205729,58382,normal,True,False,False,False,False,False,0,58382,0.07423655192057292,272.64312039867843,535.559007913398,358.32967352951255,395,195,677,513,283,319
ISIC_0009938,True,True,768,1024,786432,1.3333333333333333,768,1024,0.2515856424967448,197855,normal,True,False,False,False,False,False,0,197855,0.2515856424967448,501.91314998072687,510.3726062015112,335.87003108336916,246,92,772,586,527,495
ISIC_0009939,True,True,768,1024,786432,1.3333333333333333,768,1024,0.2480392456054687,195066,normal,True,False,False,False,False,False,0,195066,0.24803924560546875,498.3630654786822,544.6735310100171,400.5079921667538,194,172,897,573,704,402
ISIC_0009940,True,True,768,1024,786432,1.3333333333333333,768,1024,0.5276845296223959,414988,normal,True,False,False,False,False,False,0,414988,0.5276845296223959,726.8969199209442,500.5188318698372,366.8244599843851,50,15,958,747,909,733
ISIC_0009941,True,True,768,1024,786432,1.3333333333333333,768,1024,0.1662610371907552,130753,normal,True,False,False,False,False,False,0,130753,0.16626103719075522,408.0194728107431,537.0779255542894,398.75231161044104,319,183,755,619,437,437
ISIC_0009942,True,True,768,1024,786432,1.3333333333333333,768,1024,0.195196787516276,153509,normal,True,False,False,False,False,False,0,153509,0.19519678751627603,442.1014920499026,503.67397351295364,370.7116716283736,267,164,739,567,473,404
ISIC_0009943,True,True,768,1024,786432,1.3333333333333333,768,1024,0.1213785807291666,95456,normal,True,False,False,False,False,False,0,95456,0.12137858072916667,348.62351323776153,535.26282266175,414.8016049279249,412,162,655,697,244,536
ISIC_0009944,True,True,768,1024,786432,1.3333333333333333,768,1024,0.1303761800130208,102532,normal,True,False,False,False,False,False,0,102532,0.13037618001302084,361.31398672177875,574.978904146998,384.72511996254826,431,159,723,617,293,459
ISIC_0009945,True,True,768,1024,786432,1.3333333333333333,768,1024,0.1047604878743489,82387,normal,True,False,False,False,False,False,0,82387,0.10476048787434895,323.88020373603547,499.0924417687256,348.55961498780147,339,179,657,522,319,344
ISIC_0009946,True,True,768,1024,786432,1.3333333333333333,768,1024,0.2756601969401042,216788,normal,True,False,False,False,False,False,0,216788,0.2756601969401042,525.3789626774625,483.650146687086,331.2486069339631,209,86,746,592,538,507
ISIC_0009947,True,True,768,1024,786432,1.3333333333333333,768,1024,0.162078857421875,127464,normal,True,False,False,False,False,False,0,127464,0.162078857421875,402.855067400328,413.0356257453085,421.58671468022345,221,220,620,617,400,398
ISIC_0009948,True,True,768,1024,786432,1.3333333333333333,768,1024,0.5015474955240885,394433,normal,True,False,False,False,False,False,0,394433,0.5015474955240885,708.6661367304948,496.92492007514585,399.7981254103992,163,39,814,760,652,722
ISIC_0009949,True,True,768,1024,786432,1.3333333333333333,768,1024,0.2046368916829427,160933,normal,True,False,False,False,False,False,0,160933,0.20463689168294272,452.66572617425317,507.97424394002473,415.23159948550017,323,129,711,707,389,579
ISIC_0009950,True,True,768,1024,786432,1.3333333333333333,768,1024,0.255035400390625,200568,normal,True,False,False,False,False,False,0,200568,0.255035400390625,505.34256599700973,488.6476008136891,412.9132862670017,189,192,801,636,613,445
ISIC_0009951,True,True,768,1024,786432,1.3333333333333333,768,1024,0.3275413513183594,257589,normal,True,False,False,False,False,False,0,257589,0.3275413513183594,572.6888344369793,511.6436377329777,453.4695192729503,235,163,797,745,563,583
ISIC_0009953,True,True,768,1024,786432,1.3333333333333333,768,1024,0.3777313232421875,297060,normal,True,False,False,False,False,False,0,297060,0.3777313232421875,615.002877358332,421.3877802464149,388.85704908099376,52,115,838,661,787,547
ISIC_0009954,True,True,768,1024,786432,1.3333333333333333,768,1024,0.1302490234375,102432,normal,True,False,False,False,False,False,0,102432,0.1302490234375,361.1377480218763,564.0213995626367,393.90172016557324,377,195,765,570,389,376
ISIC_0009955,True,True,768,1024,786432,1.3333333333333333,768,1024,0.1473553975423177,115885,normal,True,False,False,False,False,False,0,115885,0.14735539754231772,384.121549306511,411.5212581438495,418.95708676705357,151,224,616,612,466,389
ISIC_0009956,True,True,768,1024,786432,1.3333333333333333,768,1024,0.2709147135416667,213056,normal,True,False,False,False,False,False,0,213056,0.2709147135416667,520.8371381181404,488.3207654325623,372.82223922349056,148,168,849,592,702,425
ISIC_0009958,True,True,768,1024,786432,1.3333333333333333,768,1024,0.1500765482584635,118025,normal,True,False,False,False,False,False,0,118025,0.15007654825846353,387.6520311663123,525.3530777377674,392.1804109298877,344,172,731,591,388,420
ISIC_0009960,True,True,768,1024,786432,1.3333333333333333,768,1024,0.0365575154622395,28750,small,True,False,False,False,False,False,0,28750,0.036557515462239586,191.32599643314532,501.4519652173913,355.18,401,247,590,485,190,239
ISIC_0009961,True,True,768,1024,786432,1.3333333333333333,768,1024,0.3815409342447917,300056,normal,True,False,False,False,False,False,0,300056,0.3815409342447917,618.0964041596213,495.58177806809397,434.4688224864692,76,197,895,662,820,466
ISIC_0009962,True,True,768,1024,786432,1.3333333333333333,768,1024,0.6786053975423177,533677,normal,True,False,True,False,False,True,1,533677,0.6786053975423177,824.317087361185,499.06982125892625,395.06581134281595,4,7,1021,767,1018,761
ISIC_0009964,True,True,768,1024,786432,1.3333333333333333,768,1024,0.0654487609863281,51471,normal,True,False,False,False,False,False,0,51471,0.06544876098632812,255.9978761768612,445.7142274290377,384.08130792096523,330,233,582,550,253,318
ISIC_0009965,True,True,768,1024,786432,1.3333333333333333,768,1024,0.3989512125651042,313748,normal,True,False,False,False,False,False,0,313748,0.3989512125651042,632.0414232323446,533.8734493925061,351.38982877978503,151,56,911,664,761,609
ISIC_0009966,True,True,768,1024,786432,1.3333333333333333,768,1024,0.2027524312337239,159451,normal,True,False,False,False,False,False,0,159451,0.20275243123372397,450.5766512454528,548.5842986246558,396.4525590933892,350,116,751,682,402,567
ISIC_0009967,True,True,768,1024,786432,1.3333333333333333,768,1024,0.1793085734049479,141014,normal,True,False,False,False,False,False,0,141014,0.1793085734049479,423.72703614624857,442.8206915625399,394.9169585998553,173,227,720,579,548,353
ISIC_0009969,True,True,768,1024,786432,1.3333333333333333,768,1024,0.3020540873209635,237545,normal,True,False,False,False,False,False,0,237545,0.30205408732096356,549.9560779317874,490.16284493464394,446.8824222778842,144,179,803,742,660,564
ISIC_0009970,True,True,768,1024,786432,1.3333333333333333,768,1024,0.6512336730957031,512151,normal,True,False,False,False,False,False,0,512151,0.6512336730957031,807.5214585852553,446.22560729159954,399.074837303842,84,5,845,764,762,760
ISIC_0009971,True,True,768,1024,786432,1.3333333333333333,768,1024,0.0313618977864583,24664,small,True,False,False,False,False,False,0,24664,0.031361897786458336,177.2094244992293,509.02655692507295,371.41335549789164,413,256,601,465,189,210
ISIC_0009972,True,True,768,1024,786432,1.3333333333333333,768,1024,0.103833516438802,81658,normal,True,False,False,False,False,False,0,81658,0.10383351643880208,322.4440955328286,469.736743491146,446.41837909329155,289,310,650,596,362,287
ISIC_0009973,True,True,768,1024,786432,1.3333333333333333,768,1024,0.2700309753417969,212361,normal,True,False,False,False,False,False,0,212361,0.2700309753417969,519.986944989491,397.59956395006617,333.43424169221277,135,43,659,623,525,581
ISIC_0009974,True,True,768,1024,786432,1.3333333333333333,768,1024,0.4135576883951823,325235,normal,True,False,False,False,False,False,0,325235,0.4135576883951823,643.5076249213685,484.70698418066934,340.2979537872615,152,4,804,682,653,679
ISIC_0009975,True,True,768,1024,786432,1.3333333333333333,768,1024,0.2188911437988281,172143,normal,True,False,False,False,False,False,0,172143,0.21889114379882812,468.16586264842624,371.0515269281934,346.0775924667282,121,102,633,566,513,465
ISIC_0009976,True,True,768,1024,786432,1.3333333333333333,768,1024,0.1216939290364583,95704,normal,True,False,False,False,False,False,0,95704,0.12169392903645833,349.07609111672775,500.77140976343725,353.9747137005768,298,199,684,512,387,314
ISIC_0009977,True,True,768,1024,786432,1.3333333333333333,768,1024,0.1477495829264322,116195,normal,True,False,False,False,False,False,0,116195,0.14774958292643228,384.6349813791021,520.8105770472051,346.47367786909933,358,112,685,578,328,467
ISIC_0009978,True,True,768,1024,786432,1.3333333333333333,768,1024,0.2020200093587239,158875,normal,True,False,False,False,False,False,0,158875,0.20202000935872397,449.7620845178026,472.52808182533437,412.3657718332022,246,180,680,639,435,460
ISIC_0009979,True,True,768,1024,786432,1.3333333333333333,768,1024,0.1031990051269531,81159,normal,True,False,False,False,False,False,0,81159,0.10319900512695312,321.45738164049226,529.1369410663019,382.8474229598689,344,217,681,545,338,329
ISIC_0009980,True,True,768,1024,786432,1.3333333333333333,768,1024,0.8788223266601562,691134,normal,True,False,True,False,False,True,1,691134,0.8788223266601562,938.0720332207927,545.4861097847885,388.8134601972989,63,2,1021,767,959,766
ISIC_0009981,True,True,768,1024,786432,1.3333333333333333,768,1024,0.0699323018391927,54997,normal,True,False,False,False,False,False,0,54997,0.0699323018391927,264.6211541842408,491.36436532901797,491.39118497372584,348,352,689,640,342,289
ISIC_0009982,True,True,768,1024,786432,1.3333333333333333,768,1024,0.1342811584472656,105603,normal,True,False,False,False,False,False,0,105603,0.13428115844726562,366.685036022289,513.8859502097479,338.1671259339223,318,174,704,497,387,324
ISIC_0009987,True,True,768,1024,786432,1.3333333333333333,768,1024,0.2482439676920572,195227,normal,True,False,False,False,False,False,0,195227,0.24824396769205728,498.56868794581516,524.5747616876764,422.3525332049358,313,109,726,731,414,623
ISIC_0009988,True,True,768,1024,786432,1.3333333333333333,768,1024,0.9541473388671876,750372,normal,True,False,True,True,True,True,3,750372,0.9541473388671875,977.4473406081852,495.2939182165646,398.28918056643903,0,3,1023,767,1024,765
ISIC_0009990,True,True,768,1024,786432,1.3333333333333333,768,1024,0.972052256266276,764453,normal,True,False,True,True,False,True,2,764453,0.972052256266276,986.5757901405393,502.83999539540036,386.32125585222377,0,3,1021,767,1022,765
ISIC_0009991,True,True,768,1024,786432,1.3333333333333333,768,1024,0.2657051086425781,208959,normal,True,False,False,False,False,False,0,208959,0.2657051086425781,515.8050620421584,551.3119655051948,351.15671973927897,294,41,782,677,489,637
ISIC_0009992,True,True,768,1024,786432,1.3333333333333333,768,1024,0.5163625081380209,406084,normal,True,False,False,False,False,False,0,406084,0.5163625081380209,719.0564701636679,432.0760212172851,359.0882699145989,44,64,887,681,844,618
ISIC_0009993,True,True,768,1024,786432,1.3333333333333333,768,1024,0.2831649780273437,222690,normal,True,False,False,False,False,False,0,222690,0.28316497802734375,532.4825952245513,480.36208181777357,389.64887511787686,187,117,788,668,602,552
ISIC_0009994,True,True,768,1024,786432,1.3333333333333333,768,1024,0.1670659383138021,131386,normal,True,False,False,False,False,False,0,131386,0.1670659383138021,409.00593006040157,522.769313321054,416.1285753428828,294,162,761,729,468,568
ISIC_0009995,True,True,768,1024,786432,1.3333333333333333,768,1024,0.9240023295084636,726665,normal,True,False,False,True,False,True,1,726665,0.9240023295084635,961.8828482590679,494.6139348943461,391.9007369282957,0,3,1020,764,1021,762
ISIC_0009998,True,True,768,1024,786432,1.3333333333333333,768,1024,0.249212900797526,195989,normal,True,False,False,False,False,False,0,195989,0.24921290079752603,499.5407342080321,523.551479929996,327.6674762359112,269,82,774,577,506,496
ISIC_0010000,True,True,768,1024,786432,1.3333333333333333,768,1024,0.5387051900227865,423655,normal,True,True,False,False,False,True,1,423655,0.5387051900227865,734.4482958825457,515.9133257013372,396.8776905736979,31,0,989,700,959,701
ISIC_0010002,True,True,768,1024,786432,1.3333333333333333,768,1024,0.2969334920247395,233518,normal,True,False,False,False,False,False,0,233518,0.29693349202473956,545.2745657074661,539.3263088926764,336.88163653337216,267,57,825,625,559,569
ISIC_0010003,True,True,768,1024,786432,1.3333333333333333,768,1024,0.0558560689290364,43927,normal,True,False,False,False,False,False,0,43927,0.05585606892903646,236.49438361530173,537.7716438636829,324.96400846859564,426,195,643,458,218,264
ISIC_0010005,True,True,768,1024,786432,1.3333333333333333,768,1024,0.5600115458170573,440411,normal,True,False,False,True,False,True,1,440411,0.5600115458170573,748.8315572519348,477.0174541507819,381.1797003253779,0,84,1005,666,1006,583
ISIC_0010006,True,True,768,1024,786432,1.3333333333333333,768,1024,0.3475735982259114,273343,normal,True,False,False,False,False,False,0,273343,0.34757359822591144,589.9416215834781,556.5997629352132,302.43136645167425,210,42,898,566,689,525
ISIC_0010009,True,True,768,1024,786432,1.3333333333333333,768,1024,0.0628649393717448,49439,normal,True,False,False,False,False,False,0,49439,0.0628649393717448,250.89378201175435,466.7773013208196,456.8359190113069,311,325,624,579,314,255
ISIC_0010010,True,True,768,1024,786432,1.3333333333333333,768,1024,0.1124827067057291,88460,normal,True,False,False,False,False,False,0,88460,0.11248270670572917,335.60508060408216,401.3640063305449,353.3105245308614,254,143,551,561,298,419
ISIC_0010011,True,True,768,1024,786432,1.3333333333333333,768,1024,0.2573331197102864,202375,normal,True,False,False,False,False,False,0,202375,0.25733311971028644,507.61388167166837,507.98198394070414,360.4928375540457,265,95,771,634,507,540
ISIC_0010013,True,True,768,1024,786432,1.3333333333333333,768,1024,0.1703364054361979,133958,normal,True,False,False,False,False,False,0,133958,0.1703364054361979,412.989858148639,431.4966183430628,396.0889383239523,185,220,686,556,502,337
ISIC_0010014,True,True,768,1024,786432,1.3333333333333333,768,1024,0.1566937764485677,123229,normal,True,False,False,False,False,False,0,123229,0.15669377644856772,396.1060916701097,468.12214657264116,374.996924425257,278,172,716,578,439,407
ISIC_0010015,True,True,768,1024,786432,1.3333333333333333,768,1024,0.2853800455729167,224432,normal,True,False,False,False,False,False,0,224432,0.2853800455729167,534.5612196035194,500.36878430883297,369.1514712696942,190,60,799,700,610,641
ISIC_0010016,True,True,768,1024,786432,1.3333333333333333,768,1024,0.0644327799479166,50672,normal,True,False,False,False,False,False,0,50672,0.06443277994791667,254.00313819088962,499.68023760656774,383.86479712661827,358,257,659,508,302,252
ISIC_0010017,True,True,768,1024,786432,1.3333333333333333,768,1024,0.4219385782877604,331826,normal,True,False,False,False,False,False,0,331826,0.42193857828776044,649.9953731922175,491.31400191666717,410.21518205324475,131,119,832,724,702,606
ISIC_0010018,True,True,768,1024,786432,1.3333333333333333,768,1024,0.1368192036946614,107599,normal,True,False,False,False,False,False,0,107599,0.13681920369466147,370.13416726095255,516.4811940631419,404.03782563034974,353,187,676,624,324,438
ISIC_0010019,True,True,768,1024,786432,1.3333333333333333,768,1024,0.3652254740397135,287225,normal,True,False,False,False,False,False,0,287225,0.36522547403971356,604.7364948773616,519.5558499434242,414.6415945687179,96,122,907,670,812,549
ISIC_0010020,True,True,768,1024,786432,1.3333333333333333,768,1024,0.4676869710286458,367804,normal,True,False,False,False,False,False,0,367804,0.4676869710286458,684.3263822999752,519.356768822525,369.52407804156564,101,77,966,694,866,618
ISIC_0010021,True,True,768,1024,786432,1.3333333333333333,768,1024,0.5331103006998698,419255,normal,True,False,False,False,False,False,0,419255,0.5331103006998698,730.6244215244524,498.323748076946,359.10760277158295,105,24,867,739,763,716
ISIC_0010022,True,True,768,1024,786432,1.3333333333333333,768,1024,0.5461006164550781,429471,normal,True,False,False,False,False,False,0,429471,0.5461006164550781,739.4724203896689,521.2671635570272,371.7854057666292,2,110,1018,625,1017,516
ISIC_0010023,True,True,768,1024,786432,1.3333333333333333,768,1024,0.2889124552408854,227210,normal,True,False,False,False,False,False,0,227210,0.28891245524088544,537.8594211866855,508.2468597332864,416.9182958496545,217,75,812,684,596,610
ISIC_0010024,True,True,768,1024,786432,1.3333333333333333,768,1024,0.1472155253092447,115775,normal,True,False,False,False,False,False,0,115775,0.14721552530924478,383.9391986912947,528.3244914705248,395.7930382206867,302,236,790,556,489,321
ISIC_0010025,True,True,768,1024,786432,1.3333333333333333,768,1024,0.1635627746582031,128631,normal,True,False,False,False,False,False,0,128631,0.16356277465820312,404.69504059084875,512.9762809898081,359.4228685153657,270,149,716,541,447,393
ISIC_0010028,True,True,768,1024,786432,1.3333333333333333,768,1024,0.191839853922526,150869,normal,True,False,False,False,False,False,0,150869,0.19183985392252603,438.2834435324351,521.4332367815787,422.41956266694945,304,177,732,652,429,476
ISIC_0010029,True,True,768,1024,786432,1.3333333333333333,768,1024,0.4354845682779948,342479,normal,True,False,True,False,False,True,1,342479,0.4354845682779948,660.3467316806783,478.89303285748906,374.8029777008225,134,33,877,767,744,735
ISIC_0010032,True,True,768,1024,786432,1.3333333333333333,768,1024,0.1317532857259114,103615,normal,True,False,False,False,False,False,0,103615,0.13175328572591147,363.21717391628647,478.70977175119435,324.828885779086,321,47,639,570,319,524
ISIC_0010034,True,True,768,1024,786432,1.3333333333333333,768,1024,0.3618278503417969,284553,normal,True,False,False,False,False,False,0,284553,0.3618278503417969,601.9170475846524,510.6250364606945,374.1414393803615,185,97,837,688,653,592
ISIC_0010036,True,True,768,1024,786432,1.3333333333333333,768,1024,0.442907969156901,348317,normal,True,False,False,False,False,False,0,348317,0.44290796915690106,665.9511832736073,557.0413244257386,392.62521209128465,92,64,981,690,890,627
ISIC_0010037,True,True,768,1024,786432,1.3333333333333333,768,1024,0.8284886678059896,651550,normal,True,False,False,True,False,True,1,651550,0.8284886678059896,910.8123985608646,506.36769242575394,395.5097045506868,0,7,1017,756,1018,750
ISIC_0010038,True,True,768,1024,786432,1.3333333333333333,768,1024,0.5370292663574219,422337,normal,True,False,True,False,False,True,1,422337,0.5370292663574219,733.3049635757379,516.6230593104559,380.3234099782875,144,3,834,767,691,765
ISIC_0010041,True,True,768,1024,786432,1.3333333333333333,768,1024,0.8342119852701823,656051,normal,True,False,False,False,False,False,0,656051,0.8342119852701823,913.9529947229498,530.524582692504,419.8492678160692,7,1,1019,764,1013,764
ISIC_0010042,True,True,768,1024,786432,1.3333333333333333,768,1024,0.1508076985677083,118600,normal,True,False,False,False,False,False,0,118600,0.15080769856770834,388.59517496437127,483.96529510961216,384.1924957841484,253,214,718,565,466,352
ISIC_0010043,True,True,768,1024,786432,1.3333333333333333,768,1024,0.3308944702148437,260226,normal,True,False,False,False,False,False,0,260226,0.33089447021484375,575.6127463566564,510.3419835066442,440.6946500349696,211,116,762,723,552,608
ISIC_0010044,True,True,768,1024,786432,1.3333333333333333,768,1024,0.1645762125651041,129428,normal,True,False,False,False,False,False,0,129428,0.16457621256510416,405.94685341308247,363.96807491423806,459.3057761844423,175,250,559,669,385,420
ISIC_0010046,True,True,768,1024,786432,1.3333333333333333,768,1024,0.1330299377441406,104619,normal,True,False,False,False,False,False,0,104619,0.13302993774414062,364.9726673747611,520.4216442520001,340.4531968380505,304,150,734,533,431,384
ISIC_0010047,True,True,768,1024,786432,1.3333333333333333,768,1024,0.2967185974121094,233349,normal,True,False,False,False,False,False,0,233349,0.2967185974121094,545.0772188639014,510.0364046985417,360.6447167118779,203,65,827,648,625,584
ISIC_0010053,True,True,768,1024,786432,1.3333333333333333,768,1024,0.0743980407714843,58509,normal,True,False,False,False,False,False,0,58509,0.07439804077148438,272.9395034122207,474.289818660377,375.38546206566514,321,246,630,503,310,258
ISIC_0010054,True,True,768,1024,786432,1.3333333333333333,768,1024,0.3133824666341145,246454,normal,True,False,False,False,False,False,0,246454,0.31338246663411456,560.1740611257895,484.82067647512315,357.83766544669595,193,77,791,665,599,589
ISIC_0010055,True,True,768,1024,786432,1.3333333333333333,768,1024,0.2231165568033854,175466,normal,True,False,False,False,False,False,0,175466,0.2231165568033854,472.66293482406684,451.8805409595021,392.71237162755176,212,144,729,617,518,474
ISIC_0010056,True,True,768,1024,786432,1.3333333333333333,768,1024,0.9608230590820312,755622,normal,True,False,True,False,False,True,1,755622,0.9608230590820312,980.8607501943756,525.4919007122609,374.10675972907086,2,3,1022,767,1021,765
ISIC_0010057,True,True,768,1024,786432,1.3333333333333333,768,1024,0.5755449930826823,452627,normal,True,False,True,False,False,True,1,452627,0.5755449930826823,759.1459644988192,531.2801269036094,422.0053399377412,173,4,883,767,711,764
ISIC_0010058,True,True,768,1024,786432,1.3333333333333333,768,1024,0.2648544311523437,208290,normal,True,False,False,False,False,False,0,208290,0.26485443115234375,514.9787032226546,522.6374573911373,353.1526909597196,263,94,813,596,551,503
ISIC_0010059,True,True,768,1024,786432,1.3333333333333333,768,1024,0.0815277099609375,64116,normal,True,False,False,False,False,False,0,64116,0.0815277099609375,285.7184394648685,538.8515191215921,375.96080541518495,369,263,730,497,362,235
ISIC_0010060,True,True,768,1024,786432,1.3333333333333333,768,1024,0.0527458190917968,41481,normal,True,False,False,False,False,False,0,41481,0.052745819091796875,229.81568605114683,569.3834285576529,397.55529037390613,480,250,682,532,203,283
ISIC_0010061,True,True,768,1024,786432,1.3333333333333333,768,1024,0.0874214172363281,68751,normal,True,False,False,False,False,False,0,68751,0.08742141723632812,295.86566536198006,515.3146426961063,346.5990458320606,343,177,691,494,349,318
ISIC_0010062,True,True,768,1024,786432,1.3333333333333333,768,1024,0.7452265421549479,586070,normal,True,False,False,True,False,True,1,586070,0.7452265421549479,863.8330278375195,492.8699199754296,409.92215264388216,0,43,1012,756,1013,714
ISIC_0010063,True,True,768,1024,786432,1.3333333333333333,768,1024,0.88165283203125,693360,normal,True,False,True,False,False,True,1,693360,0.88165283203125,939.5814870130065,463.8826424945194,394.20934146763585,4,4,995,767,992,764
ISIC_0010064,True,True,768,1024,786432,1.3333333333333333,768,1024,0.1410509745279947,110927,normal,True,False,False,False,False,False,0,110927,0.14105097452799478,375.8146391225831,488.51950381782615,417.4754117572818,284,192,678,633,395,442
ISIC_0010066,True,True,768,1024,786432,1.3333333333333333,768,1024,0.2910537719726562,228894,normal,True,False,False,False,False,False,0,228894,0.29105377197265625,539.8489532754605,513.8324027715886,373.1448181254205,223,95,870,627,648,533
ISIC_0010067,True,True,768,1024,786432,1.3333333333333333,768,1024,0.2124455769856771,167074,normal,True,False,False,False,False,False,0,167074,0.2124455769856771,461.22144756839157,534.0598058345404,432.40736440140296,195,272,889,617,695,346
ISIC_0010069,True,True,768,1024,786432,1.3333333333333333,768,1024,0.0829251607259114,65215,normal,True,False,False,False,False,False,0,65215,0.08292516072591145,288.15675752948016,558.2266963121981,402.58097063558995,400,254,697,560,298,307
ISIC_0010070,True,True,768,1024,786432,1.3333333333333333,768,1024,0.2933947245279948,230735,normal,True,False,False,False,False,False,0,230735,0.2933947245279948,542.0156144932245,494.45573060003903,420.9387825860836,170,176,796,654,627,479
ISIC_0010071,True,True,768,1024,786432,1.3333333333333333,768,1024,0.8017807006835938,630546,normal,True,False,True,False,False,True,1,630546,0.8017807006835938,896.0112175495226,525.4006115334963,382.11167940166143,2,4,1016,767,1015,764
ISIC_0010073,True,True,768,1024,786432,1.3333333333333333,768,1024,0.2915153503417969,229257,normal,True,False,False,False,False,False,0,229257,0.2915153503417969,540.2768533884727,504.047806610049,387.4976554696258,255,82,735,739,481,658
ISIC_0010074,True,True,768,1024,786432,1.3333333333333333,768,1024,0.2362187703450521,185770,normal,True,False,False,False,False,False,0,185770,0.2362187703450521,486.3432020964734,467.5790978091188,354.1777682079991,255,91,718,627,464,537
ISIC_0010075,True,True,768,1024,786432,1.3333333333333333,768,1024,0.6243006388346354,490970,normal,True,False,False,False,False,False,0,490970,0.6243006388346354,790.6468360011459,588.9785852496079,385.71759374299853,183,3,974,766,792,764
ISIC_0010077,True,True,768,1024,786432,1.3333333333333333,768,1024,0.128332773844401,100925,normal,True,False,False,False,False,False,0,100925,0.12833277384440103,358.4713392342494,487.1447312360664,368.82255139955413,275,202,691,537,417,336
ISIC_0010078,True,True,768,1024,786432,1.3333333333333333,768,1024,0.4688097635904948,368687,normal,True,False,True,False,False,True,1,368687,0.4688097635904948,685.1473330822889,545.6339198290149,412.4604095072514,202,16,887,767,686,752
ISIC_0010081,True,True,768,1024,786432,1.3333333333333333,768,1024,0.1213289896647135,95417,normal,True,False,False,False,False,False,0,95417,0.12132898966471355,348.55228824380856,504.2450297116866,402.51446807172726,342,219,672,583,331,365
ISIC_0010086,True,True,768,1024,786432,1.3333333333333333,768,1024,0.1833101908365885,144161,normal,True,False,False,False,False,False,0,144161,0.18331019083658853,428.42909099239023,467.5160133461893,440.5411519065489,246,170,682,740,437,571
ISIC_0010088,True,True,768,1024,786432,1.3333333333333333,768,1024,0.0686365763346354,53978,normal,True,False,False,False,False,False,0,53978,0.06863657633463542,262.1582044218998,536.5766423357665,400.2162362443959,400,258,674,527,275,270
ISIC_0010089,True,True,768,1024,786432,1.3333333333333333,768,1024,0.0685831705729166,53936,normal,True,False,False,False,False,False,0,53936,0.06858317057291667,262.0561926092107,527.357627558588,383.7209285078612,394,249,674,508,281,260
ISIC_0010090,True,True,768,1024,786432,1.3333333333333333,768,1024,0.0438931783040364,34519,small,True,False,False,False,False,False,0,34519,0.04389317830403646,209.64483262106197,522.1214983052812,433.62131000318664,405,332,628,551,224,220
ISIC_0010092,True,True,768,1024,786432,1.3333333333333333,768,1024,0.1405614217122396,110542,normal,True,False,False,False,False,False,0,110542,0.1405614217122396,375.1618927264793,503.54227352499504,397.17856561307013,321,193,691,606,371,414
ISIC_0010093,True,True,768,1024,786432,1.3333333333333333,768,1024,0.6356366475423177,499885,normal,True,False,False,True,False,True,1,499885,0.6356366475423177,797.7927988017545,507.9336967502526,404.3196955299719,0,106,1019,699,1020,594
ISIC_0010094,True,True,768,1024,786432,1.3333333333333333,768,1024,0.2024345397949218,159201,normal,True,False,False,False,False,False,0,159201,0.20243453979492188,450.2232876711095,489.50835735956434,352.8024195827916,202,135,766,546,565,412
ISIC_0010100,True,True,768,1024,786432,1.3333333333333333,768,1024,0.3179003397623698,250007,normal,True,False,False,False,False,False,0,250007,0.3179003397623698,564.1974821466362,561.8120012639646,454.2986836368582,210,198,908,744,699,547
ISIC_0010102,True,True,768,1024,786432,1.3333333333333333,768,1024,0.2848129272460937,223986,normal,True,False,False,False,False,False,0,223986,0.28481292724609375,534.0298050362453,485.48792781691714,392.65991178020056,239,111,764,688,526,578
ISIC_0010104,True,True,768,1024,786432,1.3333333333333333,768,1024,0.0527369181315104,41474,normal,True,False,False,False,False,False,0,41474,0.052736918131510414,229.79629430942992,505.90801465978683,353.9873173554516,359,239,668,473,310,235
ISIC_0010105,True,True,768,1024,786432,1.3333333333333333,768,1024,0.1448567708333333,113920,normal,True,False,False,False,False,False,0,113920,0.14485677083333334,380.8509537026654,502.2631934691011,350.02070751404494,305,151,678,550,374,400
ISIC_0010168,True,True,768,1024,786432,1.3333333333333333,768,1024,0.2480646769205729,195086,normal,True,False,False,False,False,False,0,195086,0.2480646769205729,498.3886132569683,524.3410700921645,366.66312805634436,200,164,868,602,669,439
ISIC_0010169,True,True,768,1024,786432,1.3333333333333333,768,1024,0.83770751953125,658800,normal,True,False,True,False,True,True,2,658800,0.83770751953125,915.8658264568699,552.364687310261,390.98502125075896,42,5,1023,767,982,763
ISIC_0010171,True,True,768,1024,786432,1.3333333333333333,768,1024,0.302625020345052,237994,normal,True,False,False,False,False,False,0,237994,0.30262502034505206,550.4755872967487,489.25792246863364,378.86083262603256,185,84,821,659,637,576
ISIC_0010173,True,True,768,1024,786432,1.3333333333333333,768,1024,0.1126988728841145,88630,normal,True,False,False,False,False,False,0,88630,0.11269887288411458,335.9274041364852,495.08975516190907,458.124822294934,305,312,686,614,382,303
ISIC_0010174,True,True,768,1024,786432,1.3333333333333333,768,1024,0.2736434936523437,215202,normal,True,False,False,False,False,False,0,215202,0.27364349365234375,523.4536240261372,554.7826739528443,341.75945390842094,292,77,827,647,536,571
ISIC_0010175,True,True,768,1024,786432,1.3333333333333333,768,1024,0.6676483154296875,525060,normal,True,False,False,False,False,False,0,525060,0.6676483154296875,817.6350991479295,523.6581990629643,351.6652439721175,45,7,1021,746,977,740
ISIC_0010176,True,True,768,1024,786432,1.3333333333333333,768,1024,0.080718994140625,63480,normal,True,False,False,False,False,False,0,63480,0.080718994140625,284.29781268906754,547.5379962192817,342.6328764965343,430,133,670,556,241,424
ISIC_0010177,True,True,768,1024,786432,1.3333333333333333,768,1024,0.0428263346354166,33680,small,True,False,False,False,False,False,0,33680,0.042826334635416664,207.08140396153462,527.5585213776723,374.7933194774347,430,252,638,490,209,239
ISIC_0010178,True,True,768,1024,786432,1.3333333333333333,768,1024,0.1186993916829427,93349,normal,True,False,False,False,False,False,0,93349,0.1186993916829427,344.7544608289829,502.92674801015545,377.4975200591329,336,183,672,579,337,397
ISIC_0010180,True,True,768,1024,786432,1.3333333333333333,768,1024,0.1482887268066406,116619,normal,True,False,False,False,False,False,0,116619,0.14828872680664062,385.33611622513394,487.4307702861455,372.11980037558203,287,179,720,554,434,376
ISIC_0010182,True,True,768,1024,786432,1.3333333333333333,768,1024,0.0424156188964843,33357,small,True,False,False,False,False,False,0,33357,0.042415618896484375,206.08602935116883,481.55079893275774,375.17537548340675,419,183,553,537,135,355
ISIC_0010183,True,True,768,1024,786432,1.3333333333333333,768,1024,0.0522613525390625,41100,normal,True,False,False,False,False,False,0,41100,0.0522613525390625,228.75783109789967,549.1772506082725,360.4502433090024,423,247,683,484,261,238
ISIC_0010184,True,True,768,1024,786432,1.3333333333333333,768,1024,0.0940653483072916,73976,normal,True,False,False,False,False,False,0,73976,0.09406534830729167,306.902539190096,437.6822482967449,443.67106899534986,142,310,736,611,595,302
ISIC_0010185,True,True,768,1024,786432,1.3333333333333333,768,1024,0.0859413146972656,67587,normal,True,False,False,False,False,False,0,67587,0.08594131469726562,293.3503726093005,489.6309497388551,410.92576974862027,265,291,689,531,425,241
ISIC_0010186,True,True,768,1024,786432,1.3333333333333333,768,1024,0.3454513549804687,271674,normal,True,False,False,False,False,False,0,271674,0.34545135498046875,588.1378070455772,518.2012890449583,411.7169327944522,234,103,795,757,562,655
ISIC_0010187,True,True,768,1024,786432,1.3333333333333333,768,1024,0.3783963521321614,297583,normal,True,False,False,False,False,False,0,297583,0.37839635213216144,615.5440223419637,454.8623946932452,414.4884956465927,77,137,880,719,804,583
ISIC_0010189,True,True,768,1024,786432,1.3333333333333333,768,1024,0.9819183349609376,772212,normal,True,False,True,False,True,True,2,772212,0.9819183349609375,991.5698943186151,510.64653747934506,383.6813362133715,1,1,1023,767,1023,767
ISIC_0010190,True,True,768,1024,786432,1.3333333333333333,768,1024,0.847296396891276,666341,normal,True,False,False,False,False,False,0,666341,0.847296396891276,921.092672578809,525.8540792176979,372.8190235930252,2,7,1021,764,1020,758
ISIC_0010191,True,True,768,1024,786432,1.3333333333333333,768,1024,0.3844617207845052,302353,normal,True,False,False,False,False,False,0,302353,0.3844617207845052,620.4577310899678,524.480153992188,416.4897520447953,124,140,983,720,860,581
ISIC_0010192,True,True,768,1024,786432,1.3333333333333333,768,1024,0.1896616617838541,149156,normal,True,False,False,False,False,False,0,149156,0.18966166178385416,435.78815671667576,469.7245434310386,409.9870337096731,285,148,666,679,382,532
ISIC_0010194,True,True,768,1024,786432,1.3333333333333333,768,1024,0.2231076558430989,175459,normal,True,False,True,False,False,True,1,175459,0.22310765584309897,472.6535065771616,263.62472714423313,518.9781829373244,41,258,480,767,440,510
ISIC_0010201,True,True,768,1024,786432,1.3333333333333333,768,1024,0.5108655293782552,401761,normal,True,False,False,False,False,False,0,401761,0.5108655293782552,715.2188425456532,448.6987910723042,427.1594928328036,52,89,895,758,844,670
ISIC_0010202,True,True,768,1024,786432,1.3333333333333333,768,1024,0.6942049662272135,545945,normal,True,True,False,True,False,True,2,545945,0.6942049662272135,833.7378264481217,403.65420692560605,382.1292602734708,0,0,838,765,839,766
ISIC_0010204,True,True,768,1024,786432,1.3333333333333333,768,1024,0.9812482198079427,771685,normal,True,False,True,True,True,True,3,771685,0.9812482198079427,991.2314856172367,519.5914304411774,389.5627723747384,0,1,1023,767,1024,767
ISIC_0010205,True,True,768,1024,786432,1.3333333333333333,768,1024,0.0915082295735677,71965,normal,True,False,False,False,False,False,0,71965,0.0915082295735677,302.70230233162414,525.8625442923643,378.658653512124,373,224,684,540,312,317
ISIC_0010206,True,True,768,1024,786432,1.3333333333333333,768,1024,0.0923067728678385,72593,normal,True,False,False,False,False,False,0,72593,0.09230677286783855,304.0201938538946,514.8690782857851,371.74187593845136,338,221,692,514,355,294
ISIC_0010207,True,True,768,1024,786432,1.3333333333333333,768,1024,0.0535303751627604,42098,normal,True,False,False,False,False,False,0,42098,0.053530375162760414,231.51854861816338,532.3971922656658,362.24338448382343,415,193,649,494,235,302
ISIC_0010212,True,True,768,1024,786432,1.3333333333333333,768,1024,0.3356590270996094,263973,normal,True,False,False,False,False,False,0,263973,0.3356590270996094,579.7420653552535,529.0467623582715,402.8529470817091,229,62,828,729,600,668
ISIC_0010213,True,True,768,1024,786432,1.3333333333333333,768,1024,0.2564493815104167,201680,normal,True,False,True,False,False,True,1,201680,0.2564493815104167,506.74150351257754,537.0596489488298,530.0850555335185,268,298,816,767,549,470
ISIC_0010215,True,True,768,1024,786432,1.3333333333333333,768,1024,0.2132377624511718,167697,normal,True,False,False,False,False,False,0,167697,0.21323776245117188,462.08056866032854,432.908161744098,362.9208393710084,171,159,674,605,504,447
ISIC_0010216,True,True,768,1024,786432,1.3333333333333333,768,1024,0.1160214742024739,91243,normal,True,False,False,False,False,False,0,91243,0.11602147420247395,340.84335959538726,494.7905044770558,433.37663163201563,309,277,680,605,372,329
ISIC_0010219,True,True,768,1024,786432,1.3333333333333333,768,1024,0.2008196512858072,157931,normal,True,False,False,False,False,False,0,157931,0.20081965128580728,448.42390049992764,501.7758578113227,360.9318563169992,248,166,741,573,494,408
ISIC_0010220,True,True,768,1024,786432,1.3333333333333333,768,1024,0.0754674275716145,59350,normal,True,False,False,False,False,False,0,59350,0.07546742757161458,274.89410139184855,503.82480202190396,439.2984835720303,340,312,684,571,345,260
ISIC_0010222,True,True,768,1024,786432,1.3333333333333333,768,1024,0.8430760701497396,663022,normal,True,False,True,True,False,True,2,663022,0.8430760701497396,918.795858408927,533.6699521282853,417.81638919975506,0,1,1021,767,1022,767
ISIC_0010225,True,True,768,1024,786432,1.3333333333333333,768,1024,0.1323420206705729,104078,normal,True,False,False,False,False,False,0,104078,0.1323420206705729,364.02778099610236,525.8845865600799,421.86092161647997,323,211,745,594,423,384
ISIC_0010226,True,True,768,1024,786432,1.3333333333333333,768,1024,0.1510403951009114,118783,normal,True,False,False,False,False,False,0,118783,0.15104039510091147,388.8948609100882,618.5805376190195,324.48980914777366,446,116,795,560,350,445
ISIC_0010227,True,True,768,1024,786432,1.3333333333333333,768,1024,0.1017392476399739,80011,normal,True,False,False,False,False,False,0,80011,0.10173924763997395,319.17576539236984,501.50356825936433,373.5597730312082,336,187,656,579,321,393
ISIC_0010228,True,True,768,1024,786432,1.3333333333333333,768,1024,0.871728261311849,685555,normal,True,False,True,True,False,True,2,685555,0.871728261311849,934.2781898829248,470.0128013069703,367.8767524122791,0,4,998,767,999,764
ISIC_0010229,True,True,768,1024,786432,1.3333333333333333,768,1024,0.1891072591145833,148720,normal,True,False,False,False,False,False,0,148720,0.18910725911458334,435.1507613379682,535.790761161915,407.9611081226466,359,91,709,709,351,619
ISIC_0010231,True,True,768,1024,786432,1.3333333333333333,768,1024,0.5232823689778646,411526,normal,True,False,False,False,False,False,0,411526,0.5232823689778646,723.858533752751,473.5445585455111,339.4153978120459,36,5,921,765,886,761
ISIC_0010232,True,True,768,1024,786432,1.3333333333333333,768,1024,0.7227325439453125,568380,normal,True,False,False,False,False,False,0,568380,0.7227325439453125,850.6961222649201,497.78511031352264,417.25959217424963,4,90,992,749,989,660
ISIC_0010233,True,True,768,1024,786432,1.3333333333333333,768,1024,0.3347803751627604,263282,normal,True,False,False,False,False,False,0,263282,0.33478037516276044,578.9827750606776,527.900642656923,332.6706193359212,167,88,870,583,704,496
ISIC_0010234,True,True,768,1024,786432,1.3333333333333333,768,1024,0.0716044108072916,56312,normal,True,False,False,False,False,False,0,56312,0.07160441080729167,267.7660643978741,468.09537931524363,378.1621679215798,351,225,583,541,233,317
ISIC_0010235,True,True,768,1024,786432,1.3333333333333333,768,1024,0.8467674255371094,665925,normal,True,False,True,False,False,True,1,665925,0.8467674255371094,920.8051063215078,463.3498637233923,388.5019904643916,1,1,1007,767,1007,767
ISIC_0010236,True,True,768,1024,786432,1.3333333333333333,768,1024,0.0608380635579427,47845,normal,True,False,False,False,False,False,0,47845,0.06083806355794271,246.81601653428785,457.08080259170237,383.09773226042427,323,243,605,535,283,293
ISIC_0010237,True,True,768,1024,786432,1.3333333333333333,768,1024,0.0551236470540364,43351,normal,True,False,False,False,False,False,0,43351,0.05512364705403646,234.93873138291616,455.68600493644897,395.4592050933081,300,293,593,484,294,192
ISIC_0010238,True,True,768,1024,786432,1.3333333333333333,768,1024,0.3536389668782552,278113,normal,True,False,False,False,False,False,0,278113,0.3536389668782552,595.0667773493411,360.19846609112125,268.83834268804407,40,3,669,538,630,536
ISIC_0010239,True,True,768,1024,786432,1.3333333333333333,768,1024,0.7393900553385416,581480,normal,True,False,True,False,False,True,1,581480,0.7393900553385416,860.4436823363876,483.6693987755383,419.20238185320216,41,2,933,767,893,766
ISIC_0010240,True,True,768,1024,786432,1.3333333333333333,768,1024,0.1859753926595052,146257,normal,True,False,False,False,False,False,0,146257,0.18597539265950522,431.53238128132483,477.641617153367,360.92467369083187,200,81,709,611,510,531
ISIC_0010241,True,True,768,1024,786432,1.3333333333333333,768,1024,0.2117703755696614,166543,normal,True,False,False,False,False,False,0,166543,0.21177037556966147,460.48792980796816,528.0232492509442,348.55730351921125,265,122,782,598,518,477
ISIC_0010244,True,True,768,1024,786432,1.3333333333333333,768,1024,0.0395800272623697,31127,small,True,False,False,False,False,False,0,31127,0.03958002726236979,199.07819395647383,469.05943393195616,420.78385324637776,349,347,606,504,258,158
ISIC_0010247,True,True,768,1024,786432,1.3333333333333333,768,1024,0.255987803141276,201317,normal,True,False,False,False,False,False,0,201317,0.25598780314127606,506.2852609225838,505.5034100448546,423.6226101124098,232,73,773,700,542,628
ISIC_0010248,True,True,768,1024,786432,1.3333333333333333,768,1024,0.3401743570963542,267524,normal,True,False,False,False,False,False,0,267524,0.3401743570963542,583.6284228562979,518.4841397407336,435.67928858719216,257,115,786,756,530,642
ISIC_0010249,True,True,768,1024,786432,1.3333333333333333,768,1024,0.6058260599772135,476441,normal,True,False,False,False,False,False,0,476441,0.6058260599772135,778.8603995153211,541.5376363495166,389.16750237699944,81,43,1000,734,920,692
ISIC_0010251,True,True,768,1024,786432,1.3333333333333333,768,1024,0.0352528889973958,27724,small,True,False,False,False,False,False,0,27724,0.035252888997395836,187.88106114837026,607.8754508728899,429.54404126388687,523,325,687,545,165,221
ISIC_0010252,True,True,768,1024,786432,1.3333333333333333,768,1024,0.8331629435221354,655226,normal,True,False,False,False,False,False,0,655226,0.8331629435221354,913.3781549493298,503.2134194919005,392.44256790786693,2,5,1002,766,1001,762
ISIC_0010255,True,True,768,1024,786432,1.3333333333333333,768,1024,0.0323435465494791,25436,small,True,False,False,False,False,False,0,25436,0.032343546549479164,179.96144325905925,506.5951800597578,370.11063060229594,425,277,601,465,177,189
ISIC_0010256,True,True,768,1024,786432,1.3333333333333333,768,1024,0.0323193868001302,25417,small,True,False,False,False,False,False,0,25417,0.03231938680013021,179.89421755168684,519.1894007947436,400.3332415312586,434,306,617,498,184,193
ISIC_0010257,True,True,768,1024,786432,1.3333333333333333,768,1024,0.7095133463541666,557984,normal,True,False,True,False,False,True,1,557984,0.7095133463541666,842.8803557620174,523.8998663044101,370.41832023857313,123,1,932,767,810,767
ISIC_0010262,True,True,768,1024,786432,1.3333333333333333,768,1024,0.1083017985026041,85172,normal,True,False,False,False,False,False,0,85172,0.10830179850260417,329.3089104536701,519.2704409899967,380.1752806086507,344,183,701,569,358,387
ISIC_0010263,True,True,768,1024,786432,1.3333333333333333,768,1024,0.0353482564290364,27799,small,True,False,False,False,False,False,0,27799,0.03534825642903646,188.13502093999614,423.24817439476243,430.86431166588727,327,310,511,537,185,228
ISIC_0010264,True,True,768,1024,786432,1.3333333333333333,768,1024,0.5581499735514323,438947,normal,True,False,False,False,False,False,0,438947,0.5581499735514323,747.5859003772513,464.1762809633054,353.5949374298036,1,36,927,664,927,629
ISIC_0010265,True,True,768,1024,786432,1.3333333333333333,768,1024,0.1432228088378906,112635,normal,True,False,False,False,False,False,0,112635,0.14322280883789062,378.69689214627186,485.1812846806055,361.5568340213965,240,174,772,542,533,369
ISIC_0010267,True,True,768,1024,786432,1.3333333333333333,768,1024,0.5348078409830729,420590,normal,True,False,False,False,False,False,0,420590,0.5348078409830729,731.7867313091718,463.947323997242,385.2835445445684,81,4,849,766,769,763
ISIC_0010317,True,True,768,1024,786432,1.3333333333333333,768,1024,0.0631090799967448,49631,normal,True,False,False,False,False,False,0,49631,0.0631090799967448,251.38049217222658,547.9789446112309,430.4276359533356,409,304,689,554,281,251
ISIC_0010318,True,True,768,1024,786432,1.3333333333333333,768,1024,0.1272786458333333,100096,normal,True,False,False,False,False,False,0,100096,0.12727864583333334,356.9960580592044,534.444063698849,343.09591791879797,292,133,724,523,433,391
ISIC_0010319,True,True,768,1024,786432,1.3333333333333333,768,1024,0.4935277303059895,388126,normal,True,False,False,False,False,False,0,388126,0.49352773030598956,702.9775042914814,484.87829467750163,349.95343007167776,115,3,889,696,775,694
ISIC_0010320,True,True,768,1024,786432,1.3333333333333333,768,1024,0.6789398193359375,533940,normal,True,False,False,False,False,False,0,533940,0.6789398193359375,824.520177142981,473.13390268569503,368.90842791324866,23,3,994,721,972,719
ISIC_0010321,True,True,768,1024,786432,1.3333333333333333,768,1024,0.3547986348470052,279025,normal,True,False,False,False,False,False,0,279025,0.3547986348470052,596.0416629479258,441.0097840695278,350.6323089328913,119,8,790,634,672,627
ISIC_0010322,True,True,768,1024,786432,1.3333333333333333,768,1024,0.8705088297526041,684596,normal,True,False,True,False,True,True,2,684596,0.8705088297526041,933.6244959123092,556.7885643503614,401.6831620400937,1,2,1023,767,1023,766
ISIC_0010323,True,True,768,1024,786432,1.3333333333333333,768,1024,0.9096514383951824,715379,normal,True,False,True,False,False,True,1,715379,0.9096514383951823,954.3840067148527,495.4859885459316,399.6833594500258,7,4,1017,767,1011,764
ISIC_0010326,True,True,768,1024,786432,1.3333333333333333,768,1024,0.3533109029134114,277855,normal,True,False,False,False,False,False,0,277855,0.35331090291341144,594.7906973905936,523.5243994169621,371.33868384589084,205,55,817,708,613,654
ISIC_0010327,True,True,768,1024,786432,1.3333333333333333,768,1024,0.1803601582845052,141841,normal,True,False,False,False,False,False,0,141841,0.18036015828450522,424.96772849803574,476.35658942054835,384.2050746963149,267,162,678,592,412,431
ISIC_0010329,True,True,768,1024,786432,1.3333333333333333,768,1024,0.8760693868001302,688969,normal,True,False,True,True,True,True,3,688969,0.8760693868001302,936.6016100224472,490.61981308302694,416.33914007742004,0,3,1023,767,1024,765
ISIC_0010330,True,True,768,1024,786432,1.3333333333333333,768,1024,0.3494008382161458,274780,normal,True,False,False,False,False,False,0,274780,0.3494008382161458,591.4902891023047,453.56663512628285,393.9462115146663,31,133,972,663,942,531
ISIC_0010332,True,True,768,1024,786432,1.3333333333333333,768,1024,0.3727798461914062,293166,normal,True,False,False,False,False,False,0,293166,0.37277984619140625,610.9587092200493,530.3333742657743,368.9636281151293,215,77,900,697,686,621
ISIC_0010333,True,True,768,1024,786432,1.3333333333333333,768,1024,0.3499615987141927,275221,normal,True,False,False,False,False,False,0,275221,0.3499615987141927,591.964746198248,419.5590089419049,459.9519949422464,70,191,768,728,699,538
ISIC_0010334,True,True,768,1024,786432,1.3333333333333333,768,1024,0.5406850179036459,425212,normal,True,True,False,False,False,True,1,425212,0.5406850179036459,735.7966657276506,521.5850916719189,370.8038108049632,65,0,977,765,913,766
ISIC_0010335,True,True,768,1024,786432,1.3333333333333333,768,1024,0.6725552876790365,528919,normal,True,False,True,False,False,True,1,528919,0.6725552876790365,820.6342588277543,571.5839533085406,377.44790412142504,166,4,972,767,807,764
ISIC_0010336,True,True,768,1024,786432,1.3333333333333333,768,1024,0.2856699625651042,224660,normal,True,False,False,False,False,False,0,224660,0.2856699625651042,534.8326804900778,488.5792441912223,386.1662467729013,185,113,780,636,596,524
ISIC_0010337,True,True,768,1024,786432,1.3333333333333333,768,1024,0.1950759887695312,153414,normal,True,False,False,False,False,False,0,153414,0.19507598876953125,441.9646722488125,528.9265582019893,352.8014783526927,266,138,754,590,489,453
ISIC_0010339,True,True,768,1024,786432,1.3333333333333333,768,1024,0.1168505350748698,91895,normal,True,False,False,False,False,False,0,91895,0.1168505350748698,342.0589831643627,482.35844169976605,380.92983296153216,261,220,705,540,445,321
ISIC_0010340,True,True,768,1024,786432,1.3333333333333333,768,1024,0.298919677734375,235080,normal,True,False,False,False,False,False,0,235080,0.298919677734375,547.0951948028259,479.4237833928875,370.11395269695424,121,40,818,687,698,648
ISIC_0010341,True,True,768,1024,786432,1.3333333333333333,768,1024,0.098798116048177,77698,normal,True,False,False,False,False,False,0,77698,0.09879811604817708,314.52848225054703,480.1321140827306,401.2901490385853,338,198,601,619,264,422
ISIC_0010342,True,True,768,1024,786432,1.3333333333333333,768,1024,0.5053761800130209,397444,normal,True,False,False,False,False,False,0,397444,0.5053761800130209,711.3658816795489,609.3818223447831,382.46636758889304,131,65,1019,659,889,595
ISIC_0010344,True,True,768,1024,786432,1.3333333333333333,768,1024,0.2231216430664062,175470,normal,True,False,False,False,False,False,0,175470,0.22312164306640625,472.66832230929015,452.8597367071294,373.8729754373967,181,128,720,611,540,484
ISIC_0010346,True,True,768,1024,786432,1.3333333333333333,768,1024,0.2935396830240885,230849,normal,True,False,False,False,False,False,0,230849,0.29353968302408856,542.1494956767622,515.4100949105259,421.7187252273131,246,144,787,704,542,561
ISIC_0010347,True,True,768,1024,786432,1.3333333333333333,768,1024,0.261548360188802,205690,normal,True,False,False,False,False,False,0,205690,0.26154836018880206,511.7544742907243,482.6259225047401,386.5511254800914,98,174,821,630,724,457
ISIC_0010348,True,True,768,1024,786432,1.3333333333333333,768,1024,0.2777786254882812,218454,normal,True,False,False,False,False,False,0,218454,0.27777862548828125,527.3938485663017,566.9339906799601,226.68158056158276,304,4,851,515,548,512
ISIC_0010349,True,True,768,1024,786432,1.3333333333333333,768,1024,0.6740506490071615,530095,normal,True,True,False,False,False,True,1,530095,0.6740506490071615,821.54605255359,529.8980352578311,381.6845923843839,102,0,947,764,846,765
ISIC_0010350,True,True,768,1024,786432,1.3333333333333333,768,1024,0.2896652221679687,227802,normal,True,False,False,False,False,False,0,227802,0.28966522216796875,538.5596668613048,516.985790291569,422.8885742881976,217,141,822,717,606,577
ISIC_0010351,True,True,768,1024,786432,1.3333333333333333,768,1024,0.0762774149576823,59987,normal,True,False,False,False,False,False,0,59987,0.0762774149576823,276.36537512870206,502.22694917232064,361.8914764865721,348,220,659,496,312,277
ISIC_0010356,True,True,768,1024,786432,1.3333333333333333,768,1024,0.0903256734212239,71035,normal,True,False,False,False,False,False,0,71035,0.09032567342122395,300.7400390042242,466.0910114732174,338.33919898641517,303,206,632,477,330,272
ISIC_0010357,True,True,768,1024,786432,1.3333333333333333,768,1024,0.1127166748046875,88644,normal,True,False,False,False,False,False,0,88644,0.1127166748046875,335.9539346450697,501.59449032083387,404.24878164342766,327,229,649,592,323,364
ISIC_0010358,True,True,768,1024,786432,1.3333333333333333,768,1024,0.1890309651692708,148660,normal,True,False,False,False,False,False,0,148660,0.18903096516927084,435.0629732812588,577.8213641867349,427.22164671061483,314,248,839,607,526,360
ISIC_0010360,True,True,768,1024,786432,1.3333333333333333,768,1024,0.2583885192871094,203205,normal,True,False,False,False,False,False,0,203205,0.2583885192871094,508.65375422570975,485.43023055535053,349.57750547476684,150,134,814,565,665,432
ISIC_0010361,True,True,768,1024,786432,1.3333333333333333,768,1024,0.50634765625,398208,normal,True,False,False,False,False,False,0,398208,0.50634765625,712.0492768270323,444.5898851856316,387.0955706565413,77,58,815,744,739,687
ISIC_0010362,True,True,768,1024,786432,1.3333333333333333,768,1024,0.0509045918782552,40033,normal,True,False,False,False,False,False,0,40033,0.05090459187825521,225.76890550822708,373.5103039992007,356.7114630429895,236,252,499,471,264,220
ISIC_0010364,True,True,768,1024,786432,1.3333333333333333,768,1024,0.1861979166666666,146432,normal,True,False,False,False,False,False,0,146432,0.18619791666666666,431.7904735107751,471.0246394230769,380.34575775786715,211,172,726,604,516,433
ISIC_0010365,True,True,768,1024,786432,1.3333333333333333,768,1024,0.1579004923502604,124178,normal,True,False,False,False,False,False,0,124178,0.1579004923502604,397.62839459239206,495.58908180192947,408.3835381468537,246,174,736,638,491,465
ISIC_0010367,True,True,768,1024,786432,1.3333333333333333,768,1024,0.1158599853515625,91116,normal,True,False,False,False,False,False,0,91116,0.1158599853515625,340.6060691738905,538.9398678607489,415.45551824048465,361,236,711,583,351,348
ISIC_0010368,True,True,768,1024,786432,1.3333333333333333,768,1024,0.1783866882324218,140289,normal,True,False,False,False,False,False,0,140289,0.17838668823242188,422.6363714723938,565.4010934570779,419.83260982685744,353,170,801,646,449,477
ISIC_0010370,True,True,768,1024,786432,1.3333333333333333,768,1024,0.3342908223470052,262897,normal,True,False,False,False,False,False,0,262897,0.3342908223470052,578.5592939295333,509.2666481549808,409.6203494144094,212,106,814,689,603,584
ISIC_0010372,True,True,768,1024,786432,1.3333333333333333,768,1024,0.2112553914388021,166138,normal,True,False,False,False,False,False,0,166138,0.2112553914388021,459.92768070992474,544.3600982315907,363.0677990586139,286,103,833,617,548,515
ISIC_0010374,True,True,768,1024,786432,1.3333333333333333,768,1024,0.4324010213216145,340054,normal,True,False,False,False,False,False,0,340054,0.43240102132161456,658.0047113397981,554.5156975068666,381.50624606680117,123,80,970,654,848,575
ISIC_0010379,True,True,768,1024,786432,1.3333333333333333,768,1024,0.2227961222330729,175214,normal,True,False,False,False,False,False,0,175214,0.2227961222330729,472.32339936872364,531.9089113883593,431.5096967137329,288,146,747,685,460,540
ISIC_0010380,True,True,768,1024,786432,1.3333333333333333,768,1024,0.1265335083007812,99510,normal,True,False,False,False,False,False,0,99510,0.12653350830078125,355.9495288613205,621.1226107928851,448.1160988845342,403,237,832,642,430,406
ISIC_0010382,True,True,768,1024,786432,1.3333333333333333,768,1024,0.8445332845052084,664168,normal,True,True,True,False,False,True,2,664168,0.8445332845052084,919.5895616782867,468.5884143770853,381.8285945724576,4,0,972,767,969,768
ISIC_0010435,True,True,768,1024,786432,1.3333333333333333,768,1024,0.0860277811686198,67655,normal,True,False,False,False,False,False,0,67655,0.0860277811686198,293.4979069755991,527.0540684354445,364.5530707264799,343,189,708,533,366,345
ISIC_0010439,True,True,768,1024,786432,1.3333333333333333,768,1024,0.0189056396484375,14868,tiny,True,False,False,False,False,False,0,14868,0.0189056396484375,137.58824641342878,583.7629808985741,350.86561743341406,502,276,662,417,161,142
ISIC_0010441,True,True,768,1024,786432,1.3333333333333333,768,1024,0.1201095581054687,94458,normal,True,False,False,False,False,False,0,94458,0.12010955810546875,346.7962815783843,704.611753371869,266.09791653433274,536,92,869,435,334,344
ISIC_0010442,True,True,768,1024,786432,1.3333333333333333,768,1024,0.3090298970540364,243031,normal,True,False,False,False,False,False,0,243031,0.30902989705403644,556.2703297826798,528.352527043875,350.9827511716612,221,47,835,640,615,594
ISIC_0010443,True,True,768,1024,786432,1.3333333333333333,768,1024,0.1386807759602864,109063,normal,True,False,False,False,False,False,0,109063,0.13868077596028647,372.6436964010676,539.9964607612114,340.5484994911198,334,153,743,515,410,363
ISIC_0010444,True,True,768,1024,786432,1.3333333333333333,768,1024,0.0401954650878906,31611,small,True,False,False,False,False,False,0,31611,0.040195465087890625,200.61997719226076,550.451077156686,402.8736515769827,434,291,653,516,220,226
ISIC_0010445,True,True,768,1024,786432,1.3333333333333333,768,1024,0.2402928670247396,188974,normal,True,False,False,False,False,False,0,188974,0.2402928670247396,490.51928578475145,535.6518357022659,442.45191931165135,278,159,804,758,527,600
ISIC_0010447,True,True,768,1024,786432,1.3333333333333333,768,1024,0.4085197448730469,321273,normal,True,False,False,False,False,False,0,321273,0.4085197448730469,639.5760222645155,512.6049808107124,375.2305235734095,219,22,812,719,594,698
ISIC_0010448,True,True,768,1024,786432,1.3333333333333333,768,1024,0.6870880126953125,540348,normal,True,False,True,False,False,True,1,540348,0.6870880126953125,829.453097841316,513.1161954888331,424.7018976659486,80,36,955,767,876,732
ISIC_0010449,True,True,768,1024,786432,1.3333333333333333,768,1024,0.3140780131022135,247001,normal,True,False,False,False,False,False,0,247001,0.31407801310221356,560.7953644504651,449.50329755749976,387.17133533872334,154,91,743,667,590,577
ISIC_0010452,True,True,768,1024,786432,1.3333333333333333,768,1024,0.2729949951171875,214692,normal,True,False,False,False,False,False,0,214692,0.2729949951171875,522.8329985170041,549.832150243139,392.0406722188065,232,157,885,624,654,468
ISIC_0010455,True,True,768,1024,786432,1.3333333333333333,768,1024,0.5427284240722656,426819,normal,True,False,False,False,False,False,0,426819,0.5427284240722656,737.1857494853772,473.0978400680382,416.7716151342841,2,106,930,739,929,634
ISIC_0010456,True,True,768,1024,786432,1.3333333333333333,768,1024,0.0344874064127604,27122,small,True,False,False,False,False,False,0,27122,0.034487406412760414,185.83003775575972,427.80709387213335,421.73523338986803,330,325,530,513,201,189
ISIC_0010457,True,True,768,1024,786432,1.3333333333333333,768,1024,0.8392181396484375,659988,normal,True,True,True,False,False,True,2,659988,0.8392181396484375,916.6912351771837,520.7106235264883,380.5315657254374,15,0,1021,767,1007,768
ISIC_0010458,True,True,768,1024,786432,1.3333333333333333,768,1024,0.1334228515625,104928,normal,True,False,False,False,False,False,0,104928,0.1334228515625,365.5112569401538,575.5305924062214,369.20641773406527,371,183,787,546,417,364
ISIC_0010459,True,True,768,1024,786432,1.3333333333333333,768,1024,0.6818529764811198,536231,normal,True,False,False,False,False,False,0,536231,0.6818529764811198,826.2871863419407,579.3401873446331,354.67817041536205,137,1,1022,765,886,765
ISIC_0010461,True,True,768,1024,786432,1.3333333333333333,768,1024,0.119140625,93696,normal,True,False,False,False,False,False,0,93696,0.119140625,345.3946328238263,466.474353227459,407.7665642076503,296,210,632,627,337,418
ISIC_0010462,True,True,768,1024,786432,1.3333333333333333,768,1024,0.0836575826009114,65791,normal,True,False,False,False,False,False,0,65791,0.08365758260091145,289.42650688503136,493.7902144670244,377.0685808089252,340,231,649,515,310,285
ISIC_0010463,True,True,768,1024,786432,1.3333333333333333,768,1024,0.3223368326822917,253496,normal,True,False,False,False,False,False,0,253496,0.3223368326822917,568.1207016402278,530.1024513207309,418.0574999211033,117,179,898,661,782,483
ISIC_0010465,True,True,768,1024,786432,1.3333333333333333,768,1024,0.1914647420247396,150574,normal,True,False,False,False,False,False,0,150574,0.1914647420247396,437.8547375659562,476.27170029354335,455.83270020056585,188,285,807,673,620,389
ISIC_0010466,True,True,768,1024,786432,1.3333333333333333,768,1024,0.1032651265462239,81211,normal,True,False,False,False,False,False,0,81211,0.10326512654622395,321.5603468518581,446.640898400463,447.7836746253586,215,302,653,596,439,295
ISIC_0010467,True,True,768,1024,786432,1.3333333333333333,768,1024,0.1059239705403645,83302,normal,True,False,False,False,False,False,0,83302,0.10592397054036458,325.6737639963166,502.05507670884253,424.86632973998223,354,249,666,615,313,367
ISIC_0010468,True,True,768,1024,786432,1.3333333333333333,768,1024,0.1627362569173177,127981,normal,True,False,False,False,False,False,0,127981,0.16273625691731772,403.67124021256564,457.037732163368,444.62303779467265,265,158,665,725,401,568
ISIC_0010472,True,True,768,1024,786432,1.3333333333333333,768,1024,0.046490987141927,36562,small,True,False,False,False,False,False,0,36562,0.046490987141927086,215.75955189656614,491.42727421913463,305.4680542639899,378,162,607,427,230,266
ISIC_0010473,True,True,768,1024,786432,1.3333333333333333,768,1024,0.4056917826334635,319049,normal,True,True,False,False,False,True,1,319049,0.40569178263346356,637.3584576266396,560.5590865352971,354.4133471661093,101,0,1021,708,921,709
ISIC_0010474,True,True,768,1024,786432,1.3333333333333333,768,1024,0.0657272338867187,51690,normal,True,False,False,False,False,False,0,51690,0.06572723388671875,256.54191093729804,548.575120913136,351.79019152640745,388,212,705,473,318,262
ISIC_0010475,True,True,768,1024,786432,1.3333333333333333,768,1024,0.1573359171549479,123734,normal,True,False,False,False,False,False,0,123734,0.1573359171549479,396.91689536760794,484.0558617679862,392.9363958168329,253,179,735,592,483,414
ISIC_0010476,True,True,768,1024,786432,1.3333333333333333,768,1024,0.1366043090820312,107430,normal,True,False,False,False,False,False,0,107430,0.13660430908203125,369.84337805468215,529.0549567160011,397.61061156101647,359,145,689,638,331,494
ISIC_0010477,True,True,768,1024,786432,1.3333333333333333,768,1024,0.8112907409667969,638025,normal,True,False,True,False,True,True,2,638025,0.8112907409667969,901.3094144241767,528.1417248540417,401.8299612084166,48,4,1023,767,976,764
ISIC_0010479,True,True,768,1024,786432,1.3333333333333333,768,1024,0.445294698079427,350194,normal,True,False,False,False,False,False,0,350194,0.44529469807942706,667.7431011466803,525.8700605949845,335.9671125147775,120,43,909,635,790,593
ISIC_0010480,True,True,768,1024,786432,1.3333333333333333,768,1024,0.4569892883300781,359391,normal,True,False,False,False,False,False,0,359391,0.4569892883300781,676.4546054406866,560.1263164631279,429.29209134341147,152,146,971,715,820,570
ISIC_0010481,True,True,768,1024,786432,1.3333333333333333,768,1024,0.1275355021158854,100298,normal,True,False,False,False,False,False,0,100298,0.1275355021158854,357.356096712855,457.0845480468205,335.836108396977,302,143,622,554,321,412
ISIC_0010483,True,True,768,1024,786432,1.3333333333333333,768,1024,0.1226399739583333,96448,normal,True,False,False,False,False,False,0,96448,0.12263997395833333,350.43031776747995,430.05010990378236,415.24154985069674,261,225,611,654,351,430
ISIC_0010487,True,True,768,1024,786432,1.3333333333333333,768,1024,0.2277069091796875,179076,normal,True,False,False,False,False,False,0,179076,0.2277069091796875,477.50041331185673,519.4772833880587,367.33421005606556,140,183,847,531,708,349
ISIC_0010488,True,True,768,1024,786432,1.3333333333333333,768,1024,0.4517758687337239,355291,normal,True,False,False,False,False,False,0,355291,0.45177586873372394,672.5849768531116,472.04905274831054,419.88956939522814,60,135,868,703,809,569
ISIC_0010490,True,True,768,1024,786432,1.3333333333333333,768,1024,0.348187764485677,273826,normal,True,False,False,False,False,False,0,273826,0.34818776448567706,590.4626081104973,494.63047701825246,404.5765960865659,221,98,788,722,568,625
ISIC_0010492,True,True,768,1024,786432,1.3333333333333333,768,1024,0.8121121724446615,638671,normal,True,False,True,False,True,True,2,638671,0.8121121724446615,901.7655866551746,526.7473832380051,405.7358921886229,17,4,1023,767,1007,764
ISIC_0010493,True,True,768,1024,786432,1.3333333333333333,768,1024,0.4294764200846354,337754,normal,True,False,False,False,False,False,0,337754,0.42947642008463544,655.7756851183797,591.1365579682254,395.9060114758078,238,60,933,765,696,706
ISIC_0010494,True,True,768,1024,786432,1.3333333333333333,768,1024,0.3290723164876302,258793,normal,True,False,False,False,False,False,0,258793,0.3290723164876302,574.02568017524,504.86810694261436,403.1839385145657,165,150,844,667,680,518
ISIC_0010496,True,True,768,1024,786432,1.3333333333333333,768,1024,0.3610687255859375,283956,normal,True,False,False,False,False,False,0,283956,0.3610687255859375,601.2852968140979,474.94132893828623,369.11809576131515,185,35,826,759,642,725
ISIC_0010497,True,True,768,1024,786432,1.3333333333333333,768,1024,0.550970713297526,433301,normal,True,False,True,False,False,True,1,433301,0.550970713297526,742.7623899830219,510.19158506442403,438.4683672550952,111,91,869,767,759,677
ISIC_0010498,True,True,768,1024,786432,1.3333333333333333,768,1024,0.2655436197916667,208832,normal,True,False,False,False,False,False,0,208832,0.2655436197916667,515.6482915768592,512.0377241035857,356.0144661737665,248,100,766,605,519,506
ISIC_0010552,True,True,768,1024,786432,1.3333333333333333,768,1024,0.3662274678548177,288013,normal,True,False,False,False,False,False,0,288013,0.3662274678548177,605.5654720984415,467.01342300521156,448.00391996194617,5,199,887,709,883,511
ISIC_0010553,True,True,768,1024,786432,1.3333333333333333,768,1024,0.1436373392740885,112961,normal,True,False,False,False,False,False,0,112961,0.14363733927408853,379.2445282569397,485.475925319358,363.81027080142707,210,222,781,505,572,284
ISIC_0010554,True,True,768,1024,786432,1.3333333333333333,768,1024,0.13818359375,108672,normal,True,False,False,False,False,False,0,108672,0.13818359375,371.9751171858941,473.20090731743227,366.7175721436985,323,99,669,657,347,559
ISIC_0010557,True,True,768,1024,786432,1.3333333333333333,768,1024,0.1236063639322916,97208,normal,True,False,False,False,False,False,0,97208,0.12360636393229167,351.8082853836955,481.35312937206817,391.014628425644,302,214,689,590,388,377
ISIC_0010558,True,True,768,1024,786432,1.3333333333333333,768,1024,0.441663106282552,347338,normal,True,False,False,False,False,False,0,347338,0.44166310628255206,665.014644191556,495.07246543712466,379.8147568074901,73,83,979,678,907,596
ISIC_0010562,True,True,768,1024,786432,1.3333333333333333,768,1024,0.1307398478190104,102818,normal,True,False,False,False,False,False,0,102818,0.1307398478190104,361.81755555884786,536.172479526931,408.00967729385906,364,218,699,612,336,395
ISIC_0010565,True,True,768,1024,786432,1.3333333333333333,768,1024,0.2362581888834635,185801,normal,True,False,False,False,False,False,0,185801,0.23625818888346353,486.3837791819727,577.8637843714512,420.7152329643005,358,153,788,704,431,552
ISIC_0010566,True,True,768,1024,786432,1.3333333333333333,768,1024,0.1422271728515625,111852,normal,True,False,False,False,False,False,0,111852,0.1422271728515625,377.3783109264726,456.54749132782604,412.00059006544365,234,246,663,586,430,341
ISIC_0010567,True,True,768,1024,786432,1.3333333333333333,768,1024,0.1105092366536458,86908,normal,True,False,False,False,False,False,0,86908,0.11050923665364583,332.6480157070586,513.7430731348093,376.8079923597367,298,201,730,540,433,340
ISIC_0010568,True,True,768,1024,786432,1.3333333333333333,768,1024,0.5182838439941406,407595,normal,True,False,False,False,False,False,0,407595,0.5182838439941406,720.3929984642609,503.31056318158954,382.27886995669724,40,76,987,692,948,617
ISIC_0010569,True,True,768,1024,786432,1.3333333333333333,768,1024,0.019439697265625,15288,tiny,True,False,False,False,False,False,0,15288,0.019439697265625,139.5180495846726,508.32751177394033,378.2949372056515,423,295,584,448,162,154
ISIC_0010570,True,True,768,1024,786432,1.3333333333333333,768,1024,0.3753331502278645,295174,normal,True,False,False,False,False,False,0,295174,0.37533315022786456,613.0474772622891,541.2301151185402,396.38072797739636,150,38,844,748,695,711
ISIC_0010571,True,True,768,1024,786432,1.3333333333333333,768,1024,0.2857564290364583,224728,normal,True,False,False,False,False,False,0,224728,0.2857564290364583,534.9136158383367,525.8064771635043,399.17937684667686,231,135,822,656,592,522
ISIC_0010572,True,True,768,1024,786432,1.3333333333333333,768,1024,0.4876581827799479,383510,normal,True,False,False,False,False,False,0,383510,0.48765818277994794,698.7847292273797,479.5539412270866,368.3226486923418,137,3,813,711,677,709
ISIC_0010573,True,True,768,1024,786432,1.3333333333333333,768,1024,0.3822962443033854,300650,normal,True,False,False,False,False,False,0,300650,0.38229624430338544,618.7079029110802,501.11281224014635,413.6456743721936,224,50,795,764,572,715
ISIC_0010574,True,True,768,1024,786432,1.3333333333333333,768,1024,0.1379839579264322,108515,normal,True,False,False,False,False,False,0,108515,0.13798395792643228,371.70632116892523,453.77485140303185,455.6311477675897,319,192,592,698,274,507
ISIC_0010576,True,True,768,1024,786432,1.3333333333333333,768,1024,0.3058357238769531,240519,normal,True,True,False,False,False,True,1,240519,0.3058357238769531,553.3880212474395,455.82926088999204,380.8950394771307,156,0,743,729,588,730
ISIC_0010581,True,True,768,1024,786432,1.3333333333333333,768,1024,0.1823361714680989,143395,normal,True,False,False,False,False,False,0,143395,0.18233617146809897,427.28934519514837,548.4830084730988,427.6737682624917,302,174,757,686,456,513
ISIC_0010584,True,True,768,1024,786432,1.3333333333333333,768,1024,0.0910924275716145,71638,normal,True,False,False,False,False,False,0,71638,0.09109242757161458,302.01379853532785,497.4797593455987,393.249532371088,338,250,654,536,317,287
ISIC_0010585,True,True,768,1024,786432,1.3333333333333333,768,1024,0.0245437622070312,19302,small,True,False,False,False,False,False,0,19302,0.02454376220703125,156.7675658179271,546.9202673298104,289.2960314993265,465,202,640,377,176,176
ISIC_0010587,True,True,768,1024,786432,1.3333333333333333,768,1024,0.1517079671223958,119308,normal,True,False,False,False,False,False,0,119308,0.15170796712239584,389.7533368725184,495.5007543500855,316.96612968116136,240,153,745,481,506,329
ISIC_0010588,True,True,768,1024,786432,1.3333333333333333,768,1024,0.910943349202474,716395,normal,True,False,True,False,True,True,2,716395,0.910943349202474,955.0614868428875,546.443410409062,396.2237452801876,2,6,1023,767,1022,762
ISIC_0010589,True,True,768,1024,786432,1.3333333333333333,768,1024,0.5571695963541666,438176,normal,True,False,False,False,False,False,0,438176,0.5571695963541666,746.9290533604076,501.1276245161761,306.42958537208796,83,2,925,665,843,664
ISIC_0010590,True,True,768,1024,786432,1.3333333333333333,768,1024,0.0715929667154948,56303,normal,True,False,False,False,False,False,0,56303,0.0715929667154948,267.7446658427089,507.74681633305505,413.4285739658633,361,279,647,556,287,278
ISIC_0010591,True,True,768,1024,786432,1.3333333333333333,768,1024,0.2521451314290364,198295,normal,True,False,False,False,False,False,0,198295,0.25214513142903644,502.47093002805553,509.65721778158803,362.0273985728334,225,137,786,612,562,476
ISIC_0010592,True,True,768,1024,786432,1.3333333333333333,768,1024,0.0193392435709635,15209,tiny,True,False,False,False,False,False,0,15209,0.019339243570963543,139.15710630750084,576.3935827470576,437.9005851798277,494,368,652,512,159,145
ISIC_0010593,True,True,768,1024,786432,1.3333333333333333,768,1024,0.0825398763020833,64912,normal,True,False,False,False,False,False,0,64912,0.08253987630208333,287.4865654736737,558.5721284200148,416.03635691397585,403,276,702,565,300,290
ISIC_0010595,True,True,768,1024,786432,1.3333333333333333,768,1024,0.4020601908365885,316193,normal,True,False,False,False,False,False,0,316193,0.40206019083658856,634.4993548999443,590.4367269357639,374.28699243816277,283,35,887,765,605,731
ISIC_0010596,True,True,768,1024,786432,1.3333333333333333,768,1024,0.4070167541503906,320091,normal,True,False,False,False,False,False,0,320091,0.4070167541503906,638.398401559577,447.6859330627853,413.7777132128051,145,61,808,762,664,702
ISIC_0010597,True,True,768,1024,786432,1.3333333333333333,768,1024,0.3338979085286458,262588,normal,True,False,False,False,False,False,0,262588,0.3338979085286458,578.2191847153784,541.1346824683535,407.4098359407132,237,135,840,733,604,599
ISIC_0010598,True,True,768,1024,786432,1.3333333333333333,768,1024,0.0625839233398437,49218,normal,True,False,False,False,False,False,0,49218,0.06258392333984375,250.33238686349642,483.3929456702832,346.73718964606445,357,206,613,477,257,272
ISIC_0010599,True,True,768,1024,786432,1.3333333333333333,768,1024,0.3516591389973958,276556,normal,True,False,False,False,False,False,0,276556,0.3516591389973958,593.3987154803907,576.3906803685329,370.0679536874991,200,28,951,702,752,675
ISIC_0010602,True,True,768,1024,786432,1.3333333333333333,768,1024,0.5481160481770834,431056,normal,True,False,False,False,False,False,0,431056,0.5481160481770834,740.835707289653,557.8055217883523,397.289625941873,89,93,1021,719,933,627
ISIC_0010603,True,True,768,1024,786432,1.3333333333333333,768,1024,0.7219683329264323,567779,normal,True,False,True,False,False,True,1,567779,0.7219683329264323,850.2462440200403,498.73113130284844,356.79512451147366,2,2,1021,767,1020,766
ISIC_0010604,True,True,768,1024,786432,1.3333333333333333,768,1024,0.9302279154459636,731561,normal,True,False,True,False,False,True,1,731561,0.9302279154459635,965.117813837254,524.2219664525583,372.92127109017565,2,5,1019,767,1018,763
ISIC_0010605,True,True,768,1024,786432,1.3333333333333333,768,1024,0.7671585083007812,603318,normal,True,True,False,False,False,True,1,603318,0.7671585083007812,876.4521296970696,611.819077169917,400.3218634285733,153,0,1018,765,866,766
ISIC_0010606,True,True,768,1024,786432,1.3333333333333333,768,1024,0.1859143575032552,146209,normal,True,False,False,False,False,False,0,146209,0.18591435750325522,431.46156328945847,463.9188832424816,385.1270510023323,176,196,764,575,589,380
ISIC_0010607,True,True,768,1024,786432,1.3333333333333333,768,1024,0.0478223164876302,37609,small,True,False,False,False,False,False,0,37609,0.04782231648763021,218.82702309802767,520.1184025100375,450.0009838070675,411,314,622,581,212,268
ISIC_0010844,True,True,768,1024,786432,1.3333333333333333,768,1024,0.2516924540201823,197939,normal,True,False,False,False,False,False,0,197939,0.2516924540201823,502.01968312540635,516.5136329879407,378.81889875163563,269,126,771,645,503,520
ISIC_0010846,True,True,768,1024,786432,1.3333333333333333,768,1024,0.5176111857096354,407066,normal,True,False,False,False,False,False,0,407066,0.5176111857096354,719.9253631572955,448.6143794863732,385.26892199299374,76,11,811,742,736,732
ISIC_0010847,True,True,768,1024,786432,1.3333333333333333,768,1024,0.3560905456542969,280041,normal,True,False,False,False,False,False,0,280041,0.3560905456542969,597.1258454858404,568.1895151067165,390.0544098899804,236,109,886,656,651,548
ISIC_0010848,True,True,768,1024,786432,1.3333333333333333,768,1024,0.1305287679036458,102652,normal,True,False,False,False,False,False,0,102652,0.13052876790364584,361.52535975523756,462.65713283715854,397.07377352608813,265,223,642,572,378,350
ISIC_0010849,True,True,768,1024,786432,1.3333333333333333,768,1024,0.3372357686360677,265213,normal,True,False,False,False,False,False,0,265213,0.3372357686360677,581.1021247404339,443.11444009154906,381.46883071342654,204,32,674,708,471,677
ISIC_0010850,True,True,768,1024,786432,1.3333333333333333,768,1024,0.1363487243652343,107229,normal,True,False,False,False,False,False,0,107229,0.13634872436523438,369.49723022291624,404.12193529735424,381.6289996176408,233,191,582,567,350,377
ISIC_0010851,True,True,768,1024,786432,1.3333333333333333,768,1024,0.1617596944173177,127213,normal,True,False,False,False,False,False,0,127213,0.16175969441731772,402.4582241728876,570.10737110201,420.20675559887746,328,161,802,662,475,502
ISIC_0010852,True,True,768,1024,786432,1.3333333333333333,768,1024,0.0805015563964843,63309,normal,True,False,False,False,False,False,0,63309,0.08050155639648438,283.9146391745914,520.9727684847336,410.70587120314644,347,296,699,549,353,254
ISIC_0010853,True,True,768,1024,786432,1.3333333333333333,768,1024,0.0547370910644531,43047,normal,True,False,False,False,False,False,0,43047,0.054737091064453125,234.11352520137436,458.99944246985854,388.45027528050736,334,273,620,519,287,247
ISIC_0010854,True,True,768,1024,786432,1.3333333333333333,768,1024,0.1217994689941406,95787,normal,True,False,False,False,False,False,0,95787,0.12179946899414062,349.2274277194548,476.00238028124903,392.1171975320242,285,223,651,562,367,340
ISIC_0010856,True,True,768,1024,786432,1.3333333333333333,768,1024,0.2601114908854167,204560,normal,True,False,False,False,False,False,0,204560,0.2601114908854167,510.3468244939169,519.79281873289,385.0487631990614,185,122,847,627,663,506
ISIC_0010857,True,True,768,1024,786432,1.3333333333333333,768,1024,0.8464304606119791,665660,normal,True,False,True,True,False,True,2,665660,0.8464304606119791,920.6218742504484,506.72551302466724,397.142356458252,0,8,1012,767,1013,760
ISIC_0010858,True,True,768,1024,786432,1.3333333333333333,768,1024,0.2535018920898437,199362,normal,True,False,False,False,False,False,0,199362,0.25350189208984375,503.82098221242387,468.716024116933,504.0265195975161,192,270,753,742,562,473
ISIC_0010860,True,True,768,1024,786432,1.3333333333333333,768,1024,0.262976328531901,206813,normal,True,False,False,False,False,False,0,206813,0.26297632853190106,513.1495785492893,495.3421303302984,336.9921813425655,227,70,757,619,531,550
ISIC_0010861,True,True,768,1024,786432,1.3333333333333333,768,1024,0.0367113749186197,28871,small,True,False,False,False,False,False,0,28871,0.03671137491861979,191.72819014440438,449.6080842367774,388.3237851130893,353,272,553,502,201,231
ISIC_0010862,True,True,768,1024,786432,1.3333333333333333,768,1024,0.1565450032552083,123112,normal,True,False,False,False,False,False,0,123112,0.15654500325520834,395.9180051872299,388.3281239846644,377.628037884203,186,188,592,572,407,385
ISIC_0010863,True,True,768,1024,786432,1.3333333333333333,768,1024,0.5679804484049479,446678,normal,True,False,False,False,False,False,0,446678,0.5679804484049479,754.1406323512963,526.8718674302294,389.9756827065582,124,37,958,763,835,727
ISIC_0010864,True,True,768,1024,786432,1.3333333333333333,768,1024,0.1639200846354166,128912,normal,True,False,False,False,False,False,0,128912,0.16392008463541666,405.1368363786479,492.0608942534442,467.2162172644905,244,254,732,686,489,433
ISIC_0011079,True,True,768,1024,786432,1.3333333333333333,768,1024,0.4731330871582031,372087,normal,True,True,False,False,False,True,1,372087,0.4731330871582031,688.2992681108069,510.59217333580585,366.93544789256276,138,0,868,765,731,766
ISIC_0011081,True,True,768,1024,786432,1.3333333333333333,768,1024,0.335272471110026,263669,normal,True,False,False,False,False,False,0,263669,0.33527247111002606,579.4081441615881,564.893396645036,428.9700685328954,276,139,833,748,558,610
ISIC_0011082,True,True,768,1024,786432,1.3333333333333333,768,1024,0.0198300679524739,15595,tiny,True,False,False,False,False,False,0,15595,0.019830067952473957,140.91192532977777,532.4858608528375,368.321064443732,455,293,602,443,148,151
ISIC_0011083,True,True,768,1024,786432,1.3333333333333333,768,1024,0.0304972330729166,23984,small,True,False,False,False,False,False,0,23984,0.030497233072916668,174.74946993032094,471.9566794529687,386.76004836557706,384,289,563,492,180,204
ISIC_0011084,True,True,768,1024,786432,1.3333333333333333,768,1024,0.2771199544270833,217936,normal,True,False,False,False,False,False,0,217936,0.2771199544270833,526.7681970481916,478.5158624550327,433.9426115923941,212,158,750,730,539,573
ISIC_0011085,True,True,768,1024,786432,1.3333333333333333,768,1024,0.1161893208821614,91375,normal,True,False,False,False,False,False,0,91375,0.11618932088216145,341.08981720387885,522.0482845417237,399.2762024623803,370,210,676,593,307,384
ISIC_0011088,True,True,768,1024,786432,1.3333333333333333,768,1024,0.3074696858723958,241804,normal,True,False,False,False,False,False,0,241804,0.3074696858723958,554.8643211408905,561.9035127624026,438.21159286033316,289,152,822,748,534,597
ISIC_0011089,True,True,768,1024,786432,1.3333333333333333,768,1024,0.2386512756347656,187683,normal,True,False,False,False,False,False,0,187683,0.23865127563476562,488.84089177822426,555.5805214111027,366.43810574212904,293,130,788,605,496,476
ISIC_0011090,True,True,768,1024,786432,1.3333333333333333,768,1024,0.3545341491699219,278817,normal,True,False,False,False,False,False,0,278817,0.3545341491699219,595.8194610319672,469.75858000050215,389.3414748742006,108,135,828,634,721,500
ISIC_0011092,True,True,768,1024,786432,1.3333333333333333,768,1024,0.1131464640299479,88982,normal,True,False,False,False,False,False,0,88982,0.11314646402994792,336.5938222392447,547.703041064485,337.22480951203613,392,150,696,541,305,392
ISIC_0011095,True,True,768,1024,786432,1.3333333333333333,768,1024,0.2225583394368489,175027,normal,True,False,False,False,False,False,0,175027,0.22255833943684897,472.07128465557116,491.78798128288776,389.71594668251186,182,191,741,647,560,457
ISIC_0011097,True,True,768,1024,786432,1.3333333333333333,768,1024,0.1308924357096354,102938,normal,True,False,False,False,False,False,0,102938,0.1308924357096354,362.0286345801229,445.2079504167557,360.2665196526064,290,130,620,581,331,452
ISIC_0011098,True,True,768,1024,786432,1.3333333333333333,768,1024,0.1004511515299479,78998,normal,True,False,False,False,False,False,0,78998,0.10045115152994792,317.1488255614206,464.3058305273551,402.31529912149676,289,238,633,564,345,327
ISIC_0011099,True,True,768,1024,786432,1.3333333333333333,768,1024,0.2859369913736979,224870,normal,True,False,False,False,False,False,0,224870,0.28593699137369794,535.0825884147195,605.3906523769289,377.55053141815273,202,156,989,645,788,490
ISIC_0011101,True,True,768,1024,786432,1.3333333333333333,768,1024,0.2235959370930989,175843,normal,True,False,False,False,False,False,0,175843,0.22359593709309897,473.1704357468514,428.3943460928214,440.14381579022194,186,218,688,664,503,447
ISIC_0011102,True,True,768,1024,786432,1.3333333333333333,768,1024,0.3188425699869792,250748,normal,True,False,False,False,False,False,0,250748,0.3188425699869792,565.0329807747974,540.687674477962,408.4104000829518,240,150,846,697,607,548
ISIC_0011104,True,True,768,1024,786432,1.3333333333333333,768,1024,0.4312362670898437,339138,normal,True,False,False,False,False,False,0,339138,0.43123626708984375,657.1178834291406,514.5091644109477,377.9625226309054,214,6,827,743,614,738
ISIC_0011105,True,True,768,1024,786432,1.3333333333333333,768,1024,0.5279922485351562,415230,normal,True,False,False,False,False,False,0,415230,0.5279922485351562,727.1088337796355,498.9441562507526,446.23709028731065,3,157,941,722,939,566
ISIC_0011107,True,True,768,1024,786432,1.3333333333333333,768,1024,0.5996564229329427,471589,normal,True,False,False,False,False,False,0,471589,0.5996564229329427,774.8843550247421,506.976589784749,362.93866269145377,116,1,900,764,785,764
ISIC_0011109,True,True,768,1024,786432,1.3333333333333333,768,1024,0.619683583577474,487339,normal,True,False,True,False,False,True,1,487339,0.619683583577474,787.7177708365411,537.2848489449849,421.6985958439608,128,36,928,767,801,732
ISIC_0011110,True,True,768,1024,786432,1.3333333333333333,768,1024,0.1540667215983072,121163,normal,True,False,False,False,False,False,0,121163,0.15406672159830728,392.77159133362295,498.47441875820175,412.6916220298276,293,226,699,604,407,379
ISIC_0011112,True,True,768,1024,786432,1.3333333333333333,768,1024,0.7688331604003906,604635,normal,True,False,False,False,False,False,0,604635,0.7688331604003906,877.408224335141,500.1299924747988,384.35415746690154,19,2,967,763,949,762
ISIC_0011114,True,True,768,1024,786432,1.3333333333333333,768,1024,0.1619923909505208,127396,normal,True,False,False,False,False,False,0,127396,0.16199239095052084,402.74759470551874,550.144431536312,398.67766648874374,349,209,725,605,377,397
ISIC_0011115,True,True,768,1024,786432,1.3333333333333333,768,1024,0.0315055847167968,24777,small,True,False,False,False,False,False,0,24777,0.031505584716796875,177.6149098468457,513.669935827582,388.6547201033216,413,304,605,485,193,182
ISIC_0011117,True,True,768,1024,786432,1.3333333333333333,768,1024,0.4646008809407552,365377,normal,True,False,False,False,False,False,0,365377,0.4646008809407552,682.064839393367,503.57008240803333,421.92625972625535,143,103,859,758,717,656
ISIC_0011118,True,True,768,1024,786432,1.3333333333333333,768,1024,0.1470629374186197,115655,normal,True,False,False,False,False,False,0,115655,0.14706293741861978,383.74017192150376,571.1009294885652,353.88350698197223,384,80,747,598,364,519
ISIC_0011119,True,True,768,1024,786432,1.3333333333333333,768,1024,0.1299769083658854,102218,normal,True,False,False,False,False,False,0,102218,0.1299769083658854,360.7603079383025,516.5076992310552,408.11372752352815,305,235,728,575,424,341
ISIC_0011120,True,True,768,1024,786432,1.3333333333333333,768,1024,0.9487330118815104,746114,normal,True,False,False,False,True,True,1,746114,0.9487330118815104,974.670123518994,520.7339508439729,395.7035131360623,2,6,1023,763,1022,758
ISIC_0011121,True,True,768,1024,786432,1.3333333333333333,768,1024,0.9407437642415364,739831,normal,True,True,True,False,True,True,3,739831,0.9407437642415365,970.5576158172993,536.80877524732,375.50875132293726,1,0,1023,767,1023,768
ISIC_0011123,True,True,768,1024,786432,1.3333333333333333,768,1024,0.2801081339518229,220286,normal,True,False,False,False,False,False,0,220286,0.28010813395182294,529.6006479900965,512.7656183325313,406.30024604377945,234,143,799,688,566,546
ISIC_0011124,True,True,768,1024,786432,1.3333333333333333,768,1024,0.270758310953776,212933,normal,True,False,False,False,False,False,0,212933,0.27075831095377606,520.6867733859699,567.5488533951994,420.4347423837545,211,156,887,669,677,514
ISIC_0011127,True,True,768,1024,786432,1.3333333333333333,768,1024,0.1235338846842448,97151,normal,True,False,False,False,False,False,0,97151,0.1235338846842448,351.7051250843038,510.7027616802709,393.16400242920815,338,195,714,604,377,410
ISIC_0011128,True,True,768,1024,786432,1.3333333333333333,768,1024,0.3961092631022135,311513,normal,True,False,True,False,False,True,1,311513,0.39610926310221356,629.7862099943795,480.47465755843257,439.980235174776,188,60,793,767,606,708
ISIC_0011129,True,True,768,1024,786432,1.3333333333333333,768,1024,0.4463462829589844,351021,normal,True,False,False,False,False,False,0,351021,0.4463462829589844,668.5310899520541,527.4512607507813,367.0392967942089,95,60,958,689,864,630
ISIC_0011130,True,True,768,1024,786432,1.3333333333333333,768,1024,0.1191050211588541,93668,normal,True,False,False,False,False,False,0,93668,0.11910502115885417,345.34302030916047,470.3222658752189,404.0974078660802,286,214,714,588,429,375
ISIC_0011131,True,True,768,1024,786432,1.3333333333333333,768,1024,0.2275034586588541,178916,normal,True,False,False,False,False,False,0,178916,0.22750345865885416,477.28704820667025,488.13830512642807,417.0627780634488,227,141,755,692,529,552
ISIC_0011132,True,True,768,1024,786432,1.3333333333333333,768,1024,0.189062754313151,148685,normal,True,False,False,False,False,False,0,148685,0.18906275431315103,435.09955379079355,491.6093687998117,297.417076369506,274,63,713,509,440,447
ISIC_0011135,True,True,768,1024,786432,1.3333333333333333,768,1024,0.1794535319010416,141128,normal,True,False,False,False,False,False,0,141128,0.17945353190104166,423.8982784458838,621.9851340626949,340.64743353551387,407,87,869,585,463,499
ISIC_0011137,True,True,768,1024,786432,1.3333333333333333,768,1024,0.3338241577148437,262530,normal,True,False,False,False,False,False,0,262530,0.33382415771484375,578.1553231436361,535.9380032758161,365.3968765474422,211,72,885,661,675,590
ISIC_0011139,True,True,768,1024,786432,1.3333333333333333,768,1024,0.3648821512858073,286955,normal,True,False,False,False,False,False,0,286955,0.3648821512858073,604.4521929478614,481.3548186997961,376.6737920579882,232,13,737,766,506,754
ISIC_0011140,True,True,768,1024,786432,1.3333333333333333,768,1024,0.1049995422363281,82575,normal,True,False,False,False,False,False,0,82575,0.10499954223632812,324.2495264553305,534.5512079927339,343.982319103845,304,187,728,496,425,310
ISIC_0011143,True,True,768,1024,786432,1.3333333333333333,768,1024,0.0121752421061197,9575,tiny,True,False,False,False,False,False,0,9575,0.012175242106119791,110.41407809169618,432.46349869451694,327.01639686684075,365,279,507,379,143,101
ISIC_0011144,True,True,768,1024,786432,1.3333333333333333,768,1024,0.2760785420735677,217117,normal,True,False,False,False,False,False,0,217117,0.2760785420735677,525.7774721631428,481.4520880446948,430.5984607377589,196,161,757,692,562,532
ISIC_0011146,True,True,768,1024,786432,1.3333333333333333,768,1024,0.1351712544759114,106303,normal,True,False,False,False,False,False,0,106303,0.13517125447591147,367.8983328638253,531.9036903944385,361.866344317658,344,176,722,553,379,378
ISIC_0011149,True,True,768,1024,786432,1.3333333333333333,768,1024,0.5861180623372396,460942,normal,True,True,False,False,False,True,1,460942,0.5861180623372396,766.0871897044849,485.9484468761797,406.2813998290457,99,0,830,765,732,766
ISIC_0011150,True,True,768,1024,786432,1.3333333333333333,768,1024,0.1211802164713541,95300,normal,True,False,False,False,False,False,0,95300,0.12118021647135417,348.33852588144913,396.982444910808,374.83589716684156,191,229,588,545,398,317
ISIC_0011151,True,True,768,1024,786432,1.3333333333333333,768,1024,0.8335838317871094,655557,normal,True,False,True,True,True,True,3,655557,0.8335838317871094,913.6088310803202,518.0351685665777,442.4981046651931,0,9,1023,767,1024,759
ISIC_0011155,True,True,768,1024,786432,1.3333333333333333,768,1024,0.3943227132161458,310108,normal,True,False,False,False,False,False,0,310108,0.3943227132161458,628.3643598571865,514.372525055787,365.7656235892012,114,90,898,657,785,568
ISIC_0011156,True,True,768,1024,786432,1.3333333333333333,768,1024,0.500726064046224,393787,normal,True,False,False,False,False,False,0,393787,0.500726064046224,708.0855743500397,425.7422667584252,402.88174063643544,67,3,759,765,693,763
ISIC_0011157,True,True,768,1024,786432,1.3333333333333333,768,1024,0.152472178141276,119909,normal,True,False,False,False,False,False,0,119909,0.15247217814127603,390.733771985029,540.8232326180687,389.2473375643196,325,191,759,583,435,393
ISIC_0011158,True,True,768,1024,786432,1.3333333333333333,768,1024,0.6506334940592448,511679,normal,True,False,True,False,False,True,1,511679,0.6506334940592448,807.149265632165,505.18571409027925,415.0074245767366,38,30,959,767,922,738
ISIC_0011159,True,True,768,1024,786432,1.3333333333333333,768,1024,0.6074409484863281,477711,normal,True,False,True,False,False,True,1,477711,0.6074409484863281,779.897772887562,610.026306700076,435.6442577206721,149,88,1022,767,874,680
ISIC_0011161,True,True,768,1024,786432,1.3333333333333333,768,1024,0.5095367431640625,400716,normal,True,False,False,False,False,False,0,400716,0.5095367431640625,714.2880773246152,505.26415965421893,380.745687718983,18,113,936,652,919,540
ISIC_0011162,True,True,768,1024,786432,1.3333333333333333,768,1024,0.1355603535970052,106609,normal,True,False,False,False,False,False,0,106609,0.13556035359700522,368.4274618220946,504.4742939151479,345.00423041206653,257,137,726,531,470,395
ISIC_0011163,True,True,768,1024,786432,1.3333333333333333,768,1024,0.1210467020670573,95195,normal,True,False,False,False,False,False,0,95195,0.1210467020670573,348.14657611566975,507.0595199327696,396.82228058196335,327,226,736,541,410,316
ISIC_0011164,True,True,768,1024,786432,1.3333333333333333,768,1024,0.0891469319661458,70108,normal,True,False,False,False,False,False,0,70108,0.08914693196614583,298.77128041746715,558.0059764934101,394.5665829862498,377,245,736,561,360,317
ISIC_0011165,True,True,768,1024,786432,1.3333333333333333,768,1024,0.319067637125651,250925,normal,True,False,False,False,False,False,0,250925,0.31906763712565106,565.2323705898934,554.9258583242005,451.6274225366145,173,238,942,662,770,425
ISIC_0011166,True,True,768,1024,786432,1.3333333333333333,768,1024,0.1013755798339843,79725,normal,True,False,False,False,False,False,0,79725,0.10137557983398438,318.6048064672139,519.1117340859204,378.89407337723424,348,214,747,565,400,352
ISIC_0011167,True,True,768,1024,786432,1.3333333333333333,768,1024,0.7870165506998698,618935,normal,True,False,True,False,False,True,1,618935,0.7870165506998698,887.7232212917819,496.61162480712835,413.29153465226557,44,5,981,767,938,763
ISIC_0011168,True,True,768,1024,786432,1.3333333333333333,768,1024,0.0589205423990885,46337,normal,True,False,False,False,False,False,0,46337,0.05892054239908854,242.89524652490266,482.9918423721864,392.75447266763064,355,275,605,537,251,263
ISIC_0011169,True,True,768,1024,786432,1.3333333333333333,768,1024,0.2258211771647135,177593,normal,True,False,False,False,False,False,0,177593,0.22582117716471353,475.5191168272331,591.4682898537668,385.22343222987394,349,115,845,663,497,549
ISIC_0011170,True,True,768,1024,786432,1.3333333333333333,768,1024,0.2148996988932291,169004,normal,True,False,False,False,False,False,0,169004,0.21489969889322916,463.87775977990304,482.9970000710042,382.96574637286693,165,218,849,556,685,339
ISIC_0011171,True,True,768,1024,786432,1.3333333333333333,768,1024,0.087195078531901,68573,normal,True,False,False,False,False,False,0,68573,0.08719507853190105,295.4824111535648,493.11460779023815,340.6682221865749,325,189,668,483,344,295
ISIC_0011173,True,True,768,1024,786432,1.3333333333333333,768,1024,0.0346794128417968,27273,small,True,False,False,False,False,False,0,27273,0.034679412841796875,186.34661817044628,466.4871117955487,426.46063872694606,355,316,565,519,211,204
ISIC_0011176,True,True,768,1024,786432,1.3333333333333333,768,1024,0.2808837890625,220896,normal,True,False,False,False,False,False,0,220896,0.2808837890625,530.3334068996771,485.4205915906128,390.05537900188324,188,126,761,679,574,554
ISIC_0011177,True,True,768,1024,786432,1.3333333333333333,768,1024,0.3844477335611979,302342,normal,True,False,False,False,False,False,0,302342,0.38444773356119794,620.4464444529589,508.28491575765196,424.6655608549259,154,114,851,736,698,623
ISIC_0011199,True,True,768,1024,786432,1.3333333333333333,768,1024,0.0466651916503906,36699,small,True,False,False,False,False,False,0,36699,0.046665191650390625,216.16340590450488,557.5440747704297,333.1599771110929,426,222,705,439,280,218
ISIC_0011202,True,True,768,1024,786432,1.3333333333333333,768,1024,0.1844202677408854,145034,normal,True,False,False,False,False,False,0,145034,0.1844202677408854,429.7243583171887,557.5184853206835,331.76342788587505,338,133,785,538,448,406
ISIC_0011203,True,True,768,1024,786432,1.3333333333333333,768,1024,0.3795204162597656,298467,normal,True,False,False,False,False,False,0,298467,0.3795204162597656,616.4576118424282,575.2778866675378,410.2097317291359,306,43,840,763,535,721
ISIC_0011204,True,True,768,1024,786432,1.3333333333333333,768,1024,0.1806271870930989,142051,normal,True,False,False,False,False,False,0,142051,0.18062718709309897,425.2822010961364,388.76745675848815,425.09959099196766,136,256,664,600,529,345
ISIC_0011205,True,True,768,1024,786432,1.3333333333333333,768,1024,0.0963096618652343,75741,normal,True,False,False,False,False,False,0,75741,0.09630966186523438,310.542165184997,500.1486117162435,315.69551497867735,329,160,666,458,338,299
ISIC_0011207,True,True,768,1024,786432,1.3333333333333333,768,1024,0.0596555074055989,46915,normal,True,False,False,False,False,False,0,46915,0.05965550740559896,244.40546892663872,510.7333262282852,367.1676009804966,394,246,650,493,257,248
ISIC_0011208,True,True,768,1024,786432,1.3333333333333333,768,1024,0.0862515767415364,67831,normal,True,False,False,False,False,False,0,67831,0.08625157674153645,293.8794166982962,426.6150874968672,293.2435612035795,182,168,663,421,482,254
ISIC_0011210,True,True,768,1024,786432,1.3333333333333333,768,1024,0.0428810119628906,33723,small,True,False,False,False,False,False,0,33723,0.042881011962890625,207.2135544965722,452.0530795006375,340.42451739169115,364,204,535,482,172,279
ISIC_0011211,True,True,768,1024,786432,1.3333333333333333,768,1024,0.3899688720703125,306684,normal,True,False,False,False,False,False,0,306684,0.3899688720703125,624.8857467870096,545.6084014816554,430.9869246520849,163,176,987,698,825,523
ISIC_0011212,True,True,768,1024,786432,1.3333333333333333,768,1024,0.5418268839518229,426110,normal,True,False,False,False,True,True,1,426110,0.5418268839518229,736.5732159175353,507.4454882542067,439.87651310694423,4,139,1023,738,1020,600
ISIC_0011213,True,True,768,1024,786432,1.3333333333333333,768,1024,0.0394528706868489,31027,small,True,False,False,False,False,False,0,31027,0.03945287068684896,198.75815292585585,502.64872530376766,348.47310407064816,383,257,628,440,246,184
ISIC_0011214,True,True,768,1024,786432,1.3333333333333333,768,1024,0.5194142659505209,408484,normal,True,False,False,False,False,False,0,408484,0.5194142659505209,721.1781903188686,505.1723592600934,437.109198891511,58,97,943,765,886,669
ISIC_0011218,True,True,768,1024,786432,1.3333333333333333,768,1024,0.0880661010742187,69258,normal,True,False,False,False,False,False,0,69258,0.08806610107421875,296.95458304135985,447.1178636403015,243.48922868116318,305,103,600,393,296,291
ISIC_0011219,True,True,768,1024,786432,1.3333333333333333,768,1024,0.100964864095052,79402,normal,True,False,False,False,False,False,0,79402,0.10096486409505208,317.9587494173755,539.0018765270396,364.27598801037755,368,183,708,540,341,358
ISIC_0011220,True,True,768,1024,786432,1.3333333333333333,768,1024,0.0374463399251302,29449,small,True,False,False,False,False,False,0,29449,0.03744633992513021,193.63788718354115,587.4954327820979,332.89945329213214,474,227,693,448,220,222
ISIC_0011223,True,True,768,1024,786432,1.3333333333333333,768,1024,0.1003265380859375,78900,normal,True,False,False,False,False,False,0,78900,0.1003265380859375,316.95204697178457,523.4006970849176,410.7945627376426,367,214,668,594,302,381
ISIC_0011224,True,True,768,1024,786432,1.3333333333333333,768,1024,0.2441584269205729,192014,normal,True,False,False,False,False,False,0,192014,0.2441584269205729,494.44900439052105,500.0183892841147,370.8433239242972,249,113,777,685,529,573
ISIC_0011225,True,True,768,1024,786432,1.3333333333333333,768,1024,0.0236498514811197,18599,small,True,False,False,False,False,False,0,18599,0.023649851481119793,153.88626414507985,593.9894080326899,432.99919350502716,492,350,686,519,195,170
ISIC_0011227,True,True,768,1024,786432,1.3333333333333333,768,1024,0.3507715861002604,275858,normal,True,False,False,False,False,False,0,275858,0.35077158610026044,592.6494025404502,425.38698170798017,339.1103393775058,115,55,738,631,624,577
ISIC_0011228,True,True,768,1024,786432,1.3333333333333333,768,1024,0.3132298787434895,246334,normal,True,False,False,False,False,False,0,246334,0.31322987874348956,560.0376683873966,491.7371211444624,409.4417254621774,137,139,796,651,660,513
ISIC_0011229,True,True,768,1024,786432,1.3333333333333333,768,1024,0.3747698465983073,294731,normal,True,True,False,False,False,True,1,294731,0.3747698465983073,612.5872707291095,499.3887137762909,439.89910121432763,73,0,809,765,737,766
ISIC_0011230,True,True,768,1024,786432,1.3333333333333333,768,1024,0.114362080891927,89938,normal,True,False,False,False,False,False,0,89938,0.11436208089192708,338.39713086016417,508.1825813338077,340.9628633058329,302,156,757,506,456,351
ISIC_0011292,True,True,768,1024,786432,1.3333333333333333,768,1024,0.1181983947753906,92955,normal,True,False,False,False,False,False,0,92955,0.11819839477539062,344.0261354619109,466.25954494110056,381.0475606476252,292,170,666,571,375,402
ISIC_0011294,True,True,768,1024,786432,1.3333333333333333,768,1024,0.1772333780924479,139382,normal,True,False,False,False,False,False,0,139382,0.1772333780924479,421.26793638286364,417.13136559957525,457.83742520555023,164,225,684,673,521,449
ISIC_0011295,True,True,768,1024,786432,1.3333333333333333,768,1024,0.4636777242024739,364651,normal,True,False,True,False,False,True,1,364651,0.46367772420247394,681.3868748568774,516.1011350579047,382.10372657691875,209,3,814,767,606,765
ISIC_0011296,True,True,768,1024,786432,1.3333333333333333,768,1024,0.1875445048014322,147491,normal,True,False,False,False,False,False,0,147491,0.18754450480143228,433.34902064333073,491.66099626417883,357.4948979937759,256,147,724,604,469,458
ISIC_0011297,True,True,768,1024,786432,1.3333333333333333,768,1024,0.1239903767903645,97510,normal,True,False,False,False,False,False,0,97510,0.12399037679036458,352.3543500613065,490.9859706696749,394.2902779202133,246,197,705,581,460,385
ISIC_0011298,True,True,768,1024,786432,1.3333333333333333,768,1024,0.0752309163411458,59164,normal,True,False,False,False,False,False,0,59164,0.07523091634114583,274.46301103192604,567.7299202217565,434.51222026908255,413,293,711,567,299,275
ISIC_0011300,True,True,768,1024,786432,1.3333333333333333,768,1024,0.8829154968261719,694353,normal,True,True,True,False,False,True,2,694353,0.8829154968261719,940.2540601377344,512.9082613598558,386.7710458513177,17,0,1002,767,986,768
ISIC_0011301,True,True,768,1024,786432,1.3333333333333333,768,1024,0.2786331176757812,219126,normal,True,False,False,False,False,False,0,219126,0.27863311767578125,528.2044002842434,565.0201938610662,374.6081113149512,285,116,843,628,559,513
ISIC_0011303,True,True,768,1024,786432,1.3333333333333333,768,1024,0.1244964599609375,97908,normal,True,False,False,False,False,False,0,97908,0.1244964599609375,353.0727082994809,349.92955631817625,340.3225170568289,150,187,563,504,414,318
ISIC_0011304,True,True,768,1024,786432,1.3333333333333333,768,1024,0.0817209879557291,64268,normal,True,False,False,False,False,False,0,64268,0.08172098795572917,286.056915772088,410.08789755399266,396.81511794361114,225,281,605,519,381,239
ISIC_0011305,True,True,768,1024,786432,1.3333333333333333,768,1024,0.1307017008463541,102788,normal,True,False,False,False,False,False,0,102788,0.13070170084635416,361.7647665600368,554.143275479628,445.3109506946336,394,214,737,704,344,491
ISIC_0011306,True,True,768,1024,786432,1.3333333333333333,768,1024,0.15374755859375,120912,normal,True,False,False,False,False,False,0,120912,0.15374755859375,392.3645496639802,483.186499272198,350.8654310572979,236,195,787,519,552,325
ISIC_0011315,True,True,768,1024,786432,1.3333333333333333,768,1024,0.3195813496907552,251329,normal,True,False,False,False,False,False,0,251329,0.3195813496907552,565.6872117511087,515.733838912342,347.803023129046,220,80,844,609,625,530
ISIC_0011317,True,True,768,1024,786432,1.3333333333333333,768,1024,0.0475362141927083,37384,small,True,False,False,False,False,False,0,37384,0.047536214192708336,218.17146270852962,564.1547453456024,312.6575807832228,451,195,666,435,216,241
ISIC_0011322,True,True,768,1024,786432,1.3333333333333333,768,1024,0.406097412109375,319368,normal,True,False,True,False,False,True,1,319368,0.406097412109375,637.6770083066971,472.04564640164324,397.191600285564,161,14,786,767,626,754
ISIC_0011323,True,True,768,1024,786432,1.3333333333333333,768,1024,0.1391105651855468,109401,normal,True,False,False,False,False,False,0,109401,0.13911056518554688,373.2206846271674,449.19594884873084,356.21629601191944,290,16,595,673,306,658
ISIC_0011324,True,True,768,1024,786432,1.3333333333333333,768,1024,0.1510429382324218,118785,normal,True,False,False,False,False,False,0,118785,0.15104293823242188,388.898134890573,551.4394662625753,369.88004377657114,390,87,728,634,339,548
ISIC_0011326,True,True,768,1024,786432,1.3333333333333333,768,1024,0.2088025410970052,164209,normal,True,False,False,False,False,False,0,164209,0.20880254109700522,457.2498139982305,384.6063614052823,382.54274735245934,154,106,625,719,472,614
ISIC_0011327,True,True,768,1024,786432,1.3333333333333333,768,1024,0.3713785807291667,292064,normal,True,False,False,False,True,True,1,292064,0.3713785807291667,609.8093426584497,602.0850635477155,337.33215665059714,136,141,1023,549,888,409
ISIC_0011328,True,True,768,1024,786432,1.3333333333333333,768,1024,0.2468770345052083,194152,normal,True,False,False,False,False,False,0,194152,0.24687703450520834,497.19413118964036,535.4797323746343,419.19012423256004,317,108,749,752,433,645
ISIC_0011329,True,True,768,1024,786432,1.3333333333333333,768,1024,0.884161631266276,695333,normal,True,False,True,False,False,True,1,695333,0.884161631266276,940.9173568169177,514.2913093438683,405.8725876666288,7,18,1021,767,1015,750
ISIC_0011330,True,True,768,1024,786432,1.3333333333333333,768,1024,0.0876007080078125,68892,normal,True,False,False,False,False,False,0,68892,0.0876007080078125,296.16890234441365,445.38606804853976,427.24317772745746,269,298,632,556,364,259
ISIC_0011333,True,True,768,1024,786432,1.3333333333333333,768,1024,0.3458735148111979,272006,normal,True,False,False,False,False,False,0,272006,0.34587351481119794,588.4970650778411,571.735947001169,454.1588457607553,241,106,911,729,671,624
ISIC_0011334,True,True,768,1024,786432,1.3333333333333333,768,1024,0.9566663106282552,752353,normal,True,False,True,False,True,True,2,752353,0.9566663106282552,978.7367323239349,531.4572175561206,374.17780616279856,2,1,1023,767,1022,767
ISIC_0011336,True,True,768,1024,786432,1.3333333333333333,768,1024,0.3227933247884114,253855,normal,True,False,False,False,False,False,0,253855,0.32279332478841144,568.522844421176,448.05288452069095,415.9171613716492,121,145,776,688,656,544
ISIC_0011338,True,True,768,1024,786432,1.3333333333333333,768,1024,0.1623179117838541,127652,normal,True,False,False,False,False,False,0,127652,0.16231791178385416,403.15204869197055,535.5588866606086,423.6522655344217,322,214,743,623,422,410
ISIC_0011339,True,True,768,1024,786432,1.3333333333333333,768,1024,0.2021280924479166,158960,normal,True,False,False,False,False,False,0,158960,0.20212809244791666,449.88238244134595,576.0102352793156,403.551409159537,332,143,845,657,514,515
ISIC_0011341,True,True,768,1024,786432,1.3333333333333333,768,1024,0.1223742167154948,96239,normal,True,False,False,False,False,False,0,96239,0.1223742167154948,350.0504257185918,608.6395847837156,423.5218154802107,371,256,832,598,462,343
ISIC_0011343,True,True,768,1024,786432,1.3333333333333333,768,1024,0.1376787821451822,108275,normal,True,False,False,False,False,False,0,108275,0.13767878214518228,371.29504670302265,498.12873701223737,401.5821011313784,298,161,665,632,368,472
ISIC_0011344,True,True,768,1024,786432,1.3333333333333333,768,1024,0.1653111775716146,130006,normal,True,False,False,False,False,False,0,130006,0.1653111775716146,406.85228308667456,503.9089580480901,407.914473178161,290,203,714,613,425,411
ISIC_0011345,True,True,768,1024,786432,1.3333333333333333,768,1024,0.116675059000651,91757,normal,True,False,False,False,False,False,0,91757,0.11667505900065105,341.8020493008553,546.8075133232342,340.3343832078207,407,47,691,611,285,565
ISIC_0011347,True,True,768,1024,786432,1.3333333333333333,768,1024,0.7902234395345052,621457,normal,True,False,True,False,False,True,1,621457,0.7902234395345052,889.5300038517419,520.8759705015793,453.31795763825977,3,53,1021,767,1019,715
ISIC_0011348,True,True,768,1024,786432,1.3333333333333333,768,1024,0.7595240275065104,597314,normal,True,False,False,False,False,False,0,597314,0.7595240275065104,872.0801599760994,502.5416665271532,403.0716423857469,13,36,1006,763,994,728
ISIC_0011349,True,True,768,1024,786432,1.3333333333333333,768,1024,0.6387888590494791,502364,normal,True,False,False,False,False,False,0,502364,0.6387888590494791,799.7685356722502,469.8642060338719,391.29147789252414,18,7,1006,764,989,758
ISIC_0011352,True,True,768,1024,786432,1.3333333333333333,768,1024,0.4283523559570312,336870,normal,True,False,False,False,False,False,0,336870,0.42835235595703125,654.9169454479967,490.4390714518954,399.5976815982427,104,53,912,692,809,640
ISIC_0011353,True,True,768,1024,786432,1.3333333333333333,768,1024,0.0616467793782552,48481,normal,True,False,False,False,False,False,0,48481,0.06164677937825521,248.45105427086725,478.9652853695262,397.6663847692911,321,287,636,512,316,226
ISIC_0011356,True,True,768,1024,786432,1.3333333333333333,768,1024,0.9866498311360676,775933,normal,True,True,True,True,True,True,4,775933,0.9866498311360677,993.9560250156891,505.18477368535684,379.0777760450967,0,0,1023,767,1024,768
ISIC_0011357,True,True,768,1024,786432,1.3333333333333333,768,1024,0.128546396891276,101093,normal,True,False,False,False,False,False,0,101093,0.12854639689127603,358.7695713071439,426.2660916186086,355.89158497621,224,199,614,523,391,325
ISIC_0011358,True,True,768,1024,786432,1.3333333333333333,768,1024,0.2514813741048177,197773,normal,True,False,False,False,False,False,0,197773,0.2514813741048177,501.8091315240361,465.7774974339268,379.6242914856932,123,149,791,602,669,454
ISIC_0011359,True,True,768,1024,786432,1.3333333333333333,768,1024,0.1788787841796875,140676,normal,True,False,False,False,False,False,0,140676,0.1788787841796875,423.21891048860726,451.90320310500726,326.8398660752367,206,122,691,531,486,410
ISIC_0011360,True,True,768,1024,786432,1.3333333333333333,768,1024,0.8290278116861979,651974,normal,True,False,False,True,False,True,1,651974,0.8290278116861979,911.108708628758,492.78878758968915,402.11360422348133,0,1,1018,766,1019,766
ISIC_0011361,True,True,768,1024,786432,1.3333333333333333,768,1024,0.8213589986165365,645943,normal,True,False,True,True,True,True,3,645943,0.8213589986165365,906.8848721005688,504.0658448191249,383.96847399847974,0,8,1023,767,1024,760
ISIC_0011362,True,True,768,1024,786432,1.3333333333333333,768,1024,0.1757125854492187,138186,normal,True,False,False,False,False,False,0,138186,0.17571258544921875,419.45664821143697,498.10537970561415,357.2339744981402,278,62,708,622,431,561
ISIC_0011363,True,True,768,1024,786432,1.3333333333333333,768,1024,0.5929692586263021,466330,normal,True,False,False,False,False,False,0,466330,0.5929692586263021,770.5516185800589,484.70011150901723,389.38846524993033,22,59,963,731,942,673
ISIC_0011366,True,True,768,1024,786432,1.3333333333333333,768,1024,0.4048487345377604,318386,normal,True,False,False,False,False,False,0,318386,0.40484873453776044,636.6958816342772,534.887250067528,354.51468657541477,178,65,873,645,696,581
ISIC_0011367,True,True,768,1024,786432,1.3333333333333333,768,1024,0.0529925028483072,41675,normal,True,False,False,False,False,False,0,41675,0.05299250284830729,230.35246477265642,493.71877624475104,379.31532093581285,376,269,613,493,238,225
ISIC_0011372,True,True,768,1024,786432,1.3333333333333333,768,1024,0.0418561299641927,32917,small,True,False,False,False,False,False,0,32917,0.04185612996419271,204.72231459723034,441.4549928608318,403.21751678464017,323,302,567,502,245,201
ISIC_0011373,True,True,768,1024,786432,1.3333333333333333,768,1024,0.7632967631022135,600281,normal,True,False,True,False,False,True,1,600281,0.7632967631022135,874.2433912550716,476.09655311429145,431.6502671248965,1,3,1022,767,1022,765
ISIC_0011374,True,True,768,1024,786432,1.3333333333333333,768,1024,0.6377423604329427,501541,normal,True,False,True,False,False,True,1,501541,0.6377423604329427,799.113155007486,412.08800676315593,402.8095828656082,4,16,828,767,825,752
ISIC_0011378,True,True,768,1024,786432,1.3333333333333333,768,1024,0.2068188985188802,162649,normal,True,False,False,False,False,False,0,162649,0.20681889851888022,455.0726740990163,502.0770554998801,336.7741148116496,304,30,703,644,400,615
ISIC_0011382,True,True,768,1024,786432,1.3333333333333333,768,1024,0.3095906575520833,243472,normal,True,False,False,False,False,False,0,243472,0.3095906575520833,556.7748004676214,587.2983135637774,475.13745317736743,224,183,923,720,700,538
ISIC_0011383,True,True,768,1024,786432,1.3333333333333333,768,1024,0.1317125956217447,103583,normal,True,False,False,False,False,False,0,103583,0.13171259562174478,363.16108238948505,623.9027253506849,342.118233686995,416,181,834,519,419,339
ISIC_0011384,True,True,768,1024,786432,1.3333333333333333,768,1024,0.2599220275878906,204411,normal,True,False,False,False,False,False,0,204411,0.2599220275878906,510.16092419829585,501.48156899579766,361.6960975681348,153,155,843,550,691,396
ISIC_0011385,True,True,768,1024,786432,1.3333333333333333,768,1024,0.2425409952799479,190742,normal,True,False,False,False,False,False,0,190742,0.2425409952799479,492.80854014705795,478.36285663356784,468.557821560013,193,250,738,716,546,467
ISIC_0011386,True,True,768,1024,786432,1.3333333333333333,768,1024,0.0925877888997395,72814,normal,True,False,False,False,False,False,0,72814,0.09258778889973958,304.4826172548215,482.7280742714313,443.6083994836158,323,296,629,589,307,294
ISIC_0011387,True,True,768,1024,786432,1.3333333333333333,768,1024,0.6165733337402344,484893,normal,True,True,False,False,False,True,1,484893,0.6165733337402344,785.7384695719481,646.4055637016827,359.2169406446371,140,0,1021,765,882,766
ISIC_0011390,True,True,768,1024,786432,1.3333333333333333,768,1024,0.7651621500651041,601748,normal,True,False,True,False,True,True,2,601748,0.7651621500651041,875.3110016247338,499.61838842837864,378.16868190671175,1,1,1023,767,1023,767
ISIC_0011393,True,True,768,1024,786432,1.3333333333333333,768,1024,0.0424906412760416,33416,small,True,False,False,False,False,False,0,33416,0.042490641276041664,206.268205564673,539.2531422073258,335.6807517356955,432,210,665,458,234,249
ISIC_0011397,True,True,768,1024,786432,1.3333333333333333,768,1024,0.3664906819661458,288220,normal,True,False,False,False,False,False,0,288220,0.3664906819661458,605.7830482801319,496.44514259940325,355.33019221428077,68,81,915,602,848,522
ISIC_0011398,True,True,768,1024,786432,1.3333333333333333,768,1024,0.3930066426595052,309073,normal,True,False,False,False,False,False,0,309073,0.3930066426595052,627.3148856913336,535.8748903980613,427.6368430759076,222,115,838,766,617,652
ISIC_0011402,True,True,768,1024,786432,1.3333333333333333,768,1024,0.7151781717936198,562439,normal,True,False,True,True,False,True,2,562439,0.7151781717936198,846.2384866580462,455.07058543237576,462.56879057106636,0,73,1020,767,1021,695
ISIC_0012086,True,True,2848,4288,12212224,1.5056179775280898,2848,4288,0.472066267372757,5764979,normal,True,False,False,False,False,False,0,5764979,0.472066267372757,2709.280206506476,2129.6982355009445,1474.6227599441386,746,110,3588,2745,2843,2636
ISIC_0012089,True,True,2848,4288,12212224,1.5056179775280898,2848,4288,0.0150728483198473,184073,tiny,True,False,False,False,False,False,0,184073,0.015072848319847391,484.11674492629936,2420.705263672565,1294.9017998294155,2206,984,2651,1559,446,576
ISIC_0012090,True,True,2848,4288,12212224,1.5056179775280898,2848,4288,0.188426612548214,2301108,normal,True,False,False,False,False,False,0,2301108,0.188426612548214,1711.6838791980372,2480.519781774693,1087.4033013661244,1601,179,3375,2114,1775,1936
ISIC_0012092,True,True,2848,4288,12212224,1.5056179775280898,2848,4288,0.1061734537460171,1296614,normal,True,False,False,False,False,False,0,1296614,0.10617345374601711,1284.8736198775498,2021.3975547078776,1699.2456027776964,1307,977,2697,2413,1391,1437
ISIC_0012094,True,True,2000,3008,6016000,1.504,2000,3008,0.0205222739361702,123462,small,True,False,False,False,False,False,0,123462,0.02052227393617021,396.48039128321676,1588.5408465762746,1069.1308256791563,1364,891,1809,1250,446,360
ISIC_0012095,True,True,2000,3008,6016000,1.504,2000,3008,0.0472313829787234,284144,small,True,False,False,False,False,False,0,284144,0.0472313829787234,601.4843116817163,1694.3432590517484,918.552205923757,1348,647,2052,1184,705,538
ISIC_0012097,True,True,2000,3008,6016000,1.504,2000,3008,0.0312032912234042,187719,small,True,False,False,False,False,False,0,187719,0.031203291223404254,488.8877724980857,1386.4238249724322,972.7891209733698,1129,750,1668,1218,540,469
ISIC_0012099,True,True,2000,3008,6016000,1.504,2000,3008,0.0147032912234042,88455,tiny,True,False,False,False,False,False,0,88455,0.014703291223404255,335.59559581369484,1490.390831496241,940.8983324854446,1293,782,1668,1093,376,312
ISIC_0012102,True,True,2000,3008,6016000,1.504,2000,3008,0.0384453125,231287,small,True,False,False,False,False,False,0,231287,0.0384453125,542.6635740338221,1632.060556797399,1005.0945491964529,1317,766,1950,1234,634,469
ISIC_0012105,True,True,2000,3008,6016000,1.504,2000,3008,0.0296743683510638,178521,small,True,False,False,False,False,False,0,178521,0.02967436835106383,476.75989425041405,1549.0361918205701,1012.6491505201069,1317,750,1762,1281,446,532
ISIC_0012107,True,True,2000,3008,6016000,1.504,2000,3008,0.151516954787234,911526,normal,True,False,False,False,False,False,0,911526,0.15151695478723404,1077.3072677997973,1485.927148539921,944.7199333864311,776,422,2209,1484,1434,1063
ISIC_0012108,True,True,2000,3008,6016000,1.504,2000,3008,0.0597056183510638,359189,normal,True,False,False,False,False,False,0,359189,0.05970561835106383,676.2644740291171,1432.952565362525,1059.454426499698,1058,719,1786,1437,729,719
ISIC_0012109,True,True,2000,3008,6016000,1.504,2000,3008,0.0215118018617021,129415,small,True,False,False,False,False,False,0,129415,0.021511801861702127,405.92646585545646,1525.2242243943901,998.7984236757717,1317,782,1739,1203,423,422
ISIC_0012116,True,True,2000,3008,6016000,1.504,2000,3008,0.0442014627659574,265916,small,True,False,False,False,False,False,0,265916,0.04420146276595745,581.8717786401016,1537.0673520961507,875.1171121707607,1225,576,1859,1175,635,600
ISIC_0012118,True,True,2000,3008,6016000,1.504,2000,3008,0.0406067154255319,244290,small,True,False,False,False,False,False,0,244290,0.04060671542553192,557.7093224820192,1518.5865487739982,946.6171476523804,1199,719,1856,1218,658,500
ISIC_0012126,True,True,2000,3008,6016000,1.504,2000,3008,0.0125167885638297,75301,tiny,True,False,False,False,False,False,0,75301,0.012516788563829788,309.63883955037437,1503.5823030238641,880.3632488280368,1317,750,1692,1015,376,266
ISIC_0012127,True,True,2000,3008,6016000,1.504,2000,3008,0.0177134308510638,106564,tiny,True,False,False,False,False,False,0,106564,0.01771343085106383,368.3496964097539,1380.271864794865,1088.2110187305282,1202,880,1581,1294,380,415
ISIC_0012134,True,True,2000,3008,6016000,1.504,2000,3008,0.804710272606383,4841137,normal,True,False,False,False,False,False,0,4841137,0.804710272606383,2482.7257339224066,1431.5820171996786,999.0507515073422,83,11,2787,1994,2705,1984
ISIC_0012135,True,True,2000,3008,6016000,1.504,2000,3008,0.0281145279255319,169137,small,True,False,False,False,False,False,0,169137,0.028114527925531915,464.0602513444469,1357.6802591981648,553.2389542205431,1105,333,1620,805,516,473
ISIC_0012136,True,True,2000,3008,6016000,1.504,2000,3008,0.4435339095744681,2668300,normal,True,False,False,False,False,False,0,2668300,0.4435339095744681,1843.1996845748522,1571.9414233781808,1224.9184750590264,367,375,2662,1995,2296,1621
ISIC_0012137,True,True,2000,3008,6016000,1.504,2000,3008,0.0480378989361702,288996,small,True,False,False,False,False,False,0,288996,0.04803789893617021,606.5980015383195,1433.02225636341,954.057779346427,1113,608,1751,1323,639,716
ISIC_0012143,True,True,2000,3008,6016000,1.504,2000,3008,0.1868892952127659,1124326,normal,True,False,False,False,False,False,0,1124326,0.18688929521276595,1196.4682713611367,1528.6576437794731,1114.5345015591563,870,391,2232,1703,1363,1313
ISIC_0012147,True,True,2000,3008,6016000,1.504,2000,3008,0.0351742021276595,211608,small,True,False,False,False,False,False,0,211608,0.03517420212765957,519.0642287639539,1562.515750822275,886.3000170125894,1271,543,1858,1203,588,661
ISIC_0012148,True,True,2000,3008,6016000,1.504,2000,3008,0.0487096077127659,293037,small,True,False,False,False,False,False,0,293037,0.04870960771276596,610.8242762616413,1411.359452901852,1031.889553196354,1011,704,1833,1343,823,640
ISIC_0012149,True,True,2000,3008,6016000,1.504,2000,3008,0.051971409574468,312660,normal,True,False,False,False,False,False,0,312660,0.05197140957446809,630.9445903222373,1663.961789163948,992.4171304292203,1346,705,1991,1302,646,598
ISIC_0012151,True,True,2000,3008,6016000,1.504,2000,3008,0.2590250997340425,1558295,normal,True,False,False,False,False,False,0,1558295,0.25902509973404253,1408.5747464593708,1585.8328198447662,1089.9737212787052,847,313,2350,1812,1504,1500
ISIC_0012155,True,True,2000,3008,6016000,1.504,2000,3008,0.0386374667553191,232443,small,True,False,False,False,False,False,0,232443,0.03863746675531915,544.0180323269399,1488.4781903520434,1146.4650688555905,1150,925,1817,1359,668,435
ISIC_0012156,True,True,2000,3008,6016000,1.504,2000,3008,0.0186291555851063,112073,tiny,True,False,False,False,False,False,0,112073,0.01862915558510638,377.7509437408514,1484.446218089995,975.3961257394734,1199,844,1739,1125,541,282
ISIC_0012159,True,True,2000,3008,6016000,1.504,2000,3008,0.0545309175531914,328058,normal,True,False,False,False,False,False,0,328058,0.05453091755319149,646.2943745436193,1470.8420584164994,1165.4052819928183,1082,875,1973,1452,892,578
ISIC_0012160,True,True,2000,3008,6016000,1.504,2000,3008,0.0182564827127659,109831,tiny,True,False,False,False,False,False,0,109831,0.01825648271276596,373.9534361893305,1481.2212581147398,952.0906756744453,1293,704,1645,1218,353,515
ISIC_0012164,True,True,2000,3008,6016000,1.504,2000,3008,0.0187524933510638,112815,tiny,True,False,False,False,False,False,0,112815,0.01875249335106383,378.99936575052124,1514.0177635952666,921.5669547489252,1317,719,1692,1140,376,422
ISIC_0012167,True,True,2000,3008,6016000,1.504,2000,3008,0.0503095079787234,302662,normal,True,False,False,False,False,False,0,302662,0.050309507978723404,620.7746991370008,1588.9719588187484,1107.4151958290106,1293,755,1861,1462,569,708
ISIC_0012173,True,True,2000,3008,6016000,1.504,2000,3008,0.077768284574468,467854,normal,True,False,False,False,False,False,0,467854,0.07776828457446809,771.8097006144227,1518.7978749780914,1071.944664361104,1176,594,1880,1546,705,953
ISIC_0012177,True,True,2000,3008,6016000,1.504,2000,3008,0.0312878989361702,188228,small,True,False,False,False,False,False,0,188228,0.03128789893617021,489.5501333126263,1572.1903542512273,1075.9777025734747,1293,860,1856,1281,564,422
ISIC_0012178,True,True,2000,3008,6016000,1.504,2000,3008,0.073860704787234,444346,normal,True,False,False,False,False,False,0,444346,0.07386070478723404,752.1694614545918,1382.4365787021825,802.4539885584657,789,379,1858,1318,1070,940
ISIC_0012179,True,True,2000,3008,6016000,1.504,2000,3008,0.0060704787234042,36520,very_tiny,True,False,False,False,False,False,0,36520,0.006070478723404256,215.6355911572302,1568.6380065717415,979.2396221248631,1441,849,1728,1101,288,253
ISIC_0012182,True,True,2000,3008,6016000,1.504,2000,3008,0.0307549867021276,185022,small,True,False,False,False,False,False,0,185022,0.03075498670212766,485.3630878486633,1518.0144090972965,719.1462636875615,1223,500,1786,921,564,422
ISIC_0012187,True,True,2000,3008,6016000,1.504,2000,3008,0.0342627992021276,206125,small,True,False,False,False,False,False,0,206125,0.03426279920212766,512.295326114279,1581.9821855670102,971.0362304426925,1293,704,1880,1203,588,500
ISIC_0012191,True,True,2000,3008,6016000,1.504,2000,3008,0.0367697805851063,221207,small,True,False,False,False,False,False,0,221207,0.03676978058510638,530.7066044173854,1467.7032191567175,944.7614994100549,1238,632,1695,1271,458,640
ISIC_0012201,True,True,2000,3008,6016000,1.504,2000,3008,0.0600561835106382,361298,normal,True,False,False,False,False,False,0,361298,0.060056183510638295,678.2469321963239,1531.882653654324,903.1045148326313,1152,563,1880,1265,729,703
ISIC_0012203,True,True,2000,3008,6016000,1.504,2000,3008,0.0235664893617021,141776,small,True,False,False,False,False,False,0,141776,0.023566489361702126,424.87034456922555,1565.6994766392056,962.0206311364406,1364,719,1739,1203,376,485
ISIC_0012204,True,True,2000,3008,6016000,1.504,2000,3008,0.0284946808510638,171424,small,True,False,False,False,False,False,0,171424,0.02849468085106383,467.1871313688772,1489.8314355049467,888.8375023333956,1201,667,1749,1130,549,464
ISIC_0012205,True,True,2000,3008,6016000,1.504,2000,3008,0.0388774933510638,233887,small,True,False,False,False,False,False,0,233887,0.03887749335106383,545.7052110796387,1455.5179467007572,961.9720292277894,1152,704,1786,1218,635,515
ISIC_0012206,True,True,2000,3008,6016000,1.504,2000,3008,0.104737034574468,630098,normal,True,False,False,False,False,False,0,630098,0.10473703457446809,895.6928550895874,1650.8856542950462,984.7479344482922,1223,516,2138,1484,916,969
ISIC_0012207,True,True,2000,3008,6016000,1.504,2000,3008,0.1266476063829787,761912,normal,True,False,False,False,False,False,0,761912,0.12664760638297873,984.9347633261085,1473.928982612165,1026.4355660496226,921,519,2016,1504,1096,986
ISIC_0012208,True,True,2000,3008,6016000,1.504,2000,3008,0.0462121010638297,278012,small,True,False,False,False,False,False,0,278012,0.04621210106382979,594.958714795331,1568.9264779937557,1059.207768010014,1223,797,1880,1312,658,516
ISIC_0012210,True,True,2000,3008,6016000,1.504,2000,3008,0.1316291555851063,791881,normal,True,False,False,False,False,False,0,791881,0.13162915558510638,1004.1186204450277,1570.507686129608,735.6187785791047,964,250,2255,1233,1292,984
ISIC_0012211,True,True,2000,3008,6016000,1.504,2000,3008,0.0785211103723404,472383,normal,True,False,False,False,False,False,0,472383,0.07852111037234043,775.5364052451893,1550.1233871667694,1034.4885929425911,1129,594,1950,1390,822,797
ISIC_0012212,True,True,2000,3008,6016000,1.504,2000,3008,0.0274875332446808,165365,small,True,False,False,False,False,False,0,165365,0.02748753324468085,458.85646700807234,1539.9200133039035,999.9356453904998,1246,813,1808,1202,563,390
ISIC_0012213,True,True,2000,3008,6016000,1.504,2000,3008,0.0151173537234042,90946,tiny,True,False,False,False,False,False,0,90946,0.015117353723404255,340.2881773372153,1560.6258658984452,964.7113561893871,1364,813,1762,1093,399,281
ISIC_0012216,True,True,2000,3008,6016000,1.504,2000,3008,0.2078427526595744,1250382,normal,True,False,False,False,False,False,0,1250382,0.20784275265957447,1261.7590136095887,1509.7320890735791,971.5405436098728,890,272,2114,1671,1225,1400
ISIC_0012221,True,True,2000,3008,6016000,1.504,2000,3008,0.0324985039893617,195511,small,True,False,False,False,False,False,0,195511,0.0324985039893617,498.9311942850601,1533.7659620174825,986.5289881387748,1293,750,1786,1234,494,485
ISIC_0012222,True,True,2000,3008,6016000,1.504,2000,3008,0.0322616356382978,194086,small,True,False,False,False,False,False,0,194086,0.03226163563829787,497.10961595956763,1472.4541801057264,1001.1348732005399,1246,750,1715,1265,470,516
ISIC_0012223,True,True,2848,4288,12212224,1.5056179775280898,2848,4288,0.5747030188768237,7018402,normal,True,False,False,False,False,False,0,7018402,0.5747030188768237,2989.332194194609,2024.6288623820635,1433.3308878573785,463,48,3545,2787,3083,2740
ISIC_0012224,True,True,2848,4288,12212224,1.5056179775280898,2848,4288,0.0827470082435435,1010525,normal,True,False,False,False,False,False,0,1010525,0.08274700824354352,1134.3017195365173,1689.7813661215705,1427.4583280967813,1097,845,2266,2026,1170,1182
ISIC_0012227,True,True,2848,4288,12212224,1.5056179775280898,2848,4288,0.2725505198725473,3328448,normal,True,False,False,False,False,False,0,3328448,0.27255051987254736,2058.6188613229656,1931.540168871498,1355.6253983838715,1013,236,2959,2523,1947,2288
ISIC_0012228,True,True,2848,4288,12212224,1.5056179775280898,2848,4288,0.0540927680330789,660593,normal,True,False,False,False,False,False,0,660593,0.05409276803307899,917.1112967220693,1983.0932041362837,1568.2147131440993,1506,1106,2469,2078,964,973
ISIC_0012230,True,True,2848,4288,12212224,1.5056179775280898,2848,4288,0.0196711098650008,240228,tiny,True,False,False,False,False,False,0,240228,0.019671109865000837,553.0531523756453,2083.2023910618245,1440.4574196180295,1742,1202,2378,1691,637,490
ISIC_0012232,True,True,2848,4288,12212224,1.5056179775280898,2848,4288,0.041337351820602,504821,small,True,False,False,False,False,False,0,504821,0.041337351820602046,801.7219344715159,2335.0388097959476,1399.7445510388832,1910,1091,2847,1780,938,690
ISIC_0012233,True,True,2848,4288,12212224,1.5056179775280898,2848,4288,0.0373297279840265,455879,small,True,False,False,False,False,False,0,455879,0.0373297279840265,761.8682106600336,2197.1957997626564,1695.382825267231,1843,1313,2546,2091,704,779
ISIC_0012235,True,True,2848,4288,12212224,1.5056179775280898,2848,4288,0.0481405352538571,587903,small,True,False,False,False,False,False,0,587903,0.04814053525385712,865.1828408310213,2122.2764996946776,1570.851865018549,1642,1202,2613,1958,972,757
ISIC_0012238,True,True,2848,4288,12212224,1.5056179775280898,2848,4288,0.0811956937573369,991580,normal,True,False,False,False,False,False,0,991580,0.08119569375733691,1123.6186487276243,2211.6934922043606,1576.7597581637388,1617,1017,2791,2119,1175,1103
ISIC_0012245,True,True,2848,4288,12212224,1.5056179775280898,2848,4288,0.1804400246834647,2203574,normal,True,False,False,False,False,False,0,2203574,0.1804400246834647,1675.0156884489893,2090.7537486828214,1488.664112028913,1257,686,2959,2311,1703,1626
ISIC_0012246,True,True,2848,4288,12212224,1.5056179775280898,2848,4288,0.1333289497474006,1628243,normal,True,False,False,False,False,False,0,1628243,0.13332894974740064,1439.8414412838017,2042.323218954419,1166.1594755819617,1307,490,2780,1913,1474,1424
ISIC_0012248,True,True,2848,4288,12212224,1.5056179775280898,2848,4288,0.3737083433779138,4563810,normal,True,False,False,False,False,False,0,4563810,0.3737083433779138,2410.5649476124436,2023.1778871162471,1423.3306226595762,977,28,3065,2803,2089,2776
ISIC_0012250,True,True,2000,3008,6016000,1.504,2000,3008,0.0321692154255319,193530,small,True,False,False,False,False,False,0,193530,0.032169215425531916,496.3970679734078,1378.4876608277787,879.3069084896398,1105,657,1645,1109,541,453
ISIC_0012253,True,True,2848,4288,12212224,1.5056179775280898,2848,4288,0.1038134413518782,1267793,normal,True,False,False,False,False,False,0,1267793,0.10381344135187826,1270.513353782016,2287.051550213639,1420.1909688726787,1675,646,2847,2091,1173,1446
ISIC_0012256,True,True,2848,4288,12212224,1.5056179775280898,2848,4288,0.0877470803024903,1071587,normal,True,False,False,False,False,False,0,1071587,0.08774708030249036,1168.069751352255,2397.7346645675993,1516.5525962894287,1644,952,3045,2013,1402,1062
ISIC_0012257,True,True,2848,4288,12212224,1.5056179775280898,2848,4288,0.0369674680058276,451455,small,True,False,False,False,False,False,0,451455,0.036967468005827606,758.1624883020875,2344.4034023324584,1473.605484489041,1876,1091,2780,1891,905,801
ISIC_0012258,True,True,2848,4288,12212224,1.5056179775280898,2848,4288,0.0534285974446587,652482,normal,True,False,False,False,False,False,0,652482,0.05342859744465873,911.4635947902079,2481.253211582848,1683.2208398086077,2085,1172,2935,2207,851,1036
ISIC_0012259,True,True,2848,4288,12212224,1.5056179775280898,2848,4288,0.0385255789608837,470483,small,True,False,False,False,False,False,0,470483,0.03852557896088378,773.9751680290741,2070.750813525675,1652.3590735478222,1642,1158,2479,2024,838,867
ISIC_0012260,True,True,2000,3008,6016000,1.504,2000,3008,0.0266758643617021,160482,small,True,False,False,False,False,False,0,160482,0.026675864361702127,452.03100404528493,1526.8463566007404,911.7820067048018,1317,657,1762,1156,446,500
ISIC_0012261,True,True,2848,4288,12212224,1.5056179775280898,2848,4288,0.0416437661150008,508563,small,True,False,False,False,False,False,0,508563,0.04164376611500084,804.6878417058061,1938.5125481012185,1684.0872595922235,1545,1252,2327,2111,783,860
ISIC_0012263,True,True,2848,4288,12212224,1.5056179775280898,2848,4288,0.0394146881026748,481341,small,True,False,False,False,False,False,0,481341,0.03941468810267483,782.8552840099937,1959.7530399446546,1791.080450242136,1568,1414,2391,2223,824,810
ISIC_0012266,True,True,2848,4288,12212224,1.5056179775280898,2848,4288,0.1523074748710799,1860013,normal,True,False,False,False,False,False,0,1860013,0.15230747487107998,1538.9093882751786,2025.4811815831395,1148.1113110499766,762,429,2966,2054,2205,1626
ISIC_0012268,True,True,2848,4288,12212224,1.5056179775280898,2848,4288,0.0332921341763793,406571,small,True,False,False,False,False,False,0,406571,0.03329213417637934,719.4875085382093,1895.1715247767302,1596.3620425460745,1586,1069,2180,2098,595,1030
ISIC_0012271,True,True,2848,4288,12212224,1.5056179775280898,2848,4288,0.0268572702236709,327987,small,True,False,False,False,False,False,0,327987,0.02685727022367097,646.2244335825224,2107.3498705741385,1939.0428888949866,1709,1692,2512,2202,804,511
ISIC_0012272,True,True,2848,4288,12212224,1.5056179775280898,2848,4288,0.2588327891791044,3160924,normal,True,False,False,False,False,False,0,3160924,0.25883278917910446,2006.1439217320499,1919.147650497133,1440.5725303740298,1063,171,2659,2779,1597,2609
ISIC_0012273,True,True,2000,3008,6016000,1.504,2000,3008,0.3946517619680851,2374225,normal,True,False,False,False,False,False,0,2374225,0.3946517619680851,1738.665338154195,1240.8052265476103,947.744076066927,241,208,2227,1723,1987,1516
ISIC_0012278,True,True,2000,3008,6016000,1.504,2000,3008,0.0142967087765957,86009,tiny,True,False,False,False,False,False,0,86009,0.014296708776595744,330.9230424179111,1574.091757839296,996.717634201072,1397,824,1762,1167,366,344
ISIC_0012281,True,True,2848,4288,12212224,1.5056179775280898,2848,4288,0.019536572535846,238585,tiny,True,False,False,False,False,False,0,238585,0.01953657253584605,551.1586493747865,2147.7920782949473,1413.1022989710166,1802,1145,2456,1664,655,520
ISIC_0012282,True,True,2848,4288,12212224,1.5056179775280898,2848,4288,0.0539228563118396,658518,normal,True,False,False,False,False,False,0,658518,0.05392285631183968,915.6697868336106,2305.4419985482555,1460.727685499865,1843,980,2814,1958,972,979
ISIC_0012284,True,True,2000,3008,6016000,1.504,2000,3008,0.1311994680851063,789296,normal,True,False,False,False,False,False,0,789296,0.13119946808510638,1002.4783686949485,1379.0576336380775,1049.8721379558492,800,532,1903,1515,1104,984
ISIC_0012285,True,True,2000,3008,6016000,1.504,2000,3008,0.0149453125,89911,tiny,True,False,False,False,False,False,0,89911,0.0149453125,338.34633248593553,1610.6787601072172,1076.6007051417512,1418,887,1795,1278,378,392
ISIC_0012288,True,True,2848,4288,12212224,1.5056179775280898,2848,4288,0.0296159814952624,361677,small,True,False,False,False,False,False,0,361677,0.029615981495262452,678.602577965321,1984.238132366725,1172.9115813280912,1642,801,2345,1557,704,757
ISIC_0012290,True,True,2000,3008,6016000,1.504,2000,3008,0.5387160904255319,3240916,normal,True,True,True,False,False,True,2,3240916,0.5387160904255319,2031.3695902924471,1501.1270656197198,956.3354579384347,424,0,2655,1999,2232,2000
ISIC_0012298,True,True,2848,4288,12212224,1.5056179775280898,2848,4288,0.0845620748522136,1032691,normal,True,False,False,False,False,False,0,1032691,0.08456207485221365,1146.6747658739596,1987.9541837781098,1648.2349018244568,1374,1158,2780,2136,1407,979
ISIC_0012299,True,True,2000,3008,6016000,1.504,2000,3008,0.1765302526595744,1062006,normal,True,False,False,False,False,False,0,1062006,0.17653025265957448,1162.8362034035624,1488.5742387519467,1044.344131765734,894,516,2115,1656,1222,1141
ISIC_0012303,True,True,2000,3008,6016000,1.504,2000,3008,0.0287757646276595,173115,small,True,False,False,False,False,False,0,173115,0.028775764627659576,469.4857439654879,1700.0497357248073,927.9575715564798,1434,735,1974,1125,541,391
ISIC_0012306,True,True,2000,3008,6016000,1.504,2000,3008,0.026188829787234,157552,small,True,False,False,False,False,False,0,157552,0.026188829787234042,447.88551746190046,1517.086758657459,946.7345574794354,1270,719,1739,1171,470,453
ISIC_0012309,True,True,2848,4288,12212224,1.5056179775280898,2848,4288,0.0307049723293644,374976,small,True,False,False,False,False,False,0,374976,0.030704972329364415,690.9661869633075,1747.1285682283667,1484.2135283324799,1441,1135,2110,1891,670,757
ISIC_0012311,True,True,2000,3008,6016000,1.504,2000,3008,0.0779745678191489,469095,normal,True,False,False,False,False,False,0,469095,0.07797456781914894,772.8326495675122,1449.4352380647842,1019.1789317728818,929,715,1924,1361,996,647
ISIC_0012313,True,True,2000,3008,6016000,1.504,2000,3008,0.027477892287234,165307,small,True,False,False,False,False,False,0,165307,0.027477892287234042,458.77599045889,1465.0078702051335,922.1398246898195,1223,704,1692,1156,470,453
ISIC_0012314,True,True,2000,3008,6016000,1.504,2000,3008,0.3206717087765957,1929161,normal,True,False,False,False,False,False,0,1929161,0.32067170877659573,1567.2536723073363,1449.0974008908536,896.6093452023963,633,148,2243,1657,1611,1510
ISIC_0012316,True,True,2000,3008,6016000,1.504,2000,3008,0.018127659574468,109056,tiny,True,False,False,False,False,False,0,109056,0.018127659574468085,372.6317374978115,1492.765047315141,1016.1224691901408,1317,813,1668,1234,352,422
ISIC_0012318,True,True,2000,3008,6016000,1.504,2000,3008,0.0426183510638297,256392,small,True,False,False,False,False,False,0,256392,0.04261835106382979,571.3566603740065,1276.43972120815,1258.9027426752784,870,985,1621,1500,752,516
ISIC_0012320,True,True,2000,3008,6016000,1.504,2000,3008,0.041938829787234,252304,small,True,False,False,False,False,False,0,252304,0.041938829787234046,566.7834066862407,1453.1847414230451,1028.7324259623313,1152,766,1786,1312,635,547
ISIC_0012323,True,True,2000,3008,6016000,1.504,2000,3008,0.4966931515957447,2988106,normal,True,False,False,False,False,False,0,2988106,0.4966931515957447,1950.531907726815,1697.9709528376839,1004.5753172745545,629,91,2773,1864,2145,1774
ISIC_0012324,True,True,2000,3008,6016000,1.504,2000,3008,0.0550181183510638,330989,normal,True,False,False,False,False,False,0,330989,0.05501811835106383,649.1750793679212,1466.1806162742569,1062.339186498645,1129,750,1833,1375,705,626
ISIC_0012325,True,True,2000,3008,6016000,1.504,2000,3008,0.1045372340425531,628896,normal,True,False,False,False,False,False,0,628896,0.10453723404255319,894.8381176088583,1432.31529696484,976.3233666615783,844,607,2027,1361,1184,755
ISIC_0012329,True,True,2000,3008,6016000,1.504,2000,3008,0.1116168550531915,671487,normal,True,False,False,False,False,False,0,671487,0.1116168550531915,924.6425266964418,1522.6865925922616,1078.0420767639582,1047,615,2000,1537,954,923
ISIC_0012330,True,True,2000,3008,6016000,1.504,2000,3008,0.0761748670212766,458268,normal,True,False,False,False,False,False,0,458268,0.0761748670212766,763.861859033879,1731.271668543298,1027.5340106662477,1313,676,2173,1357,861,682
ISIC_0012332,True,True,2000,3008,6016000,1.504,2000,3008,0.0708686835106383,426346,normal,True,False,False,False,False,False,0,426346,0.0708686835106383,736.7771623358434,1506.4268364192462,1160.2380273299152,1129,813,1903,1531,775,719
ISIC_0012333,True,True,2000,3008,6016000,1.504,2000,3008,0.0178359375,107301,tiny,True,False,False,False,False,False,0,107301,0.0178359375,369.621260738107,1534.5208059570741,993.0114630804932,1270,813,1739,1156,470,344
ISIC_0012334,True,True,2000,3008,6016000,1.504,2000,3008,0.0464049202127659,279172,small,True,False,False,False,False,False,0,279172,0.04640492021276596,596.1986499337321,1484.697587866978,827.7902404252576,1176,485,1762,1140,587,656
ISIC_0012335,True,True,2000,3008,6016000,1.504,2000,3008,0.0282069481382978,169693,small,True,False,False,False,False,False,0,169693,0.028206948138297872,464.8223725948913,1594.4359048399167,941.9875186365966,1364,704,1856,1187,493,484
ISIC_0012338,True,True,2000,3008,6016000,1.504,2000,3008,0.0359881981382978,216505,small,True,False,False,False,False,False,0,216505,0.03598819813829787,525.0359298494593,1644.8868709729568,956.7379506246969,1340,719,1974,1156,635,438
ISIC_0012342,True,True,2848,4288,12212224,1.5056179775280898,2848,4288,0.1154937872086198,1410436,normal,True,False,False,False,False,False,0,1410436,0.11549378720861982,1340.0831655229774,1907.2850919857406,1568.8477208466034,1249,864,2599,2319,1351,1456
ISIC_0012348,True,True,2000,3008,6016000,1.504,2000,3008,0.1119571143617021,673534,normal,True,False,False,False,False,False,0,673534,0.11195711436170212,926.0508212423621,1651.8111676619146,1061.720165574418,1037,668,2247,1499,1211,832
ISIC_0012351,True,True,2000,3008,6016000,1.504,2000,3008,0.0311486037234042,187390,small,True,False,False,False,False,False,0,187390,0.031148603723404257,488.4591674724942,1702.9601259405517,982.2437323229628,1411,719,1927,1218,517,500
ISIC_0012356,True,True,2000,3008,6016000,1.504,2000,3008,0.495727892287234,2982299,normal,True,True,False,True,True,True,3,2982299,0.495727892287234,1948.6356819642124,1320.8475920757778,805.9107104954936,0,0,3007,1992,3008,1993
ISIC_0012357,True,True,2000,3008,6016000,1.504,2000,3008,0.0738289561170212,444155,normal,True,False,False,False,False,False,0,444155,0.07382895611702128,752.0077858585283,1588.849590796006,862.2131530659342,1197,392,1984,1442,788,1051
ISIC_0012358,True,True,2000,3008,6016000,1.504,2000,3008,0.0715530252659574,430463,normal,True,False,False,False,False,False,0,430463,0.07155302526595744,740.3259512845219,1701.6971888408527,1241.715980235235,1175,896,2252,1564,1078,669
ISIC_0012360,True,True,2000,3008,6016000,1.504,2000,3008,0.0477378656914893,287191,small,True,False,False,False,False,False,0,287191,0.04773786569148936,604.70070124983,1578.544362462612,1194.0393884209464,1340,766,1833,1593,494,828
ISIC_0012363,True,True,2848,4288,12212224,1.5056179775280898,2848,4288,0.0551068339395019,672977,normal,True,False,False,False,False,False,0,672977,0.05510683393950193,925.6678287038152,1835.2688784312095,1521.323880310917,1366,932,2362,2149,997,1218
ISIC_0012369,True,True,2848,4288,12212224,1.5056179775280898,2848,4288,0.1371725575947509,1675182,normal,True,False,False,False,False,False,0,1675182,0.13717255759475097,1460.4478652209873,2232.840118267746,1743.2940605856559,1398,1032,3026,2353,1629,1322
ISIC_0012372,True,True,2000,3008,6016000,1.504,2000,3008,0.0515739694148936,310269,normal,True,False,False,False,False,False,0,310269,0.05157396941489362,628.5274538995367,1593.9258643306293,1035.4130512555234,1251,681,1929,1375,679,695
ISIC_0012374,True,True,2000,3008,6016000,1.504,2000,3008,0.0418826462765957,251966,small,True,False,False,False,False,False,0,251966,0.04188264627659574,566.4036326938061,1530.613376407928,973.988621480676,1199,657,1880,1296,682,640
ISIC_0012376,True,True,2000,3008,6016000,1.504,2000,3008,0.0097797539893617,58835,very_tiny,True,False,False,False,False,False,0,58835,0.009779753989361702,273.6988283031064,1545.9390838786437,972.9178040282145,1364,844,1692,1078,329,235
ISIC_0012378,True,True,2000,3008,6016000,1.504,2000,3008,0.0195611702127659,117680,tiny,True,False,False,False,False,False,0,117680,0.019561170212765957,387.08504185053954,1615.880192046227,937.3837695445276,1387,750,1833,1109,447,360
ISIC_0012379,True,True,2000,3008,6016000,1.504,2000,3008,0.4775274268617021,2872805,normal,True,False,False,False,False,False,0,2872805,0.47752742686170213,1912.5294586784537,1484.840275271033,1018.0145683400021,529,33,2549,1920,2021,1888
ISIC_0012381,True,True,2000,3008,6016000,1.504,2000,3008,0.1233249667553191,741923,normal,True,False,False,False,False,False,0,741923,0.12332496675531915,971.9288568349775,1562.1446983042715,951.502145101311,997,567,2204,1355,1208,789
ISIC_0012382,True,True,2000,3008,6016000,1.504,2000,3008,0.3989554521276596,2400116,normal,True,False,False,False,False,False,0,2400116,0.3989554521276596,1748.1197336428588,1570.6099309366714,902.2974618726762,635,63,2444,1718,1810,1656
ISIC_0012384,True,True,2848,4288,12212224,1.5056179775280898,2848,4288,0.0535225197310498,653629,normal,True,False,False,False,False,False,0,653629,0.05352251973104981,912.264375269417,2027.1162065942606,1213.292468663416,1508,779,2546,1624,1039,846
ISIC_0012390,True,True,2000,3008,6016000,1.504,2000,3008,0.1310413896276595,788345,normal,True,False,False,False,False,False,0,788345,0.13104138962765957,1001.8742580255478,1573.3886179274302,1036.6041212920738,857,614,2387,1371,1531,758
ISIC_0012391,True,True,2000,3008,6016000,1.504,2000,3008,0.0334983377659574,201526,small,True,False,False,False,False,False,0,201526,0.033498337765957446,506.54799623757117,1575.9143931800363,908.0676041801058,1345,628,1868,1218,524,591
ISIC_0012395,True,True,2000,3008,6016000,1.504,2000,3008,0.101766954787234,612230,normal,True,False,False,False,False,False,0,612230,0.10176695478723405,882.9017196003238,1588.9071198732502,935.6688515753883,1087,424,2089,1466,1003,1043
ISIC_0012400,True,True,2848,4288,12212224,1.5056179775280898,2848,4288,0.1366690457037145,1669033,normal,True,False,False,False,False,False,0,1669033,0.13666904570371458,1457.7650074919356,2291.0634942508627,1473.0142759310331,1241,861,3217,2045,1977,1185
ISIC_0012406,True,True,2848,4288,12212224,1.5056179775280898,2848,4288,0.0082441167145312,100679,very_tiny,True,False,False,False,False,False,0,100679,0.008244116714531275,358.0341940714482,2077.432284786301,1447.7907011392645,1876,1269,2277,1624,402,356
ISIC_0012413,True,True,2000,3008,6016000,1.504,2000,3008,0.0413319481382978,248653,small,True,False,False,False,False,False,0,248653,0.04133194813829787,562.667603934181,1666.750326760586,1042.2729828314962,1387,750,1927,1343,541,594
ISIC_0012415,True,True,2000,3008,6016000,1.504,2000,3008,0.0148076795212765,89083,tiny,True,False,False,False,False,False,0,89083,0.014807679521276595,336.7847953272869,1534.942693892213,991.5954334721552,1353,832,1717,1152,365,321
ISIC_0012417,True,True,2848,4288,12212224,1.5056179775280898,2848,4288,0.4860755092602297,5936063,normal,True,True,False,False,False,True,1,5936063,0.48607550926022974,2749.187180175123,2470.673090228321,1529.0042784249426,804,0,3885,2846,3082,2847
ISIC_0012425,True,True,2848,4288,12212224,1.5056179775280898,2848,4288,0.0169695544398792,207236,tiny,True,False,False,False,False,False,0,207236,0.016969554439879256,513.6740895672432,1582.3983091740818,1094.4788405489394,1262,811,1896,1361,635,551
ISIC_0012432,True,True,2000,3008,6016000,1.504,2000,3008,0.1744609375,1049557,normal,True,False,False,False,False,False,0,1049557,0.1744609375,1156.0006387773335,1575.0805396943663,976.988082591036,1019,409,2175,1565,1157,1157
ISIC_0012434,True,True,2000,3008,6016000,1.504,2000,3008,0.0375184507978723,225711,small,True,False,False,False,False,False,0,225711,0.03751845079787234,536.0822426472624,1801.3135779824643,1064.1797386923986,1505,829,2091,1312,587,484
ISIC_0012435,True,True,2000,3008,6016000,1.504,2000,3008,0.0502265625,302163,normal,True,False,False,False,False,False,0,302163,0.0502265625,620.2627512238753,1599.461035930938,884.780257675493,1270,610,1950,1171,681,562
ISIC_0012442,True,True,2000,3008,6016000,1.504,2000,3008,0.0702642952127659,422710,normal,True,False,False,False,False,False,0,422710,0.07026429521276596,733.6287126026357,1482.0328239218377,996.5003856071538,1082,641,1880,1343,799,703
ISIC_0012445,True,True,2848,4288,12212224,1.5056179775280898,2848,4288,0.0387378253133909,473075,small,True,False,False,False,False,False,0,473075,0.038737825313390914,776.1042440455967,2091.2173334037943,1565.8946594091847,1734,1095,2526,1990,793,896
ISIC_0012447,True,True,2000,3008,6016000,1.504,2000,3008,0.1535164561170212,923555,normal,True,False,False,False,False,False,0,923555,0.15351645611702128,1084.392340316863,1529.2678129618703,1150.152484692303,1033,539,2043,1730,1011,1192
ISIC_0012448,True,True,2000,3008,6016000,1.504,2000,3008,0.0175259308510638,105436,tiny,True,False,False,False,False,False,0,105436,0.01752593085106383,366.39498446170984,1474.2438161538753,979.4202075192534,1296,787,1652,1169,357,383
ISIC_0012450,True,True,2848,4288,12212224,1.5056179775280898,2848,4288,0.0337909786129045,412663,small,True,False,False,False,False,False,0,412663,0.03379097861290458,724.8578138152658,2236.918197172996,1320.7703719499932,1876,935,2613,1713,738,779
ISIC_0012453,True,True,2848,4288,12212224,1.5056179775280898,2848,4288,0.0362707071209961,442946,small,True,False,False,False,False,False,0,442946,0.03627070712099614,750.9835972791026,2328.391774618125,1698.6609902787247,1910,1313,2713,2024,804,712
ISIC_0012455,True,True,2000,3008,6016000,1.504,2000,3008,0.054423204787234,327410,normal,True,False,False,False,False,False,0,327410,0.054423204787234045,645.6557591640762,1645.690773036865,814.3589169542776,1246,532,2044,1062,799,531
ISIC_0012464,True,True,2848,4288,12212224,1.5056179775280898,2848,4288,0.0280023523970736,341971,small,True,False,False,False,False,False,0,341971,0.02800235239707362,659.856802914563,2033.8531220483608,1248.7639595170351,1719,936,2380,1602,662,667
ISIC_0012469,True,True,2848,4288,12212224,1.5056179775280898,2848,4288,0.2321147237390994,2834637,normal,True,False,False,False,False,False,0,2834637,0.23211472373909944,1899.7820725992358,2106.9761962466446,1387.9808268219176,1137,319,3140,2382,2004,2064
ISIC_0012473,True,True,2848,4288,12212224,1.5056179775280898,2848,4288,0.1574289826324836,1922558,normal,True,False,False,False,False,False,0,1922558,0.15742898263248364,1564.5692291001203,1971.1069585416928,1806.3681428596692,1105,926,3062,2591,1958,1666
ISIC_0012475,True,True,2848,4288,12212224,1.5056179775280898,2848,4288,0.1120234119518279,1368055,normal,True,False,False,False,False,False,0,1368055,0.11202341195182794,1319.796092346338,1918.0586964705367,1545.4410539049966,1105,956,2649,2311,1545,1356
ISIC_0012478,True,True,2848,4288,12212224,1.5056179775280898,2848,4288,0.1290990076827939,1576586,normal,True,False,False,False,False,False,0,1576586,0.1290990076827939,1416.8174338551285,2303.4715143988337,1427.9623788362956,1608,712,3082,2136,1475,1425
ISIC_0012481,True,True,2848,4288,12212224,1.5056179775280898,2848,4288,0.0076636327666443,93590,very_tiny,True,False,False,False,False,False,0,93590,0.007663632766644306,345.199201899083,2163.9831499091783,1590.374238700716,1998,1391,2331,1786,334,396
ISIC_0012484,True,True,2848,4288,12212224,1.5056179775280898,2848,4288,0.1189998643981636,1453253,normal,True,False,False,False,False,False,0,1453253,0.11899986439816368,1360.2717331860606,2102.075141080046,1479.089445540453,1405,792,2787,2198,1383,1407
ISIC_0012487,True,True,2000,3008,6016000,1.504,2000,3008,0.0484453125,291447,small,True,False,False,False,False,False,0,291447,0.0484453125,609.1648755422697,1471.0519442643088,1054.1559974883942,1085,691,1882,1398,798,708
ISIC_0012489,True,True,2848,4288,12212224,1.5056179775280898,2848,4288,0.1307729042637934,1597028,normal,True,False,False,False,False,False,0,1597028,0.1307729042637934,1425.9730725540744,2347.2271037201604,1445.2099362065035,1720,638,3068,2266,1349,1629
ISIC_0012493,True,True,2848,4288,12212224,1.5056179775280898,2848,4288,0.0726982243365336,887807,normal,True,False,False,False,False,False,0,887807,0.07269822433653363,1063.198467122997,2500.7228823381656,1184.0442292074742,1815,769,3125,1651,1311,883
ISIC_0012494,True,True,2848,4288,12212224,1.5056179775280898,2848,4288,0.083325363177092,1017588,normal,True,False,False,False,False,False,0,1017588,0.08332536317709206,1138.2588817347153,2454.875648101196,1160.4933558571838,1768,607,3030,1706,1263,1100
ISIC_0012495,True,True,2848,4288,12212224,1.5056179775280898,2848,4288,0.0250548958158644,305976,small,True,False,False,False,False,False,0,305976,0.025054895815864498,624.1640352823016,2190.741721572934,1182.8703787225143,1843,868,2479,1513,637,646
ISIC_0012496,True,True,2848,4288,12212224,1.5056179775280898,2848,4288,0.0519269053695706,634143,normal,True,False,False,False,False,False,0,634143,0.05192690536957069,898.563266897212,2012.3856448782058,1215.8345436281722,1508,801,2479,1668,972,868
ISIC_0012503,True,True,2848,4288,12212224,1.5056179775280898,2848,4288,0.0469735078557353,573651,small,True,False,False,False,False,False,0,573651,0.04697350785573537,854.6315803180169,2125.2997345075664,1733.032538947897,1608,1291,2680,2158,1073,868
ISIC_0012506,True,True,2848,4288,12212224,1.5056179775280898,2848,4288,0.0175213785793644,213975,tiny,True,False,False,False,False,False,0,213975,0.017521378579364415,521.9592240632466,1885.3851150835378,1534.5970136698213,1608,1291,2177,1780,570,490
ISIC_0012508,True,True,2848,4288,12212224,1.5056179775280898,2848,4288,0.0563956245807479,688716,normal,True,False,False,False,False,False,0,688716,0.05639562458074795,936.4296269831611,1090.1886292753472,1303.6613684014892,469,868,1641,1691,1173,824
ISIC_0012510,True,True,2848,4288,12212224,1.5056179775280898,2848,4288,0.9272833515009224,11324192,normal,True,True,False,False,False,True,1,11324192,0.9272833515009223,3797.1580249673007,2128.372242275652,1413.153360787242,13,0,4228,2832,4216,2833
ISIC_0012511,True,True,2848,4288,12212224,1.5056179775280898,2848,4288,0.0527096456796075,643702,normal,True,False,False,False,False,False,0,643702,0.05270964567960758,905.3103564110563,1897.2746674703512,1994.3266076538523,1307,1647,2479,2336,1173,690
ISIC_0012512,True,True,2848,4288,12212224,1.5056179775280898,2848,4288,0.0969146979288948,1183544,normal,True,False,False,False,False,False,0,1183544,0.09691469792889486,1227.5728180983942,1875.4003332364491,1572.1330689860283,1305,760,2527,2343,1223,1584
ISIC_0012516,True,True,2848,4288,12212224,1.5056179775280898,2848,4288,0.1175621246383951,1435695,normal,True,False,False,False,False,False,0,1435695,0.1175621246383951,1352.0294553664685,2085.6016103698908,1178.729026708319,1307,468,2847,1824,1541,1357
ISIC_0012517,True,True,2848,4288,12212224,1.5056179775280898,2848,4288,0.1072903674220191,1310254,normal,True,False,False,False,False,False,0,1310254,0.10729036742201911,1291.6141863758799,2096.615834792338,1223.783877019265,1505,502,2771,1909,1267,1408
ISIC_0012518,True,True,2848,4288,12212224,1.5056179775280898,2848,4288,0.1472918446304293,1798761,normal,True,False,False,False,False,False,0,1798761,0.14729184463042932,1513.3583966553879,1503.581570314233,1418.9241728056145,629,532,2336,2258,1708,1727
ISIC_0012520,True,True,2848,4288,12212224,1.5056179775280898,2848,4288,0.0509713054722874,622473,normal,True,False,False,False,False,False,0,622473,0.05097130547228744,890.2568388560297,1918.9934326468779,1564.7878606782945,1340,1135,2445,1958,1106,824
ISIC_0012521,True,True,2848,4288,12212224,1.5056179775280898,2848,4288,0.0679140015774358,829381,normal,True,False,False,False,False,False,0,829381,0.06791400157743585,1027.618940489126,2165.2873299484795,1327.1350501156887,1575,824,2713,1824,1139,1001
ISIC_0012523,True,True,2848,4288,12212224,1.5056179775280898,2848,4288,0.00585102271298,71454,very_tiny,True,False,False,False,False,False,0,71454,0.005851022712980044,301.62569258852324,2292.725529711423,1555.969644806449,2117,1380,2467,1714,351,335
ISIC_0012526,True,True,2848,4288,12212224,1.5056179775280898,2848,4288,0.0505880828913717,617793,normal,True,False,False,False,False,False,0,617793,0.050588082891371795,886.9038719391017,2329.303258534817,1145.918317300455,1809,735,2814,1579,1006,845
ISIC_0012529,True,True,2848,4288,12212224,1.5056179775280898,2848,4288,0.0227947014401308,278374,small,True,False,False,False,False,False,0,278374,0.022794701440130807,595.3459372718572,2246.83973359581,1416.9098299410146,1977,1091,2512,1757,536,667
ISIC_0012538,True,True,2848,4288,12212224,1.5056179775280898,2848,4288,0.0224141810697216,273727,small,True,False,False,False,False,False,0,273727,0.022414181069721616,590.3558595133294,2047.9028813379755,1710.9942205189843,1675,1425,2412,1980,738,556
ISIC_0012539,True,True,2848,4288,12212224,1.5056179775280898,2848,4288,0.0192915721165939,235593,tiny,True,False,False,False,False,False,0,235593,0.019291572116593995,547.6918148583117,2110.4845475035336,1410.0325773685975,1809,1158,2412,1668,604,511
ISIC_0012544,True,True,2848,4288,12212224,1.5056179775280898,2848,4288,0.0052521964877159,64141,very_tiny,True,False,False,False,False,False,0,64141,0.005252196487715915,285.7741374562402,2181.6061333624357,1330.2059836921783,2044,1180,2311,1468,268,289
ISIC_0012547,True,True,2848,4288,12212224,1.5056179775280898,2848,4288,0.0468940792438789,572681,small,True,False,False,False,False,False,0,572681,0.04689407924387892,853.9087162680082,2198.861121636653,1441.1218461936053,1742,1046,2646,1891,905,846
ISIC_0012548,True,True,2848,4288,12212224,1.5056179775280898,2848,4288,0.2658249635774777,3246314,normal,True,False,False,False,False,False,0,3246314,0.26582496357747776,2033.0605892170024,2053.2873388094927,1363.1170798635005,1021,332,3067,2375,2047,2044
ISIC_0012549,True,True,2848,4288,12212224,1.5056179775280898,2848,4288,0.0506413082498323,618443,normal,True,False,False,False,False,False,0,618443,0.0506413082498323,887.3703194070941,2093.773901556004,1589.6909626271135,1608,1113,2546,2002,939,890
ISIC_0012550,True,True,2848,4288,12212224,1.5056179775280898,2848,4288,0.0428589419912376,523403,small,True,False,False,False,False,False,0,523403,0.04285894199123763,816.3439210486096,1960.0562816796999,1598.5937375215656,1508,1158,2412,2047,905,890
ISIC_0012551,True,True,2848,4288,12212224,1.5056179775280898,2848,4288,0.0322656217245933,394035,small,True,False,False,False,False,False,0,394035,0.032265621724593324,708.308509062061,1802.7785196746481,1083.0372581115892,1438,704,2268,1465,831,762
ISIC_0012653,True,True,1536,2304,3538944,1.5,1536,2304,0.0422770182291666,149616,small,True,False,False,False,False,False,0,149616,0.042277018229166664,436.45962897511623,1405.8777670837344,880.5252646775746,1224,624,1583,1152,360,529
ISIC_0012654,True,True,1536,2304,3538944,1.5,1536,2304,0.0207211529767071,73331,small,True,False,False,False,False,False,0,73331,0.020721152976707177,305.56166162490706,1069.2942684539962,816.0598519043788,869,662,1256,968,388,307
ISIC_0012655,True,True,1536,2304,3538944,1.5,1536,2304,0.0177001953125,62640,tiny,True,False,False,False,False,False,0,62640,0.0177001953125,282.4105612086959,1198.7344827586207,705.5551724137931,1080,552,1331,851,252,300
ISIC_0012656,True,True,1536,2304,3538944,1.5,1536,2304,0.0865503946940104,306297,normal,True,False,False,False,False,False,0,306297,0.08655039469401042,624.4913552914453,1083.4093151418394,781.2324084140556,732,441,1425,1079,694,639
ISIC_0012657,True,True,1536,2304,3538944,1.5,1536,2304,0.0251668294270833,89064,small,True,False,False,False,False,False,0,89064,0.025166829427083332,336.74887796738466,1151.9583670169766,847.1653193209378,972,672,1331,1020,360,349
ISIC_0012658,True,True,1536,2304,3538944,1.5,1536,2304,0.0989990234375,350352,normal,True,False,False,False,False,False,0,350352,0.0989990234375,667.89371982154,1068.1991368680642,706.8995067817509,720,397,1403,1044,684,648
ISIC_0012659,True,True,1536,2304,3538944,1.5,1536,2304,0.0128173828125,45360,tiny,True,False,False,False,False,False,0,45360,0.0128173828125,240.32092241248364,1146.5285714285715,726.7571428571429,1044,588,1241,863,198,276
ISIC_0012660,True,True,1536,2304,3538944,1.5,1536,2304,0.0597186618381076,211341,normal,True,False,False,False,False,False,0,211341,0.05971866183810764,518.736656333321,1302.8934660099083,682.2278166564936,1044,397,1600,995,557,599
ISIC_0012661,True,True,1536,2304,3538944,1.5,1536,2304,0.1011098225911458,357822,normal,True,False,False,False,False,False,0,357822,0.10110982259114583,674.9763850507849,1140.5829630374878,761.2401613092543,719,478,1534,1054,816,577
ISIC_0012662,True,True,2000,3008,6016000,1.504,2000,3008,0.0087932180851063,52900,very_tiny,True,False,False,False,False,False,0,52900,0.008793218085106382,259.5272084319679,1545.596616257089,1008.1301890359168,1413,827,1675,1153,263,327
ISIC_0012663,True,True,2000,3008,6016000,1.504,2000,3008,0.0257029587765957,154629,small,True,False,False,False,False,False,0,154629,0.025702958776595744,443.7113448660666,1506.0500876290994,1007.5911827664927,1246,813,1739,1234,494,422
ISIC_0012664,True,True,2000,3008,6016000,1.504,2000,3008,0.0713153257978723,429033,normal,True,False,False,False,False,False,0,429033,0.07131532579787234,739.0952452805802,1563.3508844308014,1039.8860157610254,1176,657,1927,1421,752,765
ISIC_0012665,True,True,2000,3008,6016000,1.504,2000,3008,0.010393284574468,62526,tiny,True,False,False,False,False,False,0,62526,0.010393284574468085,282.1534613895615,1560.7855292198446,1089.4934267344784,1387,969,1739,1203,353,235
ISIC_0012666,True,True,2000,3008,6016000,1.504,2000,3008,0.0134336768617021,80817,tiny,True,False,False,False,False,False,0,80817,0.013433676861702128,320.77936387314827,1525.0217528490293,990.2810547285843,1364,829,1692,1140,329,312
ISIC_0012669,True,True,2000,3008,6016000,1.504,2000,3008,0.0281530917553191,169369,small,True,False,False,False,False,False,0,169369,0.02815309175531915,464.3784108378099,1492.4084395609586,1012.0131429010031,1250,801,1767,1231,518,431
ISIC_0012670,True,True,2000,3008,6016000,1.504,2000,3008,0.0282257313829787,169806,small,True,False,False,False,False,False,0,169806,0.028225731382978722,464.97711140796923,1479.7417641308316,873.7317880404697,1226,600,1733,1131,508,532
ISIC_0012671,True,True,2000,3008,6016000,1.504,2000,3008,0.128814494680851,774948,normal,True,False,False,False,False,False,0,774948,0.12881449468085107,993.3249411513963,1501.311899637137,996.4364731569086,992,433,2010,1518,1019,1086
ISIC_0012672,True,True,2000,3008,6016000,1.504,2000,3008,0.0729607712765957,438932,normal,True,False,False,False,False,False,0,438932,0.07296077127659574,747.5731267573055,1517.7951641712157,971.8061544840658,1011,641,1974,1265,964,625
ISIC_0012673,True,True,2000,3008,6016000,1.504,2000,3008,0.0728344414893617,438172,normal,True,False,False,False,False,False,0,438172,0.0728344414893617,746.9256440876131,1513.696295062213,967.5176140876185,1011,641,1974,1265,964,625
ISIC_0012674,True,True,2000,3008,6016000,1.504,2000,3008,0.086854222074468,522515,normal,True,False,False,False,False,False,0,522515,0.08685422207446808,815.6511268411842,1635.4322517056926,1037.1574155765863,1129,610,2091,1406,963,797
ISIC_0012675,True,True,2000,3008,6016000,1.504,2000,3008,0.0226512632978723,136270,small,True,False,False,False,False,False,0,136270,0.02265126329787234,416.5385369459357,1530.1234534380274,972.2717692815734,1340,735,1715,1203,376,469
ISIC_0012676,True,True,2000,3008,6016000,1.504,2000,3008,0.0148439162234042,89301,tiny,True,False,False,False,False,False,0,89301,0.014843916223404256,337.1966259979402,1481.0446019641438,1035.131331116113,1317,875,1668,1203,352,329
ISIC_0012677,True,True,2000,3008,6016000,1.504,2000,3008,0.0103191489361702,62080,tiny,True,False,False,False,False,False,0,62080,0.010319148936170213,281.1453555319008,1477.0115012886597,974.2495972938144,1317,844,1621,1109,305,266
ISIC_0012678,True,True,2000,3008,6016000,1.504,2000,3008,0.0664217087765957,399593,normal,True,False,False,False,False,False,0,399593,0.06642170877659574,713.2864848007131,1579.2488056597588,1037.930561846679,1223,625,1927,1484,705,860
ISIC_0012679,True,True,2000,3008,6016000,1.504,2000,3008,0.0121627327127659,73171,tiny,True,False,False,False,False,False,0,73171,0.012162732712765958,305.22812899177,1533.448278689645,1001.3752306241544,1387,844,1668,1156,282,313
ISIC_0012680,True,True,2000,3008,6016000,1.504,2000,3008,0.0444376662234042,267337,small,True,False,False,False,False,False,0,267337,0.044437666223404254,583.4244082748546,1554.4673314954532,994.9518398126709,1270,688,1856,1265,587,578
ISIC_0012681,True,True,2000,3008,6016000,1.504,2000,3008,0.0148399268617021,89277,tiny,True,False,False,False,False,False,0,89277,0.014839926861702128,337.15131148391094,1514.952361750507,1024.7833708569956,1340,860,1692,1187,353,328
ISIC_0012682,True,True,2000,3008,6016000,1.504,2000,3008,0.0079921875,48081,very_tiny,True,False,False,False,False,False,0,48081,0.0079921875,247.42398944001238,1577.711632453568,984.7345521099811,1434,875,1715,1093,282,219
ISIC_0012683,True,True,2000,3008,6016000,1.504,2000,3008,0.006227892287234,37467,very_tiny,True,False,False,False,False,False,0,37467,0.006227892287234043,218.4135206954742,1491.8809352229962,896.1357995035631,1387,797,1598,999,212,203
ISIC_0012684,True,True,2000,3008,6016000,1.504,2000,3008,0.1428503989361702,859388,normal,True,False,False,False,False,False,0,859388,0.14285039893617021,1046.043395787604,1467.9247383021407,885.6581381168925,1011,282,1950,1500,940,1219
ISIC_0012685,True,True,2000,3008,6016000,1.504,2000,3008,0.0412109375,247925,small,True,False,False,False,False,False,0,247925,0.0412109375,561.8433181310118,1524.0083412322274,958.8381244327921,1246,688,1833,1234,588,547
ISIC_0012690,True,True,2000,3008,6016000,1.504,2000,3008,0.0654986702127659,394040,normal,True,False,False,False,False,False,0,394040,0.06549867021276595,708.3130029919283,1504.3275301999797,1022.5256750583698,1223,547,1809,1468,587,922
ISIC_0012693,True,True,2000,3008,6016000,1.504,2000,3008,0.037862034574468,227778,small,True,False,False,False,False,False,0,227778,0.03786203457446809,538.531296231413,1476.6591813081159,921.3515133155968,1199,641,1739,1187,541,547
ISIC_0012697,True,True,2000,3008,6016000,1.504,2000,3008,0.0320405585106383,192756,small,True,False,False,False,False,False,0,192756,0.0320405585106383,495.40343325916814,1461.783804395194,964.5489997717322,1270,672,1668,1265,399,594
ISIC_0012699,True,True,2000,3008,6016000,1.504,2000,3008,0.0300272606382978,180644,small,True,False,False,False,False,False,0,180644,0.030027260638297873,479.58636794548147,1547.2237107238548,931.0414959810456,1317,688,1786,1187,470,500
ISIC_0012700,True,True,2000,3008,6016000,1.504,2000,3008,0.0376796875,226681,small,True,False,False,False,False,False,0,226681,0.0376796875,537.2329227068194,1468.9206153140317,928.8373176402081,1158,669,1817,1192,660,524
ISIC_0012701,True,True,2000,3008,6016000,1.504,2000,3008,0.0183711768617021,110521,tiny,True,False,False,False,False,False,0,110521,0.01837117686170213,375.1262557108939,1552.6985369296333,976.1279485346677,1364,750,1739,1187,376,438
ISIC_0012702,True,True,2000,3008,6016000,1.504,2000,3008,0.0112147606382978,67468,tiny,True,False,False,False,False,False,0,67468,0.011214760638297872,293.09200876890515,1571.1682130787929,973.0588723543013,1411,834,1740,1105,330,272
ISIC_0012704,True,True,2000,3008,6016000,1.504,2000,3008,0.0267446808510638,160896,small,True,False,False,False,False,False,0,160896,0.02674468085106383,452.61368714358247,1513.6017427406523,998.4398182677008,1270,782,1739,1234,470,453
ISIC_0012705,True,True,2000,3008,6016000,1.504,2000,3008,0.0144828789893617,87129,tiny,True,False,False,False,False,False,0,87129,0.014482878989361701,333.07069563867367,1503.186275522501,1010.4738261658001,1236,786,1741,1231,506,446
ISIC_0012706,True,True,2000,3008,6016000,1.504,2000,3008,0.0819830452127659,493210,normal,True,False,False,False,False,False,0,493210,0.08198304521276596,792.4484058024406,1441.4812513939296,948.8385697775796,1066,513,1803,1401,738,889
ISIC_0012708,True,True,2000,3008,6016000,1.504,2000,3008,0.0656602393617021,395012,normal,True,False,False,False,False,False,0,395012,0.06566023936170212,709.1860821004076,1470.216142800725,987.70701902727,1093,607,1860,1375,768,769
ISIC_0012710,True,True,2000,3008,6016000,1.504,2000,3008,0.011782579787234,70884,tiny,True,False,False,False,False,False,0,70884,0.011782579787234043,300.4202254992285,1506.1861209864003,994.6683736809435,1364,829,1645,1156,282,328
ISIC_0012711,True,True,2000,3008,6016000,1.504,2000,3008,0.0131225066489361,78945,tiny,True,False,False,False,False,False,0,78945,0.01312250664893617,317.04241965250867,1477.927291152068,994.1032110963329,1317,844,1645,1140,329,297
ISIC_0012713,True,True,2000,3008,6016000,1.504,2000,3008,0.0102253989361702,61516,tiny,True,False,False,False,False,False,0,61516,0.010225398936170213,279.865331604199,1554.4312861694518,991.5274237596723,1392,814,1691,1139,300,326
ISIC_0012715,True,True,2000,3008,6016000,1.504,2000,3008,0.2370487034574468,1426085,normal,True,False,False,False,False,False,0,1426085,0.2370487034574468,1347.4968705543047,1211.0221908231276,1068.0283482401119,415,406,1995,1725,1581,1320
ISIC_0012719,True,True,2000,3008,6016000,1.504,2000,3008,0.0919464760638297,553150,normal,True,False,False,False,False,False,0,553150,0.09194647606382979,839.2213380093807,1576.6051468860164,999.3866347283739,1129,532,2044,1437,916,906
ISIC_0012720,True,True,2000,3008,6016000,1.504,2000,3008,0.1629647606382978,980396,normal,True,False,False,False,False,False,0,980396,0.16296476063829787,1117.2640496767872,1366.9251618733654,1073.3542833712092,800,469,1903,1765,1104,1297
ISIC_0012721,True,True,2000,3008,6016000,1.504,2000,3008,0.1200063164893617,721958,normal,True,False,False,False,False,False,0,721958,0.1200063164893617,958.7624707078958,1432.3649492075717,1023.6726596283994,941,516,1927,1531,987,1016
ISIC_0012722,True,True,2000,3008,6016000,1.504,2000,3008,0.0132746010638297,79860,tiny,True,False,False,False,False,False,0,79860,0.013274601063829787,318.8744424417706,1509.926308539945,993.2057726020536,1351,815,1686,1157,336,343
ISIC_0012725,True,True,2000,3008,6016000,1.504,2000,3008,0.0261733710106382,157459,small,True,False,False,False,False,False,0,157459,0.026173371010638297,447.7533087253002,1520.129316202948,942.1622136556183,1317,704,1715,1187,399,484
ISIC_0012726,True,True,2000,3008,6016000,1.504,2000,3008,0.0161145279255319,96945,tiny,True,False,False,False,False,False,0,96945,0.016114527925531915,351.3320475908088,1479.2503584506678,919.4504306565578,1293,766,1692,1062,400,297
ISIC_0012735,True,True,2000,3008,6016000,1.504,2000,3008,0.0277681183510638,167053,small,True,False,False,False,False,False,0,167053,0.02776811835106383,461.1924605483519,1415.340778076419,915.504666183786,1176,704,1668,1140,493,437
ISIC_0012737,True,True,2000,3008,6016000,1.504,2000,3008,0.0609375,366600,normal,True,False,False,False,False,False,0,366600,0.0609375,683.2053989101013,1490.863717948718,989.3642007637752,1105,672,1856,1281,752,610
ISIC_0012739,True,True,2000,3008,6016000,1.504,2000,3008,0.0134321808510638,80808,tiny,True,False,False,False,False,False,0,80808,0.013432180851063829,320.76150194647585,1518.8063434313435,1013.0498341748341,1364,860,1692,1156,329,297
ISIC_0012740,True,True,2000,3008,6016000,1.504,2000,3008,0.0113086768617021,68033,tiny,True,False,False,False,False,False,0,68033,0.011308676861702128,294.3166762977717,1517.759557861626,967.5716196551673,1357,800,1665,1143,309,344
ISIC_0012741,True,True,2000,3008,6016000,1.504,2000,3008,0.0318174867021276,191414,small,True,False,False,False,False,False,0,191414,0.03181748670212766,493.67587971860286,1462.1773955927988,997.6168200863051,1223,750,1692,1265,470,516
ISIC_0012742,True,True,2000,3008,6016000,1.504,2000,3008,0.0070181183510638,42221,very_tiny,True,False,False,False,False,False,0,42221,0.00701811835106383,231.85652205246095,1458.876649060894,924.2350489093105,1340,813,1598,1046,259,234
ISIC_0012744,True,True,2000,3008,6016000,1.504,2000,3008,0.011673204787234,70226,tiny,True,False,False,False,False,False,0,70226,0.011673204787234043,299.022608290028,1554.9989035399994,977.1465126876086,1411,844,1715,1125,305,282
ISIC_0012746,True,True,2000,3008,6016000,1.504,2000,3008,0.0208071808510638,125176,small,True,False,False,False,False,False,0,125176,0.02080718085106383,399.2230369752837,1505.3033249185148,962.1916821115869,1223,782,1761,1124,539,343
ISIC_0012749,True,True,2000,3008,6016000,1.504,2000,3008,0.6021909906914894,3622781,normal,True,False,False,False,False,False,0,3622781,0.6021909906914894,2147.7122784756803,1945.0342598683167,1103.0980981185448,747,4,2989,1993,2243,1990
ISIC_0012756,True,True,2592,3872,10036224,1.4938271604938271,2592,3872,0.2368325975984593,2376905,normal,True,False,False,False,False,False,0,2376905,0.23683259759845934,1739.6463548890424,2001.186605270299,1163.089541651854,1059,304,2964,2004,1906,1701
ISIC_0012758,True,True,602,639,384678,1.0614617940199336,602,639,0.0648100489240351,24931,normal,True,False,False,False,False,False,0,24931,0.06481004892403516,178.16603236810417,311.18531145962856,305.46660783763184,202,215,415,386,214,172
ISIC_0012768,True,True,2000,3008,6016000,1.504,2000,3008,0.1908620345744681,1148226,normal,True,False,False,False,False,False,0,1148226,0.1908620345744681,1209.1181701939133,1507.2521019381202,1091.9999224891267,914,405,2081,1726,1168,1322
ISIC_0012770,True,True,2000,3008,6016000,1.504,2000,3008,0.0222707779255319,133981,small,True,False,False,False,False,False,0,133981,0.022270777925531914,413.02531089893495,1504.6299997760877,992.5028474186638,1270,813,1739,1171,470,359
ISIC_0012773,True,True,2000,3008,6016000,1.504,2000,3008,0.4317746010638298,2597556,normal,True,False,False,False,False,False,0,2597556,0.4317746010638298,1818.6013908671935,1432.9653347223314,921.5986531185468,4,268,2815,1615,2812,1348
ISIC_0012777,True,True,2000,3008,6016000,1.504,2000,3008,0.010197972074468,61351,tiny,True,False,False,False,False,False,0,61351,0.010197972074468086,279.489748128705,1501.2283744356246,974.5697217649264,1364,829,1645,1109,282,281
ISIC_0012786,True,True,2592,3872,10036224,1.4938271604938271,2592,3872,0.2189581460118865,2197513,normal,True,False,False,False,False,False,0,2197513,0.21895814601188654,1672.7105104200193,1426.8906149815723,1134.6637112044389,522,362,2229,1976,1708,1615
ISIC_0012789,True,True,2000,3008,6016000,1.504,2000,3008,0.0118974401595744,71575,tiny,True,False,False,False,False,False,0,71575,0.011897440159574469,301.88097060666024,1546.5273768774014,1024.604498777506,1402,827,1713,1215,312,389
ISIC_0012792,True,True,2000,3008,6016000,1.504,2000,3008,0.090766954787234,546054,normal,True,False,False,False,False,False,0,546054,0.09076695478723404,833.8210517615962,1527.6336735927216,957.5620982540188,1105,532,1997,1421,893,890
ISIC_0012793,True,True,2000,3008,6016000,1.504,2000,3008,0.007876329787234,47384,very_tiny,True,False,False,False,False,False,0,47384,0.007876329787234043,245.62406760684294,1480.5674911362485,1007.0254305250718,1317,891,1621,1109,305,219
ISIC_0012803,True,True,2000,3008,6016000,1.504,2000,3008,0.0505596742021276,304167,normal,True,False,False,False,False,False,0,304167,0.05055967420212766,622.3161998561986,1495.9492449871288,974.2056370349184,1053,662,1876,1287,824,626
ISIC_0012804,True,True,2000,3008,6016000,1.504,2000,3008,0.0361166888297872,217278,small,True,False,False,False,False,False,0,217278,0.03611668882978723,525.9723774125089,1548.7708741796225,910.3913557746297,1214,692,1891,1137,678,446
ISIC_0012806,True,True,2592,3872,10036224,1.4938271604938271,2592,3872,0.169080323436384,1696928,normal,True,False,False,False,False,False,0,1696928,0.16908032343638404,1469.896538593227,2060.0871309802183,1094.4200042665334,1339,358,2762,1877,1424,1520
ISIC_0012810,True,True,2592,3872,10036224,1.4938271604938271,2592,3872,0.0241103626224364,241977,small,True,False,False,False,False,False,0,241977,0.024110362622436488,555.0627760140113,1888.9560578071469,1515.4032490691263,1562,1230,2182,1892,621,663
ISIC_0012813,True,True,2000,3008,6016000,1.504,2000,3008,0.4082026263297872,2455747,normal,True,False,False,False,False,False,0,2455747,0.4082026263297872,1768.2630438553936,1423.3871811713502,983.8713772224908,487,164,2406,1901,1920,1738
ISIC_0012814,True,True,2000,3008,6016000,1.504,2000,3008,0.0573123337765957,344791,normal,True,False,False,False,False,False,0,344791,0.057312333776595746,662.5719099605578,1536.3138538998987,887.4829418401292,1199,516,1856,1265,658,750
ISIC_0012823,True,True,2592,3872,10036224,1.4938271604938271,2592,3872,0.0126914265763697,127374,tiny,True,False,False,False,False,False,0,127374,0.012691426576369758,402.712817987082,1783.849985083298,1387.4048235903717,1543,1195,1996,1559,454,365
ISIC_0012826,True,True,2592,3872,10036224,1.4938271604938271,2592,3872,0.1226952487309968,1231397,normal,True,False,False,False,False,False,0,1231397,0.12269524873099684,1252.1435044228137,2134.3161108886898,1001.7332509336957,1483,304,2722,1680,1240,1377
ISIC_0012828,True,True,2592,3872,10036224,1.4938271604938271,2592,3872,0.2032327098319049,2039689,normal,True,False,False,False,False,False,0,2039689,0.20323270983190492,1611.5249590872986,1724.713654385546,1534.5551910119632,797,643,2642,2382,1846,1740
ISIC_0012835,True,True,2000,3008,6016000,1.504,2000,3008,0.011463597074468,68965,tiny,True,False,False,False,False,False,0,68965,0.011463597074468085,296.32577546116454,1488.2034510258827,946.8582759370695,1317,829,1668,1078,352,250
ISIC_0012836,True,True,2000,3008,6016000,1.504,2000,3008,0.0172147606382978,103564,tiny,True,False,False,False,False,False,0,103564,0.017214760638297872,363.1277739459657,1504.5434224247808,1034.1693638716156,1287,849,1732,1231,446,383
ISIC_0012837,True,True,2592,3872,10036224,1.4938271604938271,2592,3872,0.7229878488164473,7256068,normal,True,True,True,False,True,True,3,7256068,0.7229878488164473,3039.5250808123596,1929.0271531358305,1328.823437569769,18,0,3871,2591,3854,2592
ISIC_0012840,True,True,2592,3872,10036224,1.4938271604938271,2592,3872,0.0990837789192429,994427,normal,True,False,False,False,False,False,0,994427,0.09908377891924293,1125.23054560048,1918.748520504773,1281.36146645254,1241,669,2419,1903,1179,1235
ISIC_0012844,True,True,2000,3008,6016000,1.504,2000,3008,0.0731550864361702,440101,normal,True,False,False,False,False,False,0,440101,0.07315508643617022,748.5679641004482,1420.6906028388937,1013.108127452562,1058,610,1833,1453,776,844
ISIC_0012852,True,True,2592,3872,10036224,1.4938271604938271,2592,3872,0.0942339469505662,945753,normal,True,False,False,False,False,False,0,945753,0.09423394695056626,1097.3468545322917,1873.6493429045427,1059.8590223874521,1367,498,2400,1651,1034,1154
ISIC_0012855,True,True,2000,3008,6016000,1.504,2000,3008,0.0389416555851063,234273,small,True,False,False,False,False,False,0,234273,0.038941655585106386,546.1553330909996,1538.7774647526603,847.4242272903834,1199,610,1856,1093,658,484
ISIC_0012856,True,True,2592,3872,10036224,1.4938271604938271,2592,3872,0.0250947966087644,251857,small,True,False,False,False,False,False,0,251857,0.025094796608764413,566.2811068880577,1787.5784671460392,1087.8059176437423,1453,790,2087,1336,635,547
ISIC_0012865,True,True,2592,3872,10036224,1.4938271604938271,2592,3872,0.0607100837924701,609300,normal,True,False,False,False,False,False,0,609300,0.06071008379247016,880.7864977434285,1954.5651961267029,1254.07308550796,1453,831,2450,1721,998,891
ISIC_0012871,True,True,2592,3872,10036224,1.4938271604938271,2592,3872,0.0546867028874604,548848,normal,True,False,False,False,False,False,0,548848,0.05468670288746046,835.9515402514697,1920.4870601696646,1464.0625327959654,1511,960,2307,1941,797,982
ISIC_0012873,True,True,2000,3008,6016000,1.504,2000,3008,0.011774767287234,70837,tiny,True,False,False,False,False,False,0,70837,0.011774767287234042,300.3206113978938,1433.160650507503,926.2927001425809,1270,766,1574,1078,305,313
ISIC_0012876,True,True,2592,3872,10036224,1.4938271604938271,2592,3872,0.0111142397778287,111545,tiny,True,False,False,False,False,False,0,111545,0.011114239777828792,376.86006025776163,1981.138383611995,1304.1273835671702,1794,1115,2161,1501,368,387
ISIC_0012877,True,True,2592,3872,10036224,1.4938271604938271,2592,3872,0.0806044185542291,808964,normal,True,False,False,False,False,False,0,808964,0.08060441855422916,1014.8915976926482,1900.3683130522495,1255.7330153134133,1387,695,2396,1765,1010,1071
ISIC_0012878,True,True,2592,3872,10036224,1.4938271604938271,2592,3872,0.0619265771668707,621509,normal,True,False,False,False,False,False,0,621509,0.06192657716687073,889.567218488185,1913.5548061250922,1278.624710181188,1392,871,2419,1660,1028,790
ISIC_0012879,True,True,2000,3008,6016000,1.504,2000,3008,0.0288670212765957,173664,small,True,False,False,False,False,False,0,173664,0.028867021276595746,470.2295953009416,1528.9004802377003,991.9933089183711,1223,813,1833,1187,611,375
ISIC_0012880,True,True,2000,3008,6016000,1.504,2000,3008,0.0778987699468085,468639,normal,True,False,False,False,False,False,0,468639,0.07789876994680851,772.4569288996908,1466.0680417122774,817.2621783505001,1068,377,1878,1262,811,886
ISIC_0012883,True,True,2592,3872,10036224,1.4938271604938271,2592,3872,0.0308012256402407,309128,small,True,False,False,False,False,False,0,309128,0.030801225640240792,627.3706990168503,1896.9949244325976,1228.5944171993478,1604,871,2177,1559,574,689
ISIC_0012884,True,True,2000,3008,6016000,1.504,2000,3008,0.0890664893617021,535824,normal,True,False,False,False,False,False,0,535824,0.08906648936170213,825.9735503139152,1591.3399586431365,1101.1410519125684,1199,579,2021,1578,823,1000
ISIC_0012887,True,True,2000,3008,6016000,1.504,2000,3008,0.0194596077127659,117069,tiny,True,False,False,False,False,False,0,117069,0.019459607712765958,386.07885238976866,1597.7928230359873,1072.2669024250656,1411,875,1786,1312,376,438
ISIC_0012888,True,True,2000,3008,6016000,1.504,2000,3008,0.0476394614361702,286599,small,True,False,False,False,False,False,0,286599,0.04763946143617021,604.0771310698269,1534.9089564164565,1061.9815247087395,1246,735,1833,1375,588,641
ISIC_0012889,True,True,2000,3008,6016000,1.504,2000,3008,0.0826486037234042,497214,normal,True,False,False,False,False,False,0,497214,0.08264860372340425,795.6585492508386,1602.5615047042118,692.3668319878362,1199,329,2068,1078,870,750
ISIC_0012891,True,True,2000,3008,6016000,1.504,2000,3008,0.040229222074468,242019,small,True,False,False,False,False,False,0,242019,0.040229222074468086,555.1109451067051,1526.2494680169739,1008.7110474797433,1199,766,1880,1250,682,485
ISIC_0012897,True,True,2000,3008,6016000,1.504,2000,3008,0.0109933510638297,66136,tiny,True,False,False,False,False,False,0,66136,0.010993351063829787,290.1843733397867,1470.085172976896,996.415446957784,1317,829,1598,1156,282,328
ISIC_0012898,True,True,2592,3872,10036224,1.4938271604938271,2592,3872,0.0318656697977247,319811,small,True,False,False,False,False,False,0,319811,0.03186566979772472,638.1191205733434,1986.6369918483103,1019.6060704603657,1679,681,2273,1369,595,689
ISIC_0012901,True,True,2000,3008,6016000,1.504,2000,3008,0.0407305518617021,245035,small,True,False,False,False,False,False,0,245035,0.04073055186170213,558.5590853653538,1534.4996265839575,949.1222437610953,1246,657,1856,1203,611,547
ISIC_0012902,True,True,2592,3872,10036224,1.4938271604938271,2592,3872,0.1599059566625854,1604852,normal,True,False,False,False,False,False,0,1604852,0.15990595666258545,1429.4617972675294,1754.7822503258867,1660.936335562407,1006,887,2443,2476,1438,1590
ISIC_0012903,True,True,2592,3872,10036224,1.4938271604938271,2592,3872,0.0358435602872155,359734,small,True,False,False,False,False,False,0,359734,0.03584356028721559,676.7773299880538,1976.3917644704143,1413.4346378157195,1596,1078,2347,1784,752,707
ISIC_0012904,True,True,2592,3872,10036224,1.4938271604938271,2592,3872,0.1075679458728701,1079576,normal,True,False,False,False,False,False,0,1079576,0.10756794587287012,1172.415819897961,2013.4441725269921,1418.1469743677146,1355,844,2714,1991,1360,1148
ISIC_0012905,True,True,2592,3872,10036224,1.4938271604938271,2592,3872,0.0374669796130496,376027,small,True,False,False,False,False,False,0,376027,0.03746697961304969,691.933845311912,1970.9766213596365,1337.7749044616478,1574,1033,2359,1640,786,608
ISIC_0012907,True,True,2592,3872,10036224,1.4938271604938271,2592,3872,0.0386876578282828,388278,small,True,False,False,False,False,False,0,388278,0.03868765782828283,703.1151427402766,2025.131774141208,1224.497911290364,1634,871,2389,1559,756,689
ISIC_0012911,True,True,2000,3008,6016000,1.504,2000,3008,0.0231333111702127,139170,small,True,False,False,False,False,False,0,139170,0.023133311170212768,420.94744023546764,1500.3153696917439,1023.4358769849824,1292,781,1741,1243,450,463
ISIC_0012930,True,True,2000,3008,6016000,1.504,2000,3008,0.0541108710106383,325531,normal,True,False,False,False,False,False,0,325531,0.0541108710106383,643.800390056718,1443.8654075955899,877.1490457130043,1058,485,1739,1203,682,719
ISIC_0012932,True,True,2000,3008,6016000,1.504,2000,3008,0.1752165890957446,1054103,normal,True,False,False,False,False,False,0,1054103,0.17521658909574467,1158.5014561164649,1432.4420697028659,1035.5356886376378,853,296,2031,1793,1179,1498
ISIC_0012939,True,True,2592,3872,10036224,1.4938271604938271,2592,3872,0.0159308919370472,159886,tiny,True,False,False,False,False,False,0,159886,0.01593089193704724,451.19084415524907,1950.034430781932,1332.662740952929,1664,1155,2208,1498,545,344
ISIC_0012940,True,True,2592,3872,10036224,1.4938271604938271,2592,3872,0.0322408108866442,323576,small,True,False,False,False,False,False,0,323576,0.03224081088664422,641.8642838850164,1836.4113407669295,1157.292345538606,1488,851,2194,1469,707,619
ISIC_0012941,True,True,2592,3872,10036224,1.4938271604938271,2592,3872,0.0965726751415671,969225,normal,True,False,False,False,False,False,0,969225,0.09657267514156719,1110.8805506200647,1864.114832985117,1507.8165266063093,1311,995,2435,2033,1125,1039
ISIC_0012944,True,True,2592,3872,10036224,1.4938271604938271,2592,3872,0.0689359862832874,691857,normal,True,False,False,False,False,False,0,691857,0.06893598628328743,938.5625667486614,2084.4270998197603,1157.0237404550362,1574,628,2571,1599,998,972
ISIC_0012945,True,True,2000,3008,6016000,1.504,2000,3008,0.0057945478723404,34860,very_tiny,True,False,False,False,False,False,0,34860,0.005794547872340425,210.67778841032998,1484.2097532989098,940.0439185312679,1368,825,1579,1057,212,233
ISIC_0012949,True,True,2000,3008,6016000,1.504,2000,3008,0.0169087433510638,101723,tiny,True,False,False,False,False,False,0,101723,0.01690874335106383,359.8857404914718,1714.5354148029453,998.6253059779991,1528,813,1880,1187,353,375
ISIC_0012950,True,True,2592,3872,10036224,1.4938271604938271,2592,3872,0.0690665134616365,693167,normal,True,False,False,False,False,False,0,693167,0.06906651346163657,939.4507094602881,2156.9463592467614,1209.972889649969,1695,750,2631,1701,937,952
ISIC_0012956,True,True,2592,3872,10036224,1.4938271604938271,2592,3872,0.019542309936486,196131,tiny,True,False,False,False,False,False,0,196131,0.019542309936486073,499.7216676795716,1877.6972635636387,1234.5331079737523,1634,993,2117,1498,484,506
ISIC_0012957,True,True,2592,3872,10036224,1.4938271604938271,2592,3872,0.0246331688093051,247224,small,True,False,False,False,False,False,0,247224,0.024633168809305172,561.0484588764199,2034.751852570948,1273.986809533055,1727,1027,2354,1530,628,504
ISIC_0012961,True,True,2000,3008,6016000,1.504,2000,3008,0.0686288231382978,412871,normal,True,False,False,False,False,False,0,412871,0.06862882313829788,725.040470645847,1394.9763461226387,955.2214275161007,1011,563,1739,1359,729,797
ISIC_0012965,True,True,2000,3008,6016000,1.504,2000,3008,0.0085377327127659,51363,very_tiny,True,False,False,False,False,False,0,51363,0.008537732712765957,255.7291589479623,1489.7452251620816,931.9923096392345,1364,797,1621,1062,258,266
ISIC_0012966,True,True,2592,3872,10036224,1.4938271604938271,2592,3872,0.011961271490154,120046,tiny,True,False,False,False,False,False,0,120046,0.011961271490154066,390.9569213957944,1953.7610749212802,1334.0272478883094,1737,1155,2165,1523,429,369
ISIC_0012969,True,True,2000,3008,6016000,1.504,2000,3008,0.0239488031914893,144076,small,True,False,False,False,False,False,0,144076,0.02394880319148936,428.3027674989543,1313.8891834864933,1000.6949110191844,1127,765,1505,1251,379,487
ISIC_0012976,True,True,2592,3872,10036224,1.4938271604938271,2592,3872,0.0108130308769513,108522,tiny,True,False,False,False,False,False,0,108522,0.010813030876951332,371.71830984463134,1954.527082066309,1370.4208916164464,1755,1175,2147,1539,393,365
ISIC_0012981,True,True,2592,3872,10036224,1.4938271604938271,2592,3872,0.0200580417495663,201307,small,True,False,False,False,False,False,0,201307,0.02005804174956637,506.27268643686614,1569.38776594952,1310.5576755900192,1270,990,1822,1622,553,633
ISIC_0012986,True,True,2592,3872,10036224,1.4938271604938271,2592,3872,0.0574991152050811,577074,normal,True,False,False,False,False,False,0,577074,0.057499115205081115,857.1775994731192,1921.1928418192467,1139.4038303579784,1486,705,2349,1573,864,869
ISIC_0012987,True,True,2592,3872,10036224,1.4938271604938271,2592,3872,0.0247139760930007,248035,small,True,False,False,False,False,False,0,248035,0.024713976093000713,561.9679443512647,1918.2152680065312,1054.6908057330618,1604,750,2208,1377,605,628
ISIC_0012988,True,True,2000,3008,6016000,1.504,2000,3008,0.0286261635638297,172215,small,True,False,False,False,False,False,0,172215,0.028626163563829788,468.2637592175654,1468.712075022501,944.1643875388323,1199,688,1692,1187,494,500
ISIC_0012989,True,True,2000,3008,6016000,1.504,2000,3008,0.0361203457446808,217300,small,True,False,False,False,False,False,0,217300,0.03612034574468085,525.9990048193541,1596.3757846295443,1071.7323331799355,1369,793,1830,1369,462,577
ISIC_0012990,True,True,2000,3008,6016000,1.504,2000,3008,0.0280779587765957,168917,small,True,False,False,False,False,False,0,168917,0.028077958776595746,463.75834674755936,1643.8491152459492,892.2723171735231,1364,688,1903,1125,540,438
ISIC_0012999,True,True,2592,3872,10036224,1.4938271604938271,2592,3872,0.3837249945796347,3851150,normal,True,False,False,False,False,False,0,3851150,0.3837249945796347,2214.3704461329007,1472.1344647702633,1340.118707918414,1,529,3104,2287,3104,1759
ISIC_0013000,True,True,2592,3872,10036224,1.4938271604938271,2592,3872,0.0128405862603305,128871,tiny,True,False,False,False,False,False,0,128871,0.01284058626033058,405.07240509514486,1736.0324277766138,1295.8432385874246,1522,1094,1961,1481,440,388
ISIC_0013001,True,True,2592,3872,10036224,1.4938271604938271,2592,3872,0.0141119807608917,141631,tiny,True,False,False,False,False,False,0,141631,0.014111980760891745,424.6530230204253,1994.4401437538393,981.7665835869266,1790,742,2202,1200,413,459
ISIC_0013007,True,True,2000,3008,6016000,1.504,2000,3008,0.1329077460106383,799573,normal,True,False,False,False,False,False,0,799573,0.1329077460106383,1008.9836284611006,1583.1675369228326,1006.2212268298205,1082,500,2138,1562,1057,1063
ISIC_0013010,True,True,2000,3008,6016000,1.504,2000,3008,0.0201469414893617,121204,small,True,False,False,False,False,False,0,121204,0.020146941489361702,392.83804013878375,1540.8179268010956,938.453087356853,1340,739,1745,1152,406,414
ISIC_0013012,True,True,2000,3008,6016000,1.504,2000,3008,0.0506456117021276,304684,normal,True,False,False,False,False,False,0,304684,0.05064561170212766,622.8448582496995,1573.7667583463524,952.0626058473697,1246,594,1903,1265,658,672
ISIC_0013015,True,True,2000,3008,6016000,1.504,2000,3008,0.0628139960106382,377889,normal,True,False,False,False,False,False,0,377889,0.06281399601063829,693.6448791135316,1546.4634535538214,917.8945828007695,1199,532,1856,1296,658,765
ISIC_0013023,True,True,2000,3008,6016000,1.504,2000,3008,0.0329727393617021,198364,small,True,False,False,False,False,False,0,198364,0.03297273936170213,502.55834392819094,1426.6700510173216,999.6135286644754,1199,735,1668,1250,470,516
ISIC_0013024,True,True,2000,3008,6016000,1.504,2000,3008,0.1374361702127659,826816,normal,True,False,False,False,False,False,0,826816,0.13743617021276597,1026.028667932699,1548.083566355755,962.4358309466677,1041,452,2095,1527,1055,1076
ISIC_0013025,True,True,2592,3872,10036224,1.4938271604938271,2592,3872,0.0125119766159065,125573,tiny,True,False,False,False,False,False,0,125573,0.01251197661590654,399.8556106284225,1967.4321709284638,1359.7541748624305,1785,1135,2147,1559,363,425
ISIC_0013026,True,True,2592,3872,10036224,1.4938271604938271,2592,3872,0.00696058597337,69858,very_tiny,True,False,False,False,False,False,0,69858,0.006960585973370064,298.23810641182155,1957.7761172664548,1302.0869334936585,1785,1175,2147,1437,363,263
ISIC_0013027,True,True,2592,3872,10036224,1.4938271604938271,2592,3872,0.0047950304815835,48124,very_tiny,True,False,False,False,False,False,0,48124,0.004795030481583512,247.53460334029052,2018.229261906741,1408.1995885628792,1905,1269,2145,1555,241,287
ISIC_0013031,True,True,2000,3008,6016000,1.504,2000,3008,0.0556836768617021,334993,normal,True,False,False,False,False,False,0,334993,0.05568367686170213,653.0898367066098,1309.1133038600806,848.9698710122301,909,530,1684,1145,776,616
ISIC_0013032,True,True,2000,3008,6016000,1.504,2000,3008,0.0493241356382978,296734,small,True,False,False,False,False,False,0,296734,0.04932413563829787,614.6653260656923,1612.4393800508199,1090.5960961669373,1317,782,1974,1406,658,625
ISIC_0013034,True,True,2000,3008,6016000,1.504,2000,3008,0.0751572473404255,452146,normal,True,False,False,False,False,False,0,452146,0.07515724734042553,758.7424907001221,1602.8713225374104,1111.5737107040645,1180,661,2031,1479,852,819
ISIC_0013035,True,True,2000,3008,6016000,1.504,2000,3008,0.064923204787234,390578,normal,True,False,False,False,False,False,0,390578,0.06492320478723404,705.1945511017299,1540.9777355611427,1216.4800808033222,1211,831,1874,1622,664,792
ISIC_0013037,True,True,2592,3872,10036224,1.4938271604938271,2592,3872,0.0305834146388123,306942,small,True,False,False,False,False,False,0,306942,0.030583414638812367,625.1485362216729,1942.4293905689024,1262.0425454971949,1634,932,2238,1620,605,689
ISIC_0013039,True,True,2592,3872,10036224,1.4938271604938271,2592,3872,0.0355047874579124,356334,small,True,False,False,False,False,False,0,356334,0.03550478745791246,673.5714809384817,1920.2622511463965,1311.7957730668418,1574,993,2298,1640,725,648
ISIC_0013044,True,True,2592,3872,10036224,1.4938271604938271,2592,3872,0.0184129011070298,184796,tiny,True,False,False,False,False,False,0,184796,0.018412901107029894,485.06656750272856,1922.520151951341,1374.2071960432045,1634,1135,2177,1599,544,465
ISIC_0013045,True,True,2592,3872,10036224,1.4938271604938271,2592,3872,0.0370503886720742,371846,small,True,False,False,False,False,False,0,371846,0.037050388672074275,688.0763269809471,1878.1827799680514,1410.7818532403198,1584,961,2197,1919,614,959
ISIC_0013047,True,True,2000,3008,6016000,1.504,2000,3008,0.0967498337765957,582047,normal,True,False,False,False,False,False,0,582047,0.09674983377659574,860.863088588695,1610.135901396279,1046.4621843253208,1223,516,2021,1484,799,969
ISIC_0013048,True,True,2592,3872,10036224,1.4938271604938271,2592,3872,0.0356903154014896,358196,small,True,False,False,False,False,False,0,358196,0.03569031540148965,675.3290397768752,1860.1203363521647,1374.4547594054652,1483,1054,2208,1680,726,627
ISIC_0013052,True,True,2000,3008,6016000,1.504,2000,3008,0.2485054853723404,1495009,normal,True,False,False,False,False,False,0,1495009,0.24850548537234043,1379.675533788641,1658.740299222279,1071.1178407621626,891,475,2385,1743,1495,1269
ISIC_0013053,True,True,2592,3872,10036224,1.4938271604938271,2592,3872,0.0211552671602387,212319,small,True,False,False,False,False,False,0,212319,0.02115526716023875,519.9355218665339,1943.1127407344609,1425.9731724433518,1664,1175,2177,1721,514,547
ISIC_0013054,True,True,2592,3872,10036224,1.4938271604938271,2592,3872,0.0111007885037241,111410,tiny,True,False,False,False,False,False,0,111410,0.01110078850372411,376.6319392708809,1880.312072524908,1344.7292433354278,1695,1175,2117,1518,423,344
ISIC_0013055,True,True,2592,3872,10036224,1.4938271604938271,2592,3872,0.0053730367118151,53925,very_tiny,True,False,False,False,False,False,0,53925,0.005373036711815121,262.0294686668728,1887.8705238757534,1302.9769309225776,1725,1195,2026,1417,302,223
ISIC_0013056,True,True,2000,3008,6016000,1.504,2000,3008,0.0508650265957446,306004,normal,True,False,False,False,False,False,0,306004,0.05086502659574468,624.1925933933683,1484.2391798800015,847.0813290022353,1109,561,1867,1107,759,547
ISIC_0013063,True,True,2592,3872,10036224,1.4938271604938271,2592,3872,0.1687100646617692,1693212,normal,True,False,False,False,False,False,0,1693212,0.16871006466176922,1468.286237768411,1476.8842749756084,1115.7516938221559,737,328,2269,1847,1533,1520
ISIC_0013065,True,True,2592,3872,10036224,1.4938271604938271,2592,3872,0.0141854147535965,142368,tiny,True,False,False,False,False,False,0,142368,0.014185414753596571,425.7564650182727,1750.0081970667566,1454.8823682288155,1459,1266,2028,1680,570,415
ISIC_0013070,True,True,2592,3872,10036224,1.4938271604938271,2592,3872,0.0409187758264462,410670,small,True,False,False,False,False,False,0,410670,0.040918775826446284,723.105306187411,1639.1928068765676,1393.5540360873695,1268,954,2031,1921,764,968
ISIC_0013071,True,True,2592,3872,10036224,1.4938271604938271,2592,3872,0.0388791641159065,390200,small,True,False,False,False,False,False,0,390200,0.03887916411590654,704.8532261085711,1695.8501588928755,1323.2248077908764,1332,993,2087,1660,756,668
ISIC_0013072,True,True,2000,3008,6016000,1.504,2000,3008,0.252656914893617,1519984,normal,True,False,False,False,False,False,0,1519984,0.252656914893617,1391.151945750259,1542.80864864367,1196.8194823103402,727,495,2239,1897,1513,1403
ISIC_0013073,True,True,2000,3008,6016000,1.504,2000,3008,0.553067652925532,3327255,normal,True,False,False,False,False,False,0,3327255,0.553067652925532,2058.2498977086807,1258.0318770277602,880.2034662206534,249,11,2420,1981,2172,1971
ISIC_0013075,True,True,2592,3872,10036224,1.4938271604938271,2592,3872,0.0573729721456994,575808,normal,True,False,False,False,False,False,0,575808,0.05737297214569942,856.2368339278944,1631.3649931921752,1201.2876271257085,1150,790,2087,1599,938,810
ISIC_0013079,True,True,2000,3008,6016000,1.504,2000,3008,0.1021326462765957,614430,normal,True,False,False,False,False,False,0,614430,0.10213264627659574,884.4866157673761,1568.0916800937455,890.3788193935843,1161,385,1995,1408,835,1024
ISIC_0013082,True,True,2592,3872,10036224,1.4938271604938271,2592,3872,0.0253916213906744,254836,small,True,False,False,False,False,False,0,254836,0.02539162139067442,569.620288106147,1852.3273674049192,1349.550711045535,1604,1033,2117,1660,514,628
ISIC_0013084,True,True,2000,3008,6016000,1.504,2000,3008,0.2693464095744681,1620388,normal,True,False,False,False,False,False,0,1620388,0.2693464095744681,1436.36418759809,1360.0142737418446,965.9952647143771,424,454,2350,1468,1927,1015
ISIC_0013086,True,True,2000,3008,6016000,1.504,2000,3008,0.0502436835106383,302266,normal,True,False,False,False,False,False,0,302266,0.0502436835106383,620.3684584413675,1695.0164391628566,932.3882242792772,1411,594,1997,1265,587,672
ISIC_0013087,True,True,2000,3008,6016000,1.504,2000,3008,0.0544057513297872,327305,normal,True,False,False,False,False,False,0,327305,0.054405751329787234,645.5522203428181,1418.6642642183895,1008.8069568139808,1097,657,1762,1348,666,692
ISIC_0013089,True,True,2592,3872,10036224,1.4938271604938271,2592,3872,0.0371977548528211,373325,small,True,False,False,False,False,False,0,373325,0.03719775485282114,689.443364634293,1958.622154958816,1077.0617558427643,1598,681,2316,1455,719,775
ISIC_0013090,True,True,2000,3008,6016000,1.504,2000,3008,0.0167888962765957,101002,tiny,True,False,False,False,False,False,0,101002,0.016788896276595744,358.6080597216701,1474.7473812399755,998.5610978000435,1270,813,1668,1171,399,359
ISIC_0013094,True,True,2000,3008,6016000,1.504,2000,3008,0.0151008976063829,90847,tiny,True,False,False,False,False,False,0,90847,0.015100897606382979,340.1029151897339,1546.677413673539,1037.6362895857872,1338,856,1713,1199,376,344
ISIC_0013096,True,True,2000,3008,6016000,1.504,2000,3008,0.100046875,601882,normal,True,False,False,False,False,False,0,601882,0.100046875,875.4084553305897,1563.901093569836,912.9338408525259,982,414,2117,1352,1136,939
ISIC_0013104,True,True,2592,3872,10036224,1.4938271604938271,2592,3872,0.0864814296691664,867947,normal,True,False,False,False,False,False,0,867947,0.08648142966916642,1051.2394794404604,1942.4269834448417,1306.5314045673297,1392,689,2540,1964,1149,1276
ISIC_0013106,True,True,2000,3008,6016000,1.504,2000,3008,0.0372290558510638,223970,small,True,False,False,False,False,False,0,223970,0.03722905585106383,534.010731010468,1480.1866589275348,964.7741438585525,1129,766,1809,1187,681,422
ISIC_0013109,True,True,2000,3008,6016000,1.504,2000,3008,0.0195819481382978,117805,tiny,True,False,False,False,False,False,0,117805,0.01958194813829787,387.29056865295064,1604.7865710283943,958.3532362802937,1412,717,1794,1185,383,469
ISIC_0013112,True,True,2000,3008,6016000,1.504,2000,3008,0.081494847074468,490273,normal,True,False,False,False,False,False,0,490273,0.08149484707446808,790.0854202653928,1609.1487191829858,751.3716500806694,1176,344,2021,1109,846,766
ISIC_0013114,True,True,2000,3008,6016000,1.504,2000,3008,0.1316499335106383,792006,normal,True,False,False,False,False,False,0,792006,0.1316499335106383,1004.1978683842729,1580.9176950679666,1042.1870086842775,998,575,2143,1557,1146,983
ISIC_0013118,True,True,2000,3008,6016000,1.504,2000,3008,0.0310806183510638,186981,small,True,False,False,False,False,False,0,186981,0.031080618351063828,487.9258174293767,1400.1199052310128,921.2270605034736,1129,625,1645,1171,517,547
ISIC_0013120,True,True,2592,3872,10036224,1.4938271604938271,2592,3872,0.0243346501632486,244228,small,True,False,False,False,False,False,0,244228,0.024334650163248647,557.638545593451,2168.8432939712075,1020.6111256694564,1867,779,2510,1266,644,488
ISIC_0013121,True,True,2000,3008,6016000,1.504,2000,3008,0.0245493683510638,147689,small,True,False,False,False,False,False,0,147689,0.02454936835106383,433.63979882200783,1589.800587721496,1061.237167290726,1340,829,1833,1281,494,453
ISIC_0013124,True,True,2592,3872,10036224,1.4938271604938271,2592,3872,0.0358039039383736,359336,small,True,False,False,False,False,False,0,359336,0.035803903938373634,676.402842281842,1891.8952874190172,1224.6930366008417,1543,866,2250,1581,708,716
ISIC_0013126,True,True,2592,3872,10036224,1.4938271604938271,2592,3872,0.0181788489376084,182447,tiny,True,False,False,False,False,False,0,182447,0.01817884893760841,481.97379100766074,2023.804376065378,1144.0413051461521,1755,932,2298,1377,544,446
ISIC_0013128,True,True,2592,3872,10036224,1.4938271604938271,2592,3872,0.0469197379412815,470897,small,True,False,False,False,False,False,0,470897,0.0469197379412815,774.3156216279987,1901.6121359872755,1163.6184027504953,1574,648,2268,1640,695,993
ISIC_0013129,True,True,2000,3008,6016000,1.504,2000,3008,0.0594376662234042,357577,normal,True,False,False,False,False,False,0,357577,0.059437666223404254,674.7452679995357,1481.6531572220808,900.0341548813262,1124,567,1827,1239,704,673
ISIC_0013134,True,True,2592,3872,10036224,1.4938271604938271,2592,3872,0.0370722096278441,372065,small,True,False,False,False,False,False,0,372065,0.0370722096278441,688.278919633522,1799.4241060029833,1080.086097859245,1429,750,2193,1389,765,640
ISIC_0013136,True,True,2000,3008,6016000,1.504,2000,3008,0.0420506981382978,252977,small,True,False,False,False,False,False,0,252977,0.04205069813829787,567.538827137375,1600.1809373974709,994.2146835483068,1317,704,1880,1265,564,562
ISIC_0013140,True,True,2592,3872,10036224,1.4938271604938271,2592,3872,0.0256763898454239,257694,small,True,False,False,False,False,False,0,257694,0.025676389845423937,572.8055440033581,1720.203881347645,1057.78015786165,1422,790,2026,1336,605,547
ISIC_0013141,True,True,2000,3008,6016000,1.504,2000,3008,0.0736866688829787,443299,normal,True,False,False,False,False,False,0,443299,0.07368666888297873,751.28278094307,1551.5175062429646,1092.9715880252381,1197,670,1902,1485,706,816
ISIC_0013146,True,True,2000,3008,6016000,1.504,2000,3008,0.1528859707446808,919762,normal,True,False,False,False,False,False,0,919762,0.15288597074468085,1082.163273330186,1394.7615111300531,872.5606461236712,565,266,1997,1562,1433,1297
ISIC_0013147,True,True,2000,3008,6016000,1.504,2000,3008,0.039682347074468,238729,small,True,False,False,False,False,False,0,238729,0.039682347074468084,551.3249525235373,1603.8854265715518,1023.5406213740266,1246,829,1997,1234,752,406
ISIC_0013150,True,True,2000,3008,6016000,1.504,2000,3008,0.0616876662234042,371113,normal,True,False,False,False,False,False,0,371113,0.061687666223404256,687.3978085252385,1581.3242920619864,860.6132013699331,1223,516,1903,1187,681,672
ISIC_0013155,True,True,2000,3008,6016000,1.504,2000,3008,0.0042092752659574,25323,very_tiny,True,False,False,False,False,False,0,25323,0.004209275265957447,179.5612569329156,1531.3454566994433,965.3112585396675,1434,875,1620,1045,187,171
ISIC_0013159,True,True,2592,3872,10036224,1.4938271604938271,2592,3872,0.1058741813654219,1062577,normal,True,False,False,False,False,False,0,1062577,0.1058741813654219,1163.1487676673414,2083.2860884434726,1319.1615666441114,1531,736,2611,1945,1081,1210
ISIC_0013160,True,True,2000,3008,6016000,1.504,2000,3008,0.1563558843085106,940637,normal,True,False,False,False,False,False,0,940637,0.15635588430851063,1094.3748104013766,1645.177393617304,747.1475606424157,1038,168,2216,1213,1179,1046
ISIC_0013163,True,True,2000,3008,6016000,1.504,2000,3008,0.0173796542553191,104556,tiny,True,False,False,False,False,False,0,104556,0.01737965425531915,364.8627602802589,1607.538725658977,958.5017693867401,1432,726,1777,1182,346,457
ISIC_0013164,True,True,2000,3008,6016000,1.504,2000,3008,0.0109280252659574,65743,tiny,True,False,False,False,False,False,0,65743,0.010928025265957446,289.32090728034814,1503.7815737036642,981.8447439271101,1346,810,1661,1140,316,331
ISIC_0013165,True,True,2592,3872,10036224,1.4938271604938271,2592,3872,0.0691152369656157,693656,normal,True,False,False,False,False,False,0,693656,0.06911523696561575,939.7820224088211,1908.0483222231192,1329.8128207641828,1362,811,2419,1842,1058,1032
ISIC_0013166,True,True,2000,3008,6016000,1.504,2000,3008,0.1226434507978723,737823,normal,True,False,False,False,False,False,0,737823,0.12264345079787234,969.2396094955736,1599.2151166336641,919.4553612451767,1105,360,2044,1437,940,1078
ISIC_0013167,True,True,2592,3872,10036224,1.4938271604938271,2592,3872,0.1145566300632588,1149716,normal,True,False,False,False,False,False,0,1149716,0.11455663006325885,1209.9024243362487,1952.9513853856083,916.7168187621986,1211,405,2722,1417,1512,1013
ISIC_0013169,True,True,2000,3008,6016000,1.504,2000,3008,0.6372333776595744,3833596,normal,True,True,False,False,False,True,1,3833596,0.6372333776595744,2209.3180001390792,1360.9709327743456,918.3615498346722,237,0,2513,1983,2277,1984
ISIC_0013170,True,True,2000,3008,6016000,1.504,2000,3008,0.4294597739361702,2583630,normal,True,False,False,False,False,False,0,2583630,0.4294597739361702,1813.7199025660243,1392.3541598448694,1092.6247345788677,501,132,2305,1975,1805,1844
ISIC_0013172,True,True,2000,3008,6016000,1.504,2000,3008,0.0248447473404255,149466,small,True,False,False,False,False,False,0,149466,0.024844747340425532,436.2407841930713,1526.44517816761,1010.7136004174863,1293,782,1762,1250,470,469
ISIC_0013173,True,True,2592,3872,10036224,1.4938271604938271,2592,3872,0.0078890228037955,79176,very_tiny,True,False,False,False,False,False,0,79176,0.007889022803795531,317.50592780915326,1828.6429094675154,1115.0458093361624,1670,932,1989,1289,320,358
ISIC_0013176,True,True,2000,3008,6016000,1.504,2000,3008,0.04709375,283316,small,True,False,False,False,False,False,0,283316,0.04709375,600.607305030656,1626.6314821612616,1031.2409606234735,1276,669,2048,1336,773,668
ISIC_0013177,True,True,2000,3008,6016000,1.504,2000,3008,0.1623316156914893,976587,normal,True,False,False,False,False,False,0,976587,0.16233161569148935,1115.0915600408239,1666.6869116627602,814.6607009923335,1151,235,2200,1388,1050,1154
ISIC_0013178,True,True,2000,3008,6016000,1.504,2000,3008,0.2506929853723404,1508169,normal,True,False,False,False,False,False,0,1508169,0.2506929853723404,1385.7346105743645,1480.6528644999335,1002.1708807169489,781,158,2156,1983,1376,1826
ISIC_0013181,True,True,2000,3008,6016000,1.504,2000,3008,0.0170131316489361,102351,tiny,True,False,False,False,False,False,0,102351,0.01701313164893617,360.9949316031856,1509.579593750916,978.1349962384344,1333,797,1717,1171,385,375
ISIC_0013184,True,True,2592,3872,10036224,1.4938271604938271,2592,3872,0.2377372206917661,2385984,normal,True,False,False,False,False,False,0,2385984,0.23773722069176614,1742.965628434876,1995.9044130220489,1163.550184745581,1029,284,2964,2004,1936,1721
ISIC_0013187,True,True,2000,3008,6016000,1.504,2000,3008,0.099821642287234,600527,normal,True,False,False,False,False,False,0,600527,0.09982164228723404,874.4225089058339,1494.9741393809104,1050.3825656465071,941,688,2091,1390,1151,703
ISIC_0013189,True,True,2592,3872,10036224,1.4938271604938271,2592,3872,0.1249899364541883,1254427,normal,True,False,False,False,False,False,0,1254427,0.12498993645418835,1263.7982680726761,1876.9172379102172,1402.6026305237372,1317,777,2570,2097,1254,1321
ISIC_0013190,True,True,2592,3872,10036224,1.4938271604938271,2592,3872,0.0674892270240281,677337,normal,True,False,False,False,False,False,0,677337,0.06748922702402817,928.6615387277977,1934.2979476981177,1437.3162074417903,1362,1054,2510,1822,1149,769
ISIC_0013191,True,True,2000,3008,6016000,1.504,2000,3008,0.1164029255319148,700280,normal,True,False,False,False,False,False,0,700280,0.11640292553191489,944.2585389537867,1490.649525903924,921.8096475695436,984,483,2006,1361,1023,879
ISIC_0013192,True,True,2000,3008,6016000,1.504,2000,3008,0.0126339760638297,76006,tiny,True,False,False,False,False,False,0,76006,0.012633976063829787,311.08494794371,1516.3178433281582,1038.9136120832566,1364,875,1668,1187,305,313
ISIC_0013193,True,True,2000,3008,6016000,1.504,2000,3008,0.1166956449468085,702041,normal,True,False,False,False,False,False,0,702041,0.11669564494680851,945.4450609239113,1752.8779900319212,992.2933304465124,1096,650,2403,1343,1308,694
ISIC_0013196,True,True,2000,3008,6016000,1.504,2000,3008,0.0029767287234042,17908,very_tiny,True,False,False,False,False,False,0,17908,0.0029767287234042554,151.00057538670936,1497.384409202591,965.1979562206835,1427,882,1565,1049,139,168
ISIC_0013197,True,True,2000,3008,6016000,1.504,2000,3008,0.004635472074468,27887,very_tiny,True,False,False,False,False,False,0,27887,0.004635472074468085,188.43256402232998,1495.880015777961,969.5987736221178,1387,875,1598,1046,212,172
ISIC_0013198,True,True,2000,3008,6016000,1.504,2000,3008,0.1586559175531915,954474,normal,True,False,False,False,False,False,0,954474,0.1586559175531915,1102.3946848663368,1306.3999752743396,1178.196295551267,741,523,1819,1839,1079,1317
ISIC_0013200,True,True,2000,3008,6016000,1.504,2000,3008,0.0393149933510638,236519,small,True,False,False,False,False,False,0,236519,0.03931499335106383,548.7671126089973,1575.9196893272845,1032.165927473057,1246,797,1903,1265,658,469
ISIC_0013201,True,True,2000,3008,6016000,1.504,2000,3008,0.019690159574468,118456,tiny,True,False,False,False,False,False,0,118456,0.019690159574468086,388.3591939315309,1558.156108597285,901.0916880529479,1389,688,1737,1117,349,430
ISIC_0013203,True,True,2000,3008,6016000,1.504,2000,3008,0.2609355053191489,1569788,normal,True,False,False,False,False,False,0,1569788,0.26093550531914894,1413.7595829739657,1497.0741545992198,970.6256653764713,721,375,2295,1598,1575,1224
ISIC_0013204,True,True,2000,3008,6016000,1.504,2000,3008,0.0346708776595744,208580,small,True,False,False,False,False,False,0,208580,0.03467087765957447,515.3370782709703,1514.95868731422,1018.281565826062,1215,768,1871,1248,657,481
ISIC_0013205,True,True,2000,3008,6016000,1.504,2000,3008,0.0323091755319149,194372,small,True,False,False,False,False,False,0,194372,0.0323091755319149,497.4757449255823,1511.1904080834688,1041.2875928631695,1233,786,1753,1289,521,504
ISIC_0013207,True,True,2000,3008,6016000,1.504,2000,3008,0.0428091755319148,257540,small,True,False,False,False,False,False,0,257540,0.04280917553191489,572.6343618323073,1588.899122466413,888.7572881882426,1325,543,1881,1187,557,645
ISIC_0013208,True,True,2000,3008,6016000,1.504,2000,3008,0.0077524933510638,46639,very_tiny,True,False,False,False,False,False,0,46639,0.00775249335106383,243.68549223723446,1518.877098565578,959.4960012007118,1411,829,1668,1078,258,250
ISIC_0013212,True,True,2000,3008,6016000,1.504,2000,3008,0.0184212101063829,110822,tiny,True,False,False,False,False,False,0,110822,0.01842121010638298,375.6367298689522,1505.3804659724603,917.0953962209669,1289,764,1724,1090,436,327
ISIC_0013213,True,True,2000,3008,6016000,1.504,2000,3008,0.054415392287234,327363,normal,True,False,False,False,False,False,0,327363,0.05441539228723404,645.6094152683471,1513.7340108686687,1110.577050552445,1199,766,1856,1468,658,703
ISIC_0013216,True,True,2592,3872,10036224,1.4938271604938271,2592,3872,0.048713639711509,488901,small,True,False,False,False,False,False,0,488901,0.04871363971150903,788.9791420947488,1976.6155622508443,1089.893778085952,1545,660,2438,1522,894,863
ISIC_0013217,True,True,2592,3872,10036224,1.4938271604938271,2592,3872,0.0092258801716661,92593,very_tiny,True,False,False,False,False,False,0,92593,0.009225880171666156,343.35560162266603,1832.1422785739742,1655.473102718348,1644,1459,2010,1842,367,384
ISIC_0013219,True,True,2000,3008,6016000,1.504,2000,3008,0.0150118018617021,90311,tiny,True,False,False,False,False,False,0,90311,0.015011801861702128,339.09812226636893,1557.6947990831682,994.0885052762122,1387,829,1739,1171,353,343
ISIC_0013220,True,True,2000,3008,6016000,1.504,2000,3008,0.0705636635638297,424511,normal,True,False,False,False,False,False,0,424511,0.07056366356382979,735.1899022531993,1485.0838800407998,1040.7026696599146,1058,704,1856,1437,799,734
ISIC_0013222,True,True,2592,3872,10036224,1.4938271604938271,2592,3872,0.0429365665812162,430921,small,True,False,False,False,False,False,0,430921,0.0429365665812162,740.7196891245845,1918.637016993834,1395.2789815302574,1574,1013,2298,1761,725,749
ISIC_0013223,True,True,2000,3008,6016000,1.504,2000,3008,0.1105994015957446,665366,normal,True,False,False,False,False,False,0,665366,0.11059940159574468,920.4185476848326,1552.6841242263656,773.7552429790521,1058,313,2021,1265,964,953
ISIC_0013224,True,True,2592,3872,10036224,1.4938271604938271,2592,3872,0.0252052963345577,252966,small,True,False,False,False,False,False,0,252966,0.0252052963345577,567.526488080931,1475.3775566676945,1652.4564131148059,1120,1398,1754,1923,635,526
ISIC_0013226,True,True,2592,3872,10036224,1.4938271604938271,2592,3872,0.0256619421806448,257549,small,True,False,False,False,False,False,0,257549,0.025661942180644833,572.6443673930587,2012.4847310608855,1110.603446334484,1716,755,2306,1468,591,714
ISIC_0013227,True,True,2592,3872,10036224,1.4938271604938271,2592,3872,0.0249450390903989,250354,small,True,False,False,False,False,False,0,250354,0.02494503909039894,564.5888884689699,1984.305743067816,1343.975694416706,1664,1054,2268,1620,605,567
ISIC_0013229,True,True,2848,4288,12212224,1.5056179775280898,2848,4288,0.0541185618606406,660908,normal,True,False,False,False,False,False,0,660908,0.05411856186064062,917.3299303041556,2300.8188809940266,2103.7835674556823,1809,1558,2747,2558,939,1001
ISIC_0013230,True,True,2000,3008,6016000,1.504,2000,3008,0.0350659906914893,210957,small,True,False,False,False,False,False,0,210957,0.035065990691489364,518.2651779144493,1498.0277402503827,973.6306451077708,1225,688,1755,1260,531,573
ISIC_0013232,True,True,2000,3008,6016000,1.504,2000,3008,0.0777852393617021,467956,normal,True,False,False,False,False,False,0,467956,0.07778523936170213,771.8938297435003,1585.5775884912257,860.671208404209,1223,438,2044,1281,822,844
ISIC_0013233,True,True,2000,3008,6016000,1.504,2000,3008,0.0089222074468085,53676,very_tiny,True,False,False,False,False,False,0,53676,0.00892220744680851,261.4238049665803,1748.2896639093822,758.8046613011402,1623,602,1882,966,260,365
ISIC_0013235,True,True,2000,3008,6016000,1.504,2000,3008,0.0606665558510638,364970,normal,True,False,False,False,False,False,0,364970,0.06066655585106383,681.6848514100869,1541.9423980053155,1127.0359180206592,1293,672,1809,1562,517,891
ISIC_0013238,True,True,2592,3872,10036224,1.4938271604938271,2592,3872,0.0548506091534027,550493,normal,True,False,False,False,False,False,0,550493,0.054850609153402716,837.2033544485437,1831.2518142828337,1180.2027964024974,1362,709,2238,1660,877,952
ISIC_0013242,True,True,2592,3872,10036224,1.4938271604938271,2592,3872,0.1016549650545862,1020232,normal,True,False,False,False,False,False,0,1020232,0.10165496505458627,1139.736692049635,1764.7410677179307,1171.7212075292678,1253,604,2319,1803,1067,1200
ISIC_0013244,True,True,2000,3008,6016000,1.504,2000,3008,0.096837267287234,582573,normal,True,False,False,False,False,False,0,582573,0.09683726728723405,861.2519847843591,1461.5153105276077,932.187561043852,847,610,2115,1265,1269,656
ISIC_0013248,True,True,2000,3008,6016000,1.504,2000,3008,0.0246717087765957,148425,small,True,False,False,False,False,False,0,148425,0.024671708776595743,434.71896603129306,1504.7937813710628,960.4425400033687,1270,735,1715,1171,446,437
ISIC_0013249,True,True,2592,3872,10036224,1.4938271604938271,2592,3872,0.0297032031170288,298108,small,True,False,False,False,False,False,0,298108,0.029703203117028874,616.0867586646461,2015.873153353818,1290.0391234049405,1699,971,2340,1592,642,622
ISIC_0013257,True,True,2848,4288,12212224,1.5056179775280898,2848,4288,0.0375552397335653,458633,small,True,False,False,False,False,False,0,458633,0.03755523973356532,764.1659977521389,1873.4808332588366,1305.3381832532766,1432,974,2307,1644,876,671
ISIC_0013258,True,True,2000,3008,6016000,1.504,2000,3008,0.042118517287234,253385,small,True,False,False,False,False,False,0,253385,0.04211851728723404,567.9963046030487,1635.9626378830633,960.108175306352,1317,704,1974,1218,658,515
ISIC_0013269,True,True,2848,4288,12212224,1.5056179775280898,2848,4288,0.0280245432772933,342242,small,True,False,False,False,False,False,0,342242,0.02802454327729331,660.1182078001269,1893.4274665295318,1628.1902104358903,1560,1118,2223,2044,664,927
ISIC_0013271,True,True,2848,4288,12212224,1.5056179775280898,2848,4288,0.0365748286307227,446660,small,True,False,False,False,False,False,0,446660,0.03657482863072279,754.1254372128074,2270.740619262974,1374.7339408050866,1864,969,2802,1737,939,769
ISIC_0013274,True,True,2848,4288,12212224,1.5056179775280898,2848,4288,0.0346879487307144,423617,small,True,False,False,False,False,False,0,423617,0.03468794873071441,734.4153567444484,2159.0451233071385,1284.18807082813,1709,957,2579,1579,871,623
ISIC_0013275,True,True,2848,4288,12212224,1.5056179775280898,2848,4288,0.0160135451167616,195561,tiny,True,False,False,False,False,False,0,195561,0.016013545116761698,498.99498855995853,2232.4657319199637,1393.2481374098109,1977,1158,2479,1624,503,467
ISIC_0013277,True,True,2000,3008,6016000,1.504,2000,3008,0.2870925864361702,1727149,normal,True,False,False,False,False,False,0,1727149,0.2870925864361702,1482.9276470717618,1429.98777696655,944.8398829516157,771,111,2101,1818,1331,1708
ISIC_0013287,True,True,2848,4288,12212224,1.5056179775280898,2848,4288,0.034693516922061,423685,small,True,False,False,False,False,False,0,423685,0.034693516922061046,734.474299421782,2061.7126827713987,1349.6239163529508,1709,935,2378,1802,670,868
ISIC_0013288,True,True,2848,4288,12212224,1.5056179775280898,2848,4288,0.0364052444501509,444589,small,True,False,False,False,False,False,0,444589,0.036405244450150934,752.3751032259515,2068.3309371127043,1591.9415617570385,1675,1202,2412,2047,738,846
ISIC_0013291,True,True,2848,4288,12212224,1.5056179775280898,2848,4288,0.0544388147482391,664819,normal,True,False,False,False,False,False,0,664819,0.05443881474823914,920.0401300439488,2227.038192350098,1612.1801873893496,1761,992,2664,2151,904,1160
ISIC_0013294,True,True,2848,4288,12212224,1.5056179775280898,2848,4288,0.0374989846239309,457946,small,True,False,False,False,False,False,0,457946,0.037498984623930906,763.5934497841694,2032.428382385696,1810.6450607713573,1675,1402,2412,2247,738,846
ISIC_0013302,True,True,2848,4288,12212224,1.5056179775280898,2848,4288,0.0085119630953379,103950,very_tiny,True,False,False,False,False,False,0,103950,0.008511963095337917,363.80386291959593,2212.89518999519,1639.851495911496,1985,1440,2404,1834,420,395
ISIC_0013304,True,True,2848,4288,12212224,1.5056179775280898,2848,4288,0.0678050943055089,828051,normal,True,False,False,False,False,False,0,828051,0.06780509430550898,1026.794662168389,2187.708833151581,1358.3565408410834,1631,894,2745,1845,1115,952
ISIC_0013306,True,True,2848,4288,12212224,1.5056179775280898,2848,4288,0.0241117424639443,294458,small,True,False,False,False,False,False,0,294458,0.024111742463944322,612.303494897446,1895.3823703210644,1689.8577488130736,1570,1409,2245,1957,676,549
ISIC_0013310,True,True,2848,4288,12212224,1.5056179775280898,2848,4288,0.2374316913938034,2899569,normal,True,False,False,False,False,False,0,2899569,0.23743169139380346,1921.4176832454184,2029.047443602825,1963.5407296739618,1097,927,2937,2826,1841,1900
ISIC_0013311,True,True,2848,4288,12212224,1.5056179775280898,2848,4288,0.0348050445193275,425047,small,True,False,False,False,False,False,0,425047,0.03480504451932752,735.6538919702979,1950.4212428272638,1591.410091119335,1608,1202,2311,1958,704,757
ISIC_0013314,True,True,2848,4288,12212224,1.5056179775280898,2848,4288,0.0415898037900385,507904,small,True,False,False,False,False,False,0,507904,0.04158980379003857,804.1663122322199,2077.7378323462704,1774.6244743101058,1675,1358,2445,2202,771,845
ISIC_0013315,True,True,2848,4288,12212224,1.5056179775280898,2848,4288,0.1243418070287606,1518490,normal,True,False,False,False,False,False,0,1518490,0.12434180702876069,1390.4680925087412,1676.5173283986064,1649.5077537553755,977,909,2353,2375,1377,1467
ISIC_0013319,True,True,2848,4288,12212224,1.5056179775280898,2848,4288,0.0665620774725389,812871,normal,True,False,False,False,False,False,0,812871,0.06656207747253899,1017.3394231859967,2219.8701122318303,1288.542412018635,1690,648,2729,2000,1040,1353
ISIC_0013320,True,True,2848,4288,12212224,1.5056179775280898,2848,4288,0.0841579715537481,1027756,normal,True,False,False,False,False,False,0,1027756,0.08415797155374811,1143.931633245113,2080.3181017673455,1324.3576607677307,1508,735,2646,1935,1139,1201
ISIC_0013321,True,True,2848,4288,12212224,1.5056179775280898,2848,4288,0.5309479256194449,6484055,normal,True,False,False,False,False,False,0,6484055,0.5309479256194449,2873.283006638531,1157.0117460447204,1491.5943515284803,4,4,2506,2844,2503,2841
ISIC_0013325,True,True,2848,4288,12212224,1.5056179775280898,2848,4288,0.0372887854005953,455379,small,True,False,False,False,False,False,0,455379,0.03728878540059534,761.4502942687419,2154.9645086839755,1516.8227520373139,1783,1099,2505,1920,723,822
ISIC_0013326,True,True,2848,4288,12212224,1.5056179775280898,2848,4288,0.0345073919377829,421412,small,True,False,False,False,False,False,0,421412,0.034507391937782995,732.5014832926513,2181.392829345154,1339.7503512002506,1783,1030,2590,1679,808,650
ISIC_0013329,True,True,2848,4288,12212224,1.5056179775280898,2848,4288,0.0230826096868187,281890,small,True,False,False,False,False,False,0,281890,0.023082609686818717,599.0938951995714,1947.3143140941502,1426.320018446912,1675,1113,2244,1735,570,623
ISIC_0013330,True,True,2848,4288,12212224,1.5056179775280898,2848,4288,0.016237582933297,198297,tiny,True,False,False,False,False,False,0,198297,0.016237582933297,502.47346397829665,1883.6619817748126,1608.6748160587401,1608,1358,2143,1891,536,534
ISIC_0013333,True,True,2848,4288,12212224,1.5056179775280898,2848,4288,0.0294934812856364,360181,small,True,False,False,False,False,False,0,360181,0.029493481285636426,677.1976760608793,2116.997895502539,1309.747862880052,1776,957,2512,1668,737,712
ISIC_0013334,True,True,2848,4288,12212224,1.5056179775280898,2848,4288,0.25810270103136,3152008,normal,True,False,False,False,False,False,0,3152008,0.25810270103136007,2003.312564459573,1834.048614089812,1415.4061728269726,695,568,3029,2349,2335,1782
ISIC_0013335,True,True,2848,4288,12212224,1.5056179775280898,2848,4288,0.1393455442677763,1701719,normal,True,False,False,False,False,False,0,1701719,0.1393455442677763,1471.970082857385,2090.301583281376,1576.9464083083046,1340,846,2948,2358,1609,1513
ISIC_0013340,True,True,2848,4288,12212224,1.5056179775280898,2848,4288,0.0163658969897702,199864,tiny,True,False,False,False,False,False,0,199864,0.01636589698977025,504.45490221520157,2004.9488852419645,1744.2095775127086,1652,1502,2370,2035,719,534
ISIC_0013341,True,True,2848,4288,12212224,1.5056179775280898,2848,4288,0.3594742448222371,4389980,normal,True,False,False,False,False,False,0,4389980,0.3594742448222371,2364.2115253497245,2141.873360698682,1401.3592216821032,769,251,3340,2491,2572,2241
ISIC_0013342,True,True,2848,4288,12212224,1.5056179775280898,2848,4288,0.023585548381687,288032,small,True,False,False,False,False,False,0,288032,0.02358554838168707,605.585446117357,2203.061187645817,1453.1498652927453,1843,1180,2546,1713,704,534
ISIC_0013346,True,True,2848,4288,12212224,1.5056179775280898,2848,4288,0.1406878878081502,1718112,normal,True,False,False,False,False,False,0,1718112,0.14068788780815025,1479.0429813511234,2006.8358942839582,1364.2729245823323,1285,468,2719,2175,1435,1708
ISIC_0013355,True,True,2848,4288,12212224,1.5056179775280898,2848,4288,0.0042728498920425,52181,very_tiny,True,False,False,False,False,False,0,52181,0.004272849892042596,257.7574687255939,1902.1562637741706,1608.2877100860467,1742,1491,2043,1713,302,223
ISIC_0013356,True,True,2848,4288,12212224,1.5056179775280898,2848,4288,0.0166055748731762,202791,tiny,True,False,False,False,False,False,0,202791,0.016605574873176255,508.1353368113542,2056.4689359981458,1683.299702649526,1724,1467,2398,1888,675,422
ISIC_0013359,True,True,2848,4288,12212224,1.5056179775280898,2848,4288,0.2906526280552993,3549515,normal,True,False,False,False,False,False,0,3549515,0.29065262805529934,2125.884019091971,2103.2182841881213,1558.6761489950036,1058,434,3165,2589,2108,2156
ISIC_0013360,True,True,2848,4288,12212224,1.5056179775280898,2848,4288,0.0207180936085024,253014,small,True,False,False,False,False,False,0,253014,0.020718093608502432,567.5803292676927,2751.342230074225,1667.6734726141638,2485,1368,3036,1975,552,608
ISIC_0013364,True,True,2848,4288,12212224,1.5056179775280898,2848,4288,0.0264440776716837,322941,small,True,False,False,False,False,False,0,322941,0.026444077671683715,641.2341630140414,2350.9708151024493,1546.7442845597184,2044,1224,2713,1869,670,646
ISIC_0013365,True,True,2848,4288,12212224,1.5056179775280898,2848,4288,0.0957376805404159,1169170,normal,True,False,False,False,False,False,0,1169170,0.0957376805404159,1220.0956841649797,2192.518062386137,1510.5970893881984,1575,913,2814,2113,1240,1201
ISIC_0013369,True,True,2848,4288,12212224,1.5056179775280898,2848,4288,0.0075869063652943,92653,very_tiny,True,False,False,False,False,False,0,92653,0.007586906365294315,343.4668303320526,2258.0610557672176,1407.2764832223456,2098,1181,2426,1638,329,458
ISIC_0013371,True,True,2848,4288,12212224,1.5056179775280898,2848,4288,0.0779869416086701,952394,normal,True,False,False,False,False,False,0,952394,0.07798694160867013,1101.1928545756646,1742.356684313425,1274.607173081729,1106,668,2445,1780,1340,1113
ISIC_0013374,True,True,2848,4288,12212224,1.5056179775280898,2848,4288,0.5558012201544944,6787569,normal,True,False,False,False,False,False,0,6787569,0.5558012201544944,2939.7621100045667,2117.531483952502,1379.7999450171335,142,3,3964,2602,3823,2600
ISIC_0013378,True,True,2848,4288,12212224,1.5056179775280898,2848,4288,0.032798694160867,400545,small,True,False,False,False,False,False,0,400545,0.03279869416086701,714.1356547925232,2299.8081763597097,1739.085203909673,1865,1404,2701,2075,837,672
ISIC_0013383,True,True,2848,4288,12212224,1.5056179775280898,2848,4288,0.0304259895658644,371569,small,True,False,False,False,False,False,0,371569,0.030425989565864498,687.8199941828528,2100.1561244344925,1781.1571982592734,1809,1425,2412,2158,604,734
ISIC_0013385,True,True,2848,4288,12212224,1.5056179775280898,2848,4288,0.0691656982380932,844667,normal,True,False,False,False,False,False,0,844667,0.06916569823809324,1037.045527704939,2151.7672573925583,1631.2077268319943,1675,980,2579,2247,905,1268
ISIC_0013390,True,True,2848,4288,12212224,1.5056179775280898,2848,4288,0.0580851612286181,709349,normal,True,False,False,False,False,False,0,709349,0.05808516122861815,950.353196352989,2225.369726326533,1673.300668641247,1776,1158,2680,2158,905,1001
ISIC_0013393,True,True,2848,4288,12212224,1.5056179775280898,2848,4288,0.2802778592990105,3422816,normal,True,False,False,False,False,False,0,3422816,0.28027785929901056,2087.5978265825606,2152.0177929517686,1716.3580277175286,1097,717,3347,2695,2251,1979
ISIC_0013394,True,True,2848,4288,12212224,1.5056179775280898,2848,4288,0.0271196302982978,331191,small,True,False,False,False,False,False,0,331191,0.027119630298297837,649.3731423922484,2218.3203408305176,1420.6955170883266,1876,1091,2546,1757,671,667
ISIC_0013395,True,True,2848,4288,12212224,1.5056179775280898,2848,4288,0.031370698735955,383106,small,True,False,False,False,False,False,0,383106,0.031370698735955056,698.4165727023588,1983.1512766701644,1805.0580204956332,1675,1402,2311,2202,637,801
ISIC_0013397,True,True,2848,4288,12212224,1.5056179775280898,2848,4288,0.0872712455978534,1065776,normal,True,False,False,False,False,False,0,1065776,0.08727124559785343,1164.8983427877572,2595.456627846752,840.2717700529943,2031,188,3195,1463,1165,1276
ISIC_0013398,True,True,2848,4288,12212224,1.5056179775280898,2848,4288,0.0094519229257504,115429,very_tiny,True,False,False,False,False,False,0,115429,0.00945192292575046,383.3650576268462,2251.0677386098814,1188.7216990530976,2034,975,2474,1405,441,431
ISIC_0013399,True,True,2848,4288,12212224,1.5056179775280898,2848,4288,0.0506606331492118,618679,normal,True,False,False,False,False,False,0,618679,0.050660633149211806,887.5396150579453,2225.8555987838604,1594.1245977316185,1799,1101,2622,2074,824,974
ISIC_0013400,True,True,2848,4288,12212224,1.5056179775280898,2848,4288,0.1576384448893174,1925116,normal,True,False,False,False,False,False,0,1925116,0.15763844488931747,1565.6097276787652,2151.655319991107,1796.029249146545,1337,977,3015,2522,1679,1546
ISIC_0013403,True,True,2848,4288,12212224,1.5056179775280898,2848,4288,0.0373332490462015,455922,small,True,False,False,False,False,False,0,455922,0.037333249046201576,761.9041407649291,2175.891694193305,1556.757419032203,1809,1135,2546,1958,738,824
ISIC_0013405,True,True,2848,4288,12212224,1.5056179775280898,2848,4288,0.0507644635407932,619947,normal,True,False,False,False,False,False,0,619947,0.050764463540793225,888.4486682076405,2048.8635028478243,1217.106289731219,1541,801,2512,1646,972,846
ISIC_0013410,True,True,2848,4288,12212224,1.5056179775280898,2848,4288,0.0496283068505785,606072,small,True,False,False,False,False,False,0,606072,0.04962830685057857,878.4502475136139,1722.8239747092755,1650.56636010243,1374,1113,2143,2202,770,1090
ISIC_0013411,True,True,2848,4288,12212224,1.5056179775280898,2848,4288,0.3528604617799346,4309211,normal,True,False,False,False,False,False,0,4309211,0.3528604617799346,2342.361597150994,1742.8143799410147,1756.971085426079,105,668,3016,2783,2912,2116
ISIC_0013414,True,True,2848,4288,12212224,1.5056179775280898,2848,4288,0.0228073117558276,278528,small,True,False,False,False,False,False,0,278528,0.022807311755827602,595.5105909352036,2080.587247960708,1462.0470042509191,1783,1105,2363,1818,581,714
ISIC_0013416,True,True,2848,4288,12212224,1.5056179775280898,2848,4288,0.0134271202362485,163975,tiny,True,False,False,False,False,False,0,163975,0.013427120236248532,456.92390432975634,2154.5168348833663,1417.9666168623266,1873,1194,2433,1631,561,438
ISIC_0013417,True,True,2848,4288,12212224,1.5056179775280898,2848,4288,0.0139397213808066,170235,tiny,True,False,False,False,False,False,0,170235,0.01393972138080664,465.56410288808826,2128.708338473287,1404.3293447293447,1876,1202,2378,1602,503,401
ISIC_0013423,True,True,2848,4288,12212224,1.5056179775280898,2848,4288,0.3345892607276119,4086079,normal,True,False,False,False,False,False,0,4086079,0.3345892607276119,2280.911520798628,2148.656042381951,1336.8484848188202,895,364,3452,2373,2558,2010
ISIC_0013424,True,True,2848,4288,12212224,1.5056179775280898,2848,4288,0.1477024168570769,1803775,normal,True,False,False,False,False,False,0,1803775,0.14770241685707697,1515.4661526423704,1871.4834355726186,1432.3295228063366,1112,687,2623,2169,1512,1483
ISIC_0013425,True,True,2848,4288,12212224,1.5056179775280898,2848,4288,0.0474591687803957,579582,small,True,False,False,False,False,False,0,579582,0.04745916878039577,859.0382539891311,2342.8957576322246,1298.2344776062748,1876,868,2847,1668,972,801
ISIC_0013427,True,True,2848,4288,12212224,1.5056179775280898,2848,4288,0.5521286704207194,6742719,normal,True,False,False,False,False,False,0,6742719,0.5521286704207194,2930.033527084141,2196.440142322407,1315.7324852185002,436,156,3852,2647,3417,2492
ISIC_0013428,True,True,2848,4288,12212224,1.5056179775280898,2848,4288,0.1806071523090306,2205615,normal,True,False,False,False,False,False,0,2205615,0.18060715230903068,1675.7912275880446,2055.100796829909,1349.0096000435253,1106,423,2981,2202,1876,1780
ISIC_0013429,True,True,2848,4288,12212224,1.5056179775280898,2848,4288,0.0555122474006372,677928,normal,True,False,False,False,False,False,0,677928,0.05551224740063726,929.0665950744432,2190.8583492642288,1323.8388398177979,1709,846,2713,1802,1005,957
ISIC_0013430,True,True,2848,4288,12212224,1.5056179775280898,2848,4288,0.0637553814931661,778595,normal,True,False,False,False,False,False,0,778595,0.06375538149316619,995.6595519217772,2202.9790121950437,1400.7112953461042,1709,913,2747,1913,1039,1001
ISIC_0013432,True,True,2848,4288,12212224,1.5056179775280898,2848,4288,0.0405427381613701,495117,small,True,False,False,False,False,False,0,495117,0.040542738161370113,793.9789315029961,2207.6395761001945,1473.5860493580306,1776,1069,2646,1824,871,756
ISIC_0013433,True,True,2848,4288,12212224,1.5056179775280898,2848,4288,0.0404294090904326,493733,small,True,False,False,False,False,False,0,493733,0.04042940909043267,792.8684507159596,2023.960334836845,1472.9445003676076,1608,1091,2445,1846,838,756
ISIC_0013434,True,True,2848,4288,12212224,1.5056179775280898,2848,4288,0.0419413368113785,512197,small,True,False,False,False,False,False,0,512197,0.0419413368113785,807.5577224537675,2193.840297776051,1696.4375406337797,1657,1333,2726,2090,1070,758
ISIC_0013437,True,True,2848,4288,12212224,1.5056179775280898,2848,4288,0.152487049042009,1862206,normal,True,False,False,False,False,False,0,1862206,0.15248704904200905,1539.8163265932365,2187.0465200949843,1516.3689613286608,1474,623,2914,2380,1441,1758
ISIC_0013438,True,True,2848,4288,12212224,1.5056179775280898,2848,4288,0.0583751166044776,712890,normal,True,False,False,False,False,False,0,712890,0.05837511660447761,952.7222780255797,2038.3102666610557,1630.6220146165608,1541,1135,2512,2136,972,1002
ISIC_0013443,True,True,2848,4288,12212224,1.5056179775280898,2848,4288,0.1726672389893929,2108651,normal,True,False,False,False,False,False,0,2108651,0.17266723898939293,1638.5413755060765,2335.369364584277,1719.9939914191584,1531,912,3126,2560,1596,1649
ISIC_0013455,True,True,2848,4288,12212224,1.5056179775280898,2848,4288,0.2403947880418832,2935755,normal,True,False,False,False,False,False,0,2935755,0.24039478804188327,1933.3699489890644,2039.2193013381566,1554.6969505289098,1009,451,2973,2518,1965,2068
ISIC_0013456,True,True,2848,4288,12212224,1.5056179775280898,2848,4288,0.0044925477947341,54864,very_tiny,True,False,False,False,False,False,0,54864,0.004492547794734194,264.30099201923167,2057.915190288714,1578.4694881889764,1922,1453,2211,1751,290,299
ISIC_0013457,True,True,2848,4288,12212224,1.5056179775280898,2848,4288,0.3189206159336743,3894730,normal,True,False,False,False,False,False,0,3894730,0.3189206159336743,2226.864219494844,2217.865689277562,1433.7213583483322,1197,228,3305,2615,2109,2388
ISIC_0013458,True,True,2848,4288,12212224,1.5056179775280898,2848,4288,0.0434304185707697,530382,small,True,False,False,False,False,False,0,530382,0.04343041857076975,821.7684200647559,2241.3016391959004,1410.5853460336134,1809,1024,2713,1780,905,757
ISIC_0013459,True,True,2848,4288,12212224,1.5056179775280898,2848,4288,0.1914275401433842,2337756,normal,True,False,False,False,False,False,0,2337756,0.1914275401433842,1725.2603818386067,1866.5671293325736,1354.3096499378037,963,478,2737,2167,1775,1690
ISIC_0013461,True,True,2848,4288,12212224,1.5056179775280898,2848,4288,0.0679683733282324,830045,normal,True,False,False,False,False,False,0,830045,0.06796837332823244,1028.0302125471303,2140.1216548500383,1911.408279069207,1569,1429,2717,2404,1149,976
ISIC_0013465,True,True,2848,4288,12212224,1.5056179775280898,2848,4288,0.0209221514443233,255506,small,True,False,False,False,False,False,0,255506,0.020922151444323328,570.3686028500364,2091.4954091097666,1381.7163158595101,1825,1024,2354,1715,530,692
ISIC_0013472,True,True,2848,4288,12212224,1.5056179775280898,2848,4288,0.0555965072373385,678957,normal,True,False,False,False,False,False,0,678957,0.05559650723733859,929.7714243698565,2098.6195871019813,1660.179330944375,1436,1283,2855,2093,1420,811
ISIC_0013473,True,True,2848,4288,12212224,1.5056179775280898,2848,4288,0.8203488570140869,10018284,normal,True,True,False,False,False,True,1,10018284,0.8203488570140869,3571.508835098629,2420.23001623831,1465.0651288184683,475,0,4274,2838,3800,2839
ISIC_0013474,True,True,2848,4288,12212224,1.5056179775280898,2848,4288,0.1220593398876404,1490616,normal,True,False,False,False,False,False,0,1490616,0.12205933988764045,1377.6469929611683,2004.906210586764,1366.953892887236,1259,423,2686,2173,1428,1751
ISIC_0013480,True,True,2592,3872,10036224,1.4938271604938271,2592,3872,0.0185435279244464,186107,tiny,True,False,False,False,False,False,0,186107,0.018543527924446485,486.78413280634663,1633.745726920535,1223.3938379534354,1362,993,1905,1437,544,445
ISIC_0013487,True,True,1536,2304,3538944,1.5,1536,2304,0.0355809529622395,125919,small,True,False,False,False,False,False,0,125919,0.035580952962239586,400.4061066386313,1143.306832169887,725.1481587369658,952,442,1364,1058,413,617
ISIC_0013488,True,True,1536,2304,3538944,1.5,1536,2304,0.0699039035373264,247386,normal,True,False,False,False,False,False,0,247386,0.0699039035373264,561.2322496202913,1138.2990953408844,734.1153622274502,836,469,1436,1037,601,569
ISIC_0013489,True,True,1536,2304,3538944,1.5,1536,2304,0.0470072428385416,166356,small,True,False,False,False,False,False,0,166356,0.047007242838541664,460.2293316423484,1132.8417009305344,740.449469811729,900,504,1403,984,504,481
ISIC_0013490,True,True,2000,3008,6016000,1.504,2000,3008,0.0665310837765957,400251,normal,True,False,False,False,False,False,0,400251,0.06653108377659575,713.8735189232009,1479.7239582162192,839.534979300489,1082,454,1903,1203,822,750
ISIC_0013491,True,True,2000,3008,6016000,1.504,2000,3008,0.0661730385638297,398097,normal,True,False,False,False,False,False,0,398097,0.06617303856382979,711.9500284714047,1566.6954485966987,1067.6706355486226,1223,688,1903,1468,681,781
ISIC_0013492,True,True,2000,3008,6016000,1.504,2000,3008,0.0556131981382978,334569,normal,True,False,False,False,False,False,0,334569,0.055613198138297876,652.6763985640193,1556.7073727691447,948.7265377246547,1199,657,1950,1265,752,609
ISIC_0013493,True,True,2848,4288,12212224,1.5056179775280898,2848,4288,0.1862469112915059,2274489,normal,True,False,False,False,False,False,0,2274489,0.18624691129150595,1701.7547822365993,1878.982953973398,1233.9717853108984,576,343,2882,2187,2307,1845
ISIC_0013494,True,True,2848,4288,12212224,1.5056179775280898,2848,4288,0.0645680917742747,788520,normal,True,False,False,False,False,False,0,788520,0.0645680917742747,1001.9854518976663,2191.643262060569,1369.185737837975,1776,712,2579,2024,804,1313
ISIC_0013495,True,True,2848,4288,12212224,1.5056179775280898,2848,4288,0.0512850075465369,626304,normal,True,False,False,False,False,False,0,626304,0.051285007546536976,892.9921723205705,2078.646537464235,1542.810128946965,1675,980,2546,2136,872,1157
ISIC_0013498,True,True,2592,3872,10036224,1.4938271604938271,2592,3872,0.0549802395801448,551794,normal,True,False,False,False,False,False,0,551794,0.054980239580144884,838.1920670989402,1914.7422280778696,1273.0241684396713,1422,892,2510,1640,1089,749
ISIC_0013499,True,True,2592,3872,10036224,1.4938271604938271,2592,3872,0.0696806886733496,699331,normal,True,False,False,False,False,False,0,699331,0.06968068867334966,943.6185055726631,1886.3168714099618,1239.255344035943,1422,730,2389,1802,968,1073
ISIC_0013500,True,True,2592,3872,10036224,1.4938271604938271,2592,3872,0.0482830993010917,484580,small,True,False,False,False,False,False,0,484580,0.048283099301091724,785.4848302722116,1855.9981241487474,1209.1429134508235,1513,750,2208,1701,696,952
ISIC_0013501,True,True,2848,4288,12212224,1.5056179775280898,2848,4288,0.0662992260869109,809661,normal,True,False,False,False,False,False,0,809661,0.06629922608691095,1015.3287167365141,2101.216767264324,1528.6026028177225,1620,975,2620,2093,1001,1119
ISIC_0013511,True,True,2000,3008,6016000,1.504,2000,3008,0.0718399268617021,432189,normal,True,False,False,False,False,False,0,432189,0.07183992686170212,741.8086853087831,1597.4113964029625,951.1936074263806,1187,610,2007,1319,821,710
ISIC_0013512,True,True,2000,3008,6016000,1.504,2000,3008,0.0171446143617021,103142,tiny,True,False,False,False,False,False,0,103142,0.01714461436170213,362.38718675344217,1523.740445211456,1003.4532198328518,1352,779,1689,1203,338,425
ISIC_0013516,True,True,2848,4288,12212224,1.5056179775280898,2848,4288,0.0648623870639778,792114,normal,True,False,False,False,False,False,0,792114,0.06486238706397786,1004.2663335681171,1459.880392216272,1846.683435717586,981,1322,1973,2375,993,1054
ISIC_0013517,True,True,2848,4288,12212224,1.5056179775280898,2848,4288,0.0127053024903572,155160,tiny,True,False,False,False,False,False,0,155160,0.012705302490357203,444.4725500648019,2204.5086555813355,1762.12971126579,1943,1580,2479,1935,537,356
ISIC_0013518,True,True,2848,4288,12212224,1.5056179775280898,2848,4288,0.3832798186472832,4680699,normal,True,False,False,False,False,False,0,4680699,0.3832798186472832,2441.239657182869,2190.8298527634443,1294.131041966168,871,45,3516,2580,2646,2536
ISIC_0013523,True,True,2000,3008,6016000,1.504,2000,3008,0.0323580452127659,194666,small,True,False,False,False,False,False,0,194666,0.03235804521276596,497.851834600833,1415.1503703779808,967.8638283007818,1176,704,1645,1265,470,562
ISIC_0013525,True,True,2000,3008,6016000,1.504,2000,3008,0.0798282912234042,480247,normal,True,False,False,False,False,False,0,480247,0.07982829122340425,781.9651345427286,1799.5661544996638,906.7078649111811,1223,563,2467,1234,1245,672
ISIC_0013526,True,True,2000,3008,6016000,1.504,2000,3008,0.0120679853723404,72601,tiny,True,False,False,False,False,False,0,72601,0.012067985372340426,304.03694543150107,1534.2040192283853,1029.655569482514,1352,902,1733,1162,382,261
ISIC_0013527,True,True,2000,3008,6016000,1.504,2000,3008,0.0054760638297872,32944,very_tiny,True,False,False,False,False,False,0,32944,0.005476063829787234,204.80625860006134,1513.7485126274892,1016.5880281690141,1433,865,1602,1150,170,286
ISIC_0013529,True,True,2848,4288,12212224,1.5056179775280898,2848,4288,0.0399448126729414,487815,small,True,False,False,False,False,False,0,487815,0.03994481267294147,788.1023718496116,2130.19132867993,1371.1189200824083,1709,1002,2546,1757,838,756
ISIC_0013549,True,True,2848,4288,12212224,1.5056179775280898,2848,4288,0.0743030917218681,907406,normal,True,False,False,False,False,False,0,907406,0.07430309172186819,1074.8698536706456,2174.9339094076963,1458.6686268329722,1504,999,2827,1956,1324,958
ISIC_0013552,True,True,2848,4288,12212224,1.5056179775280898,2848,4288,0.011870974525197,144971,tiny,True,False,False,False,False,False,0,144971,0.011870974525197048,429.6310161520014,1773.7398928061475,1439.199136379,1539,1230,1997,1688,459,459
ISIC_0013553,True,True,2848,4288,12212224,1.5056179775280898,2848,4288,0.1393035371771759,1701206,normal,True,False,False,False,False,False,0,1701206,0.13930353717717592,1471.7481961737637,2157.008124824389,1223.9898401486946,1340,401,2847,1980,1508,1580
ISIC_0013554,True,True,2848,4288,12212224,1.5056179775280898,2848,4288,0.0185565708588378,226617,tiny,True,False,False,False,False,False,0,226617,0.018556570858837832,537.1570775008446,2002.2016088819462,1739.3305135978326,1742,1447,2244,2002,503,556
ISIC_0013558,True,True,2000,3008,6016000,1.504,2000,3008,0.0326349734042553,196332,small,True,False,False,False,False,False,0,196332,0.03263497340425532,499.9776657981274,1519.856391214881,980.5727848746002,1293,672,1731,1263,439,592
ISIC_0013559,True,True,2000,3008,6016000,1.504,2000,3008,0.047501329787234,285768,small,True,False,False,False,False,False,0,285768,0.047501329787234044,603.2007279669663,1458.1223439993282,989.1458070882674,1176,625,1739,1343,564,719
ISIC_0013561,True,True,2000,3008,6016000,1.504,2000,3008,0.0723650265957446,435348,normal,True,False,False,False,False,False,0,435348,0.07236502659574467,744.5148012775593,1469.1314511609103,1049.727638578792,1168,546,1768,1484,601,939
ISIC_0013562,True,True,2848,4288,12212224,1.5056179775280898,2848,4288,0.055815713829029,681634,normal,True,False,False,False,False,False,0,681634,0.055815713829029015,931.6025782682269,1910.6690261929423,1401.3916441961521,1441,935,2378,1869,938,935
ISIC_0013565,True,True,2848,4288,12212224,1.5056179775280898,2848,4288,0.0245513020396612,299826,small,True,False,False,False,False,False,0,299826,0.024551302039661244,617.8594660112968,2226.6757452655875,1465.3388231841134,1865,1224,2613,1735,749,512
ISIC_0013567,True,True,2848,4288,12212224,1.5056179775280898,2848,4288,0.0413877111982223,505436,small,True,False,False,False,False,False,0,505436,0.04138771119822237,802.2101361443657,1958.1006655639883,1699.0224538814014,1509,1346,2405,2039,897,694
ISIC_0013568,True,True,2000,3008,6016000,1.504,2000,3008,0.01765625,106220,tiny,True,False,False,False,False,False,0,106220,0.01765625,367.75467970070616,1477.883185840708,1003.2404067030691,1270,797,1668,1203,399,407
ISIC_0013572,True,True,2848,4288,12212224,1.5056179775280898,2848,4288,0.0638194156936525,779377,normal,True,False,False,False,False,False,0,779377,0.06381941569365253,996.1594333524413,2172.5173080550235,1411.221171525462,1608,980,2780,1824,1173,845
ISIC_0013573,True,True,2592,3872,10036224,1.4938271604938271,2592,3872,0.1058652138493521,1062487,normal,True,False,False,False,False,False,0,1062487,0.1058652138493521,1163.0995074227437,1916.412274220767,947.6310731331301,1174,302,2706,1656,1533,1355
ISIC_0013577,True,True,2848,4288,12212224,1.5056179775280898,2848,4288,0.1051945165761781,1284659,normal,True,False,False,False,False,False,0,1284659,0.1051945165761781,1278.9365270801868,2291.7543978596655,1481.8218577848286,1353,482,3104,2308,1752,1827
ISIC_0013578,True,True,2848,4288,12212224,1.5056179775280898,2848,4288,0.071588762210716,874258,normal,True,False,False,False,False,False,0,874258,0.07158876221071608,1055.0544336199314,2181.344421212045,1360.7050824813728,1742,557,2713,2247,972,1691
ISIC_0013579,True,True,2848,4288,12212224,1.5056179775280898,2848,4288,0.0955987214122505,1167473,normal,True,False,False,False,False,False,0,1167473,0.09559872141225055,1219.2099044096528,2232.8317160225547,1410.5318966691307,1608,623,2948,2113,1341,1491
ISIC_0013580,True,True,2848,4288,12212224,1.5056179775280898,2848,4288,0.0356325760156381,435153,small,True,False,False,False,False,False,0,435153,0.0356325760156381,744.3480419871744,2325.9880111133325,1386.7482471682374,1943,1046,2680,1780,738,735
ISIC_0013581,True,True,2848,4288,12212224,1.5056179775280898,2848,4288,0.0297384817048884,363173,small,True,False,False,False,False,False,0,363173,0.029738481704888478,680.0045773229054,2154.7575783442053,1663.6379383929973,1776,1336,2546,2024,771,689
ISIC_0013585,True,True,2848,4288,12212224,1.5056179775280898,2848,4288,0.5184836930603304,6331839,normal,True,True,True,False,False,True,2,6331839,0.5184836930603304,2839.356935240152,2232.1630480497056,1330.2941579847497,369,0,3752,2847,3384,2848
ISIC_0013588,True,True,2848,4288,12212224,1.5056179775280898,2848,4288,0.1301817752442143,1589809,normal,True,False,False,False,False,False,0,1589809,0.13018177524421432,1422.7465295602954,2149.8855982070804,1457.9059069359905,1363,815,2931,2214,1569,1400
ISIC_0013592,True,True,2848,4288,12212224,1.5056179775280898,2848,4288,0.0121448804083515,148316,tiny,True,False,False,False,False,False,0,148316,0.0121448804083515,434.55931277207765,2105.224864478546,1410.7497370479248,1910,1180,2311,1646,402,467
ISIC_0013594,True,True,2000,3008,6016000,1.504,2000,3008,0.5383761635638298,3238871,normal,True,True,True,False,False,True,2,3238871,0.5383761635638298,2030.7285976949065,1500.7499749140982,955.3520958383338,424,0,2655,1999,2232,2000
ISIC_0013595,True,True,2000,3008,6016000,1.504,2000,3008,0.011901097074468,71597,tiny,True,False,False,False,False,False,0,71597,0.011901097074468086,301.92736160275945,1498.8826906155286,999.7178373395533,1317,847,1689,1177,373,331
ISIC_0013596,True,True,2000,3008,6016000,1.504,2000,3008,0.013844414893617,83288,tiny,True,False,False,False,False,False,0,83288,0.013844414893617022,325.6463959602535,1498.389083661512,1062.584934204207,1366,852,1654,1251,289,400
ISIC_0013597,True,True,2000,3008,6016000,1.504,2000,3008,0.0136301529255319,81999,tiny,True,False,False,False,False,False,0,81999,0.013630152925531915,323.11664987855175,1533.8092049903048,963.2346613983098,1387,782,1692,1140,306,359
ISIC_0013599,True,True,2592,3872,10036224,1.4938271604938271,2592,3872,0.0121950247423732,122392,tiny,True,False,False,False,False,False,0,122392,0.012195024742373228,394.7585773092537,1947.6357359958167,1373.8924602915224,1695,1195,2177,1539,483,345
ISIC_0013600,True,True,2592,3872,10036224,1.4938271604938271,2592,3872,0.1275585319737782,1280206,normal,True,False,False,False,False,False,0,1280206,0.1275585319737782,1276.7180207889382,2124.407196966738,1550.8924173140886,1261,1071,3005,2009,1745,939
ISIC_0013601,True,True,2592,3872,10036224,1.4938271604938271,2592,3872,0.0326947664779104,328132,small,True,False,False,False,False,False,0,328132,0.03269476647791042,646.3672627021255,2046.8081839016006,1361.083314032158,1695,1033,2419,1701,725,669
ISIC_0013602,True,True,2592,3872,10036224,1.4938271604938271,2592,3872,0.0429018921857463,430573,small,True,False,False,False,False,False,0,430573,0.04290189218574635,740.4205362462965,1918.0045845884438,1343.658966075439,1553,954,2263,1707,711,754
ISIC_0013603,True,True,2592,3872,10036224,1.4938271604938271,2592,3872,0.0179217801436077,179867,tiny,True,False,False,False,False,False,0,179867,0.017921780143607794,478.5538393878786,1941.362884798212,1313.918606525933,1695,1074,2177,1559,483,486
ISIC_0013606,True,True,2848,4288,12212224,1.5056179775280898,2848,4288,0.0172973407628291,211239,tiny,True,False,False,False,False,False,0,211239,0.017297340762829114,518.6114616842855,2172.1998920653855,1383.472815152505,1910,1113,2479,1602,570,490
ISIC_0013610,True,True,2000,3008,6016000,1.504,2000,3008,0.0631889960106383,380145,normal,True,False,False,False,False,False,0,380145,0.0631889960106383,695.7123304450975,1531.5906298912257,995.2781701719081,1176,594,1880,1343,705,750
ISIC_0013615,True,True,2848,4288,12212224,1.5056179775280898,2848,4288,0.1102031865776454,1345826,normal,True,False,False,False,False,False,0,1345826,0.11020318657764548,1309.0297489105224,2157.2420037954384,1692.7491629675753,1385,857,2962,2468,1578,1612
ISIC_0013617,True,True,2592,3872,10036224,1.4938271604938271,2592,3872,0.2983531455655035,2994339,normal,True,False,False,False,False,False,0,2994339,0.2983531455655035,1952.565191009699,1843.1989824799396,1503.8040632673856,649,699,3103,2406,2455,1708
ISIC_0013618,True,True,2848,4288,12212224,1.5056179775280898,2848,4288,0.2861931618679775,3495055,normal,True,False,False,False,False,False,0,3495055,0.28619316186797755,2109.5123220840296,2034.8961135089432,1437.1274414851841,504,115,3791,2473,3288,2359
ISIC_0013621,True,True,2592,3872,10036224,1.4938271604938271,2592,3872,0.5216378191638609,5235274,normal,True,False,True,False,False,True,1,5235274,0.5216378191638609,2581.8129065297962,1884.0777099727732,1418.768443256265,243,345,3448,2591,3206,2247
ISIC_0013626,True,True,2592,3872,10036224,1.4938271604938271,2592,3872,0.132704092694623,1331848,normal,True,False,False,False,False,False,0,1331848,0.132704092694623,1302.2140919128608,1712.231209567458,1129.9706407938443,1029,405,2510,1782,1482,1378
ISIC_0013634,True,True,2848,4288,12212224,1.5056179775280898,2848,4288,0.1695473322467717,2070550,normal,True,False,False,False,False,False,0,2070550,0.16954733224677176,1623.6705759948325,2218.11828499674,1514.4704228345126,1497,634,2914,2421,1418,1788
ISIC_0013635,True,True,2848,4288,12212224,1.5056179775280898,2848,4288,0.0670534703588797,818872,normal,True,False,False,False,False,False,0,818872,0.06705347035887976,1021.0877594391053,1913.4931234674038,1312.2127194482166,1340,801,2445,1846,1106,1046
ISIC_0013636,True,True,2848,4288,12212224,1.5056179775280898,2848,4288,0.3261935745692185,3983549,normal,True,False,False,False,False,False,0,3983549,0.3261935745692185,2252.1128113818395,2283.3725346418482,1406.9522797384946,1166,240,3407,2545,2242,2306
ISIC_0013637,True,True,2848,4288,12212224,1.5056179775280898,2848,4288,0.0647994992558276,791346,normal,True,False,False,False,False,False,0,791346,0.0647994992558276,1003.7793685705999,2077.099035061781,1435.9101227528793,1541,935,2613,1935,1073,1001
ISIC_0013639,True,True,2592,3872,10036224,1.4938271604938271,2592,3872,0.0634692888480767,636992,normal,True,False,False,False,False,False,0,636992,0.06346928884807673,900.5794823778414,1970.202718401487,1255.8236241585453,1453,871,2419,1741,967,871
ISIC_0013643,True,True,2848,4288,12212224,1.5056179775280898,2848,4288,0.0467907401632986,571419,small,True,False,False,False,False,False,0,571419,0.04679074016329868,852.9673308005541,2165.717526018561,1378.545538387768,1776,913,2579,1846,804,934
ISIC_0013644,True,True,2848,4288,12212224,1.5056179775280898,2848,4288,0.0902778232695371,1102493,normal,True,False,False,False,False,False,0,1102493,0.09027782326953715,1184.7943641804277,2071.781687502778,1469.3894618832046,1389,806,2778,1966,1390,1161
ISIC_0013651,True,True,2848,4288,12212224,1.5056179775280898,2848,4288,0.344404180598063,4205941,normal,True,False,False,False,False,False,0,4205941,0.34440418059806305,2314.1241116290535,1886.5864514029083,1524.2845348995622,493,447,3355,2527,2863,2081
ISIC_0013652,True,True,2000,3008,6016000,1.504,2000,3008,0.0558726728723404,336130,normal,True,False,False,False,False,False,0,336130,0.05587267287234043,654.1972242159319,1473.8590277571177,1068.9139469847976,1101,749,1912,1358,812,610
ISIC_0013656,True,True,2592,3872,10036224,1.4938271604938271,2592,3872,0.0164150381657483,164745,tiny,True,False,False,False,False,False,0,164745,0.016415038165748394,457.9954680970046,2053.170178154117,1154.442957297642,1846,932,2268,1377,423,446
ISIC_0013663,True,True,2848,4288,12212224,1.5056179775280898,2848,4288,0.1857741882232098,2268716,normal,True,False,False,False,False,False,0,2268716,0.1857741882232098,1699.5937535109324,2146.869248949626,1158.4787514171012,1374,89,3048,2380,1675,2292
ISIC_0013664,True,True,2848,4288,12212224,1.5056179775280898,2848,4288,0.0485268694711135,592621,small,True,False,False,False,False,False,0,592621,0.04852686947111353,868.6475074738296,2047.5269776130108,1497.3931028431325,1490,776,2543,2208,1054,1433
ISIC_0013667,True,True,2592,3872,10036224,1.4938271604938271,2592,3872,0.1541775073972043,1547360,normal,True,False,False,False,False,False,0,1547360,0.15417750739720437,1403.623860562865,1738.2709841278047,1323.1942069072484,848,669,2540,2106,1693,1438
ISIC_0013670,True,True,2848,4288,12212224,1.5056179775280898,2848,4288,0.0118223347360808,144377,tiny,True,False,False,False,False,False,0,144377,0.011822334736080832,428.74993381950344,2349.2022898384093,2217.8443727186464,2134,1968,2541,2477,408,510
ISIC_0013671,True,True,2848,4288,12212224,1.5056179775280898,2848,4288,0.1549531846124014,1892323,normal,True,False,False,False,False,False,0,1892323,0.15495318461240148,1552.2179212378257,2078.1685795712465,1757.2827239324365,1206,1069,2948,2514,1743,1446
ISIC_0013672,True,True,2848,4288,12212224,1.5056179775280898,2848,4288,0.1960673174681368,2394418,normal,True,False,False,False,False,False,0,2394418,0.19606731746813685,1746.0434370959042,2857.7946473840407,1587.3705936056278,1463,914,3984,2253,2522,1340
ISIC_0013673,True,True,2000,3008,6016000,1.504,2000,3008,0.0256505984042553,154314,small,True,False,False,False,False,False,0,154314,0.02565059840425532,443.2591647177325,1605.4195212359216,874.721036328525,1391,638,1815,1090,425,453
ISIC_0013674,True,True,2848,4288,12212224,1.5056179775280898,2848,4288,0.2177076837110095,2658695,normal,True,False,False,False,False,False,0,2658695,0.21770768371100957,1839.8792382625695,1986.6883459742467,1566.2692843669545,999,469,2917,2607,1919,2139
ISIC_0013675,True,True,2848,4288,12212224,1.5056179775280898,2848,4288,0.0720753238722119,880200,normal,True,False,False,False,False,False,0,880200,0.07207532387221198,1058.6337644699843,2308.96021131561,1967.5195637355146,1809,1380,2814,2581,1006,1202
ISIC_0013676,True,True,2848,4288,12212224,1.5056179775280898,2848,4288,0.0687085333515009,839084,normal,True,False,False,False,False,False,0,839084,0.06870853335150093,1033.6125628854165,2378.1012544632003,1638.009776136835,1876,1069,2847,2180,972,1112
ISIC_0013678,True,True,2000,3008,6016000,1.504,2000,3008,0.0399428191489361,240296,small,True,False,False,False,False,False,0,240296,0.03994281914893617,553.1314216727167,1511.9186253620535,943.7996138096348,1184,621,1806,1211,623,591
ISIC_0013680,True,True,2592,3872,10036224,1.4938271604938271,2592,3872,0.0376635674931129,378000,small,True,False,False,False,False,False,0,378000,0.03766356749311295,693.746746233733,1908.3361216931216,1015.0487592592592,1511,692,2298,1329,788,638
ISIC_0013684,True,True,2000,3008,6016000,1.504,2000,3008,0.0711284906914893,427909,normal,True,False,False,False,False,False,0,427909,0.07112849069148937,738.1264528169131,1591.7707970619922,885.7238548382951,1249,511,1939,1334,691,824
ISIC_0013685,True,True,2000,3008,6016000,1.504,2000,3008,0.4363716755319149,2625212,normal,True,False,False,False,False,False,0,2625212,0.4363716755319149,1828.2570201460424,1830.5533975922706,1222.6363783191605,899,288,2909,1991,2011,1704
ISIC_0013688,True,True,2848,4288,12212224,1.5056179775280898,2848,4288,0.048785872253899,595784,small,True,False,False,False,False,False,0,595784,0.04878587225389904,870.9625416287971,2137.2067057859895,1476.042663112806,1575,1091,2680,1846,1106,756
ISIC_0013689,True,True,2848,4288,12212224,1.5056179775280898,2848,4288,0.0086134188170803,105189,very_tiny,True,False,False,False,False,False,0,105189,0.008613418817080328,365.9655645974728,2160.2767494700015,1398.5455798610121,1977,1202,2345,1579,369,378
ISIC_0013690,True,True,2848,4288,12212224,1.5056179775280898,2848,4288,0.0115535057332718,141094,tiny,True,False,False,False,False,False,0,141094,0.011553505733271843,423.8472134211372,2235.9195075623343,1363.0650630076402,2022,1165,2479,1562,458,398
ISIC_0013691,True,True,2000,3008,6016000,1.504,2000,3008,0.107571642287234,647151,normal,True,False,False,False,False,False,0,647151,0.10757164228723404,907.7324741436241,1458.2719751649925,1048.6132216437895,941,563,1927,1500,987,938
ISIC_0013695,True,True,2848,4288,12212224,1.5056179775280898,2848,4288,0.0504583767870618,616209,normal,True,False,False,False,False,False,0,616209,0.05045837678706188,885.7661466898077,2287.7670709126287,1669.3877531811447,1742,1158,2747,2091,1006,934
ISIC_0013696,True,True,2848,4288,12212224,1.5056179775280898,2848,4288,0.0207402026035552,253284,small,True,False,False,False,False,False,0,253284,0.020740202603555257,567.883090828298,1845.1482130730722,792.4088888362471,1573,492,2123,1096,551,605
ISIC_0013702,True,True,2848,4288,12212224,1.5056179775280898,2848,4288,0.1458556606888311,1781222,normal,True,False,False,False,False,False,0,1781222,0.14585566068883113,1505.962246655691,2030.3017703576534,1338.0335112636158,1147,670,3001,1986,1855,1317
ISIC_0013708,True,True,2592,3872,10036224,1.4938271604938271,2592,3872,0.6912277964302111,6937317,normal,True,False,False,False,False,False,0,6937317,0.6912277964302111,2972.0138523841883,1414.464473945763,1451.2836074811055,3,7,3271,2590,3269,2584
ISIC_0013709,True,True,2000,3008,6016000,1.504,2000,3008,0.2864868683510638,1723505,normal,True,False,False,False,False,False,0,1723505,0.28648686835106385,1481.3624544819463,1395.6833400541339,707.5671634256936,529,15,2296,1428,1768,1414
ISIC_0013712,True,True,2848,4288,12212224,1.5056179775280898,2848,4288,0.0173869231353764,212333,tiny,True,False,False,False,False,False,0,212333,0.01738692313537649,519.9526634726005,1842.8003843020163,1664.74233868499,1575,1402,2110,1935,536,534
ISIC_0013713,True,True,2848,4288,12212224,1.5056179775280898,2848,4288,0.0228431774589133,278966,small,True,False,False,False,False,False,0,278966,0.0228431774589133,595.9786429366319,2116.5874551020556,1485.9021493658724,1776,1202,2479,1757,704,556
ISIC_0013719,True,True,2000,3008,6016000,1.504,2000,3008,0.054213597074468,326149,normal,True,False,False,False,False,False,0,326149,0.05421359707446809,644.4112074412026,1580.294439044731,1007.3594062836311,1199,719,1974,1312,776,594
ISIC_0013721,True,True,2000,3008,6016000,1.504,2000,3008,0.1280088098404255,770101,normal,True,False,False,False,False,False,0,770101,0.12800880984042554,990.2136368683748,1748.4883826926598,1034.1737148763605,1183,573,2341,1467,1159,895
ISIC_0013733,True,True,2848,4288,12212224,1.5056179775280898,2848,4288,0.0382027057479456,466540,small,True,False,False,False,False,False,0,466540,0.03820270574794567,770.7250983332143,2148.1315128391993,1483.9172418227804,1646,1085,2584,1866,939,782
ISIC_0013736,True,True,2848,4288,12212224,1.5056179775280898,2848,4288,0.112716815544818,1376523,normal,True,False,False,False,False,False,0,1376523,0.11271681554481805,1323.8744343167446,2337.080680090344,1512.5258713439587,1675,824,3015,2225,1341,1402
ISIC_0013737,True,True,2848,4288,12212224,1.5056179775280898,2848,4288,0.0113694278781653,138846,tiny,True,False,False,False,False,False,0,138846,0.011369427878165353,420.4571533798639,2365.800195900494,1787.1519093095949,2144,1603,2613,1980,470,378
ISIC_0013738,True,True,2848,4288,12212224,1.5056179775280898,2848,4288,0.0083589197184722,102081,very_tiny,True,False,False,False,False,False,0,102081,0.008358919718472246,360.51846827327745,2313.046884336948,1995.5448908219944,2125,1813,2508,2195,384,383
ISIC_0013739,True,True,2000,3008,6016000,1.504,2000,3008,0.0704865359042553,424047,normal,True,False,False,False,False,False,0,424047,0.07048653590425531,734.7880029139776,1387.8751694977207,1015.8857508719552,1075,589,1697,1489,623,901
ISIC_0013740,True,True,2000,3008,6016000,1.504,2000,3008,0.1002952127659574,603376,normal,True,False,False,False,False,False,0,603376,0.10029521276595744,876.4942575648306,1543.322952851953,916.2669048818647,1135,370,1913,1413,779,1044
ISIC_0013747,True,True,2848,4288,12212224,1.5056179775280898,2848,4288,0.1458595911768405,1781270,normal,True,False,False,False,False,False,0,1781270,0.14585959117684053,1505.9825376976996,2179.388188202799,1592.0900133051139,1464,801,2855,2419,1392,1619
ISIC_0013748,True,True,2848,4288,12212224,1.5056179775280898,2848,4288,0.0854984317352842,1044126,normal,True,False,False,False,False,False,0,1044126,0.08549843173528425,1153.0058598663522,2131.797492831325,1292.350325535424,1508,646,2680,1913,1173,1268
ISIC_0013749,True,True,2848,4288,12212224,1.5056179775280898,2848,4288,0.0660210621750796,806264,normal,True,False,False,False,False,False,0,806264,0.06602106217507966,1013.1965299468565,2016.4502706309595,1143.4547331891292,1541,623,2512,1668,972,1046
ISIC_0013758,True,True,2848,4288,12212224,1.5056179775280898,2848,4288,0.1168159869979456,1426583,normal,True,False,False,False,False,False,0,1426583,0.11681598699794567,1347.7321282239,2132.443365720747,1643.8040359376216,1506,926,2861,2437,1356,1512
ISIC_0013762,True,True,2848,4288,12212224,1.5056179775280898,2848,4288,0.0723347360808318,883368,normal,True,False,False,False,False,False,0,883368,0.0723347360808318,1060.537161137511,2087.5669969933256,1450.8688315628367,1501,894,2894,2116,1394,1223
ISIC_0013765,True,True,2848,4288,12212224,1.5056179775280898,2848,4288,0.4357608409410112,5321609,normal,True,False,False,False,False,False,0,5321609,0.43576084094101125,2603.0142182513227,2818.8539885211408,1302.419699004568,1367,13,4005,2653,2639,2641
ISIC_0013766,True,True,2848,4288,12212224,1.5056179775280898,2848,4288,0.0377524192153697,461041,small,True,False,False,False,False,False,0,461041,0.03775241921536978,766.169454457853,2188.7056877804794,1551.6751894083172,1804,1036,2560,2018,757,983
ISIC_0013767,True,True,2592,3872,10036224,1.4938271604938271,2592,3872,0.4052983472668605,4067665,normal,True,False,False,False,False,False,0,4067665,0.40529834726686054,2275.76622980814,1976.1539627771706,1326.7582146022348,753,176,3235,2504,2483,2329
ISIC_0013772,True,True,2848,4288,12212224,1.5056179775280898,2848,4288,0.0200734116897954,245141,small,True,False,False,False,False,False,0,245141,0.020073411689795404,558.6798861923727,1977.546934213371,1366.6267168690672,1709,1046,2244,1668,536,623
ISIC_0013775,True,True,2848,4288,12212224,1.5056179775280898,2848,4288,0.0464295446922689,567008,small,True,False,False,False,False,False,0,567008,0.046429544692268995,849.6687635668355,2319.757924050454,1724.7753065212485,1843,1313,2747,2136,905,824
ISIC_0013777,True,True,2848,4288,12212224,1.5056179775280898,2848,4288,0.0985393815246101,1203385,normal,True,False,False,False,False,False,0,1203385,0.0985393815246101,1237.8196029879005,1849.2827723463397,1411.4857223581812,938,980,2646,1891,1709,912
ISIC_0013778,True,True,2848,4288,12212224,1.5056179775280898,2848,4288,0.1297966693044608,1585106,normal,True,False,False,False,False,False,0,1585106,0.12979666930446085,1420.6405744582178,2322.7944440308725,1622.8750897416323,1139,1069,3618,2180,2480,1112
ISIC_0013782,True,True,2000,3008,6016000,1.504,2000,3008,0.0585628324468085,352314,normal,True,False,False,False,False,False,0,352314,0.05856283244680851,669.7612387738067,1435.8625146886016,900.2440606958565,1011,594,1833,1203,823,610
ISIC_0013783,True,True,2848,4288,12212224,1.5056179775280898,2848,4288,0.3496807788655039,4270380,normal,True,False,False,False,False,False,0,4270380,0.3496807788655039,2331.784013807056,2112.9333155363224,1291.522328457889,947,14,3186,2532,2240,2519
ISIC_0013789,True,True,2000,3008,6016000,1.504,2000,3008,0.0135038231382978,81239,tiny,True,False,False,False,False,False,0,81239,0.013503823138297873,321.6157760041318,1619.779637858664,1013.5374142960893,1434,860,1809,1156,376,297
ISIC_0013792,True,True,1536,2304,3538944,1.5,1536,2304,0.069549560546875,246132,normal,True,False,False,False,False,False,0,246132,0.069549560546875,559.8079988931519,1072.7786309784995,820.7270732777534,792,552,1349,1092,558,541
ISIC_0013793,True,True,1536,2304,3538944,1.5,1536,2304,0.0851389567057291,301302,normal,True,False,False,False,False,False,0,301302,0.08513895670572917,619.3784152743733,1143.7473863432701,763.602604695621,792,445,1511,1080,720,636
ISIC_0013794,True,True,2000,3008,6016000,1.504,2000,3008,0.041197972074468,247847,small,True,False,False,False,False,False,0,247847,0.041197972074468084,561.7549300575615,1575.704067428696,924.9368360319068,1198,684,1953,1167,756,484
ISIC_0013795,True,True,2000,3008,6016000,1.504,2000,3008,0.0104145611702127,62654,tiny,True,False,False,False,False,False,0,62654,0.010414561170212767,282.44211873556833,1487.7939477128355,997.6084687330418,1327,866,1644,1137,318,272
ISIC_0013796,True,True,2000,3008,6016000,1.504,2000,3008,0.018328125,110262,tiny,True,False,False,False,False,False,0,110262,0.018328125,374.68645382718137,1520.81031543052,957.9793038399448,1364,750,1692,1156,329,407
ISIC_0013797,True,True,2592,3872,10036224,1.4938271604938271,2592,3872,0.1363348406731456,1368287,normal,True,False,False,False,False,False,0,1368287,0.1363348406731456,1319.9079956372116,1847.3429360945474,1019.4898007508658,1150,264,2540,1761,1391,1498
ISIC_0013798,True,True,2592,3872,10036224,1.4938271604938271,2592,3872,0.0043287196459544,43444,very_tiny,True,False,False,False,False,False,0,43444,0.004328719645954495,235.19060096329193,1994.6774238099622,1333.5720928091337,1846,1216,2117,1437,272,222
ISIC_0013799,True,True,2000,3008,6016000,1.504,2000,3008,0.0429200465425531,258207,small,True,False,False,False,False,False,0,258207,0.04292004654255319,573.3754120359821,1567.730231945687,1004.6002664528847,1214,730,1894,1268,681,539
ISIC_0013800,True,True,2000,3008,6016000,1.504,2000,3008,0.0333891289893617,200869,small,True,False,False,False,False,False,0,200869,0.0333891289893617,505.7216172079333,1518.0272316783576,976.147324873425,1293,657,1762,1281,470,625
ISIC_0013801,True,True,2000,3008,6016000,1.504,2000,3008,0.1445415558510638,869562,normal,True,False,False,False,False,False,0,869562,0.14454155585106382,1052.2170522278175,1486.3580814249012,996.1022951784921,696,520,2264,1541,1569,1022
ISIC_0013802,True,True,2000,3008,6016000,1.504,2000,3008,0.0181289893617021,109064,tiny,True,False,False,False,False,False,0,109064,0.018128989361702128,372.6454047844892,1553.7313503997652,1007.8403964644613,1387,797,1715,1218,329,422
ISIC_0013803,True,True,2000,3008,6016000,1.504,2000,3008,0.010033909574468,60364,tiny,True,False,False,False,False,False,0,60364,0.010033909574468085,277.2324509836346,1530.8364091180174,993.4828208866212,1364,860,1692,1125,329,266
ISIC_0013804,True,True,2000,3008,6016000,1.504,2000,3008,0.0171381316489361,103103,tiny,True,False,False,False,False,False,0,103103,0.01713813164893617,362.3186674473584,1532.8939798066012,992.1296664500549,1364,797,1715,1171,352,375
ISIC_0013805,True,True,2848,4288,12212224,1.5056179775280898,2848,4288,0.1148881645145061,1403040,normal,True,False,False,False,False,False,0,1403040,0.11488816451450612,1336.5650043470473,2119.0145883224995,1359.358329056905,1401,804,2827,2003,1427,1200
ISIC_0013806,True,True,2848,4288,12212224,1.5056179775280898,2848,4288,0.0225541228198893,275436,small,True,False,False,False,False,False,0,275436,0.02255412281988932,592.1959196445669,2168.4291196503,1315.0188900506832,1876,1024,2479,1602,604,579
ISIC_0013807,True,True,2848,4288,12212224,1.5056179775280898,2848,4288,0.0071449721197383,87256,very_tiny,True,False,False,False,False,False,0,87256,0.007144972119738387,333.3133506408217,2194.3118754011184,1328.5660126524251,2044,1158,2345,1513,302,356
ISIC_0013808,True,True,2848,4288,12212224,1.5056179775280898,2848,4288,0.0124013447509642,151448,tiny,True,False,False,False,False,False,0,151448,0.01240134475096428,439.12365293963717,2245.768508002747,1392.3706354656383,1942,1181,2549,1581,608,401
ISIC_0013809,True,True,2848,4288,12212224,1.5056179775280898,2848,4288,0.2594349726962099,3168278,normal,True,False,False,False,False,False,0,3168278,0.25943497269620996,2008.4762478840598,2142.7108574436966,1686.8542331196948,1217,512,3071,2723,1855,2212
ISIC_0013813,True,True,2848,4288,12212224,1.5056179775280898,2848,4288,0.5489127123773688,6703445,normal,True,False,False,False,False,False,0,6703445,0.5489127123773688,2921.4878503867176,1943.527777433842,1455.8426441926501,621,5,3361,2846,2741,2842
ISIC_0013815,True,True,2848,4288,12212224,1.5056179775280898,2848,4288,0.0187603011539912,229105,tiny,True,False,False,False,False,False,0,229105,0.018760301153991278,540.0977188403498,2084.174378560049,1331.3392112786714,1776,1024,2378,1602,603,579
ISIC_0013816,True,True,2848,4288,12212224,1.5056179775280898,2848,4288,0.1259140022325172,1537690,normal,True,False,False,False,False,False,0,1537690,0.1259140022325172,1399.2311158432021,1832.2157619546203,1357.987900031866,991,664,2623,1995,1633,1332
ISIC_0013817,True,True,2848,4288,12212224,1.5056179775280898,2848,4288,0.0855030991897954,1044183,normal,True,False,False,False,False,False,0,1044183,0.0855030991897954,1153.0373313731852,1995.9052254250453,1668.539303934272,1374,1113,2579,2247,1206,1135
ISIC_0013819,True,True,2848,4288,12212224,1.5056179775280898,2848,4288,0.053313057474216,651071,normal,True,False,False,False,False,False,0,651071,0.053313057474216,910.4775360382414,1983.3701255316241,1768.4135524389812,1474,1313,2512,2180,1039,868
ISIC_0013828,True,True,2000,3008,6016000,1.504,2000,3008,0.3171013962765957,1907682,normal,True,True,False,False,False,True,1,1907682,0.3171013962765957,1558.5044629963254,1646.162575313915,793.5865610725477,729,0,2420,1515,1692,1516
ISIC_0013830,True,True,2848,4288,12212224,1.5056179775280898,2848,4288,0.0209503199417239,255850,small,True,False,False,False,False,False,0,255850,0.020950319941723965,570.7524310246006,2177.677092046121,1441.5970685948798,1876,1158,2445,1713,570,556
ISIC_0013831,True,True,2848,4288,12212224,1.5056179775280898,2848,4288,0.0399977923759013,488462,small,True,False,False,False,False,False,0,488462,0.03999779237590139,788.624837613188,2202.0914564490176,1879.298043655392,1742,1536,2713,2202,972,667
ISIC_0013832,True,True,2000,3008,6016000,1.504,2000,3008,0.2722293882978723,1637732,normal,True,False,False,False,False,False,0,1637732,0.27222938829787235,1444.0308674256958,1507.308012544177,994.1038765805395,813,105,2232,1908,1420,1804
ISIC_0013833,True,True,2848,4288,12212224,1.5056179775280898,2848,4288,0.9001705995566409,10993085,normal,True,False,False,False,False,False,0,10993085,0.9001705995566409,3741.2338259770595,2065.618709306805,1432.215567240679,19,8,4173,2844,4155,2837
ISIC_0013835,True,True,2848,4288,12212224,1.5056179775280898,2848,4288,0.0988047713504108,1206626,normal,True,False,False,False,False,False,0,1206626,0.09880477135041087,1239.4853524368937,1545.3504756237642,1100.9958081460204,991,354,2051,1859,1061,1506
ISIC_0013836,True,True,2848,4288,12212224,1.5056179775280898,2848,4288,0.0154960308621918,189241,tiny,True,False,False,False,False,False,0,189241,0.01549603086219185,490.86568904867136,2055.2441014367923,1274.8780074085425,1776,1069,2345,1490,570,422
ISIC_0013837,True,True,2000,3008,6016000,1.504,2000,3008,0.0095834441489361,57654,very_tiny,True,False,False,False,False,False,0,57654,0.00958344414893617,270.93791302097435,1501.4224511742464,860.6280223401671,1387,719,1621,1015,235,297
ISIC_0013839,True,True,2848,4288,12212224,1.5056179775280898,2848,4288,0.0100298684334646,122487,tiny,True,False,False,False,False,False,0,122487,0.010029868433464699,394.91175231433147,2280.400287377436,1674.811294259799,2077,1491,2479,1869,403,379
ISIC_0013840,True,True,2000,3008,6016000,1.504,2000,3008,0.4278105053191489,2573708,normal,True,False,False,False,False,False,0,2573708,0.42781050531914894,1810.2339081459186,1199.3727516874487,1027.066720855668,222,178,2217,1921,1996,1744
ISIC_0013842,True,True,2000,3008,6016000,1.504,2000,3008,0.0430290890957446,258863,small,True,False,False,False,False,False,0,258863,0.04302908909574468,574.1033080106562,1576.6451597949494,859.3383720346284,1227,560,1926,1129,700,570
ISIC_0013843,True,True,2000,3008,6016000,1.504,2000,3008,0.0245518617021276,147704,small,True,False,False,False,False,False,0,147704,0.02455186170212766,433.66181952710855,1480.9291488382169,1016.8651830688403,1223,829,1739,1187,517,359
ISIC_0013844,True,True,2000,3008,6016000,1.504,2000,3008,0.0488894614361702,294119,small,True,False,False,False,False,False,0,294119,0.04888946143617021,611.9509307599436,1543.0783050397968,1055.9381780843808,1176,766,1856,1390,681,625
ISIC_0013861,True,True,2848,4288,12212224,1.5056179775280898,2848,4288,0.3802259113491531,4643404,normal,True,False,False,False,False,False,0,4643404,0.3802259113491531,2431.4945188055503,1744.6881688519888,1699.2839472938388,513,372,3095,2807,2583,2436
ISIC_0013862,True,True,2848,4288,12212224,1.5056179775280898,2848,4288,0.3894256279609676,4755753,normal,True,False,False,False,False,False,0,4755753,0.38942562796096764,2460.734196249746,2313.256352253786,1450.6240744630766,697,255,3727,2560,3031,2306
ISIC_0013863,True,True,2848,4288,12212224,1.5056179775280898,2848,4288,0.0088905182217424,108573,very_tiny,True,False,False,False,False,False,0,108573,0.008890518221742411,371.80564424243323,1560.9400771830933,1499.8263933022022,1378,1310,1757,1701,380,392
ISIC_0013865,True,True,2848,4288,12212224,1.5056179775280898,2848,4288,0.0839622660049471,1025366,normal,True,False,False,False,False,False,0,1025366,0.08396226600494718,1142.6007784991725,2240.2479495126618,1725.2566898063715,1541,1135,2948,2202,1408,1068
ISIC_0013867,True,True,2848,4288,12212224,1.5056179775280898,2848,4288,0.4136815702037565,5051972,normal,True,False,False,False,False,False,0,5051972,0.4136815702037565,2536.2118462965173,1872.3205221644141,1167.95199142038,439,32,3207,2475,2769,2444
ISIC_0013874,True,True,2848,4288,12212224,1.5056179775280898,2848,4288,0.3171247923392168,3872799,normal,True,False,False,False,False,False,0,3872799,0.3171247923392168,2220.585696524859,1978.3793987242818,1462.23481414863,637,512,3316,2425,2680,1914
ISIC_0013879,True,True,2848,4288,12212224,1.5056179775280898,2848,4288,0.038285164110976,467547,small,True,False,False,False,False,False,0,467547,0.03828516411097602,771.5564330768626,2000.2812123700933,1558.184995305285,1541,1247,2445,1869,905,623
ISIC_0013886,True,True,2592,3872,10036224,1.4938271604938271,2592,3872,0.0227566662521681,228391,small,True,False,False,False,False,False,0,228391,0.022756666252168146,539.2554615964576,1931.406701665127,1388.0749022509644,1546,1110,2215,1670,670,561
ISIC_0013888,True,True,2848,4288,12212224,1.5056179775280898,2848,4288,0.0105657249654117,129031,tiny,True,False,False,False,False,False,0,129031,0.010565724965411706,405.32378624591325,2151.6980648061317,1345.726399082391,1910,1158,2378,1535,469,378
ISIC_0013891,True,True,2848,4288,12212224,1.5056179775280898,2848,4288,0.0111677447121834,136383,tiny,True,False,False,False,False,False,0,136383,0.011167744712183465,416.71120554841775,2073.5502152027743,1565.5245888417178,1881,1346,2277,1781,397,436
ISIC_0013896,True,True,2848,4288,12212224,1.5056179775280898,2848,4288,0.0880606186064061,1075416,normal,True,False,False,False,False,False,0,1075416,0.08806061860640617,1170.1547667898078,2181.3574988655555,1806.8794782670147,1575,1158,2780,2447,1206,1290
ISIC_0013897,True,True,2848,4288,12212224,1.5056179775280898,2848,4288,0.0311686880293057,380639,small,True,False,False,False,False,False,0,380639,0.031168688029305718,696.1642242089489,2144.553487687809,2017.817719676649,1743,1586,2636,2387,894,802
ISIC_0013898,True,True,2848,4288,12212224,1.5056179775280898,2848,4288,0.0480534913214824,586840,small,True,False,False,False,False,False,0,586840,0.048053491321482476,864.4003091348261,2164.314170813169,1871.827883239043,1675,1491,2680,2269,1006,779
ISIC_0013908,True,True,2000,3008,6016000,1.504,2000,3008,0.142580784574468,857766,normal,True,False,False,False,False,False,0,857766,0.14258078457446807,1045.0557838361078,1532.9358834460681,891.3953782266958,878,360,2126,1381,1249,1022
ISIC_0013910,True,True,2000,3008,6016000,1.504,2000,3008,0.0175116356382978,105350,tiny,True,False,False,False,False,False,0,105350,0.017511635638297874,366.2455269868144,1943.9721404841007,873.8391362126246,1763,688,2115,1062,353,375
ISIC_0013911,True,True,2000,3008,6016000,1.504,2000,3008,0.0297744348404255,179123,small,True,False,False,False,False,False,0,179123,0.029774434840425534,477.56307119750846,1523.4472457473357,989.3746643367965,1253,708,1771,1277,519,570
ISIC_0013917,True,True,2848,4288,12212224,1.5056179775280898,2848,4288,0.0490058158120912,598470,small,True,False,False,False,False,False,0,598470,0.04900581581209123,872.9236337375984,2123.4383093555234,1743.853447958962,1698,1231,2526,2287,829,1057
ISIC_0013918,True,True,2000,3008,6016000,1.504,2000,3008,0.0665300864361702,400245,normal,True,False,False,False,False,False,0,400245,0.06653008643617021,713.8681682093167,1675.5954402928207,813.6845107371735,1270,516,2091,1140,822,625
ISIC_0013921,True,True,2592,3872,10036224,1.4938271604938271,2592,3872,0.0310486294446995,311611,small,True,False,False,False,False,False,0,311611,0.03104862944469952,629.8852655638714,2081.373035611708,1314.885851269692,1785,932,2389,1660,605,729
ISIC_0013922,True,True,2848,4288,12212224,1.5056179775280898,2848,4288,0.0339538482097937,414652,small,True,False,False,False,False,False,0,414652,0.033953848209793726,726.6025899372536,2168.1927761110524,1331.7620631276347,1742,980,2613,1668,872,689
ISIC_0013925,True,True,2000,3008,6016000,1.504,2000,3008,0.6002523271276595,3611118,normal,True,False,False,False,False,False,0,3611118,0.6002523271276595,2144.2523728108476,1386.417722710806,1006.0127694525629,305,36,2511,1963,2207,1928
ISIC_0013929,True,True,2848,4288,12212224,1.5056179775280898,2848,4288,0.306684024138437,3745294,normal,True,False,False,False,False,False,0,3745294,0.30668402413843704,2183.72535531814,2296.008342202241,1628.7068483809282,997,523,3580,2685,2584,2163
ISIC_0013935,True,True,2848,4288,12212224,1.5056179775280898,2848,4288,0.0207569071775951,253488,small,True,False,False,False,False,False,0,253488,0.02075690717759517,568.1117369988292,2125.1797165940793,1650.55713485451,1806,1337,2426,1968,621,632
ISIC_0013936,True,True,2000,3008,6016000,1.504,2000,3008,0.023640625,142222,small,True,False,False,False,False,False,0,142222,0.023640625,425.53809997616463,1505.7531394580303,846.0678797935622,1293,625,1692,1078,400,454
ISIC_0013942,True,True,2848,4288,12212224,1.5056179775280898,2848,4288,0.0423626359948851,517342,small,True,False,False,False,False,False,0,517342,0.04236263599488513,811.6035316288235,2201.478486185154,1680.7502870441604,1761,1315,2652,2108,892,794
ISIC_0013946,True,True,2000,3008,6016000,1.504,2000,3008,0.1711371343085106,1029561,normal,True,False,False,False,False,False,0,1029561,0.17113713430851063,1144.9357095125818,1511.5260241986632,1130.476391394002,858,445,2091,1663,1234,1219
ISIC_0013948,True,True,2000,3008,6016000,1.504,2000,3008,0.2417579787234042,1454416,normal,True,False,False,False,False,False,0,1454416,0.24175797872340427,1360.8159191071863,1987.0291092782259,1233.2886471270942,1207,611,2678,1958,1472,1348
ISIC_0013953,True,True,2592,3872,10036224,1.4938271604938271,2592,3872,0.1551513796423834,1557134,normal,True,False,False,False,False,False,0,1557134,0.15515137964238343,1408.0499228548833,1994.8306221558325,1192.7620102059295,1369,464,2687,1999,1319,1536
ISIC_0013958,True,True,2000,3008,6016000,1.504,2000,3008,0.1669187167553191,1004183,normal,True,False,False,False,False,False,0,1004183,0.16691871675531914,1130.7367092965496,1470.009491297901,977.4803805680837,954,208,2109,1573,1156,1366
ISIC_0013961,True,True,2848,4288,12212224,1.5056179775280898,2848,4288,0.0254704630376907,311051,small,True,False,False,False,False,False,0,311051,0.02547046303769076,629.3190237307443,1996.5740569874395,1517.3497143555237,1652,1204,2333,1814,682,611
ISIC_0013962,True,True,2848,4288,12212224,1.5056179775280898,2848,4288,0.0158736852517608,193853,tiny,True,False,False,False,False,False,0,193853,0.015873685251760857,496.81113661586284,1858.4933171011023,1602.0107349383295,1575,1380,2110,1824,536,445
ISIC_0013966,True,True,2000,3008,6016000,1.504,2000,3008,0.0265141289893617,159509,small,True,False,False,False,False,False,0,159509,0.0265141289893617,450.65859199749104,1511.3098132393784,1029.8460651123135,1243,820,1771,1248,529,429
ISIC_0013967,True,True,2000,3008,6016000,1.504,2000,3008,0.065065159574468,391432,normal,True,False,False,False,False,False,0,391432,0.06506515957446808,705.9650851669467,1576.410594943694,972.6148041039056,1176,610,1950,1312,775,703
ISIC_0013969,True,True,2848,4288,12212224,1.5056179775280898,2848,4288,0.0587463839510313,717424,normal,True,False,False,False,False,False,0,717424,0.05874638395103136,955.7471460287388,2191.3421533151945,1760.2597334351792,1709,1224,2646,2336,938,1113
ISIC_0013970,True,True,2848,4288,12212224,1.5056179775280898,2848,4288,0.0054341453284839,66363,very_tiny,True,False,False,False,False,False,0,66363,0.005434145328483984,290.6819497444924,1886.853819146211,1297.2091526905053,1742,1158,2043,1446,302,289
ISIC_0013972,True,True,2848,4288,12212224,1.5056179775280898,2848,4288,0.1204282692489099,1470697,normal,True,False,False,False,False,False,0,1470697,0.12042826924890994,1368.4113338917396,1740.3403155102649,1790.7350412763471,1063,990,2432,2528,1370,1539
ISIC_0013975,True,True,2000,3008,6016000,1.504,2000,3008,0.0648319481382978,390029,normal,True,False,False,False,False,False,0,390029,0.06483194813829787,704.6987628721303,1616.4264323934888,1190.7402705952634,1258,775,2019,1570,762,796
ISIC_0013977,True,True,2000,3008,6016000,1.504,2000,3008,0.0530799534574468,319329,normal,True,False,False,False,False,False,0,319329,0.05307995345744681,637.6380717779756,1572.3406987777496,1100.7199596654234,1294,736,1895,1461,602,726
ISIC_0013980,True,True,2848,4288,12212224,1.5056179775280898,2848,4288,0.0434643190298507,530796,small,True,False,False,False,False,False,0,530796,0.04346431902985075,822.0890811750546,1809.6210822990377,1257.9106003059555,1407,846,2210,1735,804,890
ISIC_0013981,True,True,2848,4288,12212224,1.5056179775280898,2848,4288,0.0719321886005366,878452,normal,True,False,False,False,False,False,0,878452,0.07193218860053664,1057.5820651617032,1516.1872726113663,1559.300438726305,1018,917,1953,2168,936,1252
ISIC_0013982,True,True,2848,4288,12212224,1.5056179775280898,2848,4288,0.0776562893048801,948356,normal,True,False,False,False,False,False,0,948356,0.0776562893048801,1098.8559330898934,2283.7957750043233,1246.4342862806793,1735,691,2813,1808,1079,1118
ISIC_0013983,True,True,2000,3008,6016000,1.504,2000,3008,0.0550949135638297,331451,normal,True,False,False,False,False,False,0,331451,0.055094913563829784,649.6279861136021,1551.4092067907472,895.9518088646587,1199,594,1927,1203,729,610
ISIC_0013984,True,True,2000,3008,6016000,1.504,2000,3008,0.1507125997340425,906687,normal,True,False,False,False,False,False,0,906687,0.15071259973404255,1074.443922732727,1507.827937314641,721.7804115422412,1035,125,1974,1343,940,1219
ISIC_0013986,True,True,2000,3008,6016000,1.504,2000,3008,0.1453982712765957,874716,normal,True,False,False,False,False,False,0,874716,0.14539827127659574,1055.33075460377,1675.4337030533338,997.0408063874446,1198,352,2192,1592,995,1241
ISIC_0013987,True,True,2000,3008,6016000,1.504,2000,3008,0.1132283909574468,681182,normal,True,False,False,False,False,False,0,681182,0.11322839095744681,931.2936484062304,1432.7461985196321,1061.103796048633,999,585,1889,1523,891,939
ISIC_0013988,True,True,2000,3008,6016000,1.504,2000,3008,0.3672641289893617,2209461,normal,True,False,False,False,False,False,0,2209461,0.3672641289893617,1677.2516560582367,1081.448785020419,952.8800263955779,332,4,1823,1947,1492,1944
ISIC_0013995,True,True,2848,4288,12212224,1.5056179775280898,2848,4288,0.0437807233146067,534660,small,True,False,False,False,False,False,0,534660,0.043780723314606744,825.075908621808,2197.138011072457,1351.7286350203867,1642,1002,2747,1757,1106,756
ISIC_0013996,True,True,2848,4288,12212224,1.5056179775280898,2848,4288,0.0939039441137011,1146776,normal,True,False,False,False,False,False,0,1146776,0.09390394411370116,1208.354481165693,1328.106584023384,1619.3984439855735,685,932,1871,2219,1187,1288
ISIC_0013997,True,True,2848,4288,12212224,1.5056179775280898,2848,4288,0.0482977547742327,589823,small,True,False,False,False,False,False,0,589823,0.048297754774232766,866.5944657071888,1875.0613116138231,990.0049099475606,1407,534,2311,1424,905,891
ISIC_0013998,True,True,2848,4288,12212224,1.5056179775280898,2848,4288,0.0446031779305718,544704,small,True,False,False,False,False,False,0,544704,0.044603177930571856,832.7896931251144,2118.802430310774,733.4449517536129,1615,393,2585,1102,971,710
ISIC_0014001,True,True,2848,4288,12212224,1.5056179775280898,2848,4288,0.1179628706450192,1440589,normal,True,False,False,False,False,False,0,1440589,0.11796287064501929,1354.3318952570241,1646.9183590878454,1227.0358429781152,871,557,2378,1891,1508,1335
ISIC_0014013,True,True,2000,3008,6016000,1.504,2000,3008,0.1677360372340425,1009100,normal,True,False,False,False,False,False,0,1009100,0.16773603723404254,1133.5016650152097,1536.3971429987116,875.6817124170052,941,313,2209,1453,1269,1141
ISIC_0014026,True,True,2848,4288,12212224,1.5056179775280898,2848,4288,0.0390807603922103,477263,small,True,False,False,False,False,False,0,477263,0.0390807603922103,779.5319909015524,1989.4135560477137,1560.2554503491785,1541,1180,2412,1913,872,734
ISIC_0014027,True,True,2848,4288,12212224,1.5056179775280898,2848,4288,0.1322153933632399,1614644,normal,True,False,False,False,False,False,0,1614644,0.13221539336323998,1433.8160940195091,1717.483901095226,1291.8894133939123,1093,524,2394,2063,1302,1540
ISIC_0014028,True,True,2000,3008,6016000,1.504,2000,3008,0.0247475066489361,148881,small,True,False,False,False,False,False,0,148881,0.02474750664893617,435.38623848224205,1551.5023139285738,986.9622248641532,1364,719,1739,1250,376,532
ISIC_0014029,True,True,2000,3008,6016000,1.504,2000,3008,0.0403931183510638,243005,small,True,False,False,False,False,False,0,243005,0.04039311835106383,556.2405734647268,1609.1151416637517,885.801395033024,1293,594,1903,1187,611,594
ISIC_0014032,True,True,2848,4288,12212224,1.5056179775280898,2848,4288,0.0307776863575381,375864,small,True,False,False,False,False,False,0,375864,0.03077768635753815,691.7838594838255,2801.1771012919567,1293.9275003724752,2435,964,3201,1615,767,652
ISIC_0014037,True,True,2848,4288,12212224,1.5056179775280898,2848,4288,0.3038683207907093,3710908,normal,True,False,False,False,False,False,0,3710908,0.30386832079070936,2173.6777158709783,2128.0553452147024,1300.2816165208085,1197,6,3046,2773,1850,2768
ISIC_0014044,True,True,2848,4288,12212224,1.5056179775280898,2848,4288,0.1653168988711638,2018887,normal,True,False,False,False,False,False,0,2018887,0.16531689887116385,1603.2862391824294,2172.8065151739547,1359.3538043486337,1460,484,2863,2215,1404,1732
ISIC_0014046,True,True,2848,4288,12212224,1.5056179775280898,2848,4288,0.0108107253846637,132023,tiny,True,False,False,False,False,False,0,132023,0.01081072538466376,409.9962248784376,2190.1286745491316,1576.0693969990077,1977,1380,2445,1757,469,378
ISIC_0014049,True,True,2848,4288,12212224,1.5056179775280898,2848,4288,0.0332185194113701,405672,small,True,False,False,False,False,False,0,405672,0.033218519411370113,718.6916116052857,1898.0160720976553,1303.3455377743596,1407,935,2345,1646,939,712
ISIC_0014059,True,True,2848,4288,12212224,1.5056179775280898,2848,4288,0.0384945444826429,470104,small,True,False,False,False,False,False,0,470104,0.038494544482642966,773.6633653845702,2185.033475571363,1753.727105066113,1620,1423,2693,2073,1074,651
ISIC_0014062,True,True,2848,4288,12212224,1.5056179775280898,2848,4288,0.069487588829029,848598,normal,True,False,False,False,False,False,0,848598,0.06948758882902902,1039.455882268781,1883.018910013929,1773.664468924037,1173,1224,2512,2247,1340,1024
ISIC_0014066,True,True,2848,4288,12212224,1.5056179775280898,2848,4288,0.0621772086722287,759322,normal,True,False,False,False,False,False,0,759322,0.06217720867222874,983.2592728204464,2259.203010053706,1855.8632200831794,1474,1536,2981,2180,1508,645
ISIC_0014069,True,True,2848,4288,12212224,1.5056179775280898,2848,4288,0.046819645627201,571772,small,True,False,False,False,False,False,0,571772,0.046819645627201076,853.2307548209415,2126.954177539299,1738.3251505844987,1633,1372,2575,2139,943,768
ISIC_0014072,True,True,2848,4288,12212224,1.5056179775280898,2848,4288,0.5821683257693275,7109570,normal,True,False,False,False,False,False,0,7109570,0.5821683257693275,3008.6850400237595,2119.7139156095236,1531.7272695817046,345,38,3899,2835,3555,2798
ISIC_0014073,True,True,2848,4288,12212224,1.5056179775280898,2848,4288,0.2246242781003689,2743162,normal,True,False,False,False,False,False,0,2743162,0.22462427810036895,1868.8772929261029,2185.477572596879,1485.223488076898,1082,83,3376,2581,2295,2499
ISIC_0014076,True,True,2848,4288,12212224,1.5056179775280898,2848,4288,0.6399343805026833,7815022,normal,True,True,True,False,False,True,2,7815022,0.6399343805026833,3154.4246786657122,2031.5122801957564,1327.921820309655,202,0,3852,2847,3651,2848
ISIC_0014077,True,True,2848,4288,12212224,1.5056179775280898,2848,4288,0.3497403093818128,4271107,normal,True,False,False,False,False,False,0,4271107,0.34974030938181283,2331.9824896845103,2018.4171489967355,1708.4483797760158,843,478,3157,2841,2315,2364
ISIC_0014080,True,True,2848,4288,12212224,1.5056179775280898,2848,4288,0.0503467673046285,614846,normal,True,False,False,False,False,False,0,614846,0.050346767304628545,884.7859860566485,2300.3226498993245,1447.285396668434,1742,1069,2847,1824,1106,756
ISIC_0014081,True,True,2848,4288,12212224,1.5056179775280898,2848,4288,0.0215647862338587,263354,small,True,False,False,False,False,False,0,263354,0.021564786233858796,579.0619371571439,2305.5290521503375,1488.7312134997,1843,1269,2713,1691,871,423
ISIC_0014089,True,True,2848,4288,12212224,1.5056179775280898,2848,4288,0.0110262471438453,134655,tiny,True,False,False,False,False,False,0,134655,0.01102624714384538,414.06288278027694,2133.926612454049,2111.1077197281943,1911,1849,2359,2339,449,491
ISIC_0014090,True,True,2848,4288,12212224,1.5056179775280898,2848,4288,0.0113547704332969,138667,tiny,True,False,False,False,False,False,0,138667,0.011354770433296997,420.18603968931524,2226.066886858445,1345.0681056055155,1962,1143,2479,1576,518,434
ISIC_0014092,True,True,2848,4288,12212224,1.5056179775280898,2848,4288,0.0195504930142126,238755,tiny,True,False,False,False,False,False,0,238755,0.019550493014212644,551.3549741348525,2103.4714498125695,1038.709287763607,1809,757,2412,1290,604,534
ISIC_0014093,True,True,2848,4288,12212224,1.5056179775280898,2848,4288,0.0322702891791044,394092,small,True,False,False,False,False,False,0,394092,0.032270289179104475,708.3597381724696,2282.4869167605534,1669.5112156552277,1943,1291,2613,2091,671,801
ISIC_0014094,True,True,2848,4288,12212224,1.5056179775280898,2848,4288,0.0141099606427134,172314,tiny,True,False,False,False,False,False,0,172314,0.0141099606427134,468.3983335917143,2287.5294636535627,2104.4470095291153,2031,1864,2553,2327,523,464
ISIC_0014099,True,True,2848,4288,12212224,1.5056179775280898,2848,4288,0.148096693935519,1808590,normal,True,False,False,False,False,False,0,1808590,0.14809669393551902,1517.4874985358424,1976.0651419061257,1434.3163961981434,1302,243,2666,2323,1365,2081
ISIC_0014103,True,True,2848,4288,12212224,1.5056179775280898,2848,4288,0.2056154554649505,2511022,normal,True,False,False,False,False,False,0,2511022,0.20561545546495053,1788.0527140159984,2100.590010760559,1502.276183163668,1365,412,2878,2562,1514,2151
ISIC_0014108,True,True,2848,4288,12212224,1.5056179775280898,2848,4288,0.1298575918686064,1585850,normal,True,False,False,False,False,False,0,1585850,0.1298575918686064,1420.9739378392053,2314.438601380963,1597.1921959832266,1629,828,2939,2535,1311,1708
ISIC_0014110,True,True,2848,4288,12212224,1.5056179775280898,2848,4288,0.1553576154515344,1897262,normal,True,False,False,False,False,False,0,1897262,0.15535761545153445,1554.2422607570945,2135.9961992597755,1519.99189041893,1140,662,3092,2307,1953,1646
ISIC_0014114,True,True,2848,4288,12212224,1.5056179775280898,2848,4288,0.1884058137158309,2300854,normal,True,False,False,False,False,False,0,2300854,0.18840581371583096,1711.5894073819452,1620.1548651066082,1064.7296112660777,668,214,2447,1809,1780,1596
ISIC_0014117,True,True,2848,4288,12212224,1.5056179775280898,2848,4288,0.0383153797375482,467916,small,True,False,False,False,False,False,0,467916,0.038315379737548214,771.8608390210624,2230.279274485164,1735.1608087776438,1764,1309,2700,2138,937,830
ISIC_0014127,True,True,2848,4288,12212224,1.5056179775280898,2848,4288,0.0893544861279976,1091217,normal,True,False,False,False,False,False,0,1091217,0.08935448612799765,1178.7199142660102,2010.627969505607,1095.3379529461142,1173,601,2814,1579,1642,979
ISIC_0014129,True,True,2848,4288,12212224,1.5056179775280898,2848,4288,0.3447871575234781,4210618,normal,True,False,False,False,False,False,0,4210618,0.3447871575234781,2315.410405386847,2264.7102420594792,1503.092069620184,1041,348,3475,2691,2435,2344
ISIC_0014131,True,True,2848,4288,12212224,1.5056179775280898,2848,4288,0.0158225070224719,193228,tiny,True,False,False,False,False,False,0,193228,0.01582250702247191,496.009607517925,1792.0563013641915,1024.6649502142548,1530,771,2057,1277,528,507
ISIC_0014132,True,True,2848,4288,12212224,1.5056179775280898,2848,4288,0.2030671890721952,2479902,normal,True,False,False,False,False,False,0,2479902,0.2030671890721952,1776.9381794164422,1549.9725174623836,1114.5093935163568,681,220,2387,2015,1707,1796
ISIC_0014133,True,True,2848,4288,12212224,1.5056179775280898,2848,4288,0.5096749781202834,6224265,normal,True,True,False,False,False,True,1,6224265,0.5096749781202834,2815.134159309465,1774.7508215026191,1303.7163308438828,235,0,3216,2736,2982,2737
ISIC_0014136,True,True,2848,4288,12212224,1.5056179775280898,2848,4288,0.0573472939900218,700338,normal,True,False,False,False,False,False,0,700338,0.0573472939900218,944.2976417850117,2168.6051035357214,1822.755472357633,1642,1425,2713,2269,1072,845
ISIC_0014139,True,True,2848,4288,12212224,1.5056179775280898,2848,4288,0.0661428254182039,807751,normal,True,False,False,False,False,False,0,807751,0.06614282541820392,1014.1304233181116,2280.5890317684534,857.9367082182504,1675,401,2814,1335,1140,935
ISIC_0014144,True,True,2848,4288,12212224,1.5056179775280898,2848,4288,0.0276050455674576,337119,small,True,False,False,False,False,False,0,337119,0.027605045567457655,655.1589441361335,2147.6797747976234,1226.8982347479673,1876,824,2479,1602,604,779
ISIC_0014149,True,True,2848,4288,12212224,1.5056179775280898,2848,4288,0.041151800032492,502555,small,True,False,False,False,False,False,0,502555,0.04115180003249203,799.9205581833609,2144.594786640268,1889.2951318761131,1773,1453,2536,2334,764,882
ISIC_0014150,True,True,2848,4288,12212224,1.5056179775280898,2848,4288,0.0788455075832215,962879,normal,True,False,False,False,False,False,0,962879,0.07884550758322154,1107.2378333470406,2149.868490225667,1752.0854551818038,1441,1247,2814,2225,1374,979
ISIC_0014151,True,True,2848,4288,12212224,1.5056179775280898,2848,4288,0.3457687969038235,4222606,normal,True,False,False,False,False,False,0,4222606,0.34576879690382356,2318.704151252584,2359.8401553448275,1472.962464648608,889,260,3872,2365,2984,2106
ISIC_0014156,True,True,2848,4288,12212224,1.5056179775280898,2848,4288,0.0625343098849153,763683,normal,True,False,False,False,False,False,0,763683,0.06253430988491532,986.0787976840305,2080.4618369140076,1592.7469958084703,1580,1058,2632,2063,1053,1006
ISIC_0014157,True,True,2848,4288,12212224,1.5056179775280898,2848,4288,0.0964610541044776,1178004,normal,True,False,False,False,False,False,0,1178004,0.09646105410447761,1224.6964018303477,1564.4298695080831,1194.6097373183793,670,534,2210,1824,1541,1291
ISIC_0014158,True,True,2848,4288,12212224,1.5056179775280898,2848,4288,0.0212014617484906,258917,small,True,False,False,False,False,False,0,258917,0.02120146174849069,574.1631851696816,2173.064549643322,1500.0622747830387,1884,1206,2457,1801,574,596
ISIC_0014160,True,True,2848,4288,12212224,1.5056179775280898,2848,4288,0.0588373583714154,718535,normal,True,False,False,False,False,False,0,718535,0.0588373583714154,956.4868928930914,2060.9568998030713,1369.3724049628759,1372,699,2801,1951,1430,1253
ISIC_0014162,True,True,2848,4288,12212224,1.5056179775280898,2848,4288,0.0251664234131309,307338,small,True,False,False,False,False,False,0,307338,0.025166423413130974,625.5516726856507,2230.011098529957,1781.2318489740937,1843,1469,2579,2069,737,601
ISIC_0014163,True,True,2848,4288,12212224,1.5056179775280898,2848,4288,0.341826026119403,4174456,normal,True,False,False,False,False,False,0,4174456,0.341826026119403,2305.4462598284454,2106.4055898541033,1429.6496192557786,570,112,3551,2647,2982,2536
ISIC_0014164,True,True,2848,4288,12212224,1.5056179775280898,2848,4288,0.0749747957456397,915609,normal,True,False,False,False,False,False,0,915609,0.07497479574563978,1079.7173640890553,2254.4546787984827,1729.6448276502306,1541,1269,3048,2180,1508,912
ISIC_0014166,True,True,2848,4288,12212224,1.5056179775280898,2848,4288,0.0886612463053412,1082751,normal,True,False,False,False,False,False,0,1082751,0.08866124630534127,1174.1385737218338,2071.1501730314726,1417.2111371866663,1238,764,2957,1944,1720,1181
ISIC_0014169,True,True,2848,4288,12212224,1.5056179775280898,2848,4288,0.1027630184313684,1254965,normal,True,False,False,False,False,False,0,1254965,0.10276301843136844,1264.0692486009473,1922.9330100839466,1150.0839672819561,1259,508,2582,1790,1324,1283
ISIC_0014171,True,True,2848,4288,12212224,1.5056179775280898,2848,4288,0.2217203025427637,2707698,normal,True,False,False,False,False,False,0,2707698,0.2217203025427637,1856.757434023171,2186.805996089667,1571.7398864275115,1174,508,3291,2591,2118,2084
ISIC_0014173,True,True,2848,4288,12212224,1.5056179775280898,2848,4288,0.3573823244644055,4364433,normal,True,False,False,False,False,False,0,4364433,0.3573823244644055,2357.3223551197066,2359.493789456729,1454.468384553045,1034,239,3735,2742,2702,2504
ISIC_0014174,True,True,2848,4288,12212224,1.5056179775280898,2848,4288,0.0160181306861059,195617,tiny,True,False,False,False,False,False,0,195617,0.016018130686105986,499.06642846665045,2202.2183450313623,1377.8755271781083,1943,1135,2445,1624,503,490
ISIC_0014178,True,True,2848,4288,12212224,1.5056179775280898,2848,4288,0.0470761099698138,574904,small,True,False,False,False,False,False,0,574904,0.04707610996981385,855.5644377990614,1993.4315607475335,1518.1094269651976,1508,1158,2613,1913,1106,756
ISIC_0014181,True,True,2848,4288,12212224,1.5056179775280898,2848,4288,0.4598812632326429,5616173,normal,True,False,False,False,False,False,0,5616173,0.45988126323264295,2674.085554666102,1970.4129221090589,1328.176377935651,552,69,3516,2650,2965,2582
ISIC_0014183,True,True,2848,4288,12212224,1.5056179775280898,2848,4288,0.1387022543969059,1693863,normal,True,False,False,False,False,False,0,1693863,0.13870225439690592,1468.5684713229195,1757.4787258473677,1383.6719610735934,1219,223,2367,2379,1149,2157
ISIC_0014185,True,True,2848,4288,12212224,1.5056179775280898,2848,4288,0.0735958495356783,898769,normal,True,False,False,False,False,False,0,898769,0.07359584953567835,1069.7421335920528,2118.9060114445424,1715.3034339190604,1608,1113,2680,2247,1073,1135
ISIC_0014186,True,True,2848,4288,12212224,1.5056179775280898,2848,4288,0.1354853137315529,1654577,normal,True,False,False,False,False,False,0,1654577,0.1354853137315529,1451.438206128415,2073.3744854425026,1455.1508548710638,1363,729,2921,2157,1559,1429
ISIC_0014187,True,True,2848,4288,12212224,1.5056179775280898,2848,4288,0.0081618221218346,99674,very_tiny,True,False,False,False,False,False,0,99674,0.008161822121834647,356.2427239705151,2197.557176395048,1425.7787788189498,2064,1226,2339,1645,276,420
ISIC_0014189,True,True,2848,4288,12212224,1.5056179775280898,2848,4288,0.5284538672071525,6453597,normal,True,False,False,False,False,False,0,6453597,0.5284538672071525,2866.5266275030854,2412.230198910778,1309.8604364356806,861,8,3987,2767,3127,2760
ISIC_0014190,True,True,2848,4288,12212224,1.5056179775280898,2848,4288,0.044802895852549,547143,small,True,False,False,False,False,False,0,547143,0.044802895852549054,834.6520857369441,2211.124943570511,1560.2850918315687,1786,980,2714,2448,929,1469
ISIC_0014195,True,True,2848,4288,12212224,1.5056179775280898,2848,4288,0.0182172387273603,222473,tiny,True,False,False,False,False,False,0,222473,0.018217238727360387,532.223093482297,2148.4242312550286,1516.877940244434,1876,1224,2412,1780,537,557
ISIC_0014197,True,True,2848,4288,12212224,1.5056179775280898,2848,4288,0.143874612846931,1757029,normal,True,False,False,False,False,False,0,1757029,0.14387461284693107,1495.7001049831072,2142.0229831152474,1411.2324378254427,1407,668,2948,2225,1542,1558
ISIC_0014211,True,True,2848,4288,12212224,1.5056179775280898,2848,4288,0.1101337479561462,1344978,normal,True,False,False,False,False,False,0,1344978,0.11013374795614624,1308.617276517015,2466.252123826561,1351.4704448697303,1742,779,3283,2002,1542,1224
ISIC_0014217,True,True,2848,4288,12212224,1.5056179775280898,2848,4288,0.3550598973618564,4336071,normal,True,False,False,False,False,False,0,4336071,0.35505989736185645,2349.650413567802,1843.5099531349924,1478.0537336681064,168,401,3383,2514,3216,2114
ISIC_0014219,True,True,2848,4288,12212224,1.5056179775280898,2848,4288,0.184944363942227,2258582,normal,True,False,False,False,False,False,0,2258582,0.18494436394222707,1695.7935951721934,2257.9182327672847,1600.0283058131163,1454,623,3145,2464,1692,1842
ISIC_0014221,True,True,2848,4288,12212224,1.5056179775280898,2848,4288,0.2778524206565487,3393196,normal,True,False,False,False,False,False,0,3393196,0.2778524206565487,2078.545484283944,2067.800994401738,1316.434964558487,1183,128,3059,2544,1877,2417
ISIC_0014222,True,True,2848,4288,12212224,1.5056179775280898,2848,4288,0.296267739602549,3618088,normal,True,False,False,False,False,False,0,3618088,0.29626773960254904,2146.320739761827,2257.559300381859,1466.288488560809,1271,382,3485,2699,2215,2318
ISIC_0014225,True,True,2848,4288,12212224,1.5056179775280898,2848,4288,0.0231737478775364,283003,small,True,False,False,False,False,False,0,283003,0.023173747877536476,600.2754458402286,2150.3050886386363,1682.7780553563036,1856,1312,2482,2028,627,717
ISIC_0014229,True,True,2848,4288,12212224,1.5056179775280898,2848,4288,0.0444736355965956,543122,small,True,False,False,False,False,False,0,543122,0.04447363559659567,831.5794658453581,2159.7361587267687,1382.5059286863725,1742,957,2579,1780,838,824
ISIC_0014233,True,True,2848,4288,12212224,1.5056179775280898,2848,4288,0.2099077940267063,2563441,normal,True,False,False,False,False,False,0,2563441,0.20990779402670637,1806.6196201180398,1885.040313391258,1815.9969447317103,1026,724,2928,2788,1903,2065
ISIC_0014238,True,True,2848,4288,12212224,1.5056179775280898,2848,4288,0.0714570908624014,872650,normal,True,False,False,False,False,False,0,872650,0.07145709086240147,1054.0837199734847,2197.369711797399,1496.8676766172005,1675,935,2713,2024,1039,1090
ISIC_0014248,True,True,2848,4288,12212224,1.5056179775280898,2848,4288,0.0064751514548046,79076,very_tiny,True,False,False,False,False,False,0,79076,0.006475151454804628,317.3053580377705,2098.377396428752,1830.3337548687339,1912,1625,2274,2059,363,435
ISIC_0014249,True,True,2848,4288,12212224,1.5056179775280898,2848,4288,0.1767302171987674,2158269,normal,True,False,False,False,False,False,0,2158269,0.1767302171987674,1657.7072838640768,1878.9793561414263,1059.6001193549089,871,334,3015,1935,2145,1602
ISIC_0014253,True,True,2848,4288,12212224,1.5056179775280898,2848,4288,0.0175240807898708,214008,tiny,True,False,False,False,False,False,0,214008,0.01752408078987087,521.9994717331452,2502.246397330941,1345.3111098650518,2211,1091,2780,1579,570,489
ISIC_0014255,True,True,2848,4288,12212224,1.5056179775280898,2848,4288,0.2875058629779473,3511086,normal,True,False,False,False,False,False,0,3511086,0.28750586297794734,2114.3447070347834,2114.740739474909,1590.1512893731456,997,608,3351,2695,2355,2088
ISIC_0014263,True,True,2848,4288,12212224,1.5056179775280898,2848,4288,0.0276884046673234,338137,small,True,False,False,False,False,False,0,338137,0.027688404667323495,656.1473919311984,2220.6423816382116,1374.517210479776,1910,1046,2512,1713,603,668
ISIC_0014270,True,True,2848,4288,12212224,1.5056179775280898,2848,4288,0.0930208944742579,1135992,normal,True,False,False,False,False,False,0,1135992,0.09302089447425792,1202.6595265921221,2202.1008836329834,1300.475845780604,1605,637,2730,1979,1126,1343
ISIC_0014273,True,True,2848,4288,12212224,1.5056179775280898,2848,4288,0.1146434916359215,1400052,normal,True,False,False,False,False,False,0,1400052,0.11464349163592151,1335.1410304104784,2104.9262777382555,1399.5128566653239,1407,712,2747,2158,1341,1447
ISIC_0014274,True,True,2848,4288,12212224,1.5056179775280898,2848,4288,0.0271288014369864,331303,small,True,False,False,False,False,False,0,331303,0.027128801436986417,649.4829334858566,2171.8243209388384,1376.5990558491774,1809,1046,2512,1691,704,646
ISIC_0014284,True,True,2848,4288,12212224,1.5056179775280898,2848,4288,0.026223233376656,320244,small,True,False,False,False,False,False,0,320244,0.026223233376656045,638.5509570615077,2066.4980452405043,1707.9893549918188,1748,1325,2422,2128,675,804
ISIC_0014286,True,True,2848,4288,12212224,1.5056179775280898,2848,4288,0.009226165520711,112672,very_tiny,True,False,False,False,False,False,0,112672,0.009226165520711052,378.75908699911116,2137.945754047146,1386.24309500142,1910,1224,2345,1557,436,334
ISIC_0014288,True,True,2848,4288,12212224,1.5056179775280898,2848,4288,0.1703349856668204,2080169,normal,True,False,False,False,False,False,0,2080169,0.1703349856668204,1627.4376886788014,2177.9279515270155,1798.1277929822047,1387,996,3029,2585,1643,1590
ISIC_0014289,True,True,2848,4288,12212224,1.5056179775280898,2848,4288,0.3643431368438705,4449440,normal,True,False,False,False,False,False,0,4449440,0.36434313684387054,2380.1686830824456,1905.164179312453,1392.6158431173362,536,201,3149,2492,2614,2292
ISIC_0014290,True,True,2848,4288,12212224,1.5056179775280898,2848,4288,0.0516828875723209,631163,normal,True,False,False,False,False,False,0,631163,0.05168288757232098,896.4494914794026,2120.4657196318544,1885.3509695593689,1675,1402,2546,2336,872,935
ISIC_0014291,True,True,2848,4288,12212224,1.5056179775280898,2848,4288,0.0970823987506288,1185592,normal,True,False,False,False,False,False,0,1185592,0.09708239875062888,1228.6344526838122,1914.611980343997,1669.6151846503687,1261,1027,2532,2360,1272,1334
ISIC_0014299,True,True,2848,4288,12212224,1.5056179775280898,2848,4288,0.0093198421516015,113816,very_tiny,True,False,False,False,False,False,0,113816,0.009319842151601542,380.677070525107,2049.2040134954664,1287.703644478808,1845,1098,2223,1477,379,380
ISIC_0014302,True,True,2848,4288,12212224,1.5056179775280898,2848,4288,0.0474701413927553,579716,small,True,False,False,False,False,False,0,579716,0.04747014139275532,859.1375535475618,2222.1547964865554,1316.134131195275,1876,779,2680,1846,805,1068
ISIC_0014308,True,True,2848,4288,12212224,1.5056179775280898,2848,4288,0.0775597466931494,947177,normal,True,False,False,False,False,False,0,947177,0.07755974669314943,1098.1726696032902,2224.2927235353054,1529.7758117015087,1675,980,2881,2113,1207,1134
ISIC_0014311,True,True,2848,4288,12212224,1.5056179775280898,2848,4288,0.2414042683789619,2948083,normal,True,False,True,False,False,True,1,2948083,0.24140426837896192,1937.4250583600576,2165.125691169482,1757.2204666557896,1106,824,3216,2847,2111,2024
ISIC_0014316,True,True,2848,4288,12212224,1.5056179775280898,2848,4288,0.0903865667711303,1103821,normal,True,False,False,False,False,False,0,1103821,0.0903865667711303,1185.5077171866542,2114.904249873847,1466.100208276523,1541,824,2713,2225,1173,1402
ISIC_0014317,True,True,2848,4288,12212224,1.5056179775280898,2848,4288,0.0421429380921935,514659,small,True,False,False,False,False,False,0,514659,0.04214293809219353,809.4962574674785,2110.1830415867594,1887.1394340718807,1742,1402,2479,2380,738,979
ISIC_0014324,True,True,2848,4288,12212224,1.5056179775280898,2848,4288,0.3850041564910699,4701757,normal,True,False,False,False,False,False,0,4701757,0.38500415649106995,2446.724942067531,1481.5205241359772,1349.6947504943364,240,15,2687,2730,2448,2716
ISIC_0014325,True,True,2848,4288,12212224,1.5056179775280898,2848,4288,0.2142344424733775,2616279,normal,True,False,False,False,False,False,0,2616279,0.2142344424733775,1825.1437978581762,2078.9924568442434,1296.714410810162,972,423,3149,2269,2178,1847
ISIC_0014327,True,True,2848,4288,12212224,1.5056179775280898,2848,4288,0.1243454918612694,1518535,normal,True,False,False,False,False,False,0,1518535,0.12434549186126949,1390.488695410506,2328.8702420424947,1493.6132430269963,1450,792,3065,2261,1616,1470
ISIC_0014328,True,True,2848,4288,12212224,1.5056179775280898,2848,4288,0.0878152087613198,1072419,normal,True,False,False,False,False,False,0,1072419,0.0878152087613198,1168.523118866434,1984.0411919221872,1242.879166631699,1466,337,2496,2071,1031,1735
ISIC_0014331,True,True,2848,4288,12212224,1.5056179775280898,2848,4288,0.3245195142178853,3963105,normal,True,False,False,False,False,False,0,3963105,0.3245195142178853,2246.3263355838676,2116.0340414901952,1469.3816194625174,1101,181,3065,2821,1965,2641
ISIC_0014336,True,True,2848,4288,12212224,1.5056179775280898,2848,4288,0.3148145661265302,3844586,normal,True,False,False,False,False,False,0,3844586,0.31481456612653025,2212.4825261084393,1906.1954197409032,1172.8779075302257,790,32,3005,2323,2216,2292
ISIC_0014337,True,True,2848,4288,12212224,1.5056179775280898,2848,4288,0.0552827232779221,675125,normal,True,False,False,False,False,False,0,675125,0.055282723277922184,927.1439195935692,2142.836255508239,1732.6373753008702,1642,1158,2613,2336,972,1179
ISIC_0014346,True,True,2848,4288,12212224,1.5056179775280898,2848,4288,0.0110475372872295,134915,tiny,True,False,False,False,False,False,0,134915,0.011047537287229582,414.462438802293,2117.975125078753,1844.2086202423748,1910,1625,2311,2091,402,467
ISIC_0014347,True,True,2848,4288,12212224,1.5056179775280898,2848,4288,0.1497976945067499,1829363,normal,True,False,False,False,False,False,0,1829363,0.14979769450674996,1526.1773531524282,2035.413483819231,1551.5084720747059,1322,503,2760,2550,1439,2048
ISIC_0014349,True,True,2848,4288,12212224,1.5056179775280898,2848,4288,0.1239826586869025,1514104,normal,True,False,False,False,False,False,0,1514104,0.12398265868690257,1388.4585293200832,2257.1403906204596,1871.6618884832217,1453,1204,3035,2427,1583,1224
ISIC_0014353,True,True,2848,4288,12212224,1.5056179775280898,2848,4288,0.0144755779127536,176779,tiny,True,False,False,False,False,False,0,176779,0.014475577912753647,474.42809094607514,1991.8978555145125,960.7220144926716,1742,735,2244,1179,503,445
ISIC_0014357,True,True,2848,4288,12212224,1.5056179775280898,2848,4288,0.1281370207424954,1564838,normal,True,False,False,False,False,False,0,1564838,0.1281370207424954,1411.5288246097855,1954.4870421091512,1242.2142956651103,1340,379,2546,2136,1207,1758
ISIC_0014360,True,True,2848,4288,12212224,1.5056179775280898,2848,4288,0.0431295724677175,526708,small,True,False,False,False,False,False,0,526708,0.04312957246771759,818.9172449816697,2123.479871199982,1661.1841817477616,1642,1135,2479,2091,838,957
ISIC_0014361,True,True,2848,4288,12212224,1.5056179775280898,2848,4288,0.0533186256655626,651139,normal,True,False,False,False,False,False,0,651139,0.053318625665562634,910.5250814334051,2046.133848533109,1787.9650412584717,1608,1336,2479,2269,872,934
ISIC_0014365,True,True,2848,4288,12212224,1.5056179775280898,2848,4288,0.5960794692268993,7279456,normal,True,False,True,False,False,True,1,7279456,0.5960794692268993,3044.4196890967005,2129.1125029123054,1539.9134718308621,536,89,3852,2847,3317,2759
ISIC_0014366,True,True,2848,4288,12212224,1.5056179775280898,2848,4288,0.1184097180005869,1446046,normal,True,False,False,False,False,False,0,1446046,0.11840971800058696,1356.894598230129,1987.903844690971,1293.4856899434735,1005,735,2881,1891,1877,1157
ISIC_0014372,True,True,2848,4288,12212224,1.5056179775280898,2848,4288,0.2974753820434345,3632836,normal,True,False,False,False,False,False,0,3632836,0.2974753820434345,2150.690692484047,1907.9411074433308,1560.6432544711624,547,232,3134,2510,2588,2279
ISIC_0014382,True,True,2848,4288,12212224,1.5056179775280898,2848,4288,0.2232559769620996,2726452,normal,True,False,False,False,False,False,0,2726452,0.22325597696209962,1863.1764552028544,2211.1433896507256,1577.5906460117399,1173,646,3350,2603,2178,1958
ISIC_0014385,True,True,2848,4288,12212224,1.5056179775280898,2848,4288,0.4401439082676505,5375136,normal,True,False,False,False,False,False,0,5375136,0.4401439082676505,2616.0725742092063,2224.345722787293,1436.0998344972108,898,6,3695,2843,2798,2838
ISIC_0014386,True,True,2848,4288,12212224,1.5056179775280898,2848,4288,0.2805296561871122,3425891,normal,True,False,False,False,False,False,0,3425891,0.2805296561871122,2088.5353473552445,2236.4712943289787,1720.731960824206,1247,598,3186,2830,1940,2233
ISIC_0014392,True,True,2848,4288,12212224,1.5056179775280898,2848,4288,0.2497853789776538,3050435,normal,True,False,False,False,False,False,0,3050435,0.24978537897765388,1970.7700197243225,2175.379522592679,1510.907773481487,1297,317,3046,2602,1750,2286
ISIC_0014393,True,True,2848,4288,12212224,1.5056179775280898,2848,4288,0.0646188605777293,789140,normal,True,False,False,False,False,False,0,789140,0.06461886057772934,1002.3792966399028,1594.5541995083256,1628.4625389664698,1057,1155,2090,2141,1034,987
ISIC_0014394,True,True,2848,4288,12212224,1.5056179775280898,2848,4288,0.0364654300477947,445324,small,True,False,False,False,False,False,0,445324,0.036465430047794734,752.9967642823185,2209.2262801915012,1860.4095422658559,1742,1536,2713,2202,972,667
ISIC_0014395,True,True,2848,4288,12212224,1.5056179775280898,2848,4288,0.1543076019568589,1884439,normal,True,False,False,False,False,False,0,1884439,0.15430760195685897,1548.981037469854,2004.776879485088,1404.876864679621,1173,557,2713,2336,1541,1780
ISIC_0014397,True,True,2848,4288,12212224,1.5056179775280898,2848,4288,0.1825829595002515,2229744,normal,True,False,False,False,False,False,0,2229744,0.18258295950025155,1684.932709468233,2429.320402700938,1690.9405990104694,1407,868,3350,2492,1944,1625
ISIC_0014410,True,True,2848,4288,12212224,1.5056179775280898,2848,4288,0.0647355469405081,790565,normal,True,False,False,False,False,False,0,790565,0.06473554694050813,1003.2839182821351,1930.0002618380524,1632.0110275562415,1340,1224,2613,2047,1274,824
ISIC_0014419,True,True,2848,4288,12212224,1.5056179775280898,2848,4288,0.298426068830706,3644446,normal,True,False,False,False,False,False,0,3644446,0.298426068830706,2154.124593855213,1701.7648092467277,1173.7255796903014,329,264,2979,2059,2651,1796
ISIC_0014422,True,True,2848,4288,12212224,1.5056179775280898,2848,4288,0.4014878043507882,4903059,normal,True,False,False,False,False,False,0,4903059,0.4014878043507882,2498.5533032076064,2160.398771052928,1592.2749104181696,369,646,3919,2670,3551,2025
ISIC_0014423,True,True,2848,4288,12212224,1.5056179775280898,2848,4288,0.1034495436703421,1263349,normal,True,False,False,False,False,False,0,1263349,0.1034495436703421,1268.2846311461883,2718.8016763380506,1716.6720146214545,2059,1074,3391,2287,1333,1214
ISIC_0014428,True,True,2848,4288,12212224,1.5056179775280898,2848,4288,0.0430601338462183,525860,small,True,False,False,False,False,False,0,525860,0.043060133846218346,818.25775095286,2153.205503365915,1677.5483550754955,1742,1269,2579,2091,838,823
ISIC_0014430,True,True,2848,4288,12212224,1.5056179775280898,2848,4288,0.0980338225044021,1197211,normal,True,False,False,False,False,False,0,1197211,0.09803382250440215,1234.6401858808617,2205.935328860159,1407.5814505546641,1541,779,2881,2113,1341,1335
ISIC_0014431,True,True,2848,4288,12212224,1.5056179775280898,2848,4288,0.014721560954008,179783,tiny,True,False,False,False,False,False,0,179783,0.01472156095400805,478.4420812085009,2136.4599545007036,1569.6554457317989,1876,1358,2378,1802,503,445
ISIC_0014433,True,True,2848,4288,12212224,1.5056179775280898,2848,4288,0.0449007486269495,548338,small,True,False,False,False,False,False,0,548338,0.044900748626949524,835.5630589494665,2331.600067841368,1603.8781663864258,1809,1202,2948,1958,1140,757
ISIC_0014434,True,True,2848,4288,12212224,1.5056179775280898,2848,4288,0.0696373567992201,850427,normal,True,False,False,False,False,False,0,850427,0.06963735679922019,1040.5754592101864,2310.1168942190216,1798.4717524255461,1803,1263,2834,2337,1032,1075
ISIC_0014438,True,True,2848,4288,12212224,1.5056179775280898,2848,4288,0.0978756203620241,1195279,normal,True,False,False,False,False,False,0,1195279,0.09787562036202414,1233.6435829653153,2077.1886212340382,1690.285815278274,1340,1158,2814,2225,1475,1068
ISIC_0014440,True,True,2848,4288,12212224,1.5056179775280898,2848,4288,0.0067846773855441,82856,very_tiny,True,False,False,False,False,False,0,82856,0.006784677385544189,324.80076311267595,1824.3452737279135,1718.083868398185,1675,1558,1976,1891,302,334
ISIC_0014441,True,True,2848,4288,12212224,1.5056179775280898,2848,4288,0.051873761896277,633494,normal,True,False,False,False,False,False,0,633494,0.05187376189627704,898.1033415773807,2446.204128215895,1099.8913312517561,2010,579,2914,1535,905,957
ISIC_0014453,True,True,2848,4288,12212224,1.5056179775280898,2848,4288,0.0293790877075297,358784,small,True,False,False,False,False,False,0,358784,0.029379087707529766,675.8831088422469,2210.728959485373,1369.6263963833392,1809,1091,2613,1668,805,578
ISIC_0014454,True,True,2848,4288,12212224,1.5056179775280898,2848,4288,0.4329772365786936,5287615,normal,True,False,False,False,False,False,0,5287615,0.43297723657869364,2594.686978295227,2153.5685198336114,1333.5029320402489,861,38,3467,2626,2607,2589
ISIC_0014457,True,True,2848,4288,12212224,1.5056179775280898,2848,4288,0.4837280252966208,5907395,normal,True,False,False,False,False,False,0,5907395,0.48372802529662084,2742.5405959385134,1997.2212885713584,1430.5203227480133,640,271,3591,2781,2952,2511
ISIC_0014458,True,True,2848,4288,12212224,1.5056179775280898,2848,4288,0.0268791335632232,328254,small,True,False,False,False,False,False,0,328254,0.02687913356322321,646.4874117239222,2224.641963235787,1687.4489907206005,1876,1358,2546,2024,671,667
ISIC_0014469,True,True,2848,4288,12212224,1.5056179775280898,2848,4288,0.047470305163089,579718,small,True,False,False,False,False,False,0,579718,0.04747030516308905,859.1390355435954,2208.463563318717,1949.1123649774545,1742,1536,2680,2358,939,823
ISIC_0014470,True,True,2848,4288,12212224,1.5056179775280898,2848,4288,0.0571652632640868,698115,normal,True,False,False,False,False,False,0,698115,0.05716526326408687,942.797764514102,2058.269482821598,1717.3562421664053,1575,1224,2512,2269,938,1046
ISIC_0014473,True,True,2848,4288,12212224,1.5056179775280898,2848,4288,0.1240373579783666,1514772,normal,True,False,False,False,False,False,0,1514772,0.1240373579783666,1388.7647790960036,2238.1558465564453,1391.3953439857617,1497,652,2871,2055,1375,1404
ISIC_0014475,True,True,2848,4288,12212224,1.5056179775280898,2848,4288,0.0545051417333976,665629,normal,True,False,False,False,False,False,0,665629,0.05450514173339762,920.6004371726757,2060.9439612757255,1392.2522050571715,1546,872,2608,1893,1063,1022
ISIC_0014476,True,True,2848,4288,12212224,1.5056179775280898,2848,4288,0.0381168900930739,465492,small,True,False,False,False,False,False,0,465492,0.03811689009307396,769.8589625105759,2131.7681163156403,1350.964656750277,1709,980,2579,1802,871,823
ISIC_0014478,True,True,2848,4288,12212224,1.5056179775280898,2848,4288,0.0336361337623679,410772,small,True,False,False,False,False,False,0,410772,0.03363613376236794,723.1951011103105,2042.0173040031939,1840.1378696697925,1664,1440,2409,2270,746,831
ISIC_0014480,True,True,2848,4288,12212224,1.5056179775280898,2848,4288,0.1029818974823914,1257638,normal,True,False,False,False,False,False,0,1257638,0.10298189748239141,1265.414728285411,2249.71645497353,1491.060225597509,1557,872,2926,2233,1370,1362
ISIC_0014486,True,True,2848,4288,12212224,1.5056179775280898,2848,4288,0.0498768283320057,609107,small,True,False,False,False,False,False,0,609107,0.0498768283320057,880.6469890796203,1995.1197441500426,1375.6512927942053,1541,957,2512,1780,972,824
ISIC_0014489,True,True,2848,4288,12212224,1.5056179775280898,2848,4288,0.5678676545729918,6934927,normal,True,False,False,False,False,False,0,6934927,0.5678676545729918,2971.501858698996,2447.24890370151,1401.065637749323,853,59,4113,2804,3261,2746
ISIC_0014490,True,True,2848,4288,12212224,1.5056179775280898,2848,4288,0.0259630842015344,317067,small,True,False,False,False,False,False,0,317067,0.025963084201534464,635.3756705528973,2160.477939993755,1872.4777759905635,1842,1496,2497,2235,656,740
ISIC_0014498,True,True,2848,4288,12212224,1.5056179775280898,2848,4288,0.0447040604561462,545936,small,True,False,False,False,False,False,0,545936,0.044704060456146236,833.7309542619464,2063.177810219513,1224.2799778728643,1541,868,2579,1557,1039,690
ISIC_0014500,True,True,2848,4288,12212224,1.5056179775280898,2848,4288,0.2764448965233523,3376007,normal,True,False,False,False,False,False,0,3376007,0.27644489652335236,2073.2741294152884,2363.4105391369153,1415.8307236922199,1300,374,3435,2439,2136,2066
ISIC_0014501,True,True,2848,4288,12212224,1.5056179775280898,2848,4288,0.1244365481668204,1519647,normal,True,False,False,False,False,False,0,1519647,0.1244365481668204,1390.9977190628877,2299.9203097824693,1506.4376759865943,1407,868,3149,2113,1743,1246
ISIC_0014502,True,True,2848,4288,12212224,1.5056179775280898,2848,4288,0.061076180718598,745876,normal,True,False,False,False,False,False,0,745876,0.06107618071859802,974.5146580061709,2139.9165759455996,1683.7051748548015,1575,1135,2680,2180,1106,1046
ISIC_0014503,True,True,2848,4288,12212224,1.5056179775280898,2848,4288,0.1191851705307731,1455516,normal,True,False,False,False,False,False,0,1455516,0.1191851705307731,1361.3304261621222,1816.6418287397735,1562.6075000206113,1161,880,2483,2255,1323,1376
ISIC_0014506,True,True,2848,4288,12212224,1.5056179775280898,2848,4288,0.5028735961606993,6141205,normal,True,False,False,False,False,False,0,6141205,0.5028735961606993,2796.287728100473,2217.7993628286304,1319.655229226186,917,4,3487,2711,2571,2708
ISIC_0014507,True,True,2848,4288,12212224,1.5056179775280898,2848,4288,0.0625795104970233,764235,normal,True,False,False,False,False,False,0,764235,0.06257951049702332,986.4351085959365,2197.735139060629,1698.4945808553653,1642,1224,2780,2202,1139,979
ISIC_0014511,True,True,2848,4288,12212224,1.5056179775280898,2848,4288,0.0152159017063558,185820,tiny,True,False,False,False,False,False,0,185820,0.015215901706355861,486.4086473354354,2283.1061887848455,1733.9029490905177,2021,1488,2535,1983,515,496
ISIC_0014513,True,True,2848,4288,12212224,1.5056179775280898,2848,4288,0.0844076394275113,1030805,normal,True,False,False,False,False,False,0,1030805,0.08440763942751132,1145.6272032867976,2192.314783106407,1511.2303568570196,1571,950,2741,2075,1171,1126
ISIC_0014518,True,True,2848,4288,12212224,1.5056179775280898,2848,4288,0.1417730300394097,1731364,normal,True,False,False,False,False,False,0,1731364,0.1417730300394097,1484.7360408944246,2568.2851740015385,1104.3513253134522,1629,484,3487,1719,1859,1236
ISIC_0014522,True,True,2848,4288,12212224,1.5056179775280898,2848,4288,0.0265930267902062,324760,small,True,False,False,False,False,False,0,324760,0.02659302679020627,643.0375374332291,1926.2378402512625,1585.8033655622614,1623,1241,2270,1968,648,728
ISIC_0014525,True,True,2848,4288,12212224,1.5056179775280898,2848,4288,0.0387456862894096,473171,small,True,False,False,False,False,False,0,473171,0.03874568628940969,776.1829865578617,2183.6754682767964,1270.6409416468887,1749,852,2598,1700,850,849
ISIC_0014526,True,True,2848,4288,12212224,1.5056179775280898,2848,4288,0.0365799055110682,446722,small,True,False,False,False,False,False,0,446722,0.03657990551106825,754.1777747343006,2172.768117531709,1550.6161639677473,1776,1158,2579,1891,804,734
ISIC_0014527,True,True,2848,4288,12212224,1.5056179775280898,2848,4288,0.326120123574543,3982652,normal,True,False,False,False,False,False,0,3982652,0.326120123574543,2251.85923612436,2253.983329952002,1606.387417981787,1181,362,3516,2787,2336,2426
ISIC_0014529,True,True,2848,4288,12212224,1.5056179775280898,2848,4288,0.0073296231710129,89511,very_tiny,True,False,False,False,False,False,0,89511,0.0073296231710129126,337.59286853959037,1876.9829853314118,1553.9004479896325,1709,1380,2043,1713,335,334
ISIC_0014535,True,True,2848,4288,12212224,1.5056179775280898,2848,4288,0.106573135245472,1301495,normal,True,False,False,False,False,False,0,1301495,0.10657313524547207,1287.2897503185095,2184.653652146186,1591.4001698047246,1575,913,2780,2247,1206,1335
ISIC_0014537,True,True,2848,4288,12212224,1.5056179775280898,2848,4288,0.2186573878762787,2670293,normal,True,False,False,False,False,False,0,2670293,0.21865738787627872,1843.8879151481772,1796.09563257665,1496.182803160552,946,553,2725,2542,1780,1990
ISIC_0014541,True,True,2848,4288,12212224,1.5056179775280898,2848,4288,0.2467144395648163,3012932,normal,True,False,False,False,False,False,0,3012932,0.24671443956481637,1958.6179229237139,3000.4339460698084,1274.4238698384165,2013,220,4015,2319,2003,2100
ISIC_0014542,True,True,2848,4288,12212224,1.5056179775280898,2848,4288,0.2773918165929482,3387571,normal,True,False,False,False,False,False,0,3387571,0.2773918165929482,2076.821936950311,2875.909777536766,1053.8872407397512,1633,154,4028,1929,2396,1776
ISIC_0014543,True,True,2848,4288,12212224,1.5056179775280898,2848,4288,0.0721237998909944,880792,normal,True,False,False,False,False,False,0,880792,0.07212379989099446,1058.9897096225125,1973.468462474682,1835.3826919408896,1407,1291,2546,2403,1140,1113
ISIC_0014545,True,True,2848,4288,12212224,1.5056179775280898,2848,4288,0.0595273227873972,726961,normal,True,False,False,False,False,False,0,726961,0.05952732278739728,962.07873517723,1874.9414714131844,1783.0892510052122,1407,1291,2345,2269,939,979
ISIC_0014546,True,True,2848,4288,12212224,1.5056179775280898,2848,4288,0.5826833015837246,7115859,normal,True,False,False,False,False,False,0,7115859,0.5826833015837246,3010.0154606844812,2210.5092111858876,1398.6441393793777,585,27,3944,2829,3360,2803
ISIC_0014547,True,True,2848,4288,12212224,1.5056179775280898,2848,4288,0.0073365834101962,89596,very_tiny,True,False,False,False,False,False,0,89596,0.00733658341019621,337.75312026699567,1995.840841108978,2235.8653957765973,1844,2052,2157,2405,314,354
ISIC_0014548,True,True,2848,4288,12212224,1.5056179775280898,2848,4288,0.1894176687227486,2313211,normal,True,False,False,False,False,False,0,2313211,0.18941766872274862,1716.1793963675157,2348.1782526539946,1833.5103023459599,1469,971,3226,2678,1758,1708
ISIC_0014554,True,True,2848,4288,12212224,1.5056179775280898,2848,4288,0.1574887588042931,1923288,normal,True,False,False,False,False,False,0,1923288,0.15748875880429314,1564.8662363009184,2521.2021480922253,1321.56526375665,1809,446,3316,2113,1508,1668
ISIC_0014558,True,True,2848,4288,12212224,1.5056179775280898,2848,4288,0.1714741721082089,2094081,normal,True,False,False,False,False,False,0,2094081,0.17147417210820895,1632.87070494836,2109.1775370675728,1448.7206469090738,1240,557,2914,2380,1675,1824
ISIC_0014559,True,True,2848,4288,12212224,1.5056179775280898,2848,4288,0.310553425813349,3792548,normal,True,False,False,False,False,False,0,3792548,0.310553425813349,2197.458097190081,2006.122535034494,1171.7064685799626,925,88,3075,2379,2151,2292
ISIC_0014567,True,True,1936,2592,5018112,1.3388429752066116,1936,2592,0.1015513404244464,509596,normal,True,False,False,False,False,False,0,509596,0.10155134042444648,805.5046735052877,1341.7317168894576,990.9290222058258,823,625,1824,1355,1002,731
ISIC_0014572,True,True,1936,2592,5018112,1.3388429752066116,1936,2592,0.0546235317187021,274107,normal,True,False,False,False,False,False,0,274107,0.05462353171870217,590.7654965286321,1267.9718686498338,899.1899404247247,952,605,1579,1210,628,606
ISIC_0014573,True,True,1936,2592,5018112,1.3388429752066116,1936,2592,0.0360661539638812,180984,small,True,False,False,False,False,False,0,180984,0.036066153963881235,480.03748370762537,1213.5147250585687,878.6438580205985,1003,551,1472,1244,470,694
ISIC_0014574,True,True,1936,2592,5018112,1.3388429752066116,1936,2592,0.0352329720819304,176803,small,True,False,False,False,False,False,0,176803,0.035232972081930415,474.4602946799774,1226.6596720643881,954.4515590798799,963,666,1505,1247,543,582
ISIC_0014576,True,True,1936,2592,5018112,1.3388429752066116,1936,2592,0.0586158698729721,294141,normal,True,False,False,False,False,False,0,294141,0.05861586987297215,611.9738171915083,1174.1825791032193,1018.3009781023387,851,681,1498,1376,648,696
ISIC_0014577,True,True,1936,2592,5018112,1.3388429752066116,1936,2592,0.1204761870599938,604563,normal,True,False,False,False,False,False,0,604563,0.12047618705999388,877.3559818475761,1167.813663753819,1072.3882788063445,648,605,1680,1512,1033,908
ISIC_0014580,True,True,1936,2592,5018112,1.3388429752066116,1936,2592,0.2020660359912253,1013990,normal,True,False,False,False,False,False,0,1013990,0.20206603599122538,1136.2447649894839,1079.4951153364432,1036.702836319885,663,93,1443,1830,781,1738
ISIC_0014581,True,True,1936,2592,5018112,1.3388429752066116,1936,2592,0.2428644478242016,1218721,normal,True,False,False,False,False,False,0,1218721,0.2428644478242016,1245.6820506048814,1125.1449864242923,1121.8770005604235,702,297,1613,1927,912,1631
ISIC_0014583,True,True,1936,2592,5018112,1.3388429752066116,1936,2592,0.0511004935720844,256428,normal,True,False,False,False,False,False,0,256428,0.05110049357208448,571.3967710596099,1079.911951892929,947.3094825838052,785,645,1380,1253,596,609
ISIC_0014585,True,True,3456,5184,17915904,1.5,3456,5184,0.0298514660493827,534816,small,True,False,False,False,False,False,0,534816,0.029851466049382717,825.1962677794179,2396.5177201130855,1320.9406300484652,1985,864,2794,1781,810,918
ISIC_0014586,True,True,3456,5184,17915904,1.5,3456,5184,0.2229777520576131,3994848,normal,True,False,False,False,False,False,0,3994848,0.22297775205761317,2255.3045135427224,2788.1718097910107,1551.8293159088907,1583,427,4084,2643,2502,2217
ISIC_0014587,True,True,1936,2592,5018112,1.3388429752066116,1936,2592,0.0410552813488419,206020,small,True,False,False,False,False,False,0,206020,0.041055281348841954,512.1648279668746,1208.0873507426463,1089.0376031453256,927,805,1513,1377,587,573
ISIC_0014596,True,True,1936,2592,5018112,1.3388429752066116,1936,2592,0.0180370625446383,90512,tiny,True,False,False,False,False,False,0,90512,0.018037062544638303,339.47526813166974,1176.6446769489128,934.3973506275411,973,772,1377,1073,405,302
ISIC_0014599,True,True,1936,2592,5018112,1.3388429752066116,1936,2592,0.3039455875038261,1525233,normal,True,False,False,False,False,False,0,1525233,0.30394558750382616,1393.5519260275328,1469.4836493834057,1020.5362452818684,628,303,2226,1723,1599,1421
ISIC_0014600,True,True,1936,2592,5018112,1.3388429752066116,1936,2592,0.0457935175619834,229797,small,True,False,False,False,False,False,0,229797,0.04579351756198347,540.9127726921469,1207.6798217557234,930.7171068377742,883,612,1587,1210,705,599
ISIC_0014601,True,True,1936,2592,5018112,1.3388429752066116,1936,2592,0.1451681429190899,728470,normal,True,False,False,False,False,False,0,728470,0.1451681429190899,963.0767420892397,1095.2784095432894,942.0317048059632,564,449,1577,1404,1014,956
ISIC_0014603,True,True,1936,2592,5018112,1.3388429752066116,1936,2592,0.1165964410519334,585094,normal,True,False,False,False,False,False,0,585094,0.11659644105193348,863.1134445640824,1347.5582983247136,1221.970676506681,971,666,1977,1919,1007,1254
ISIC_0014605,True,True,1936,2592,5018112,1.3388429752066116,1936,2592,0.3280028425033159,1645955,normal,True,True,False,False,False,True,1,1645955,0.32800284250331596,1447.6515446938758,1409.268803217585,858.7322593874073,811,0,2166,1905,1356,1906
ISIC_0014609,True,True,1936,2592,5018112,1.3388429752066116,1936,2592,0.3520616917278849,1766685,normal,True,True,False,False,False,True,1,1766685,0.35206169172788493,1499.8043889422515,1043.8245703110629,948.1843039364686,426,0,1782,1739,1357,1740
ISIC_0014610,True,True,1936,2592,5018112,1.3388429752066116,1936,2592,0.0365635521885521,183480,small,True,False,False,False,False,False,0,183480,0.03656355218855219,483.33631321059215,1310.9117724002615,1011.5148735557009,1074,742,1620,1285,547,544
ISIC_0014617,True,True,1936,2592,5018112,1.3388429752066116,1936,2592,0.0255719681027446,128323,small,True,False,False,False,False,False,0,128323,0.02557196810274462,404.2102399730248,1201.3523764251147,1021.5368406287259,993,832,1417,1210,425,379
ISIC_0014619,True,True,1936,2592,5018112,1.3388429752066116,1936,2592,0.0809786628915416,406360,normal,True,False,False,False,False,False,0,406360,0.08097866289154168,719.3007864576409,1460.9959247957477,1081.632082389999,1070,722,1857,1419,788,698
ISIC_0014623,True,True,1936,2592,5018112,1.3388429752066116,1936,2592,0.3860350267192123,1937167,normal,True,False,False,False,False,False,0,1937167,0.3860350267192123,1570.5023492997332,1252.1205693675352,930.0665786687467,183,167,2247,1678,2065,1512
ISIC_0014624,True,True,1936,2592,5018112,1.3388429752066116,1936,2592,0.0990047651387613,496817,normal,True,False,False,False,False,False,0,496817,0.09900476513876134,795.3408394497853,1082.9901553288232,960.2888810165514,750,469,1397,1588,648,1120
ISIC_0014625,True,True,1936,2592,5018112,1.3388429752066116,1936,2592,0.2216395329558208,1112212,normal,True,False,False,False,False,False,0,1112212,0.22163953295582084,1190.0051682782662,1490.0198945884417,910.8442041625158,315,477,2378,1461,2064,985
ISIC_0014628,True,True,1936,2592,5018112,1.3388429752066116,1936,2592,0.0623126785532088,312692,normal,True,False,False,False,False,False,0,312692,0.06231267855320886,630.9768773277889,1252.3129948959358,1041.6304222685583,871,605,1660,1452,790,848
ISIC_0014632,True,True,1936,2592,5018112,1.3388429752066116,1936,2592,0.0100575674676053,50470,tiny,True,False,False,False,False,False,0,50470,0.010057567467605347,253.49635070900658,1292.5055676639588,937.4497523281157,1155,832,1458,1043,304,212
ISIC_0014633,True,True,1936,2592,5018112,1.3388429752066116,1936,2592,0.0194421726737067,97563,tiny,True,False,False,False,False,False,0,97563,0.019442172673706765,352.4500953369096,1276.2088804157313,907.395939034265,1135,696,1437,1104,303,409
ISIC_0014635,True,True,1936,2592,5018112,1.3388429752066116,1936,2592,0.1226666523186409,615555,normal,True,False,False,False,False,False,0,615555,0.12266665231864096,885.2959776026621,1196.4190186092226,1229.6447888490875,823,678,1625,1867,803,1190
ISIC_0014637,True,True,1936,2592,5018112,1.3388429752066116,1936,2592,0.0578970736404448,290534,normal,True,False,False,False,False,False,0,290534,0.05789707364044485,608.209978453236,1217.6444581357086,848.3725106183786,867,519,1532,1151,666,633
ISIC_0014639,True,True,1936,2592,5018112,1.3388429752066116,1936,2592,0.121788832134476,611150,normal,True,False,False,False,False,False,0,611150,0.12178883213447607,882.1226375991575,1155.2533895115766,998.364869508304,668,638,1734,1415,1067,778
ISIC_0014640,True,True,1936,2592,5018112,1.3388429752066116,1936,2592,0.1617321414906642,811590,normal,True,False,False,False,False,False,0,811590,0.16173214149066423,1016.5374966579495,1343.469050875442,909.4106901267882,689,469,1944,1361,1256,893
ISIC_0014642,True,True,1936,2592,5018112,1.3388429752066116,1936,2592,0.0912072109988776,457688,normal,True,False,False,False,False,False,0,457688,0.09120721099887767,763.3783208545728,1111.6757616542272,834.075507769485,689,409,1559,1210,871,802
ISIC_0014643,True,True,1936,2592,5018112,1.3388429752066116,1936,2592,0.1394008344174064,699529,normal,True,False,False,False,False,False,0,699529,0.1394008344174064,943.7520784025028,1396.2096410584836,878.5899969836847,943,316,1869,1495,927,1180
ISIC_0014651,True,True,1936,2592,5018112,1.3388429752066116,1936,2592,0.0464322039842873,233002,small,True,False,False,False,False,False,0,233002,0.04643220398428732,544.6717914509456,1069.6485867074102,927.9771933288126,750,651,1377,1179,628,529
ISIC_0014652,True,True,1936,2592,5018112,1.3388429752066116,1936,2592,0.5809200751198857,2915122,normal,True,False,False,False,False,False,0,2915122,0.5809200751198857,1926.5639382401657,1195.6326726634425,986.9131689857234,41,4,2287,1933,2247,1930
ISIC_0014657,True,True,4361,6602,28791322,1.5138729649163036,4361,6602,0.1111518602723417,3200209,normal,True,False,False,False,False,False,0,3200209,0.11115186027234178,2018.5719333770028,3219.3591549801904,1567.1440821521344,1960,750,4332,2521,2373,1772
ISIC_0014658,True,True,4401,6682,29407482,1.5182912974324017,4401,6682,0.1892751987402389,5566107,normal,True,False,False,False,False,False,0,5566107,0.18927519874023896,2662.13965498191,3925.834695775701,2635.9095356952353,2350,1445,5429,3885,3080,2441
ISIC_0014661,True,True,4440,6662,29579280,1.5004504504504506,4440,6662,0.1654132216876137,4892804,normal,True,False,False,False,False,False,0,4892804,0.16541322168761377,2495.9390091583537,3272.233520492544,2214.8983944584743,1874,1145,4684,3329,2811,2185
ISIC_0014663,True,True,4479,6668,29865972,1.488725161866488,4479,6668,0.4546692469945395,13579139,normal,True,True,False,False,False,True,1,13579139,0.4546692469945395,4158.064063750761,3802.048061883747,2079.2002456120376,1464,0,5905,4212,4442,4213
ISIC_0014664,True,True,4419,6628,29289132,1.4998868522290112,4419,6628,0.5660046190511894,16577784,normal,True,False,False,False,False,False,0,16577784,0.5660046190511894,4594.288862585576,3220.515142192708,2155.7132963006393,962,10,5337,4409,4376,4400
ISIC_0014665,True,True,4419,6688,29554272,1.5134645847476804,4419,6688,0.1027694744096555,3037277,normal,True,False,False,False,False,False,0,3037277,0.10276947440965556,1966.5149846148086,4088.036609107434,2477.0989521206,2979,1589,5277,3348,2299,1760
ISIC_0014666,True,True,4439,6668,29599252,1.50214012164902,4439,6668,0.5353891037516759,15847117,normal,True,False,False,False,False,False,0,15847117,0.5353891037516759,4491.901160360149,2891.2898054579896,2762.834469638862,369,393,5562,4429,5194,4037
ISIC_0014667,True,True,4459,6688,29821792,1.499887867234806,4459,6688,0.1100363787662391,3281482,normal,True,False,False,False,False,False,0,3281482,0.11003637876623913,2044.0432108291232,3347.2257550094746,2150.642797674953,2352,1011,4388,3239,2037,2229
ISIC_0014675,True,True,4439,6708,29776812,1.5111511601712098,4439,6708,0.10255664709842,3053810,normal,True,False,False,False,False,False,0,3053810,0.10255664709842008,1971.8599478937867,3323.4398551317863,2205.852078551056,2056,1169,4435,3236,2380,2068
ISIC_0014677,True,True,4420,6642,29357640,1.5027149321266968,4420,6642,0.1973876306133599,5794835,normal,True,False,False,False,False,False,0,5794835,0.19738763061335993,2716.2866338469116,3178.459844326888,1768.232391431335,1854,233,4641,3220,2788,2988
ISIC_0014680,True,True,4439,6688,29688032,1.506645640910115,4439,6688,0.222408949168473,6602884,normal,True,False,False,False,False,False,0,6602884,0.222408949168473,2899.491855153087,3469.6012565115484,2105.7877860643925,1725,798,5172,3537,3448,2740
ISIC_0014682,True,True,4399,6628,29156572,1.506706069561264,4399,6628,0.6861398864036554,20005487,normal,True,False,True,False,False,True,1,20005487,0.6861398864036554,5046.957217976512,3434.7578986205135,2170.902020830585,156,207,6265,4398,6110,4192
ISIC_0014683,True,True,4401,6620,29134620,1.5042035900931607,4401,6620,0.24109794464455,7024297,normal,True,False,False,False,False,False,0,7024297,0.24109794464455003,2990.587352739353,3151.1179199854446,2098.0407042868487,1293,860,5171,3335,3879,2476
ISIC_0014684,True,True,4419,6628,29289132,1.4998868522290112,4419,6628,0.0655674944549398,1920415,normal,True,False,False,False,False,False,0,1920415,0.0655674944549398,1563.6970039948844,3444.9863539911944,2050.9082250451074,2610,1135,4120,3008,1511,1874
ISIC_0014685,True,True,4419,6648,29377512,1.5044127630685675,4419,6648,0.0397403973488292,1167474,small,True,False,False,False,False,False,0,1167474,0.03974039734882927,1219.2104265671858,4193.813619832219,2059.392518377283,3480,1520,4830,2623,1351,1104
ISIC_0014687,True,True,4439,6668,29599252,1.50214012164902,4439,6668,0.3608196585508309,10679992,normal,True,False,False,False,False,False,0,10679992,0.3608196585508309,3687.572121580157,3762.2284404332886,1916.6478846613368,2015,61,5622,3848,3608,3788
ISIC_0014688,True,True,4398,6648,29237904,1.5115961800818554,4398,6648,0.8329429838746307,24353507,normal,True,True,False,False,False,True,1,24353507,0.8329429838746307,5568.469104285719,3386.700470326512,2329.2770216215677,52,0,6646,4396,6595,4397
ISIC_0014692,True,True,4419,6648,29377512,1.5044127630685675,4419,6648,0.0941630795691616,2766277,normal,True,False,False,False,False,False,0,2766277,0.0941630795691616,1876.7347356755968,4104.954536006337,2719.9661172760357,2961,1934,5245,3486,2285,1553
ISIC_0014693,True,True,4439,6628,29421692,1.4931290831268305,4439,6628,0.6537586281577552,19234685,normal,True,False,True,False,False,True,1,19234685,0.6537586281577552,4948.773744325383,3470.2161911671546,2340.3682122686178,415,347,6213,4438,5799,4092
ISIC_0014694,True,True,4439,6648,29510472,1.4976346023879252,4439,6648,0.2986106423509593,8812141,normal,True,False,False,False,False,False,0,8812141,0.29861064235095935,3349.621828652014,2915.074617734782,2059.639347350434,1403,105,4466,4022,3064,3918
ISIC_0014696,True,True,4459,6648,29643432,1.4909172460192868,4459,6648,0.4941873464583993,14649409,normal,True,False,False,False,False,False,0,14649409,0.4941873464583993,4318.820075645569,3312.537351916381,2404.367320005879,572,558,5765,4319,5194,3762
ISIC_0014697,True,True,4401,6642,29231442,1.50920245398773,4401,6642,0.1706174467889747,4987394,normal,True,False,False,False,False,False,0,4987394,0.1706174467889747,2519.94985386116,3034.839455234537,2031.5042352779828,1838,633,4184,3300,2347,2668
ISIC_0014698,True,True,4401,6642,29231442,1.50920245398773,4401,6642,0.0956195387145115,2795097,normal,True,False,False,False,False,False,0,2795097,0.09561953871451159,1886.485629887124,3323.167404565924,1850.3662713673264,2303,848,4312,2819,2010,1972
ISIC_0014702,True,True,4400,6641,29220400,1.5093181818181818,4400,6641,0.091263637732543,2666760,normal,True,False,False,False,False,False,0,2666760,0.09126363773254302,1842.6677096855913,3013.81598944037,2263.6866324678635,2111,1352,3894,3255,1784,1904
ISIC_0014703,True,True,4401,6602,29055402,1.5001136105430584,4401,6602,0.771058648577638,22403419,normal,True,False,False,False,False,False,0,22403419,0.771058648577638,5340.87249502093,2991.916215377662,2406.222555137678,9,4,6039,4397,6031,4394
ISIC_0014707,True,True,4400,6641,29220400,1.5093181818181818,4400,6641,0.1037538158272987,3031728,normal,True,False,False,False,False,False,0,3031728,0.10375381582729874,1964.7177859633798,3352.340130117214,1869.0847272578542,2387,722,4306,3059,1920,2338
ISIC_0014708,True,True,4421,6622,29275862,1.4978511648948205,4421,6622,0.2584596825876553,7566630,normal,True,False,False,False,False,False,0,7566630,0.25845968258765534,3103.8899040364536,2937.001886837337,2101.8458237022296,1449,346,4552,3626,3104,3281
ISIC_0014713,True,True,4401,6602,29055402,1.5001136105430584,4401,6602,0.2415652689988595,7018776,normal,True,False,False,False,False,False,0,7018776,0.2415652689988595,2989.4118416233796,2741.843361007674,2374.2989254821637,1084,963,4229,4022,3146,3060
ISIC_0014714,True,True,4422,6622,29282484,1.4975124378109452,4422,6622,0.6798774311632851,19908500,normal,True,True,True,False,True,True,3,19908500,0.6798774311632851,5034.70847977914,3588.3881037245396,2139.594113971419,363,0,6621,4421,6259,4422
ISIC_0014715,True,True,4400,6622,29136800,1.505,4400,6622,0.1357254056725515,3954604,normal,True,False,False,False,False,False,0,3954604,0.13572540567255156,2243.9158176205838,3279.3204399226825,2407.8507620484884,2018,1307,4449,3574,2432,2268
ISIC_0014716,True,True,4440,6641,29486040,1.4957207207207208,4440,6641,0.3935903227425588,11605420,normal,True,False,False,False,False,False,0,11605420,0.39359032274255884,3844.018688463982,2662.6499421821873,2333.786448056167,679,421,4638,4275,3960,3855
ISIC_0014720,True,True,4420,6622,29269240,1.4981900452488688,4420,6622,0.4951473970625817,14492588,normal,True,False,False,False,False,False,0,14492588,0.49514739706258176,4295.641529172829,3440.806256273897,1888.6954426635189,1040,74,6150,3729,5111,3656
ISIC_0014722,True,True,4402,6602,29062004,1.4997728305315765,4402,6602,0.5411328138279796,15726404,normal,True,False,True,False,False,True,1,15726404,0.5411328138279796,4474.760269476035,2861.4097313664333,2117.5930783032154,568,104,5518,4401,4951,4298
ISIC_0014723,True,True,4382,6602,28929964,1.5066179826563213,4382,6602,0.4169522990073545,12062415,normal,True,False,False,False,False,False,0,12062415,0.4169522990073545,3918.972286583129,2950.254273294361,2017.757367243624,826,103,5003,3902,4178,3800
ISIC_0014724,True,True,4382,6582,28842324,1.5020538566864443,4382,6582,0.701061987931347,20220257,normal,True,True,False,False,False,True,1,20220257,0.701061987931347,5073.9758392317935,3143.522642417453,2257.18196494733,258,0,6530,4245,6273,4246
ISIC_0014725,True,True,4401,6602,29055402,1.5001136105430584,4401,6602,0.3061285815284882,8894689,normal,True,False,False,False,False,False,0,8894689,0.3061285815284882,3365.274100711688,3393.0238207316747,2113.1698709196016,1141,529,5403,3843,4263,3315
ISIC_0014726,True,True,4440,6641,29486040,1.4957207207207208,4440,6641,0.4121259755463942,12151963,normal,True,False,False,False,False,False,0,12151963,0.4121259755463942,3933.4920665686545,3150.405297316985,2417.638922781447,1177,438,5344,4419,4168,3982
ISIC_0014728,True,True,4399,6627,29152173,1.5064787451693566,4399,6627,0.4750218448552703,13847919,normal,True,False,False,False,False,False,0,13847919,0.4750218448552703,4199.013941759352,3325.4753789359975,2184.147273608403,1009,133,5697,4305,4689,4173
ISIC_0014729,True,True,4439,6648,29510472,1.4976346023879252,4439,6648,0.5712157365697167,16856846,normal,True,False,False,False,False,False,0,16856846,0.5712157365697167,4632.796447795948,3129.892533336307,2299.3498827123412,624,155,5869,4395,5246,4241
ISIC_0014730,True,True,4439,6668,29599252,1.50214012164902,4439,6668,0.1220009208340805,3611136,normal,True,False,False,False,False,False,0,3611136,0.12200092083408054,2144.2577169306765,3356.003955541968,1929.5107666950234,2189,932,4571,2891,2383,1960
ISIC_0014731,True,True,4439,6668,29599252,1.50214012164902,4439,6668,0.1046555500794412,3097726,normal,True,False,False,False,False,False,0,3097726,0.1046555500794412,1985.9877245225553,3188.4188469219034,2236.067977606799,2094,1264,4410,3200,2317,1937
ISIC_0014735,True,True,4399,6648,29244552,1.511252557399409,4399,6648,0.6823838505031639,19956010,normal,True,True,True,False,False,True,2,19956010,0.6823838505031639,5040.712359094729,3305.029876062399,2192.50424298244,572,0,5972,4398,5401,4399
ISIC_0014739,True,True,4439,6688,29688032,1.506645640910115,4439,6688,0.13927854833894,4134906,normal,True,False,False,False,False,False,0,4134906,0.13927854833894007,2294.4990374726012,3250.2524732122083,2400.0524164273625,1725,1214,4754,3502,3030,2289
ISIC_0014740,True,True,4439,6668,29599252,1.50214012164902,4439,6668,0.5516587716473376,16328687,normal,True,False,True,False,False,True,1,16328687,0.5516587716473376,4559.641433490464,3366.4400247245844,2426.192895056412,886,39,6139,4438,5254,4400
ISIC_0014742,True,True,4419,6648,29377512,1.5044127630685675,4419,6648,0.5845049437814883,17171301,normal,True,False,False,False,False,False,0,17171301,0.5845049437814883,4675.807894658467,3296.978296286344,2204.293039647957,572,70,5920,4246,5349,4177
ISIC_0014743,True,True,4399,6628,29156572,1.506706069561264,4399,6628,0.4127154591424534,12033368,normal,True,False,False,False,False,False,0,12033368,0.4127154591424534,3914.250885412262,2968.9943716505636,2174.1303899290706,226,724,5608,3647,5383,2924
ISIC_0014745,True,True,4439,6688,29688032,1.506645640910115,4439,6688,0.2514707610123837,7465672,normal,True,False,False,False,False,False,0,7465672,0.2514707610123837,3083.1134942492877,3168.1072774158843,2476.8200179434616,1411,937,4806,3884,3396,2948
ISIC_0014746,True,True,4420,6642,29357640,1.5027149321266968,4420,6642,0.5815278407937423,17072285,normal,True,True,False,False,False,True,1,17072285,0.5815278407937423,4662.307195047206,3548.8110251791136,1963.021367907108,919,0,6198,4106,5280,4107
ISIC_0014748,True,True,4419,6668,29465892,1.508938673908124,4419,6668,0.4297304150846681,12662390,normal,True,False,True,False,False,True,1,12662390,0.4297304150846681,4015.2528785693034,3201.678623624766,2317.1112311340908,1251,104,5365,4418,4115,4315
ISIC_0014749,True,True,4459,6648,29643432,1.4909172460192868,4459,6648,0.3626626633515309,10750566,normal,True,False,False,False,False,False,0,10750566,0.36266266335153097,3699.735904018734,3011.8810910979014,2436.523907671466,836,862,5459,4131,4624,3270
ISIC_0014753,True,True,4439,6668,29599252,1.50214012164902,4439,6668,0.5085518377288724,15052754,normal,True,True,True,False,False,True,2,15052754,0.5085518377288724,4377.871817443996,3448.1153069398465,2318.8391582696427,926,0,5553,4438,4628,4439
ISIC_0014754,True,True,4399,6648,29244552,1.511252557399409,4399,6648,0.3103692270615053,9076609,normal,True,False,False,False,False,False,0,9076609,0.3103692270615053,3399.5143051469986,2961.543025374344,2409.9754384043645,1143,688,4674,4227,3532,3540
ISIC_0014755,True,True,4439,6668,29599252,1.50214012164902,4439,6668,0.2660625680675985,7875253,normal,True,False,False,False,False,False,0,7875253,0.2660625680675985,3166.5570489719944,3143.3153389484755,1936.0734269743461,1283,501,5024,3434,3742,2934
ISIC_0014760,True,True,4439,6648,29510472,1.4976346023879252,4439,6648,0.6615797266814303,19523530,normal,True,False,False,True,False,True,1,19523530,0.6615797266814303,4985.79286060134,3090.4665196304154,2359.1613328122526,0,451,6336,4334,6337,3884
ISIC_0014762,True,True,4419,6628,29289132,1.4998868522290112,4419,6628,0.7515790498673706,22013098,normal,True,True,False,True,False,True,2,22013098,0.7515790498673706,5294.142695066928,3316.205879744868,1804.470526729132,0,0,6472,4073,6473,4074
ISIC_0014763,True,True,4421,6642,29364282,1.5023750282741462,4421,6642,0.566934073170936,16647612,normal,True,False,False,False,False,False,0,16647612,0.566934073170936,4603.954596193107,3060.26084894338,2195.9448394160077,488,235,5886,4266,5399,4032
ISIC_0014765,True,True,4441,6681,29670321,1.5043909029497862,4441,6681,0.2716081838143915,8058702,normal,True,False,False,False,False,False,0,8058702,0.2716081838143915,3203.226196452,3637.8754798229293,2122.3776299210467,1415,696,5886,3877,4472,3182
ISIC_0014768,True,True,4421,6642,29364282,1.5023750282741462,4421,6642,0.1186301098729401,3483488,normal,True,False,False,False,False,False,0,3483488,0.11863010987294019,2106.018678742048,3583.7965671189336,2141.999618772908,2480,1039,4704,3200,2225,2162
ISIC_0014769,True,True,4422,6642,29370924,1.502035278154681,4422,6642,0.4252065409995272,12488709,normal,True,False,False,False,False,False,0,12488709,0.42520654099952726,3987.6206140366376,3465.2524360204084,2293.804270561513,1298,346,5396,4214,4099,3869
ISIC_0014770,True,True,4382,6682,29280524,1.5248744865358284,4382,6682,0.1510200773729322,4421947,normal,True,False,False,False,False,False,0,4421947,0.15102007737293227,2372.8037814204145,2663.9024619698066,2212.517834564729,1358,1130,3967,3218,2610,2089
ISIC_0014771,True,True,4420,6621,29264820,1.4979638009049774,4420,6621,0.4276123003661051,12513997,normal,True,False,False,False,False,False,0,12513997,0.4276123003661051,3991.6557771302364,3507.2251372603014,2139.5404699233986,363,346,6102,3762,5740,3417
ISIC_0014772,True,True,4401,6642,29231442,1.50920245398773,4401,6642,0.4723288026639261,13806852,normal,True,False,False,False,False,False,0,13806852,0.4723288026639261,4192.783079853496,3077.019677186371,2251.392630557639,634,313,5352,4136,4719,3824
ISIC_0014773,True,True,4420,6642,29357640,1.5027149321266968,4420,6642,0.2032094201032508,5965749,normal,True,False,False,False,False,False,0,5965749,0.2032094201032508,2756.0528915034,3656.0204121896513,2706.4772099865413,1820,1371,5292,3804,3473,2434
ISIC_0014775,True,True,4401,6642,29231442,1.50920245398773,4401,6642,0.6418465089748224,18762099,normal,True,False,False,False,False,False,0,18762099,0.6418465089748224,4887.601291946393,3688.4815276798186,2598.1292351671314,675,379,6537,4399,5863,4021
ISIC_0014778,True,True,4420,6681,29530020,1.5115384615384615,4420,6681,0.0781296456961424,2307170,normal,True,False,False,False,False,False,0,2307170,0.07812964569614243,1713.9370118025415,2926.234873459693,2420.066666088758,1932,1589,3862,3176,1931,1588
ISIC_0014779,True,True,4441,6621,29403861,1.4908804323350595,4441,6621,0.1840260365807061,5411076,normal,True,False,False,False,False,False,0,5411076,0.18402603658070618,2624.803981779852,3267.218559118371,1901.267970178205,1759,694,4758,3226,3000,2533
ISIC_0014780,True,True,4441,6682,29674762,1.5046160774600317,4441,6682,0.2188615362778646,6494664,normal,True,False,False,False,False,False,0,6494664,0.21886153627786467,2875.632632059918,3053.2292383408903,2540.265663473892,1147,1228,4770,4033,3624,2806
ISIC_0014782,True,True,4441,6661,29581501,1.4998874127448774,4441,6661,0.2335283121705014,6908118,normal,True,False,False,False,False,False,0,6908118,0.23352831217050143,2965.752689840605,3107.1509328589927,2263.4069464360628,1301,1076,5047,3434,3747,2359
ISIC_0014783,True,True,4422,6661,29454942,1.5063319764812302,4422,6661,0.2706141468552204,7970924,normal,True,False,False,False,False,False,0,7970924,0.27061414685522045,3185.733140876458,3446.966905969747,2013.4976103146887,1354,657,5516,3420,4163,2764
ISIC_0014784,True,True,4422,6642,29370924,1.502035278154681,4422,6642,0.6522712053594228,19157808,normal,True,True,False,True,False,True,2,19157808,0.6522712053594228,4938.874237722971,2609.0088881254055,1865.8137066098584,0,0,5966,4074,5967,4075
ISIC_0014785,True,True,4401,6621,29139021,1.5044308111792777,4401,6621,0.2132098055044471,6212725,normal,True,False,False,False,False,False,0,6212725,0.21320980550444713,2812.523271115239,3219.673741071752,2300.9362622681674,1449,894,4965,3782,3517,2889
ISIC_0014786,True,True,4420,6642,29357640,1.5027149321266968,4420,6642,0.5518143828999879,16199968,normal,True,False,False,False,False,False,0,16199968,0.5518143828999879,4541.634054065145,3618.6201431385543,2190.220017656825,978,189,6240,4201,5263,4013
ISIC_0014787,True,True,4421,6641,29359861,1.5021488351051795,4421,6641,0.6095364688545358,17895906,normal,True,True,False,False,True,True,2,17895906,0.6095364688545358,4773.444794701544,3608.6951684927267,2062.3370660306327,282,0,6640,4075,6359,4076
ISIC_0014788,True,True,4441,6622,29408302,1.491105606845305,4441,6622,0.1122279008152187,3300432,normal,True,False,False,False,False,False,0,3300432,0.11222790081521877,2049.936715391322,4188.358024949461,1733.6755845901384,2907,589,5520,2684,2614,2096
ISIC_0014790,True,True,4441,6641,29492681,1.4953839225399683,4441,6641,0.885768777684199,26123696,normal,True,False,False,False,False,False,0,26123696,0.885768777684199,5767.29770359046,2969.974982100542,2159.3966421137347,5,6,6413,4436,6409,4431
ISIC_0014791,True,True,4441,6641,29492681,1.4953839225399683,4441,6641,0.6252626880547075,18440673,normal,True,True,True,False,False,True,2,18440673,0.6252626880547075,4845.554054505017,3210.6279294687347,2211.284766721909,831,0,5707,4440,4877,4441
ISIC_0014792,True,True,4401,6600,29046600,1.499659168370825,4401,6600,0.0425522092086509,1235997,small,True,False,False,False,False,False,0,1235997,0.042552209208650923,1254.4800746022343,2938.951133376537,1811.1881768321443,2231,1183,3636,2434,1406,1252
ISIC_0014794,True,True,4441,6621,29403861,1.4908804323350595,4441,6621,0.3739158609136399,10994570,normal,True,False,False,False,False,False,0,10994570,0.3739158609136399,3741.48650957863,2811.976330861507,2418.224420236535,1088,51,4744,4426,3657,4376
ISIC_0014795,True,True,4420,6641,29353220,1.5024886877828054,4420,6641,0.1878023944221451,5512605,normal,True,False,False,False,False,False,0,5512605,0.18780239442214516,2649.31437932624,3292.7870353489866,2474.8223852425485,1920,1140,4617,3971,2698,2832
ISIC_0014796,True,True,4420,6641,29353220,1.5024886877828054,4420,6641,0.1395792011915558,4097099,normal,True,False,False,False,False,False,0,4097099,0.1395792011915558,2283.985215690962,3296.797122061244,2776.046109454519,1966,1665,4651,3899,2686,2235
ISIC_0014797,True,True,4421,6622,29275862,1.4978511648948205,4421,6622,0.0403145430867244,1180243,small,True,False,False,False,False,False,0,1180243,0.04031454308672448,1225.8597228055348,3956.0972257408007,1758.6551591494294,3286,1124,4583,2360,1298,1237
ISIC_0014798,True,True,4441,6662,29585942,1.5001125872551226,4441,6662,0.3160383401008492,9350292,normal,True,False,False,False,False,False,0,9350292,0.31603834010084925,3450.385707311696,3615.4635573947853,2121.8973867340187,1391,583,6067,3541,4677,2959
ISIC_0014800,True,True,4422,6642,29370924,1.502035278154681,4422,6642,0.2737616971124231,8040634,normal,True,False,False,False,False,False,0,8040634,0.27376169711242315,3199.6332873537353,3551.016542227889,2086.929084199082,1923,185,5102,3678,3180,3494
ISIC_0014802,True,True,4420,6642,29357640,1.5027149321266968,4420,6642,0.1254244550992518,3682166,normal,True,False,False,False,False,False,0,3682166,0.12542445509925185,2165.2434878043846,3558.2981530436164,2219.250622595505,2304,1033,4702,3367,2399,2335
ISIC_0014803,True,True,4420,6642,29357640,1.5027149321266968,4420,6642,0.580901121479792,17053886,normal,True,True,False,False,False,True,1,17053886,0.580901121479792,4659.794206465063,3286.86229906779,2074.4633351014545,416,0,6019,4074,5604,4075
ISIC_0014804,True,True,4461,6661,29714721,1.4931629679444072,4461,6661,0.2237631307391376,6649059,normal,True,False,False,False,False,False,0,6649059,0.22376313073913767,2909.612492081589,3143.2616609357806,2249.7840775664645,1718,767,4683,3659,2966,2893
ISIC_0014805,True,True,4461,6661,29714721,1.4931629679444072,4461,6661,0.0709826957486829,2109231,normal,True,False,False,False,False,False,0,2109231,0.07098269574868295,1638.7667064537563,2849.081103966327,2009.5901643774437,1822,1255,3850,2648,2029,1394
ISIC_0014806,True,True,4422,6642,29370924,1.502035278154681,4422,6642,0.2056114067095744,6038997,normal,True,False,False,False,False,False,0,6038997,0.2056114067095744,2772.9208050243724,3891.3905342228186,2290.0901674566157,2284,1071,5448,3627,3165,2557
ISIC_0014807,True,True,4401,6621,29139021,1.5044308111792777,4401,6621,0.6258124114739476,18235561,normal,True,True,True,False,True,True,3,18235561,0.6258124114739476,4818.5306251626425,3672.3296837974985,1987.5866245628529,212,0,6620,4400,6409,4401
ISIC_0014808,True,True,4422,6642,29370924,1.502035278154681,4422,6642,0.2197261141665138,6453559,normal,True,False,False,False,False,False,0,6453559,0.2197261141665138,2866.5181881651324,3383.099474723947,2066.82444307087,1713,691,5033,3420,3321,2730
ISIC_0014809,True,True,4421,6622,29275862,1.4978511648948205,4421,6622,0.1638173796556357,4795895,normal,True,False,False,False,False,False,0,4795895,0.16381737965563575,2471.0975631078677,3090.02625182578,2679.503946812847,1759,1417,4500,3764,2742,2348
ISIC_0014812,True,True,4422,6642,29370924,1.502035278154681,4422,6642,0.0735589047181491,2160493,normal,True,False,False,False,False,False,0,2160493,0.07355890471814915,1658.5611606822058,2890.13476553731,1919.1656043319742,1817,1210,3943,2591,2127,1382
ISIC_0014814,True,True,4420,6620,29260400,1.497737556561086,4420,6620,0.1457065180243605,4263431,normal,True,False,False,False,False,False,0,4263431,0.14570651802436058,2329.8860370090592,3049.6716684285498,2022.8116205000151,1362,1141,4544,2990,3183,1850
ISIC_0014815,True,True,4420,6661,29441620,1.5070135746606337,4420,6661,0.2175729120883973,6405699,normal,True,False,False,False,False,False,0,6405699,0.2175729120883973,2855.8692684488356,3774.260103073841,2049.7872553799357,2139,331,5465,3442,3327,3112
ISIC_0014818,True,True,4401,6641,29227041,1.5089752329016133,4401,6641,0.4605757045333463,13461265,normal,True,False,False,False,False,False,0,13461265,0.46057570453334634,4139.977647301901,3625.970634037737,2284.563327666456,571,723,6589,3885,6019,3163
ISIC_0014820,True,True,4441,6622,29408302,1.491105606845305,4441,6622,0.0474584353765137,1395672,small,True,False,False,False,False,False,0,1395672,0.04745843537651375,1333.0509299646485,3319.1460049352568,1995.7242912374827,2593,1351,4083,2659,1491,1309
ISIC_0014821,True,True,4422,6642,29370924,1.502035278154681,4422,6642,0.1383835251488853,4064452,normal,True,False,False,False,False,False,0,4064452,0.13838352514888533,2274.8672519683255,4063.286586482015,2552.0016100571493,2958,1279,5240,3800,2283,2522
ISIC_0014823,True,True,4441,6622,29408302,1.491105606845305,4441,6622,0.083254585728887,2448376,normal,True,False,False,False,False,False,0,2448376,0.08325458572888704,1765.6073016332082,3780.4678019225803,2563.3748909481224,2898,1666,4656,3400,1759,1735
ISIC_0014825,True,True,4441,6642,29497122,1.4956090970502138,4441,6642,0.3809168230039527,11235950,normal,True,False,False,False,False,False,0,11235950,0.38091682300395274,3782.334710554719,3141.801852713834,2516.0026970572135,1038,729,5396,4232,4359,3504
ISIC_0014826,True,True,4401,6621,29139021,1.5044308111792777,4401,6621,0.473400358920775,13794423,normal,True,False,False,False,False,False,0,13794423,0.473400358920775,4190.8954723786965,3326.7050666055407,2059.3468482153985,995,21,5612,3972,4618,3952
ISIC_0014829,True,True,4441,6642,29497122,1.4956090970502138,4441,6642,0.0894286229009053,2637887,normal,True,False,False,False,False,False,0,2637887,0.08942862290090538,1832.6652839356138,3138.342733407458,2093.026901834688,2336,1041,3995,3191,1660,2151
ISIC_0014830,True,True,4441,6681,29670321,1.5043909029497862,4441,6681,0.3286256323280088,9750428,normal,True,False,False,False,False,False,0,9750428,0.32862563232800884,3523.4401524210657,2573.129515955607,2180.057536756335,683,437,4602,3860,3920,3424
ISIC_0014831,True,True,4420,6642,29357640,1.5027149321266968,4420,6642,0.3653287525836545,10725190,normal,True,False,False,False,False,False,0,10725190,0.36532875258365455,3695.3668333195446,3222.6324084701528,1950.4550028484343,935,518,5604,3487,4670,2970
ISIC_0014832,True,True,4440,6642,29490480,1.495945945945946,4440,6642,0.2667111895092925,7865441,normal,True,False,False,False,False,False,0,7865441,0.2667111895092925,3164.5837827400437,3164.985382383518,1937.3672535335272,1194,451,5085,3503,3892,3053
ISIC_0014833,True,True,4441,6641,29492681,1.4953839225399683,4441,6641,0.8617322040000365,25414793,normal,True,False,False,False,False,False,0,25414793,0.8617322040000365,5688.507666238871,3355.3271781517165,2188.4415995833606,105,19,6385,4422,6281,4404
ISIC_0014834,True,True,4421,6661,29448281,1.5066726984845058,4421,6661,0.1957998838709804,5765970,normal,True,False,False,False,False,False,0,5765970,0.19579988387098046,2709.5130591596353,3595.6074436738313,1923.2480018106235,2030,588,5099,3246,3070,2659
ISIC_0014835,True,True,4461,6681,29803941,1.4976462676529927,4461,6681,0.4299877321593141,12815329,normal,True,False,False,False,False,False,0,12815329,0.4299877321593141,4039.4286305851883,2755.3654374382427,2416.837613454949,627,432,4968,4315,4342,3884
ISIC_0014836,True,True,4401,6622,29143422,1.5046580322653942,4401,6622,0.2289883116677238,6673503,normal,True,False,False,False,False,False,0,6673503,0.22898831166772385,2914.955903870373,3177.88516226036,2205.660863267762,1429,871,4901,3529,3473,2659
ISIC_0014838,True,True,4420,6640,29348800,1.502262443438914,4420,6640,0.4557378495883988,13375359,normal,True,False,False,False,False,False,0,13375359,0.45573784958839886,4126.746418648638,3511.464912081986,2294.7630589952764,882,208,5861,4212,4980,4005
ISIC_0014839,True,True,4441,6622,29408302,1.491105606845305,4441,6622,0.1395181537512774,4102992,normal,True,False,False,False,False,False,0,4102992,0.13951815375127744,2285.6271931642777,3925.227676778312,1459.7465220502502,2794,139,5069,2775,2276,2637
ISIC_0014843,True,True,4421,6642,29364282,1.5023750282741462,4421,6642,0.2745166389561304,8060984,normal,True,False,False,False,False,False,0,8060984,0.27451663895613043,3203.6796965797676,2935.530107490599,2145.573781563144,1176,499,4798,3682,3623,3184
ISIC_0014844,True,True,4420,6620,29260400,1.497737556561086,4420,6620,0.138748615876748,4059840,normal,True,False,False,False,False,False,0,4059840,0.13874861587674808,2273.576221132162,3501.7053713939467,2013.6343498758572,2106,904,4793,3293,2688,2390
ISIC_0014845,True,True,4401,6622,29143422,1.5046580322653942,4401,6622,0.1492079070192923,4348429,normal,True,False,False,False,False,False,0,4348429,0.14920790701929237,2352.9963366467828,3170.0111946176426,2034.8056849956617,2018,826,4345,3231,2328,2406
ISIC_0014846,True,True,4440,6641,29486040,1.4957207207207208,4440,6641,0.5465470439570725,16115508,normal,True,False,False,False,False,False,0,16115508,0.5465470439570725,4529.779472457337,3341.816282055769,2269.757823830313,675,70,5862,4335,5188,4266
ISIC_0014848,True,True,4419,6628,29289132,1.4998868522290112,4419,6628,0.0902843075035477,2644349,normal,True,False,False,False,False,False,0,2644349,0.09028430750354773,1834.9086399275802,3441.119296658648,2238.498982925476,2434,1312,4453,3210,2020,1899
ISIC_0014849,True,True,4459,6648,29643432,1.4909172460192868,4459,6648,0.2115367748241836,6270676,normal,True,False,False,False,False,False,0,6270676,0.21153677482418365,2825.610138611077,3679.778757027153,1868.1791435245577,2078,279,5557,3379,3480,3101
ISIC_0014850,True,True,4459,6668,29732612,1.4954025566270464,4459,6668,0.155200222570422,4614508,normal,True,False,False,False,False,False,0,4614508,0.155200222570422,2423.917091217595,3694.1164319143018,2068.113494223003,2517,670,4891,3453,2375,2784
ISIC_0014851,True,True,4439,6648,29510472,1.4976346023879252,4439,6648,0.1723025982098829,5084731,normal,True,False,False,False,False,False,0,5084731,0.17230259820988292,2544.4214634255795,3885.7078016516507,2532.542044603736,2442,1284,5505,3814,3064,2531
ISIC_0014853,True,True,4439,6648,29510472,1.4976346023879252,4439,6648,0.0827475751658597,2441920,normal,True,False,False,False,False,False,0,2441920,0.08274757516585976,1763.2779443637605,2988.4344855687327,2100.691189310051,1886,1339,4155,2872,2270,1534
ISIC_0014854,True,True,4439,6708,29776812,1.5111511601712098,4439,6708,0.4650701693653437,13848307,normal,True,False,False,False,False,False,0,13848307,0.46507016936534373,4199.072766698949,3399.055901851396,2051.916045260984,944,152,5893,4054,4950,3903
ISIC_0014855,True,True,4419,6628,29289132,1.4998868522290112,4419,6628,0.2389444316752029,6998475,normal,True,False,False,False,False,False,0,6998475,0.23894443167520293,2985.0854464889976,2870.507454552599,2787.4010846648735,1140,1485,4763,4073,3624,2589
ISIC_0014857,True,True,4439,6628,29421692,1.4931290831268305,4439,6628,0.6217757632701749,18293695,normal,True,True,True,False,False,True,2,18293695,0.6217757632701749,4826.205123419842,3696.875568877693,2410.4274999118547,1088,0,6317,4438,5230,4439
ISIC_0014860,True,True,4439,6668,29599252,1.50214012164902,4439,6668,0.2306438014041706,6826884,normal,True,False,False,False,False,False,0,6826884,0.23064380140417062,2948.26367140386,3514.850276055665,2313.6123648797898,1964,788,5251,3771,3288,2984
ISIC_0014862,True,True,4439,6668,29599252,1.50214012164902,4439,6668,0.4082676481148916,12084417,normal,True,False,True,False,False,True,1,12084417,0.4082676481148916,3922.5447861649536,3639.823838750351,2624.0257259411023,495,769,6517,4438,6023,3670
ISIC_0014863,True,True,4419,6648,29377512,1.5044127630685675,4419,6648,0.1795062155025245,5273446,normal,True,False,False,False,False,False,0,5273446,0.17950621550252452,2591.2082093543668,3234.3335242268527,2460.374605523599,1845,1186,4579,3657,2735,2472
ISIC_0014867,True,True,4459,6668,29732612,1.4954025566270464,4459,6668,0.1409189344010543,4189888,normal,True,False,False,False,False,False,0,4189888,0.1409189344010543,2309.7036800445467,3086.894051105901,2154.6379153810317,1584,1128,4459,3174,2876,2047
ISIC_0014868,True,True,4439,6648,29510472,1.4976346023879252,4439,6648,0.5085999641076564,15009025,normal,True,False,True,False,False,True,1,15009025,0.5085999641076564,4371.5082246198135,3316.2775198255717,2403.652476959696,807,206,5732,4438,4926,4233
ISIC_0014869,True,True,4459,6648,29643432,1.4909172460192868,4459,6648,0.2847811953757581,8441892,normal,True,False,False,False,False,False,0,8441892,0.28478119537575813,3278.498242607949,3111.585347573743,2321.0336124887644,1507,523,4778,4110,3272,3588
ISIC_0014872,True,True,4459,6668,29732612,1.4954025566270464,4459,6668,0.6878454540085479,20451442,normal,True,False,False,False,False,False,0,20451442,0.6878454540085479,5102.899636604427,2397.835123264169,2316.972959315045,56,30,5382,4455,5327,4426
ISIC_0014876,True,True,4439,6668,29599252,1.50214012164902,4439,6668,0.4121801456334099,12200224,normal,True,False,False,False,False,False,0,12200224,0.41218014563340993,3941.295174359186,2872.4599676202665,2288.076964488521,639,228,4845,4163,4207,3936
ISIC_0014879,True,True,4439,6648,29510472,1.4976346023879252,4439,6648,0.0310084501528813,915074,small,True,False,False,False,False,False,0,915074,0.031008450152881322,1079.4018728717235,3001.874111820465,1891.4112181091366,2487,1296,3545,2501,1059,1206
ISIC_0014883,True,True,4439,6668,29599252,1.50214012164902,4439,6668,0.3392847224652839,10042574,normal,True,False,True,False,False,True,1,10042574,0.3392847224652839,3575.835894966264,3526.6993116505787,2748.2225277105254,1328,684,5706,4438,4379,3755
ISIC_0014890,True,True,4457,6715,29928755,1.5066188018846758,4457,6715,0.1161351015102365,3475779,normal,True,False,False,False,False,False,0,3475779,0.11613510151023657,2103.6870659772662,3386.443460875965,2288.30144925785,2309,1150,4459,3342,2151,2193
ISIC_0014891,True,True,4439,6668,29599252,1.50214012164902,4439,6668,0.5314508285547216,15730547,normal,True,False,False,False,False,False,0,15730547,0.5314508285547216,4475.349651224481,3426.8744693366352,2140.7652079740137,469,174,6147,4022,5679,3849
ISIC_0014897,True,True,4459,6668,29732612,1.4954025566270464,4459,6668,0.2178842545014208,6478268,normal,True,False,False,False,False,False,0,6478268,0.21788425450142088,2872.0005221086526,4206.101835861066,2336.4909279764283,2814,802,5626,3901,2813,3100
ISIC_0014898,True,True,4439,6648,29510472,1.4976346023879252,4439,6648,0.4277007158679129,12621650,normal,True,False,False,False,False,False,0,12621650,0.4277007158679129,4008.788333125929,3518.413312126386,2090.2207815935317,1091,347,5815,3952,4725,3606
ISIC_0014901,True,True,4497,6695,30107415,1.488770291305315,4497,6695,0.188412754798112,5672621,normal,True,False,False,False,False,False,0,5672621,0.18841275479811204,2687.490535703358,2787.5084358711783,2155.926365255144,1226,638,4418,3543,3193,2906
ISIC_0014903,True,True,4477,6694,29969038,1.4951976770158588,4477,6694,0.1944974009509414,5828900,normal,True,False,False,False,False,False,0,5828900,0.19449740095094142,2724.258795031557,4058.7561829847828,2168.918384943986,1988,1190,6223,3182,4236,1993
ISIC_0014904,True,True,4439,6668,29599252,1.50214012164902,4439,6668,0.1856623606569517,5495467,normal,True,False,False,False,False,False,0,5495467,0.18566236065695174,2645.192979951956,3402.843117427509,2271.089953592661,1928,1006,4896,3641,2969,2636
ISIC_0014907,True,True,4459,6688,29821792,1.499887867234806,4459,6688,0.1476711392796247,4403818,normal,True,False,False,False,False,False,0,4403818,0.14767113927962477,2367.9348017664074,3178.8425048446597,2207.8336223249917,1785,1143,4506,3257,2722,2115
ISIC_0014908,True,True,4439,6688,29688032,1.506645640910115,4439,6688,0.1466034528661246,4352368,normal,True,False,False,False,False,False,0,4352368,0.14660345286612464,2354.061819672519,3415.039021516563,2028.9103733875445,2143,900,4781,3027,2639,2128
ISIC_0014910,True,True,4459,6688,29821792,1.499887867234806,4459,6688,0.5008617859047505,14936596,normal,True,True,False,False,False,True,1,14936596,0.5008617859047505,4360.947682664062,3508.075780920901,2125.0093358620666,1233,0,6237,4264,5005,4265
ISIC_0014911,True,True,4439,6708,29776812,1.5111511601712098,4439,6708,0.4746763018149827,14134347,normal,True,False,False,False,False,False,0,14134347,0.47467630181498277,4242.217526177649,3639.024633398345,2316.820427855634,1403,199,5773,4414,4371,4216
ISIC_0014912,True,True,4439,6708,29776812,1.5111511601712098,4439,6708,0.4024168201753767,11982690,normal,True,False,False,True,True,True,2,11982690,0.4024168201753767,3905.9998413085714,3241.3071678396086,2279.941102456961,0,506,6707,4363,6708,3858
ISIC_0014913,True,True,4439,6708,29776812,1.5111511601712098,4439,6708,0.3811791873488673,11350301,normal,True,False,False,False,False,False,0,11350301,0.3811791873488673,3801.5328589724254,3272.6082202577713,2420.833805376615,734,798,5764,4057,5031,3260
ISIC_0014915,True,True,4459,6708,29910972,1.5043731778425655,4459,6708,0.461606831098635,13807109,normal,True,False,False,False,False,False,0,13807109,0.461606831098635,4192.822101791199,3395.5363222670294,2399.1500374191296,1049,244,5869,4215,4821,3972
ISIC_0014919,True,True,4459,6708,29910972,1.5043731778425655,4459,6708,0.1754147274117337,5246825,normal,True,False,False,False,False,False,0,5246825,0.17541472741173372,2584.6595664236074,2818.097587779276,2287.1714798949843,1468,941,4192,3657,2725,2717
ISIC_0014920,True,True,4439,6668,29599252,1.50214012164902,4439,6668,0.1316115015338901,3895602,normal,True,False,False,False,False,False,0,3895602,0.13161150153389012,2227.113494402427,2996.369571634885,2069.4919955888718,1615,1110,4427,2913,2813,1804
ISIC_0014921,True,True,4439,6708,29776812,1.5111511601712098,4439,6708,0.2422000044867127,7211944,normal,True,False,False,False,False,False,0,7211944,0.2422000044867127,3030.269343674831,3327.928642679422,2430.0458036002497,1570,962,5037,3943,3468,2982
ISIC_0014922,True,True,4439,6668,29599252,1.50214012164902,4439,6668,0.3897449503115822,11536159,normal,True,True,False,False,False,True,1,11536159,0.3897449503115822,3832.5309957197283,3741.299076668413,1725.9318416120998,1459,0,6199,3329,4741,3330
ISIC_0014923,True,True,4499,6748,30359252,1.4998888641920427,4499,6748,0.0823416861522148,2499832,normal,True,False,False,False,False,False,0,2499832,0.08234168615221482,1784.0641685753321,3511.338758764589,2412.2716426543866,2531,1582,4481,3303,1951,1722
ISIC_0014925,True,True,4439,6708,29776812,1.5111511601712098,4439,6708,0.1066355928230329,3175268,normal,True,False,False,False,False,False,0,3175268,0.10663559282303291,2010.6906233262566,3551.752417118807,2480.3553155198238,2568,1422,4611,3398,2044,1977
ISIC_0014926,True,True,4439,6708,29776812,1.5111511601712098,4439,6708,0.1748553874739848,5206636,normal,True,False,False,False,False,False,0,5206636,0.1748553874739848,2574.741705538967,3320.9060372186573,2385.565073494671,1992,1006,4664,3814,2673,2809
ISIC_0014927,True,True,4439,6668,29599252,1.50214012164902,4439,6668,0.542547088689944,16058988,normal,True,False,False,False,False,False,0,16058988,0.542547088689944,4521.829117738467,3153.047684138004,2324.130672679997,298,81,5925,4396,5628,4316
ISIC_0014928,True,True,4439,6688,29688032,1.506645640910115,4439,6688,0.0949031582827719,2817488,normal,True,False,False,False,False,False,0,2817488,0.09490315828277199,1894.026699499451,3956.7998223949844,2441.3652196566586,3030,1388,4829,3603,1800,2216
ISIC_0014929,True,True,4439,6708,29776812,1.5111511601712098,4439,6708,0.0545722960537212,1624989,normal,True,False,False,False,False,False,0,1624989,0.05457229605372126,1438.4019794757123,3161.3163978340776,2343.392523887854,2464,1596,3878,3051,1415,1456
ISIC_0014930,True,True,4459,6728,30000152,1.508858488450325,4459,6728,0.156515440321769,4695487,normal,True,False,False,False,False,False,0,4695487,0.15651544032176903,2445.0929900905353,3135.5754431861915,2273.3774304986896,1682,1255,4625,3379,2944,2125
ISIC_0014931,True,True,4439,6688,29688032,1.506645640910115,4439,6688,0.2659981301556128,7896961,normal,True,False,False,False,False,False,0,7896961,0.26599813015561286,3170.9183257270024,2742.847416493509,2488.2472023098508,627,972,4806,3884,4180,2913
ISIC_0014932,True,True,4439,6688,29688032,1.506645640910115,4439,6688,0.5882136950000593,17462907,normal,True,True,True,False,True,True,3,17462907,0.5882136950000593,4715.343440135881,4274.991790255769,2366.652954173094,1732,0,6687,4438,4956,4439
ISIC_0014933,True,True,4399,6688,29420512,1.520345533075699,4399,6688,0.0643239315481661,1892443,normal,True,False,False,False,False,False,0,1892443,0.06432393154816612,1552.2671367252628,3942.1354423884895,1865.4790051800767,3188,1032,4650,2715,1463,1684
ISIC_0014936,True,True,4439,6668,29599252,1.50214012164902,4439,6668,0.2061286210881275,6101253,normal,True,False,False,False,False,False,0,6101253,0.2061286210881275,2787.1771727025257,2772.6211561789028,2331.1141637627547,1117,650,4284,3824,3168,3175
ISIC_0014937,True,True,4439,6688,29688032,1.506645640910115,4439,6688,0.7515129665718495,22310941,normal,True,True,True,False,False,True,2,22310941,0.7515129665718495,5329.837930130059,3483.5020699933725,2170.833619209517,575,0,6426,4438,5852,4439
ISIC_0014938,True,True,4439,6688,29688032,1.506645640910115,4439,6688,0.1902444392407014,5647983,normal,True,False,False,False,False,False,0,5647983,0.19024443924070145,2681.6478709166754,3405.3426830427784,2217.45714744538,1578,814,5072,3604,3495,2791
ISIC_0014940,True,True,4439,6708,29776812,1.5111511601712098,4439,6708,0.2508063992881441,7468215,normal,True,False,False,False,False,False,0,7468215,0.2508063992881441,3083.6385434392782,3426.6449604088793,2275.1680888940664,1722,668,5141,3972,3420,3305
ISIC_0014941,True,True,4419,6708,29642652,1.517990495587237,4419,6708,0.3023791865855997,8963321,normal,True,False,False,False,False,False,0,8963321,0.3023791865855997,3378.232488943756,3130.9193521017487,2483.4007036008193,1292,769,4960,4279,3669,3511
ISIC_0014942,True,True,4419,6668,29465892,1.508938673908124,4419,6668,0.0995434993109999,2933138,normal,True,False,False,False,False,False,0,2933138,0.09954349931099998,1932.5080314879433,2660.40914849557,2086.1749948348834,1430,1192,3918,3007,2489,1816
ISIC_0014943,True,True,4439,6668,29599252,1.50214012164902,4439,6668,0.1566443638508162,4636556,normal,True,False,False,False,False,False,0,4636556,0.15664436385081623,2429.7008973491133,3122.211732156368,1830.186975634501,1585,764,4888,2851,3304,2088
ISIC_0014944,True,True,4439,6688,29688032,1.506645640910115,4439,6688,0.1243772911589424,3692517,normal,True,False,False,False,False,False,0,3692517,0.12437729115894243,2168.2847285370176,3765.522479652768,2127.13772448441,2521,1039,5018,3189,2498,2151
ISIC_0014945,True,True,4439,6688,29688032,1.506645640910115,4439,6688,0.0522440827334058,1551024,normal,True,False,False,False,False,False,0,1551024,0.05224408273340584,1405.284701273486,3023.036555849555,2511.648309761809,2195,1873,3918,3086,1724,1214
ISIC_0014946,True,True,4439,6688,29688032,1.506645640910115,4439,6688,0.310677346346164,9223399,normal,True,False,False,False,False,False,0,9223399,0.310677346346164,3426.893103624733,3262.9141822878964,2232.7274359485045,1620,451,4963,4126,3344,3676
ISIC_0014947,True,True,4439,6688,29688032,1.506645640910115,4439,6688,0.2329669747054975,6916331,normal,True,False,False,False,False,False,0,6916331,0.2329669747054975,2967.5151446416735,3664.959491094339,2379.419343868881,2183,898,5169,3849,2987,2952
ISIC_0014948,True,True,4439,6688,29688032,1.506645640910115,4439,6688,0.729937167947003,21670398,normal,True,True,True,True,False,True,3,21670398,0.729937167947003,5252.771428850658,3055.9437980788352,2367.1488675934793,0,0,6490,4438,6491,4439
ISIC_0014949,True,True,4459,6708,29910972,1.5043731778425655,4459,6708,0.3567365513899047,10670337,normal,True,False,False,False,False,False,0,10670337,0.3567365513899047,3685.904912508021,3100.1609102880257,2262.0613369568364,1082,293,5218,4020,4137,3728
ISIC_0014951,True,True,4439,6687,29683593,1.5064203649470602,4439,6687,0.5843582682190798,17345853,normal,True,False,True,False,False,True,1,17345853,0.5843582682190798,4699.513376591565,3294.130217176405,2601.7466378274967,627,105,6112,4438,5486,4334
ISIC_0014952,True,True,4419,6688,29554272,1.5134645847476804,4419,6688,0.3417539433893009,10100289,normal,True,False,False,False,False,False,0,10100289,0.3417539433893009,3586.096396927106,2943.658930155365,2200.0765591954846,976,586,5080,3898,4105,3313
ISIC_0014955,True,True,4439,6688,29688032,1.506645640910115,4439,6688,0.1219057901850819,3619143,normal,True,False,False,False,False,False,0,3619143,0.12190579018508199,2146.6336402962315,3521.279690247111,2615.85228961663,2418,1396,4520,3890,2103,2495
ISIC_0014956,True,True,4439,6688,29688032,1.506645640910115,4439,6688,0.3453418872628539,10252521,normal,True,False,False,False,False,False,0,10252521,0.3453418872628539,3613.0202283446592,3397.908656027137,1937.9244995450388,1480,268,5328,3676,3849,3409
ISIC_0014957,True,True,4439,6668,29599252,1.50214012164902,4439,6668,0.3496028548288991,10347983,normal,True,False,True,False,False,True,1,10347983,0.3496028548288991,3629.801807791605,3241.364544665371,2646.438124221889,1137,640,5147,4438,4011,3799
ISIC_0014958,True,True,4459,6688,29821792,1.499887867234806,4459,6688,0.3548811888970321,10583193,normal,True,False,False,False,False,False,0,10583193,0.3548811888970321,3670.8227738702344,3569.0053022750317,2100.9211441197376,1008,534,6392,3534,5385,3001
ISIC_0014961,True,True,4459,6688,29821792,1.499887867234806,4459,6688,0.5714261570867372,17040952,normal,True,False,True,False,False,True,1,17040952,0.5714261570867372,4658.0268318606495,3636.4248099519323,2646.9013085067077,1024,136,6413,4458,5390,4323
ISIC_0014962,True,True,4439,6688,29688032,1.506645640910115,4439,6688,0.4691841816931483,13929155,normal,True,False,False,False,False,False,0,13929155,0.4691841816931483,4211.312262317473,3823.577002337902,2095.99447511353,1560,92,6288,4004,4729,3913
ISIC_0014963,True,True,4459,6688,29821792,1.499887867234806,4459,6688,0.7375760316482658,21995839,normal,True,False,False,True,True,True,2,21995839,0.7375760316482658,5292.066896254047,3468.9809592623405,2109.5735141087366,0,11,6687,4233,6688,4223
ISIC_0014964,True,True,4439,6708,29776812,1.5111511601712098,4439,6708,0.4086362233807971,12167884,normal,True,False,False,False,False,False,0,12167884,0.40863622338079714,3936.0679725520836,3804.8650059451584,2021.7951421956357,1275,277,6335,3659,5061,3383
ISIC_0014966,True,True,4459,6688,29821792,1.499887867234806,4459,6688,0.3690179315850637,11004776,normal,True,True,False,False,False,True,1,11004776,0.3690179315850637,3743.2226735999084,3812.206800574587,1953.167831221644,1446,0,6151,3674,4706,3675
ISIC_0014968,True,True,4439,6688,29688032,1.506645640910115,4439,6688,0.4311765091064305,12800782,normal,True,False,False,False,True,True,1,12800782,0.4311765091064305,4037.135351450836,3569.686923189536,2199.6372097423423,1169,251,6687,3953,5519,3703
ISIC_0014969,True,True,4459,6688,29821792,1.499887867234806,4459,6688,0.3081457009692778,9189457,normal,True,False,False,False,False,False,0,9189457,0.3081457009692778,3420.5818287308016,3605.445502601514,2001.9304511681157,1640,510,5696,3518,4057,3009
ISIC_0014973,True,True,4441,6661,29581501,1.4998874127448774,4441,6661,0.6757177737532656,19988746,normal,True,False,False,False,False,False,0,19988746,0.6757177737532656,5044.845077588291,3052.386420889034,2159.2660589613774,272,12,5670,4436,5399,4425
ISIC_0014974,True,True,4459,6668,29732612,1.4954025566270464,4459,6668,0.1553645202782722,4619393,normal,True,False,False,False,False,False,0,4619393,0.15536452027827222,2425.1997526539535,3159.356878706791,2596.294168303065,1872,1328,4553,3948,2682,2621
ISIC_0014975,True,True,4459,6688,29821792,1.499887867234806,4459,6688,0.3727168709378698,11115085,normal,True,False,False,False,False,False,0,11115085,0.37271687093786987,3761.9364382047493,3180.688549300343,2168.9948550101058,1118,173,5173,4332,4056,4160
ISIC_0014979,True,True,4420,6642,29357640,1.5027149321266968,4420,6642,0.5309858694363716,15588492,normal,True,False,False,False,False,False,0,15588492,0.5309858694363716,4455.096458797242,4548.793463408776,1804.6193663890003,2074,6,6632,4273,4559,4268
ISIC_0014982,True,True,4420,6641,29353220,1.5024886877828054,4420,6641,0.381183018421829,11188949,normal,True,False,False,False,False,False,0,11188949,0.381183018421829,3774.4154952555177,3299.8768832532887,2820.4674963662806,1336,1083,5513,4417,4178,3335
ISIC_0014983,True,True,4420,6621,29264820,1.4979638009049774,4420,6621,0.3585008552931472,10491463,normal,True,False,False,False,False,False,0,10491463,0.3585008552931472,3654.8796934681454,3243.123249636395,2620.7320895093467,1190,760,5327,4350,4138,3591
ISIC_0014985,True,True,4440,6662,29579280,1.5004504504504506,4440,6662,0.5772181743436622,17073698,normal,True,False,False,True,False,True,1,17073698,0.5772181743436622,4662.500130666557,2883.432697415639,2208.2219592966912,0,382,5828,4300,5829,3919
ISIC_0014987,True,True,4420,6621,29264820,1.4979638009049774,4420,6621,0.1749892874789593,5121030,normal,True,False,False,False,False,False,0,5121030,0.17498928747895937,2553.4874007472818,3766.047593355243,2322.8205087648385,2173,829,5017,3832,2845,3004
ISIC_0014989,True,True,4420,6640,29348800,1.502262443438914,4420,6640,0.2472495979392683,7256479,normal,True,False,False,False,False,False,0,7256479,0.24724959793926837,3039.611162359467,3167.2286869430754,2459.5265538562157,1712,622,4720,4109,3009,3488
ISIC_0014992,True,True,4440,6641,29486040,1.4957207207207208,4440,6641,0.2860782594068244,8435315,normal,True,False,False,False,False,False,0,8435315,0.2860782594068244,3277.220869928923,3694.1850478612832,2300.743098627615,1835,657,5589,3875,3755,3219
ISIC_0014994,True,True,4439,6648,29510472,1.4976346023879252,4439,6648,0.0828976913686775,2446350,normal,True,False,False,False,False,False,0,2446350,0.08289769136867753,1764.876641655973,3640.8152386208026,1615.1403952827682,2572,753,4750,2445,2179,1693
ISIC_0014998,True,True,4399,6628,29156572,1.506706069561264,4399,6628,0.4410712960357617,12860127,normal,True,False,False,False,False,False,0,12860127,0.4410712960357617,4046.482700657001,3658.9239694133657,1916.3154258118914,1382,69,5861,3730,4480,3662
ISIC_0015002,True,True,4439,6648,29510472,1.4976346023879252,4439,6648,0.4859096459046809,14339423,normal,True,True,True,False,False,True,2,14339423,0.4859096459046809,4272.8819796812695,3287.6021397095265,2183.5121660753016,1147,0,5551,4438,4405,4439
ISIC_0015003,True,True,4439,6648,29510472,1.4976346023879252,4439,6648,0.4095008375331984,12084563,normal,True,False,False,False,False,False,0,12084563,0.4095008375331984,3922.568481549225,3704.049715244151,2569.8456811388214,804,813,6025,4430,5222,3618
ISIC_0015005,True,True,4439,6647,29506033,1.4974093264248705,4439,6647,0.1740147514916695,5134485,normal,True,False,False,False,False,False,0,5134485,0.1740147514916695,2556.8397180600746,2337.8421078258093,2072.076752390941,802,668,3809,3811,3008,3144
ISIC_0015007,True,True,4399,6608,29068592,1.5021595817231188,4399,6608,0.2293386965560629,6666553,normal,True,False,False,False,False,False,0,6666553,0.22933869655606298,2913.437644205352,2779.285200162663,2082.015899221082,805,786,4652,3543,3848,2758
ISIC_0015008,True,True,4479,6648,29776392,1.4842598794373745,4479,6648,0.9150768165599108,27247686,normal,True,True,True,True,True,True,4,27247686,0.9150768165599109,5890.062080973907,3220.625636833895,2189.94504726016,0,0,6647,4478,6648,4479
ISIC_0015009,True,True,4439,6668,29599252,1.50214012164902,4439,6668,0.7970189584520582,23591165,normal,True,True,False,True,True,True,3,23591165,0.7970189584520582,5480.6207845801655,3172.5251343458453,1865.7320281554557,0,0,6667,4020,6668,4021
ISIC_0015011,True,True,4459,6648,29643432,1.4909172460192868,4459,6648,0.7844947575570872,23255117,normal,True,True,True,False,True,True,3,23255117,0.7844947575570872,5441.4460010040475,4004.060933127105,2267.162191830727,658,0,6647,4458,5990,4459
ISIC_0015013,True,True,4439,6648,29510472,1.4976346023879252,4439,6648,0.524590050609831,15480900,normal,True,True,True,False,False,True,2,15480900,0.524590050609831,4439.695267480706,3613.0959386728164,1919.2993073400125,999,0,6216,4438,5218,4439
ISIC_0015015,True,True,4419,6607,29196333,1.4951346458474768,4419,6607,0.4696358272115885,13711644,normal,True,False,False,False,False,False,0,13711644,0.46963582721158853,4178.301971391085,3760.62480159199,1915.7434814526982,1712,10,6056,4064,4345,4055
ISIC_0015016,True,True,4439,6668,29599252,1.50214012164902,4439,6668,0.514223535108252,15220632,normal,True,True,False,False,False,True,1,15220632,0.514223535108252,4402.216550586926,3282.2535595762383,1940.2779554094732,631,0,6249,4123,5619,4124
ISIC_0015018,True,True,4439,6668,29599252,1.50214012164902,4439,6668,0.1718105917000875,5085465,normal,True,False,False,False,False,False,0,5085465,0.17181059170008756,2544.605105191492,3401.219154983861,2430.988404796808,2046,1108,4670,3716,2625,2609
ISIC_0015019,True,True,4439,6648,29510472,1.4976346023879252,4439,6648,0.4787675032781583,14128655,normal,True,True,False,False,False,True,1,14128655,0.47876750327815837,4241.3632548887135,3279.067279015589,1798.6351168600268,960,0,5734,4043,4775,4044
ISIC_0015020,True,True,4459,6648,29643432,1.4909172460192868,4459,6648,0.6747383703749282,20001561,normal,True,False,False,False,False,False,0,20001561,0.6747383703749282,5046.461970691208,3442.255602600217,2334.101291044234,764,22,5974,4438,5211,4417
ISIC_0015021,True,True,4419,6628,29289132,1.4998868522290112,4419,6628,0.2021648849136259,5921234,normal,True,False,False,False,False,False,0,5921234,0.20216488491362597,2745.751132646651,3761.474001365256,2440.7952251169268,2173,1053,5260,3928,3088,2876
ISIC_0015023,True,True,4459,6668,29732612,1.4954025566270464,4459,6668,0.2050296489255636,6096067,normal,True,False,False,False,False,False,0,6096067,0.2050296489255636,2785.9923854445565,3405.355389466684,2209.8406008332913,1842,950,4944,3426,3103,2477
ISIC_0015026,True,True,4439,6668,29599252,1.50214012164902,4439,6668,0.0400690193117042,1186013,small,True,False,False,False,False,False,0,1186013,0.04006901931170423,1228.8525754418163,3129.723561208857,2009.1029120254163,2508,1346,3776,2645,1269,1300
ISIC_0015030,True,True,4382,6602,28929964,1.5066179826563213,4382,6602,0.1998636085409577,5782047,normal,True,False,False,False,False,False,0,5782047,0.19986360854095775,2713.2878376459275,3135.8190180743945,2101.645978664649,1269,946,4947,3237,3679,2292
ISIC_0015031,True,True,4361,6602,28791322,1.5138729649163036,4361,6602,0.3823214508871805,11007540,normal,True,False,False,False,False,False,0,11007540,0.3823214508871805,3743.6927248712723,3586.0693363821524,1321.2135813269813,1361,3,5987,3048,4627,3046
ISIC_0015032,True,True,4402,6622,29150044,1.5043162199000455,4402,6622,0.2297820888366412,6698158,normal,True,False,False,False,False,False,0,6698158,0.2297820888366412,2920.33553594175,4448.59066373173,2615.4580893732277,2691,1273,6104,3851,3414,2579
ISIC_0015034,True,True,4382,6581,28837942,1.5018256503879508,4382,6581,0.1491519055000526,4301234,normal,True,False,False,False,False,False,0,4301234,0.14915190550005267,2340.1925604444186,3714.749930136328,2243.3351177824784,2285,1158,5174,3349,2890,2192
ISIC_0015035,True,True,4380,6601,28912380,1.5070776255707763,4380,6601,0.0304760452096991,881135,small,True,False,False,False,False,False,0,881135,0.0304760452096991,1059.1958866282562,3157.222213395223,2291.1997809643244,2569,1731,3792,2794,1224,1064
ISIC_0015037,True,True,4400,6602,29048800,1.5004545454545457,4400,6602,0.5774028875547355,16772861,normal,True,True,True,False,False,True,2,16772861,0.5774028875547355,4621.2411648329025,3273.7327872686715,2063.008531520055,530,0,5962,4399,5433,4400
ISIC_0015040,True,True,4420,6621,29264820,1.4979638009049774,4420,6621,0.0748996576777168,2191925,normal,True,False,False,False,False,False,0,2191925,0.0748996576777168,1670.582410147318,3282.7653637784138,2250.226301538602,2262,1546,4182,3042,1921,1497
ISIC_0015041,True,True,4402,6621,29145642,1.504089050431622,4402,6621,0.1508320180423543,4396096,normal,True,False,False,False,False,False,0,4396096,0.15083201804235433,2365.857829551909,2888.1544668269303,2358.479607815662,1298,1300,4372,3516,3075,2217
ISIC_0015043,True,True,4401,6621,29139021,1.5044308111792777,4401,6621,0.335283639076275,9769837,normal,True,False,False,False,False,False,0,9769837,0.33528363907627506,3526.94525248362,3331.4320220490886,2082.0419243432616,1552,310,5069,3988,3518,3679
ISIC_0015044,True,True,4422,6621,29278062,1.4972862957937585,4422,6621,0.2411609415951096,7060725,normal,True,False,False,False,False,False,0,7060725,0.24116094159510967,2998.3319169998813,2466.4648344185616,2336.2623144223858,932,553,3982,3869,3051,3317
ISIC_0015046,True,True,4422,6641,29366502,1.5018091361374943,4422,6641,0.3041729655101585,8932496,normal,True,False,False,False,False,False,0,8932496,0.3041729655101585,3372.418589141725,3296.9994082281146,2337.9837034351876,1072,470,5533,4130,4462,3661
ISIC_0015050,True,True,4382,6601,28925582,1.5063897763578276,4382,6601,0.6455923687205326,18674135,normal,True,True,True,True,False,True,3,18674135,0.6455923687205326,4876.1303454402205,3025.239280802029,2218.651606674151,0,0,6165,4381,6166,4382
ISIC_0015051,True,True,4380,6601,28912380,1.5070776255707763,4380,6601,0.2357359027516932,6815686,normal,True,False,False,False,False,False,0,6815686,0.23573590275169323,2945.8446903558615,2766.048289049701,1911.945261269372,1153,333,4825,3649,3673,3317
ISIC_0015056,True,True,4401,6601,29051001,1.4998863894569416,4401,6601,0.5225079507587364,15179379,normal,True,False,False,False,False,False,0,15179379,0.5225079507587364,4396.246763697699,3002.3030350582853,2009.5773026683107,257,155,5942,3971,5686,3817
ISIC_0015057,True,True,4420,6681,29530020,1.5115384615384615,4420,6681,0.3355968265514212,9910181,normal,True,False,False,False,False,False,0,9910181,0.33559682655142126,3552.1872620517997,2993.74399438315,1867.853655346961,1156,114,5012,3506,3857,3393
ISIC_0015060,True,True,4380,6602,28916760,1.5073059360730594,4380,6602,0.3154738290181887,9122481,normal,True,False,False,False,False,False,0,9122481,0.31547382901818877,3408.0938301776805,3034.835316510936,2039.9794724702633,1437,198,4709,4014,3273,3817
ISIC_0015062,True,True,4380,6602,28916760,1.5073059360730594,4380,6602,0.9581580716511808,27706827,normal,True,True,True,True,True,True,4,27706827,0.9581580716511808,5939.480431446501,3179.199689809302,2179.10298667545,0,0,6601,4379,6602,4380
ISIC_0015064,True,True,4380,6601,28912380,1.5070776255707763,4380,6601,0.6248890613640247,18067030,normal,True,True,True,True,False,True,3,18067030,0.6248890613640247,4796.212782176843,3025.3710795853,2095.807098455031,0,0,5834,4379,5835,4380
ISIC_0015071,True,True,4422,6681,29543382,1.510854816824966,4422,6681,0.2757370500100496,8146205,normal,True,False,False,False,False,False,0,8146205,0.2757370500100496,3220.5698789995704,3719.6084881242246,2278.6989891612106,1764,859,5812,3803,4049,2945
ISIC_0015078,True,True,4441,6622,29408302,1.491105606845305,4441,6622,0.5137612841435047,15108847,normal,True,False,False,False,False,False,0,15108847,0.5137612841435047,4386.02114401575,3550.537671008251,2351.91843017538,1367,33,5600,4424,4234,4392
ISIC_0015079,True,True,4401,6621,29139021,1.5044308111792777,4401,6621,0.1707762247743326,4976252,normal,True,False,False,False,False,False,0,4976252,0.17077622477433269,2517.1334551365057,2969.9878788292876,1759.6020916947132,1656,516,4448,2956,2793,2441
ISIC_0015082,True,True,4439,6708,29776812,1.5111511601712098,4439,6708,0.4695381090494174,13981348,normal,True,False,True,False,False,True,1,13981348,0.4695381090494174,4219.194847634307,3016.233184668603,2577.928036552699,263,867,5345,4438,5083,3572
ISIC_0015089,True,True,4459,6708,29910972,1.5043731778425655,4459,6708,0.5701038067234994,17052359,normal,True,False,False,False,False,False,0,17052359,0.5701038067234994,4659.585583484925,3202.9509047399247,2623.9658164597636,602,278,5858,4438,5257,4161
ISIC_0015102,True,True,4441,6681,29670321,1.5043909029497862,4441,6681,0.6515174540915819,19330732,normal,True,False,True,False,False,True,1,19330732,0.6515174540915819,4961.114029235515,3449.0425641926026,2245.84609703347,393,31,6391,4440,5999,4410
ISIC_0015108,True,True,4420,6642,29357640,1.5027149321266968,4420,6642,0.3760929012005052,11041200,normal,True,False,False,False,False,False,0,11041200,0.3760929012005052,3749.412282122343,4209.756968807738,2230.0853250552477,2024,277,6382,4385,4359,4109
ISIC_0015109,True,True,4441,6661,29581501,1.4998874127448774,4441,6661,0.3449916892317263,10205372,normal,True,False,False,False,False,False,0,10205372,0.3449916892317263,3604.702928000167,3289.8994961673125,2508.157431889793,989,972,5464,4094,4476,3123
ISIC_0015110,True,True,4401,6681,29403081,1.518064076346285,4401,6681,0.2593893476673414,7626846,normal,True,False,False,False,False,False,0,7626846,0.2593893476673414,3116.2159631202067,3274.023619330979,2155.2666168951096,940,619,5532,3403,4593,2785
ISIC_0015113,True,True,4441,6682,29674762,1.5046160774600317,4441,6682,0.2085128770367223,6187570,normal,True,False,False,False,False,False,0,6187570,0.2085128770367223,2806.8236157295228,2807.8369644303016,2671.934074442794,1410,1215,4176,4198,2767,2984
ISIC_0015115,True,True,4422,6681,29543382,1.510854816824966,4422,6681,0.4032693345670445,11913940,normal,True,False,False,False,False,False,0,11913940,0.4032693345670445,3894.778497116626,3275.514908753947,2024.0584023421304,796,255,5465,3981,4670,3727
ISIC_0015118,True,True,4422,6680,29538960,1.5106286748077793,4422,6680,0.6508910604841877,19226645,normal,True,False,False,False,False,False,0,19226645,0.6508910604841877,4947.739355158535,2932.0546716288777,2193.640010048555,457,3,5296,4414,4840,4412
ISIC_0015124,True,True,4421,6682,29541122,1.511422755032798,4421,6682,0.4078396209866368,12048040,normal,True,False,False,False,False,False,0,12048040,0.40783962098663684,3916.6364350742374,3183.1583479968526,2408.089364743145,888,553,5637,4213,4750,3661
ISIC_0015125,True,True,4422,6662,29459364,1.506558118498417,4422,6662,0.1991033139751421,5865457,normal,True,False,False,False,False,False,0,5865457,0.19910331397514217,2732.7882831173865,3326.297817544311,2601.045140216696,1796,1365,4886,3783,3091,2419
ISIC_0015127,True,True,4401,6682,29407482,1.5182912974324017,4401,6682,0.2423384293833793,7126563,normal,True,False,False,False,False,False,0,7126563,0.24233842938337938,3012.278511301114,3061.0655133477385,2150.648438104034,1334,617,5004,3817,3671,3201
ISIC_0015129,True,True,4422,6662,29459364,1.506558118498417,4422,6662,0.1835151295187499,5406239,normal,True,False,False,False,False,False,0,5406239,0.18351512951874996,2623.630553848899,3098.974903070323,2080.3355404746258,1728,814,4597,3480,2870,2667
ISIC_0015130,True,True,4401,6661,29315061,1.513519654623949,4401,6661,0.3234062177117762,9480673,normal,True,False,False,False,False,False,0,9480673,0.3234062177117762,3474.358613370668,3054.5743445639355,2155.84938031298,1141,516,5102,3772,3962,3257
ISIC_0015132,True,True,4422,6681,29543382,1.510854816824966,4422,6681,0.4950346239980243,14624997,normal,True,False,False,False,False,False,0,14624997,0.49503462399802434,4315.220101226949,3504.935003473847,2510.4628273769904,914,244,6085,4361,5172,4118
ISIC_0015133,True,True,4420,6621,29264820,1.4979638009049774,4420,6621,0.2667824712402126,7807341,normal,True,False,False,False,False,False,0,7807341,0.26678247124021265,3152.874133299991,4287.474155157306,2028.9973943753705,2710,250,5934,3506,3225,3257
ISIC_0015136,True,True,4422,6681,29543382,1.510854816824966,4422,6681,0.284920561904524,8417517,normal,True,False,False,False,False,False,0,8417517,0.284920561904524,3273.761676249585,3115.704604101186,2423.224751075644,1160,709,5123,4065,3964,3357
ISIC_0015139,True,True,4422,6662,29459364,1.506558118498417,4422,6662,0.1135195247256526,3344213,normal,True,False,False,False,False,False,0,3344213,0.1135195247256526,2063.488366242323,2978.5352547819175,1987.481788988919,1817,946,4154,2964,2338,2019
ISIC_0015140,True,True,4382,6662,29192884,1.5203103605659516,4382,6662,0.6604071389452306,19279189,normal,True,True,False,False,False,True,1,19279189,0.6604071389452306,4954.495516722481,3086.382158917577,2069.1687008203508,28,0,6250,4271,6223,4272
ISIC_0015142,True,True,4401,6682,29407482,1.5182912974324017,4401,6682,0.5140133725151986,15115839,normal,True,False,False,False,False,False,0,15115839,0.5140133725151986,4387.035897579369,3356.915870961579,2062.386102021859,1052,8,5580,4085,4529,4078
ISIC_0015144,True,True,4420,6641,29353220,1.5024886877828054,4420,6641,0.0998256750026061,2930205,normal,True,False,False,False,False,False,0,2930205,0.09982567500260618,1931.5415812714718,3543.282697626958,1413.3795109898454,2698,311,4461,2520,1764,2210
ISIC_0015146,True,True,4422,6662,29459364,1.506558118498417,4422,6662,0.2503360561348167,7374741,normal,True,False,False,False,False,False,0,7374741,0.25033605613481674,3064.279992654023,3095.8157261387214,2447.3226998751547,1585,762,4611,4164,3027,3403
ISIC_0015149,True,True,4382,6601,28925582,1.5063897763578276,4382,6601,0.3893888461777536,11263299,normal,True,True,False,False,False,True,1,11263299,0.38938884617775366,3786.935131603922,3272.812449620666,1937.6439563577244,1196,0,5697,4066,4502,4067
ISIC_0015150,True,True,4380,6622,29004360,1.5118721461187214,4380,6622,0.3349163711938481,9714035,normal,True,True,False,False,False,True,1,9714035,0.3349163711938481,3516.8584704166637,3194.8962207774625,1897.2450442066556,1279,0,5251,3856,3973,3857
ISIC_0015152,True,True,4401,6601,29051001,1.4998863894569416,4401,6601,0.3001072837386911,8718417,normal,True,False,False,False,False,False,0,8718417,0.3001072837386911,3331.761289752209,3610.2271523603426,2169.500387283609,1798,454,5236,3908,3439,3455
ISIC_0015153,True,True,4401,6601,29051001,1.4998863894569416,4401,6601,0.7130338469232093,20714347,normal,True,False,False,False,False,False,0,20714347,0.7130338469232093,5135.59400106416,3280.082924892588,2101.689125174933,356,49,6258,4367,5903,4319
ISIC_0015155,True,True,4380,6601,28912380,1.5070776255707763,4380,6601,0.2610385931562881,7547247,normal,True,False,False,False,False,False,0,7547247,0.2610385931562881,3099.911826856342,3012.5401075385503,2523.1579842292163,1438,828,4447,4216,3010,3389
ISIC_0015156,True,True,4382,6581,28837942,1.5018256503879508,4382,6581,0.2684799421539859,7742409,normal,True,False,True,False,False,True,1,7742409,0.2684799421539859,3139.735866329113,3577.1467826099088,3019.6542381059953,941,1451,6098,4381,5158,2931
ISIC_0015157,True,True,4361,6602,28791322,1.5138729649163036,4361,6602,0.3315060697803317,9544498,normal,True,False,False,False,False,False,0,9544498,0.3315060697803317,3486.033890863035,3243.844561966486,2581.3657490420137,663,1021,5894,4218,5232,3198
ISIC_0015158,True,True,4441,6642,29497122,1.4956090970502138,4441,6642,0.1080710179115101,3187784,normal,True,False,False,False,False,False,0,3187784,0.10807101791151015,2014.6495101813705,4049.183312294685,2637.805163712472,2872,1597,5238,3828,2367,2232
ISIC_0015160,True,True,4382,6601,28925582,1.5063897763578276,4382,6601,0.3613325740515783,10451755,normal,True,False,False,False,False,False,0,10451755,0.3613325740515783,3647.9566578954114,3208.7686816233254,2133.4821411332355,1080,345,5570,3841,4491,3497
ISIC_0015161,True,True,4382,6601,28925582,1.5063897763578276,4382,6601,0.3760315349921049,10876931,normal,True,True,False,False,False,True,1,10876931,0.3760315349921049,3721.4162189354442,2950.9698567546307,1872.860258927817,1122,0,4973,3780,3852,3781
ISIC_0015163,True,True,4419,6628,29289132,1.4998868522290112,4419,6628,0.350177908993684,10256407,normal,True,False,False,False,False,False,0,10256407,0.35017790899368406,3613.70488270674,3677.5576397270506,1992.8548118264027,2329,12,5150,4410,2822,4399
ISIC_0015166,True,True,4459,6627,29549793,1.4862076698811393,4459,6627,0.4710499664075481,13919429,normal,True,False,True,False,False,True,1,13919429,0.4710499664075481,4209.841736090969,3876.3017555533347,2364.800967482215,1761,175,6264,4458,4504,4284
ISIC_0015167,True,True,4418,6668,29459224,1.5092802172928927,4418,6668,0.6478740580539393,19085867,normal,True,True,False,True,True,True,3,19085867,0.6478740580539393,4929.592337096026,2939.112102478761,2211.7837615131657,0,0,6667,4187,6668,4188
ISIC_0015170,True,True,4439,6688,29688032,1.506645640910115,4439,6688,0.317679764020734,9431287,normal,True,False,False,False,False,False,0,9431287,0.317679764020734,3465.2976158111815,3186.4366464513273,2274.438733759242,1254,625,5068,3884,3815,3260
ISIC_0015171,True,True,4439,6708,29776812,1.5111511601712098,4439,6708,0.884072176699104,26324851,normal,True,True,True,True,True,True,4,26324851,0.884072176699104,5789.4595000277,3598.9712084220346,2358.3465689891273,0,0,6707,4438,6708,4439
ISIC_0015173,True,True,4459,6648,29643432,1.4909172460192868,4459,6648,0.404380100117962,11987214,normal,True,True,False,False,False,True,1,11987214,0.40438010011796205,3906.7371163162447,2852.710976128398,1990.1368677492535,392,0,4918,4120,4527,4121
ISIC_0015174,True,True,4439,6648,29510472,1.4976346023879252,4439,6648,0.1964597855296926,5797621,normal,True,False,False,False,False,False,0,5797621,0.19645978552969265,2716.9395139728485,3197.362170448879,1919.9664964301737,1212,740,5045,3039,3834,2300
ISIC_0015175,True,True,4439,6648,29510472,1.4976346023879252,4439,6648,0.1870228642903441,5519133,normal,True,False,False,False,False,False,0,5519133,0.18702286429034412,2650.8825677975274,3328.1411642009716,3043.303772530939,1594,1898,4953,4419,3360,2522
ISIC_0015176,True,True,4439,6628,29421692,1.4931290831268305,4439,6628,0.5748596307785426,16913343,normal,True,False,False,False,False,False,0,16913343,0.5748596307785426,4640.55353823977,2808.9501199142,2505.9731406144842,338,321,5224,4433,4887,4113
ISIC_0015179,True,True,4399,6628,29156572,1.506706069561264,4399,6628,0.2367071135797445,6901568,normal,True,False,False,False,False,False,0,6901568,0.23670711357974455,2964.346352617853,3030.3144257942545,2145.7480472553484,858,381,4841,3670,3984,3290
ISIC_0015180,True,True,4399,6628,29156572,1.506706069561264,4399,6628,0.2036930130195003,5938990,normal,True,False,False,False,False,False,0,5938990,0.20369301301950038,2749.864891914998,2868.0280540967406,2153.4292581735276,717,852,4757,3382,4041,2531
ISIC_0015184,True,True,4399,6607,29064193,1.5019322573312115,4399,6607,0.1537804954708359,4469506,normal,True,False,False,False,False,False,0,4469506,0.1537804954708359,2385.5296654267536,3503.719410825268,2331.6086856131305,1731,1189,5043,3322,3313,2134
ISIC_0015185,True,True,4419,6608,29200752,1.4953609413894546,4419,6608,0.4962280423463067,14490232,normal,True,True,True,False,False,True,2,14490232,0.4962280423463067,4295.292352656206,3335.6893029732028,2033.6236204499694,954,0,5691,4418,4738,4419
ISIC_0015189,True,True,4439,6668,29599252,1.50214012164902,4439,6668,0.2510844868647356,7431913,normal,True,False,False,False,False,False,0,7431913,0.2510844868647356,3076.1348352488285,3308.3180267314756,2363.59809809399,1511,867,4948,3953,3438,3087
ISIC_0015190,True,True,4419,6648,29377512,1.5044127630685675,4419,6648,0.4280820989878244,12575987,normal,True,False,False,False,False,False,0,12575987,0.42808209898782446,4001.5302026194086,3301.5143552549794,1993.9914681050482,832,139,5401,4142,4570,4004
ISIC_0015193,True,True,4459,6688,29821792,1.499887867234806,4459,6688,0.4061250578100739,12111377,normal,True,False,False,False,False,False,0,12111377,0.4061250578100739,3926.9178929022596,3521.4068813149815,2304.259512770513,861,513,5851,4098,4991,3586
ISIC_0015200,True,True,4422,6661,29454942,1.5063319764812302,4422,6661,0.7020881589242308,20679966,normal,True,False,True,False,True,True,2,20679966,0.7020881589242308,5131.330285118923,3453.1257114736068,2344.2597791021512,313,70,6660,4421,6348,4352
ISIC_0015201,True,True,4402,6681,29409762,1.5177192185370283,4402,6681,0.2534307486065341,7453338,normal,True,False,False,False,False,False,0,7453338,0.25343074860653414,3080.565643169658,2831.360673566662,2184.5852157784875,826,815,5059,3436,4234,2622
ISIC_0015202,True,True,4401,6661,29315061,1.513519654623949,4401,6661,0.1492976937690834,4376671,normal,True,False,False,False,False,False,0,4376671,0.14929769376908342,2360.6250425460603,3002.2753777928474,2307.529686604271,1638,1177,4323,3353,2686,2177
ISIC_0015203,True,True,4422,6642,29370924,1.502035278154681,4422,6642,0.740845436119068,21759315,normal,True,False,False,False,False,False,0,21759315,0.740845436119068,5263.536864537856,3133.138758596031,2220.7066149830544,22,30,6391,4407,6370,4378
ISIC_0015204,True,True,4420,6641,29353220,1.5024886877828054,4420,6641,0.4761799897932833,13977416,normal,True,False,True,False,False,True,1,13977416,0.47617998979328335,4218.601519984316,3064.196656377688,2482.677939899621,675,415,5499,4419,4825,4005
ISIC_0015206,True,True,4401,6580,28958580,1.495114746648489,4401,6580,0.1737090009247691,5030366,normal,True,False,False,False,False,False,0,5030366,0.1737090009247691,2530.7826686010085,3084.966167272918,1586.407659005329,1654,275,4407,2972,2754,2698
ISIC_0015207,True,True,4420,6641,29353220,1.5024886877828054,4420,6641,0.3047588305473812,8945653,normal,True,False,False,False,False,False,0,8945653,0.3047588305473812,3374.9013545700477,3545.25401063511,2089.485074594331,1720,506,5440,3634,3721,3129
ISIC_0015208,True,True,4422,6621,29278062,1.4972862957937585,4422,6621,0.3713343458320431,10871950,normal,True,False,False,False,False,False,0,10871950,0.3713343458320431,3720.5640255723933,3755.7689151440172,2268.026388550352,1715,390,6034,4383,4320,3994
ISIC_0015211,True,True,4401,6622,29143422,1.5046580322653942,4401,6622,0.4782509411557778,13937869,normal,True,False,False,False,False,False,0,13937869,0.4782509411557778,4212.629342837836,3682.154529289951,2074.0835495010033,1112,3,6040,4392,4929,4390
ISIC_0015212,True,True,4420,6640,29348800,1.502262443438914,4420,6640,0.0761859087935452,2235965,normal,True,False,False,False,False,False,0,2235965,0.07618590879354523,1687.2815587932437,3426.13161565588,2240.3802286708424,2429,1458,4461,3122,2033,1665
ISIC_0015215,True,True,4441,6642,29497122,1.4956090970502138,4441,6642,0.1796135568751419,5298083,normal,True,False,False,False,False,False,0,5298083,0.1796135568751419,2597.2540859317373,3416.575157467333,2260.424908783045,2008,718,4753,3730,2746,3013
ISIC_0015216,True,True,4420,6621,29264820,1.4979638009049774,4420,6621,0.8741509088386671,25581869,normal,True,False,False,False,False,False,0,25581869,0.8741509088386671,5707.175066443518,3641.1705327316,2125.0176159529237,94,11,6612,4413,6519,4403
ISIC_0015218,True,True,4422,6642,29370924,1.502035278154681,4422,6642,0.2849040091486396,8367894,normal,True,False,False,False,False,False,0,8367894,0.28490400914863967,3264.0976619813478,2944.9386405946348,2365.3650672439207,850,856,4843,4020,3994,3165
ISIC_0015219,True,True,4441,6640,29488240,1.495158748029723,4441,6640,0.2719720132500278,8019976,normal,True,False,False,False,False,False,0,8019976,0.2719720132500278,3195.520394400094,3347.301901651576,2213.2282019297813,1505,660,5239,3712,3735,3053
ISIC_0015220,True,True,4441,6682,29674762,1.5046160774600317,4441,6682,0.7279423504727688,21601516,normal,True,True,True,False,False,True,2,21601516,0.7279423504727688,5244.416497326402,3715.986381048441,2064.7088315468227,575,0,6629,4440,6055,4441
ISIC_0015223,True,True,4422,6682,29547804,1.5110809588421528,4422,6682,0.0550129546006193,1625512,normal,True,False,False,False,False,False,0,1625512,0.05501295460061939,1438.6334344931456,2938.3188503068573,2382.4280442100703,2226,1600,3659,3151,1434,1552
ISIC_0015224,True,True,4420,6621,29264820,1.4979638009049774,4420,6621,0.8236989327116996,24105401,normal,True,False,False,False,False,False,0,24105401,0.8236989327116996,5540.03156984674,3171.283919234532,2095.7384860762118,110,10,6278,4402,6169,4393
ISIC_0015226,True,True,4441,6661,29581501,1.4998874127448774,4441,6661,0.032043708667792,947901,small,True,False,False,False,False,False,0,947901,0.032043708667792076,1098.5922982134935,2973.7713410999672,1873.3071987475485,2421,1303,3575,2463,1155,1161
ISIC_0015229,True,True,4420,6661,29441620,1.5070135746606337,4420,6661,0.9521736915292024,28033536,normal,True,False,True,False,False,True,1,28033536,0.9521736915292025,5974.395920422147,3424.957395206941,2225.0498891399216,59,2,6648,4419,6590,4418
ISIC_0015232,True,True,4441,6641,29492681,1.4953839225399683,4441,6641,0.3461328591998808,10208386,normal,True,False,False,False,False,False,0,10208386,0.3461328591998808,3605.2351855490383,2818.6333109856937,2395.3946214416264,926,627,4758,4015,3833,3389
ISIC_0015233,True,True,4401,6641,29227041,1.5089752329016133,4401,6641,0.2491884142496669,7283040,normal,True,False,False,False,False,False,0,7283040,0.24918841424966695,3045.1690484910655,3585.5383416814957,2242.4573496781563,1759,809,5390,3592,3632,2784
ISIC_0015237,True,True,4459,6708,29910972,1.5043731778425655,4459,6708,0.4943758430852732,14787262,normal,True,False,False,False,False,False,0,14787262,0.4943758430852732,4339.092847215829,3703.0677528402484,2090.2847834169706,1678,6,5851,4216,4174,4211
ISIC_0015241,True,True,4439,6648,29510472,1.4976346023879252,4439,6648,0.1534633875052896,4528777,normal,True,False,False,False,False,False,0,4528777,0.15346338750528965,2401.2950601055,2893.50601475851,2100.7228496788425,1202,874,4512,3102,3311,2229
ISIC_0015243,True,True,4459,6688,29821792,1.499887867234806,4459,6688,0.6618032880116661,19736160,normal,True,True,True,False,False,True,2,19736160,0.6618032880116661,5012.869375240126,3488.375807654579,2083.098554176699,523,0,6165,4458,5643,4459
ISIC_0015244,True,True,4439,6708,29776812,1.5111511601712098,4439,6708,0.3430727574194309,10215613,normal,True,True,True,False,False,True,2,10215613,0.34307275741943094,3606.511118145986,3451.966176087524,2345.7250070064324,1504,0,5240,4438,3737,4439
ISIC_0015245,True,True,4439,6708,29776812,1.5111511601712098,4439,6708,0.4517898692445652,13452862,normal,True,False,False,False,False,False,0,13452862,0.4517898692445652,4138.685284998724,3169.0701267135573,2138.6190560789223,810,208,5479,4088,4670,3881
ISIC_0015250,True,True,4439,6688,29688032,1.506645640910115,4439,6688,0.1827817350776232,5426430,normal,True,False,False,False,False,False,0,5426430,0.1827817350776232,2628.525301901663,2891.50288163673,2003.215349502343,1136,767,4441,3303,3306,2537
ISIC_0015251,True,True,4459,6688,29821792,1.499887867234806,4459,6688,0.0079463702248342,236975,very_tiny,True,False,False,False,False,False,0,236975,0.007946370224834243,549.2958593632535,4152.069530541196,2459.237071421036,3814,1855,4515,3092,702,1238
ISIC_0015254,True,True,4459,6668,29732612,1.4954025566270464,4459,6668,0.2820894444120819,8387256,normal,True,False,False,False,False,False,0,8387256,0.28208944441208195,3267.871786196218,3594.157010469217,1812.9088151118792,1942,162,5196,3399,3255,3238
ISIC_0015255,True,True,4459,6688,29821792,1.499887867234806,4459,6688,0.8548735770137489,25493862,normal,True,False,False,False,False,False,0,25493862,0.8548735770137489,5697.349668610929,3394.400116192674,2361.30776733631,64,5,6672,4453,6609,4449
ISIC_0015256,True,True,4459,6668,29732612,1.4954025566270464,4459,6668,0.8482803663532824,25221591,normal,True,False,False,False,False,False,0,25221591,0.8482803663532824,5666.844540159584,3534.170855954329,2289.7612084820503,232,7,6434,4448,6203,4442
ISIC_0015258,True,True,4439,6688,29688032,1.506645640910115,4439,6688,0.7271393401893396,21587336,normal,True,False,False,False,False,False,0,21587336,0.7271393401893396,5242.694904406033,3230.6779771714305,1972.7028014943576,20,10,6656,3934,6637,3925
ISIC_0015260,True,True,4439,6708,29776812,1.5111511601712098,4439,6708,0.2011237804772384,5988825,normal,True,False,False,False,False,False,0,5988825,0.20112378047723847,2761.378064752916,3902.5848738275035,2635.271280760416,2097,1596,5659,3606,3563,2011
ISIC_0015264,True,True,4439,6708,29776812,1.5111511601712098,4439,6708,0.0676847810302862,2015437,normal,True,False,False,False,False,False,0,2015437,0.06768478103028625,1601.9157556882951,3086.7955242461067,2038.162798440239,2325,1015,3879,3030,1555,2016
ISIC_0015270,True,True,4439,6648,29510472,1.4976346023879252,4439,6648,0.2282755423227388,6736519,normal,True,False,False,False,False,False,0,6736519,0.22827554232273886,2928.6861191769553,3023.994788406297,2330.6153394653825,1661,702,4537,3752,2877,3051
ISIC_0015273,True,True,4439,6688,29688032,1.506645640910115,4439,6688,0.0446116468750774,1324432,small,True,False,False,False,False,False,0,1324432,0.044611646875077474,1298.583534745717,2933.881683619846,2373.5851746258018,2155,1798,3733,3064,1579,1267
ISIC_0015274,True,True,4459,6668,29732612,1.4954025566270464,4459,6668,0.8677776779248322,25801297,normal,True,False,False,False,False,False,0,25801297,0.8677776779248322,5731.599396840006,3210.308002772109,2207.7752649798963,14,23,6493,4450,6480,4428
ISIC_0015276,True,True,4439,6708,29776812,1.5111511601712098,4439,6708,0.0476792478657554,1419736,small,True,False,False,False,False,False,0,1419736,0.047679247865755406,1344.4939636473348,3869.5615663757208,2259.005816574349,3029,1577,4629,2972,1601,1396
ISIC_0015279,True,True,4439,6688,29688032,1.506645640910115,4439,6688,0.1961598869200895,5823601,normal,True,False,False,False,False,False,0,5823601,0.19615988692008954,2723.0202140195797,3515.4563233298436,2348.08893947233,1744,948,4968,3604,3225,2657
ISIC_0015283,True,True,4439,6668,29599252,1.50214012164902,4439,6668,0.3854555175921337,11409195,normal,True,False,False,False,False,False,0,11409195,0.38545551759213376,3811.3827212174187,3289.013744790934,2367.357471846173,944,657,5764,4203,4821,3547
ISIC_0015284,True,True,4459,6708,29910972,1.5043731778425655,4459,6708,0.3844212083779825,11498412,normal,True,False,False,False,False,False,0,11498412,0.3844212083779825,3826.255723296253,3855.6658098526996,2677.1947576761036,1937,518,5823,4437,3887,3920
ISIC_0015291,True,True,4459,6688,29821792,1.499887867234806,4459,6688,0.1970074769484006,5875116,normal,True,False,False,False,False,False,0,5875116,0.19700747694840068,2735.0374807498106,3077.238660309005,2730.6919128064874,1624,1455,4636,4095,3013,2641
ISIC_0015293,True,True,4439,6668,29599252,1.50214012164902,4439,6668,0.1164976060881538,3448242,normal,True,False,False,False,False,False,0,3448242,0.11649760608815385,2095.33722207588,3130.419294527472,2517.153934091633,1753,1283,4462,3557,2710,2275
ISIC_0015295,True,True,4439,6688,29688032,1.506645640910115,4439,6688,0.729378491642693,21653812,normal,True,True,False,False,False,True,1,21653812,0.729378491642693,5250.7608717842795,3186.9159224712953,2223.7876521233306,53,0,6478,4369,6426,4370
ISIC_0015298,True,True,4459,6688,29821792,1.499887867234806,4459,6688,0.1181845141968665,3524474,normal,True,False,False,False,False,False,0,3524474,0.1181845141968665,2118.3719388225754,3116.9051679768386,2390.5706823202554,1867,1360,4368,3398,2502,2039
ISIC_0015309,True,True,4439,6668,29599252,1.50214012164902,4439,6668,0.1463257247176381,4331132,normal,True,False,False,False,False,False,0,4331132,0.14632572471763813,2348.31184808745,1986.6933039676464,2702.1113413306266,578,1225,3129,4115,2552,2891
ISIC_0015310,True,True,4439,6688,29688032,1.506645640910115,4439,6688,0.4114599782161377,12215437,normal,True,False,False,False,False,False,0,12215437,0.4114599782161377,3943.7516966235416,3550.644963090555,2214.341493881881,938,255,5945,4384,5008,4130
ISIC_0015311,True,True,4459,6708,29910972,1.5043731778425655,4459,6708,0.4637192666289815,13870294,normal,True,True,True,False,False,True,2,13870294,0.4637192666289815,4202.40488505128,3041.611892365079,2414.265884919238,959,0,5245,4458,4287,4459
ISIC_0015312,True,True,4459,6708,29910972,1.5043731778425655,4459,6708,0.3632604450300044,10865473,normal,True,False,False,False,False,False,0,10865473,0.3632604450300044,3719.455591326801,3144.8901862808916,2338.132792286171,1179,443,5373,4186,4195,3744
ISIC_0015313,True,True,4419,6688,29554272,1.5134645847476804,4419,6688,0.628838362183308,18584860,normal,True,True,False,True,False,True,2,18584860,0.628838362183308,4864.460780535365,2800.3169951777954,2250.6650777568407,0,0,5642,4315,5643,4316
ISIC_0015330,True,True,4439,6688,29688032,1.506645640910115,4439,6688,0.1632654532304465,4847030,normal,True,False,False,False,False,False,0,4847030,0.16326545323044653,2484.236355606623,3420.905728250083,2454.195691588457,2002,1013,4790,3639,2789,2627
ISIC_0015331,True,True,4439,6688,29688032,1.506645640910115,4439,6688,0.2745190048299598,8149929,normal,True,False,False,False,False,False,0,8149929,0.2745190048299598,3221.305929213166,3533.5324054970297,2090.1822275997743,1739,200,5498,3821,3760,3622
ISIC_0015353,True,True,4459,6688,29821792,1.499887867234806,4459,6688,0.1272864487821523,3795910,normal,True,False,True,False,False,True,1,3795910,0.12728644878215234,2198.4318775562847,3462.1547262711706,2037.9514387854297,358,82,6210,4458,5853,4377
ISIC_0015355,True,True,4439,6668,29599252,1.50214012164902,4439,6668,0.0918745514244751,2719418,normal,True,False,False,False,False,False,0,2719418,0.09187455142447519,1860.7714895345443,3185.0423509736274,1870.295378275793,1725,1240,4741,2565,3017,1326
ISIC_0015357,True,True,4439,6688,29688032,1.506645640910115,4439,6688,0.0890373939235851,2643345,normal,True,False,False,False,False,False,0,2643345,0.0890373939235851,1834.5602700314778,2975.2763759554655,2295.9466849768,2044,1328,3908,3228,1865,1901
ISIC_0015360,True,True,4419,6688,29554272,1.5134645847476804,4419,6688,0.3174297441669346,9381405,normal,True,False,False,False,False,False,0,9381405,0.31742974416693465,3456.12150121725,3725.244705670419,2412.6442209882207,832,1122,6248,3530,5417,2409
ISIC_0015363,True,True,4439,6687,29683593,1.5064203649470602,4439,6687,0.5792270834598763,17193541,normal,True,True,False,False,False,True,1,17193541,0.5792270834598763,4678.834931393216,3056.5711696037483,2132.528580354681,632,0,5320,4412,4689,4413
ISIC_0015368,True,True,4399,6608,29068592,1.5021595817231188,4399,6608,0.6131510944871358,17823439,normal,True,False,True,False,False,True,1,17823439,0.6131510944871358,4763.770288120004,3367.8747664802513,2380.007446935465,492,164,6209,4398,5718,4235
ISIC_0015369,True,True,4459,6688,29821792,1.499887867234806,4459,6688,0.0975610385854746,2909445,normal,True,False,False,False,False,False,0,2909445,0.09756103858547467,1924.6870985258865,3562.1119876814996,2677.618945881431,2572,1758,4524,3622,1953,1865
ISIC_0015383,True,True,4439,6688,29688032,1.506645640910115,4439,6688,0.1658586193924878,4924016,normal,True,False,False,False,False,False,0,4924016,0.16585861939248786,2503.887355714841,3142.4526045406838,2023.7653839873794,2082,413,4204,3974,2123,3562
ISIC_0015390,True,True,4439,6688,29688032,1.506645640910115,4439,6688,0.7382788121489494,21918045,normal,True,False,False,False,False,False,0,21918045,0.7382788121489494,5282.7002221671455,4063.9727421857197,2107.741574214306,760,22,6658,4420,5899,4399
ISIC_0015395,True,True,4439,6688,29688032,1.506645640910115,4439,6688,0.2626019804882991,7796136,normal,True,False,False,False,False,False,0,7796136,0.26260198048829914,3150.610837811203,3400.5463970869673,2258.793257711256,1677,629,5035,3912,3359,3284
ISIC_0015401,True,True,4419,6648,29377512,1.5044127630685675,4419,6648,0.2306619770932269,6776275,normal,True,False,False,False,False,False,0,6776275,0.23066197709322694,2937.315321173446,2574.311236925892,1757.696809382736,935,311,4466,3107,3532,2797
ISIC_0015403,True,True,4419,6648,29377512,1.5044127630685675,4419,6648,0.1908795407861632,5607566,normal,True,False,False,False,False,False,0,5607566,0.19087954078616323,2672.035699782542,3350.2836722742095,2186.0101819577335,1556,1046,4901,3390,3346,2345
ISIC_0015404,True,True,4419,6648,29377512,1.5044127630685675,4419,6648,0.5761589681250067,16926117,normal,True,False,False,False,False,False,0,16926117,0.5761589681250067,4642.3056236329485,3599.0152968929615,2173.1547029953767,1292,18,5812,4394,4521,4377
ISIC_0015411,True,True,4419,6668,29465892,1.508938673908124,4419,6668,0.1091272580514447,3215532,normal,True,False,False,False,False,False,0,3215532,0.1091272580514447,2023.398749569977,3266.2359419840946,2774.7132303457097,2144,1733,4336,3778,2193,2046
ISIC_0015412,True,True,4419,6648,29377512,1.5044127630685675,4419,6648,0.3642992299688278,10702205,normal,True,False,False,False,False,False,0,10702205,0.36429922996882785,3691.4049658446284,3349.439355814993,2154.9130636163295,1252,551,5515,3728,4264,3178
ISIC_0015416,True,True,4419,6668,29465892,1.508938673908124,4419,6668,0.5582991005329144,16450781,normal,True,False,False,False,False,False,0,16450781,0.5582991005329144,4576.65652097444,4002.07877680701,2750.951516891508,1094,642,6622,4402,5529,3761
ISIC_0015417,True,True,4439,6748,29954372,1.5201621986933995,4439,6748,0.2399954504137159,7188913,normal,True,False,False,False,False,False,0,7188913,0.2399954504137159,3025.426964126005,3513.5690377669057,2105.851803603688,1686,649,5188,3769,3503,3121
ISIC_0015418,True,True,4439,6668,29599252,1.50214012164902,4439,6668,0.2716629122925133,8041019,normal,True,False,False,False,False,False,0,8041019,0.2716629122925133,3199.7098885315827,3401.9722480446817,2173.788474570201,1234,1006,5669,3295,4436,2290
ISIC_0015419,True,True,4459,6648,29643432,1.4909172460192868,4459,6648,0.6847348512142588,20297891,normal,True,False,False,False,False,False,0,20297891,0.6847348512142588,5083.7070623634445,2354.916244648274,2143.6660495417973,18,22,5104,4441,5087,4420
ISIC_0015436,True,True,4440,6681,29663640,1.5047297297297295,4440,6681,0.3267806985251978,9693505,normal,True,False,False,False,False,False,0,9693505,0.32678069852519787,3513.1401755534926,3177.421259080178,2252.4853715967547,892,778,5436,3564,4545,2787
ISIC_0015440,True,True,4421,6642,29364282,1.5023750282741462,4421,6642,0.0887290552515467,2605465,normal,True,False,False,False,False,False,0,2605465,0.08872905525154676,1821.3679118792559,3549.441834375054,2176.2050766369916,2785,1157,4292,3238,1508,2082
ISIC_0015443,True,True,4401,6601,29051001,1.4998863894569416,4401,6601,0.3350310717348431,9732988,normal,True,False,False,False,False,False,0,9732988,0.33503107173484314,3520.2876601256326,3540.548337879385,2124.7675494925093,1805,413,5363,3747,3559,3335
ISIC_0015445,True,True,4440,6641,29486040,1.4957207207207208,4440,6641,0.4086658635747628,12049938,normal,True,False,False,False,False,False,0,12049938,0.4086658635747628,3916.944928538942,3827.647956777869,2297.0749442030324,5,664,6600,4428,6596,3765
ISIC_0015447,True,True,4420,6641,29353220,1.5024886877828054,4420,6641,0.8842079335759416,25954350,normal,True,False,False,False,False,False,0,25954350,0.8842079335759416,5748.574151726415,3614.876903563372,2135.3559981274816,208,18,6626,4404,6419,4387
ISIC_0015455,True,True,4402,6641,29233682,1.5086324398000908,4402,6641,0.3393773319419702,9921249,normal,True,False,False,False,False,False,0,9921249,0.33937733194197023,3554.1703054249087,3022.0456404228944,2061.630288182466,616,725,5258,3429,4643,2705
ISIC_0015464,True,True,4422,6641,29366502,1.5018091361374943,4422,6641,0.4618403649164616,13562636,normal,True,False,False,False,False,False,0,13562636,0.46184036491646163,4155.536606269849,3314.5223217669486,1991.7008568245878,656,280,5552,4067,4897,3788
ISIC_0015466,True,True,4459,6668,29732612,1.4954025566270464,4459,6668,0.6399004904110005,19025913,normal,True,False,False,False,False,False,0,19025913,0.6399004904110005,4921.843638951853,3218.1219649748214,2029.4394314217668,1,17,5849,4329,5849,4313
ISIC_0015468,True,True,4439,6708,29776812,1.5111511601712098,4439,6708,0.0775754301702949,2309949,normal,True,False,False,False,False,False,0,2309949,0.07757543017029493,1714.9689248267575,3232.7810808810063,2117.4669111742296,2224,807,4259,3149,2036,2343
ISIC_0015476,True,True,4439,6668,29599252,1.50214012164902,4439,6668,0.2123401294059728,6285109,normal,True,False,False,False,False,False,0,6285109,0.21234012940597283,2828.860074618551,3208.16131732958,2147.547699809184,1875,696,4599,3592,2725,2897
ISIC_0015481,True,True,4479,6648,29776392,1.4842598794373745,4479,6648,0.0880063978201254,2620513,normal,True,False,False,False,False,False,0,2620513,0.08800639782012543,1826.6200423439395,3953.7210412617683,2280.7150813600238,2926,1234,5192,3420,2267,2187
ISIC_0015482,True,True,4399,6608,29068592,1.5021595817231188,4399,6608,0.3522413813507032,10239161,normal,True,True,False,False,False,True,1,10239161,0.3522413813507032,3610.6654082191044,3135.7714652597024,1982.3559372686884,1081,0,5133,4105,4053,4106
ISIC_0015483,True,True,4459,6668,29732612,1.4954025566270464,4459,6668,0.2978708362386729,8856478,normal,True,False,False,False,False,False,0,8856478,0.2978708362386729,3358.037822401199,2953.6987152229135,2448.38365070178,1042,941,4843,3935,3802,2995
ISIC_0015485,True,True,4439,6648,29510472,1.4976346023879252,4439,6648,0.6193638651391276,18277720,normal,True,True,True,False,False,True,2,18277720,0.6193638651391276,4824.097417299611,2792.3746068984533,2239.9513232503837,361,0,5332,4438,4972,4439
ISIC_0015496,True,True,4459,6688,29821792,1.499887867234806,4459,6688,0.3001671395199859,8951522,normal,True,False,False,False,False,False,0,8951522,0.3001671395199859,3376.008263610561,3012.9022748310285,1991.7230702220247,1254,349,4806,3657,3553,3309
ISIC_0015510,True,True,4440,6681,29663640,1.5047297297297295,4440,6681,0.104597412859649,3102740,normal,True,False,False,False,False,False,0,3102740,0.10459741285964905,1987.5943411651128,3134.3930748306334,2455.437224195389,2054,1451,4190,3574,2137,2124
ISIC_0015526,True,True,4401,6621,29139021,1.5044308111792777,4401,6621,0.1081564133537636,3151572,normal,True,False,False,False,False,False,0,3151572,0.10815641335376366,2003.1740060414338,2874.1068086021833,1962.9499884502084,1940,777,3802,3234,1863,2458
ISIC_0015537,True,True,4402,6641,29233682,1.5086324398000908,4402,6641,0.4837932833777147,14143059,normal,True,False,False,False,False,False,0,14143059,0.48379328337771477,4243.524714470572,3045.952540465256,2063.8277723369465,1284,9,5287,4283,4004,4275
ISIC_0015544,True,True,4440,6621,29397240,1.491216216216216,4440,6621,0.2184786394913264,6422669,normal,True,True,True,False,False,True,2,6422669,0.2184786394913264,2859.6496557348846,3728.233343178669,2210.4856018580435,2638,0,5049,4439,2412,4440
ISIC_0015559,True,True,4419,6688,29554272,1.5134645847476804,4419,6688,0.2204750974749099,6515981,normal,True,False,False,False,False,False,0,6515981,0.2204750974749099,2880.348014032848,2059.5209590083214,2333.068790409303,984,558,3456,3924,2473,3367
ISIC_0015563,True,True,4419,6668,29465892,1.508938673908124,4419,6668,0.0513631828963467,1513462,normal,True,False,False,False,False,False,0,1513462,0.05136318289634673,1388.1641357757262,3550.251764497556,2508.7578360077755,2691,1854,4416,3147,1726,1294
ISIC_0015566,True,True,4479,6688,29955552,1.4931904442956017,4479,6688,0.3092881413101651,9264897,normal,True,False,False,False,False,False,0,9264897,0.30928814131016513,3434.5936059886585,2421.526811145337,2330.4960741603495,1118,396,3960,4252,2843,3857
ISIC_0015568,True,True,4439,6688,29688032,1.506645640910115,4439,6688,0.1703436927041846,5057169,normal,True,False,False,False,False,False,0,5057169,0.17034369270418465,2537.5160206802198,2277.877536819513,2022.0883462664585,1069,778,3809,3219,2741,2442
ISIC_0015582,True,True,4419,6688,29554272,1.5134645847476804,4419,6688,0.1291211639386685,3816082,normal,True,False,False,False,False,False,0,3816082,0.1291211639386685,2204.2655258276054,3683.062728473864,1890.2883583214407,2281,890,5046,2838,2766,1949
ISIC_0015593,True,True,4402,6661,29321722,1.5131758291685595,4402,6661,0.3011227307864115,8829437,normal,True,False,False,False,False,False,0,8829437,0.3011227307864115,3352.907446701713,3059.817322893861,2341.5048427210027,922,803,5119,3727,4198,2925
ISIC_0015603,True,True,4420,6662,29446040,1.5072398190045249,4420,6662,0.0701153703520065,2064620,normal,True,False,False,False,False,False,0,2064620,0.07011537035200659,1621.3438342471075,3695.927088277746,2258.5497733239044,2830,1332,4558,3163,1729,1832
ISIC_0015607,True,True,4380,6620,28995600,1.5114155251141552,4380,6620,0.629746823656003,18259887,normal,True,False,False,False,False,False,0,18259887,0.629746823656003,4821.743482475557,2266.1489217868652,2512.145940990763,4,22,6110,4377,6107,4356
ISIC_0015614,True,True,4439,6648,29510472,1.4976346023879252,4439,6648,0.0906534127952951,2675225,normal,True,False,False,False,False,False,0,2675225,0.09065341279529518,1845.5899493289742,3301.9951521834614,2560.6237983720994,2105,1654,4937,3529,2833,1876
ISIC_0015617,True,True,4419,6648,29377512,1.5044127630685675,4419,6648,0.6089583420134421,17889681,normal,True,False,False,False,False,False,0,17889681,0.6089583420134421,4772.614513230384,3202.2203541807144,2404.3449117958003,44,470,6276,4230,6233,3761
ISIC_0015625,True,True,4419,6688,29554272,1.5134645847476804,4419,6688,0.4023062046664523,11889867,normal,True,False,False,False,False,False,0,11889867,0.4023062046664523,3890.841662936393,3441.4527706659796,2152.8805125406366,1367,183,5532,4372,4166,4190
ISIC_0015627,True,True,4379,6608,28936432,1.5090203242749487,4379,6608,0.110348539170275,3193093,normal,True,False,False,False,False,False,0,3193093,0.11034853917027504,2016.326431314393,2834.104908626213,2070.3667916969534,1653,1095,4026,3078,2374,1984
ISIC_0015631,True,True,4459,6688,29821792,1.499887867234806,4459,6688,0.2321138850408453,6922052,normal,True,False,False,False,False,False,0,6922052,0.2321138850408453,2968.742214661476,3119.9594345722917,2210.2224978951326,1288,876,4917,3539,3630,2664
ISIC_0015636,True,True,4441,6641,29492681,1.4953839225399683,4441,6641,0.6508395421901454,19195003,normal,True,True,True,False,False,True,2,19195003,0.6508395421901454,4943.666339965723,3550.3110661665432,2208.5753626607925,1332,0,5728,4440,4397,4441
ISIC_0015638,True,True,4420,6641,29353220,1.5024886877828054,4420,6641,0.2160914543617361,6342980,normal,True,True,True,False,False,True,2,6342980,0.21609145436173613,2841.8537906557126,2568.6128075447186,2143.8451481795623,1435,0,4056,4419,2622,4420
ISIC_0015641,True,True,4400,6641,29220400,1.5093181818181818,4400,6641,0.32282610778771,9433108,normal,True,False,False,False,False,False,0,9433108,0.32282610778771,3465.632140801678,3714.986095568926,2080.0980220940965,1637,353,5583,3774,3947,3422
ISIC_0015645,True,True,4442,6682,29681444,1.504277352543899,4442,6682,0.1564774948280818,4644478,normal,True,False,False,False,False,False,0,4644478,0.15647749482808182,2431.7756998235836,3431.8711543041004,2538.5573151600674,2215,1033,4701,3804,2487,2772
ISIC_0015936,True,True,1536,2304,3538944,1.5,1536,2304,0.0432829680266203,153176,small,True,False,False,False,False,False,0,153176,0.04328296802662037,441.6217165225837,1064.3007586044812,926.4579960307098,837,640,1287,1210,451,571
ISIC_0015937,True,True,1536,2304,3538944,1.5,1536,2304,0.0249766597041377,88391,small,True,False,False,False,False,False,0,88391,0.024976659704137733,335.4741668127157,1132.9836069283072,672.2805828647713,925,488,1328,856,404,369
ISIC_0015939,True,True,2000,3008,6016000,1.504,2000,3008,0.0269328457446808,162028,small,True,False,False,False,False,False,0,162028,0.026932845744680852,454.203100995963,1532.0595761226455,919.486477645839,1286,656,1751,1211,466,556
ISIC_0015940,True,True,2000,3008,6016000,1.504,2000,3008,0.0159549534574468,95985,tiny,True,False,False,False,False,False,0,95985,0.015954953457446807,349.5881830116753,1466.2036047299057,1002.0779184247539,1280,812,1631,1177,352,366
ISIC_0015941,True,True,2000,3008,6016000,1.504,2000,3008,0.0216610704787234,130313,small,True,False,False,False,False,False,0,130313,0.021661070478723406,407.332376313341,1382.8933644379301,944.0517676670785,1141,739,1626,1166,486,428
ISIC_0015942,True,True,2000,3008,6016000,1.504,2000,3008,0.0109338430851063,65778,tiny,True,False,False,False,False,False,0,65778,0.010933843085106382,289.3979107968638,1536.8288941591413,988.9701115874609,1409,806,1675,1193,267,388
ISIC_0015943,True,True,2000,3008,6016000,1.504,2000,3008,0.012057347074468,72537,tiny,True,False,False,False,False,False,0,72537,0.012057347074468086,303.90290695624236,1488.9793622565035,976.7053090147098,1333,774,1651,1152,319,379
ISIC_0015944,True,True,2000,3008,6016000,1.504,2000,3008,0.0341145279255319,205233,small,True,False,False,False,False,False,0,205233,0.034114527925531914,511.185652659219,1481.2364288394167,967.2785419498814,1197,666,1774,1285,578,620
ISIC_0015945,True,True,2000,3008,6016000,1.504,2000,3008,0.0238736702127659,143624,small,True,False,False,False,False,False,0,143624,0.023873670212765957,427.6303969236086,1535.0664025511057,944.6189842923188,1346,644,1731,1234,386,591
ISIC_0015946,True,True,2000,3008,6016000,1.504,2000,3008,0.0232468417553191,139853,small,True,False,False,False,False,False,0,139853,0.023246841755319148,421.9791109164608,1494.622660936841,931.3179052290619,1312,633,1676,1225,365,593
ISIC_0015947,True,True,2000,3008,6016000,1.504,2000,3008,0.0718751662234042,432401,normal,True,False,False,False,False,False,0,432401,0.07187516622340426,741.9906012767474,1524.9232726103778,942.4652880081221,1089,604,1952,1270,864,667
ISIC_0015948,True,True,2000,3008,6016000,1.504,2000,3008,0.0692408577127659,416553,normal,True,False,False,False,False,False,0,416553,0.06924085771276596,728.2662645475666,1444.1583135879469,1081.5920471104516,1038,743,1848,1408,811,666
ISIC_0015949,True,True,2000,3008,6016000,1.504,2000,3008,0.0150593417553191,90597,tiny,True,False,False,False,False,False,0,90597,0.01505934175531915,339.63463167700013,1561.141262955727,919.3182776471627,1345,760,1761,1070,417,311
ISIC_0015950,True,True,2000,3008,6016000,1.504,2000,3008,0.028299534574468,170250,small,True,False,False,False,False,False,0,170250,0.028299534574468085,465.58461367528184,1504.3567165932452,959.998355359765,1225,712,1775,1199,551,488
ISIC_0015951,True,True,2000,3008,6016000,1.504,2000,3008,0.0032016289893617,19261,very_tiny,True,False,False,False,False,False,0,19261,0.003201628989361702,156.60097978985945,1539.1270442863818,991.4483152484295,1448,911,1619,1073,172,163
ISIC_0015952,True,True,2000,3008,6016000,1.504,2000,3008,0.018033909574468,108492,tiny,True,False,False,False,False,False,0,108492,0.018033909574468085,371.66692708311734,1455.4505862183387,1020.5362791726579,1227,808,1664,1285,438,478
ISIC_0015953,True,True,2000,3008,6016000,1.504,2000,3008,0.0875515292553191,526710,normal,True,False,False,False,False,False,0,526710,0.08755152925531914,818.9187997643342,1467.0900951187562,1037.4072924379639,1032,509,1841,1481,810,973
ISIC_0015955,True,True,2000,3008,6016000,1.504,2000,3008,0.2615031582446808,1573203,normal,True,False,False,False,False,False,0,1573203,0.26150315824468084,1415.2965312951178,1516.2853884717993,820.5122651050119,673,50,2287,1459,1615,1410
ISIC_0015956,True,True,2000,3008,6016000,1.504,2000,3008,0.1169331781914893,703470,normal,True,False,False,False,False,False,0,703470,0.11693317819148936,946.4067954821779,1675.494528551324,873.5598632493212,1055,457,2255,1323,1201,867
ISIC_0015957,True,True,2592,3872,10036224,1.4938271604938271,2592,3872,0.1266360734873992,1270948,normal,True,False,False,False,False,False,0,1270948,0.12663607348739925,1272.0932563700137,1981.830049695188,1256.4968708397196,1356,565,2650,1934,1295,1370
ISIC_0015958,True,True,2592,3872,10036224,1.4938271604938271,2592,3872,0.0338922287904295,340150,small,True,False,False,False,False,False,0,340150,0.033892228790429545,658.0975848167699,1800.68730854035,1321.97554902249,1423,1010,2213,1621,791,612
ISIC_0015960,True,True,2000,3008,6016000,1.504,2000,3008,0.0682381981382978,410521,normal,True,False,False,False,False,False,0,410521,0.06823819813829787,722.9741151273839,1383.9826050311676,962.186487414773,1027,578,1758,1343,732,766
ISIC_0015961,True,True,2000,3008,6016000,1.504,2000,3008,0.0574654255319148,345712,normal,True,False,False,False,False,False,0,345712,0.057465425531914895,663.4562453466563,1542.9301701994723,1001.5854815569029,1234,610,1883,1395,650,786
ISIC_0015962,True,True,2000,3008,6016000,1.504,2000,3008,0.021635472074468,130159,small,True,False,False,False,False,False,0,130159,0.021635472074468084,407.09161856169925,1584.2680413955238,970.6528630367474,1393,716,1790,1209,398,494
ISIC_0015963,True,True,2592,3872,10036224,1.4938271604938271,2592,3872,0.0340469682621671,341703,small,True,False,False,False,False,False,0,341703,0.034046968262167125,659.5981899267457,1927.6532719935149,1333.074570606638,1488,1048,2395,1633,908,586
ISIC_0015964,True,True,2000,3008,6016000,1.504,2000,3008,0.0289744015957446,174310,small,True,False,False,False,False,False,0,174310,0.02897440159574468,471.1033698062308,1458.2113877574436,899.1589409672423,1245,631,1667,1164,423,534
ISIC_0015965,True,True,2000,3008,6016000,1.504,2000,3008,0.0319251994680851,192062,small,True,False,False,False,False,False,0,192062,0.03192519946808511,494.5108021478649,1567.5183117951494,1055.7556414074622,1232,808,1858,1279,627,472
ISIC_0015966,True,True,2592,3872,10036224,1.4938271604938271,2592,3872,0.0724141868495561,726765,normal,True,False,False,False,False,False,0,726765,0.07241418684955617,961.9490307336717,2000.003896720398,1196.0655273712962,1599,580,2439,1765,841,1186
ISIC_0015967,True,True,2000,3008,6016000,1.504,2000,3008,0.2210246010638298,1329684,normal,True,False,False,False,False,False,0,1329684,0.2210246010638298,1301.1557365671606,1522.9501370250375,963.7005311036306,864,299,2180,1650,1317,1352
ISIC_0015968,True,True,2000,3008,6016000,1.504,2000,3008,0.0818025265957446,492124,normal,True,False,False,False,False,False,0,492124,0.08180252659574468,791.5754782162262,1570.6447927758045,993.5693910477847,1223,488,1913,1441,691,954
ISIC_0015969,True,True,2000,3008,6016000,1.504,2000,3008,0.15190625,913868,normal,True,False,False,False,False,False,0,913868,0.15190625,1078.6903523569838,1669.892579672338,1074.3794267881137,1121,525,2201,1623,1081,1099
ISIC_0015971,True,True,2000,3008,6016000,1.504,2000,3008,0.0177420212765957,106736,tiny,True,False,False,False,False,False,0,106736,0.017742021276595743,368.64684461806036,1454.222624044371,963.2876817568581,1284,750,1646,1207,363,458
ISIC_0015972,True,True,2592,3872,10036224,1.4938271604938271,2592,3872,0.0754200982361493,756933,normal,True,False,False,False,False,False,0,756933,0.07542009823614937,981.7112754343922,1746.0144041810834,985.7960717791403,1249,469,2292,1495,1044,1027
ISIC_0015973,True,True,753,1028,774084,1.3652058432934926,753,1028,0.2438598395006226,188768,normal,True,False,False,False,False,False,0,188768,0.24385983950062268,490.2518560704969,543.7639271486693,371.9598342939481,274,148,809,599,536,452
ISIC_0015974,True,True,753,1028,774084,1.3652058432934926,753,1028,0.1956596441729838,151457,normal,True,False,False,False,False,False,0,151457,0.19565964417298382,439.1367005010553,496.9751678694283,308.6948638887605,227,91,742,540,516,450
ISIC_0015975,True,True,2000,3008,6016000,1.504,2000,3008,0.0466999667553191,280947,small,True,False,False,False,False,False,0,280947,0.04669996675531915,598.090988374436,1639.1023645029134,979.8622658366169,1291,710,1995,1240,705,531
ISIC_0015976,True,True,2000,3008,6016000,1.504,2000,3008,0.0351386303191489,211394,small,True,False,False,False,False,False,0,211394,0.035138630319148934,518.8016965274352,1555.2198690596706,994.1737561141754,1254,758,1854,1267,601,510
ISIC_0015978,True,True,2592,3872,10036224,1.4938271604938271,2592,3872,0.0323304860473421,324476,small,True,False,False,False,False,False,0,324476,0.03233048604734211,642.7563103676903,1938.4592943699997,966.0336789161602,1631,647,2272,1306,642,660
ISIC_0015980,True,True,2000,3008,6016000,1.504,2000,3008,0.0473904587765957,285101,small,True,False,False,False,False,False,0,285101,0.04739045877659574,602.496363012707,1563.5273078663351,902.1601678001831,1181,660,1952,1165,772,506
ISIC_0015981,True,True,2000,3008,6016000,1.504,2000,3008,0.0381831781914893,229710,small,True,False,False,False,False,False,0,229710,0.038183178191489364,540.8103695576798,1437.8432806582211,966.5647642679901,1190,656,1729,1285,540,630
ISIC_0015982,True,True,2000,3008,6016000,1.504,2000,3008,0.0697711103723404,419743,normal,True,False,False,False,False,False,0,419743,0.06977111037234042,731.0495101056914,1614.6654953149903,895.7795817917154,1239,457,2016,1338,778,882
ISIC_0015983,True,True,2592,3872,10036224,1.4938271604938271,2592,3872,0.24843835689598,2493383,normal,True,True,False,False,False,True,1,2493383,0.24843835689598,1781.7614418800274,1787.5752614018784,1100.5552275763491,827,0,2822,2462,1996,2463
ISIC_0015984,True,True,2592,3872,10036224,1.4938271604938271,2592,3872,0.1028192475576471,1031917,normal,True,False,False,False,False,False,0,1031917,0.10281924755764718,1146.244970014907,2295.4024974876857,1402.0506038760868,1687,818,3000,1917,1314,1100
ISIC_0015985,True,True,2592,3872,10036224,1.4938271604938271,2592,3872,0.0218180662368635,218971,small,True,False,False,False,False,False,0,218971,0.021818066236863585,528.0175530701639,2122.343561476177,1378.131766306954,1853,1108,2395,1660,543,553
ISIC_0015986,True,True,2000,3008,6016000,1.504,2000,3008,0.0408234707446808,245594,small,True,False,False,False,False,False,0,245594,0.04082347074468085,559.1958447178301,1439.6093797079734,948.487173953761,1197,590,1674,1401,478,812
ISIC_0015987,True,True,2000,3008,6016000,1.504,2000,3008,0.0303578789893617,182633,small,True,False,False,False,False,False,0,182633,0.0303578789893617,482.2194083336101,1440.2413857298516,918.0288885360258,1212,608,1665,1284,454,677
ISIC_0015989,True,True,2000,3008,6016000,1.504,2000,3008,0.0277096077127659,166701,small,True,False,False,False,False,False,0,166701,0.027709607712765958,460.7063113816614,1463.8728861854459,928.0449667368522,1265,684,1675,1187,411,504
ISIC_0015990,True,True,2000,3008,6016000,1.504,2000,3008,0.0779054188829787,468679,normal,True,False,False,False,False,False,0,468679,0.07790541888297872,772.4898941649213,1481.0140031876829,1021.4998410425899,985,698,1965,1362,981,665
ISIC_0015991,True,True,2000,3008,6016000,1.504,2000,3008,0.0341815159574468,205636,small,True,False,False,False,False,False,0,205636,0.03418151595744681,511.6872941760035,1533.148145266393,989.9493960201521,1159,780,1926,1197,768,418
ISIC_0015993,True,True,2000,3008,6016000,1.504,2000,3008,0.0307069481382978,184733,small,True,False,False,False,False,False,0,184733,0.03070694813829787,484.9838768635106,1502.9682677161093,1000.6231480027932,1149,802,1857,1217,709,416
ISIC_0015994,True,True,2592,3872,10036224,1.4938271604938271,2592,3872,0.0154122705910111,154681,tiny,True,False,False,False,False,False,0,154681,0.01541227059101112,443.7859461713267,1944.0270944718486,1222.7739282781984,1701,983,2162,1438,462,456
ISIC_0015995,True,True,2000,3008,6016000,1.504,2000,3008,0.083555352393617,502669,normal,True,False,False,False,False,False,0,502669,0.08355535239361703,800.0112803657705,1584.8583739995902,1125.2738402407947,1193,732,2013,1557,821,826
ISIC_0015996,True,True,2000,3008,6016000,1.504,2000,3008,0.0435543550531914,262023,small,True,False,False,False,False,False,0,262023,0.04355435505319149,577.5967842969189,1504.7665357621277,1327.6799746587133,1182,996,1809,1651,628,656
ISIC_0015997,True,True,2592,3872,10036224,1.4938271604938271,2592,3872,0.0363341830553004,364658,small,True,False,False,False,False,False,0,364658,0.03633418305530048,681.393414925647,1905.3080996440501,1378.7799965995534,1560,1031,2244,1745,685,715
ISIC_0015998,True,True,2592,3872,10036224,1.4938271604938271,2592,3872,0.0284020165353025,285049,small,True,False,False,False,False,False,0,285049,0.02840201653530252,602.4414153983882,1979.135997670576,1268.9066406126667,1607,992,2401,1552,795,561
ISIC_0015999,True,True,2000,3008,6016000,1.504,2000,3008,0.0157425199468085,94707,tiny,True,False,False,False,False,False,0,94707,0.01574251994680851,347.2530742315078,1559.2709303430581,970.6434160093763,1379,770,1758,1160,380,391
ISIC_0016000,True,True,2592,3872,10036224,1.4938271604938271,2592,3872,0.0330657227259973,331855,small,True,False,False,False,False,False,0,331855,0.033065722725997344,650.0237758098449,1983.1802986243993,1268.0262554428891,1648,917,2340,1622,693,706
ISIC_0016003,True,True,2000,3008,6016000,1.504,2000,3008,0.0387809175531914,233306,small,True,False,False,False,False,False,0,233306,0.03878091755319149,545.0269949497748,1462.9980969199248,1009.5831911738233,1152,715,1755,1310,604,596
ISIC_0016004,True,True,2848,4288,12212224,1.5056179775280898,2848,4288,0.0551633347046369,673667,normal,True,False,False,False,False,False,0,673667,0.05516333470463693,926.1422484603015,2118.814296974618,1368.8751801706185,1635,744,2648,1999,1014,1256
ISIC_0016005,True,True,2848,4288,12212224,1.5056179775280898,2848,4288,0.1045499165426379,1276787,normal,True,False,False,False,False,False,0,1276787,0.10454991654263793,1275.0120386113122,2212.9903445132195,1519.790183484011,1485,997,2939,2157,1455,1161
ISIC_0016006,True,True,2848,4288,12212224,1.5056179775280898,2848,4288,0.0435601246750796,531966,small,True,False,False,False,False,False,0,531966,0.04356012467507966,822.9946218867931,2091.8498249888153,1917.662897628796,1688,1483,2489,2353,802,871
ISIC_0016007,True,True,2848,4288,12212224,1.5056179775280898,2848,4288,0.0498471859016015,608745,small,True,False,False,False,False,False,0,608745,0.049847185901601546,880.3852603603758,2256.614363978349,1727.1125528751777,1757,1286,2721,2174,965,889
ISIC_0016008,True,True,2848,4288,12212224,1.5056179775280898,2848,4288,0.158258397487632,1932687,normal,True,False,False,False,False,False,0,1932687,0.15825839748763207,1568.6852826477234,1745.228151273331,1651.8179513806426,1010,581,2353,2610,1344,2030
ISIC_0016009,True,True,2848,4288,12212224,1.5056179775280898,2848,4288,0.0561494777691598,685710,normal,True,False,False,False,False,False,0,685710,0.056149477769159815,934.383801347363,2168.4352043866943,1460.4296218518032,1725,974,2657,1970,933,997
ISIC_0016011,True,True,2848,4288,12212224,1.5056179775280898,2848,4288,0.0144728757022471,176746,tiny,True,False,False,False,False,False,0,176746,0.01447287570224719,474.38380724236475,2111.0388410487367,1389.1913084313082,1861,1087,2369,1650,509,564
ISIC_0016012,True,True,2848,4288,12212224,1.5056179775280898,2848,4288,0.0278300660059953,339867,small,True,False,False,False,False,False,0,339867,0.027830066005995305,657.8237638991964,2083.1898007161626,1962.3980262867533,1636,1648,2563,2253,928,606
ISIC_0016013,True,True,2848,4288,12212224,1.5056179775280898,2848,4288,0.0367741371268656,449094,small,True,False,False,False,False,False,0,449094,0.03677413712686567,756.1773866648574,2047.685337590794,1606.1536404405315,1735,1177,2367,2031,633,855
ISIC_0016014,True,True,2848,4288,12212224,1.5056179775280898,2848,4288,0.0471272063139359,575528,small,True,False,False,False,False,False,0,575528,0.04712720631393594,856.0286260998162,1924.6049766475305,1801.9477106239835,1404,1378,2478,2209,1075,832
ISIC_0016015,True,True,2848,4288,12212224,1.5056179775280898,2848,4288,0.0699707113135166,854498,normal,True,False,False,False,False,False,0,854498,0.06997071131351669,1043.0631066704962,2161.916281840332,1562.2955536467025,1673,1024,2661,2173,989,1150
ISIC_0016016,True,True,2848,4288,12212224,1.5056179775280898,2848,4288,0.1590459690225138,1942305,normal,True,False,False,False,False,False,0,1942305,0.15904596902251383,1572.5837128550043,1294.9018738045775,1331.654643323268,607,452,2077,2205,1471,1754
ISIC_0016017,True,True,2848,4288,12212224,1.5056179775280898,2848,4288,0.0221954657890323,271056,small,True,False,False,False,False,False,0,271056,0.022195465789032365,587.4684825909678,2122.85273153887,1459.390491263798,1731,1180,2465,1742,735,563
ISIC_0016019,True,True,2000,3008,6016000,1.504,2000,3008,0.0445116356382978,267782,small,True,False,False,False,False,False,0,267782,0.044511635638297874,583.9097805040359,1509.4501758893427,978.9016737495425,1216,687,1816,1278,601,592
ISIC_0016022,True,True,2848,4288,12212224,1.5056179775280898,2848,4288,0.0354114041799429,432452,small,True,False,False,False,False,False,0,432452,0.035411404179942985,742.0343574254568,1644.8133920065118,2033.9318097731077,1210,1633,2056,2424,847,792
ISIC_0016023,True,True,2592,3872,10036224,1.4938271604938271,2592,3872,0.0409185765483113,410668,small,True,False,False,False,False,False,0,410668,0.040918576548311394,723.1035453911838,1937.2041381359152,1180.6560554998198,1560,845,2315,1489,756,645
ISIC_0016024,True,True,2592,3872,10036224,1.4938271604938271,2592,3872,0.0944358157012039,947779,normal,True,False,False,False,False,False,0,947779,0.09443581570120396,1098.521598544857,1922.230530535072,1489.0654836201265,1388,783,2401,2044,1014,1262
ISIC_0016025,True,True,2000,3008,6016000,1.504,2000,3008,0.2258118351063829,1358484,normal,True,False,False,False,False,False,0,1358484,0.22581183510638297,1315.1713005118393,1385.0919267359793,1051.578943881562,729,351,2050,1798,1322,1448
ISIC_0016026,True,True,2000,3008,6016000,1.504,2000,3008,0.0208231382978723,125272,small,True,False,False,False,False,False,0,125272,0.02082313829787234,399.37609373629675,1512.8990995593588,1005.0335669582987,1304,778,1771,1252,468,475
ISIC_0016027,True,True,2848,4288,12212224,1.5056179775280898,2848,4288,0.0086175949605903,105240,very_tiny,True,False,False,False,False,False,0,105240,0.008617594960590306,366.0542715061914,2183.1955910300267,1381.1586088939566,2003,1168,2368,1603,366,436
ISIC_0016028,True,True,2592,3872,10036224,1.4938271604938271,2592,3872,0.0201742209022038,202473,small,True,False,False,False,False,False,0,202473,0.020174220902203856,507.73677268951343,1914.4387449190756,970.8409862055681,1618,690,2226,1245,609,556
ISIC_0016029,True,True,2848,4288,12212224,1.5056179775280898,2848,4288,0.1068411453966124,1304768,normal,True,False,False,False,False,False,0,1304768,0.10684114539661245,1288.9073722750634,2025.8386034911953,1543.661863258449,1301,949,2769,2101,1469,1153
ISIC_0016030,True,True,2848,4288,12212224,1.5056179775280898,2848,4288,0.0926618280175666,1131607,normal,True,False,False,False,False,False,0,1131607,0.09266182801756666,1200.3361118866346,1647.3542201488679,1088.3987488589237,1013,469,2236,1726,1224,1258
ISIC_0016033,True,True,2592,3872,10036224,1.4938271604938271,2592,3872,0.0910907329290378,914207,normal,True,False,False,False,False,False,0,914207,0.09109073292903785,1078.8904042921592,1945.191575868485,1089.3771224678874,1295,478,2518,1635,1224,1158
ISIC_0016034,True,True,2848,4288,12212224,1.5056179775280898,2848,4288,0.0271380544608418,331416,small,True,False,False,False,False,False,0,331416,0.02713805446084186,649.59368605148,3483.4470454051707,1020.70350858136,3115,681,3870,1428,756,748
ISIC_0016035,True,True,2848,4288,12212224,1.5056179775280898,2848,4288,0.542225887766225,6621784,normal,True,False,False,False,False,False,0,6621784,0.542225887766225,2903.6386217114873,2554.646919470644,1283.0370271817987,906,39,4126,2534,3221,2496
ISIC_0016036,True,True,2848,4288,12212224,1.5056179775280898,2848,4288,0.2890538201723125,3529990,normal,True,False,False,False,False,False,0,3529990,0.28905382017231257,2120.028976339634,2132.1676905600298,1682.7875093130576,941,724,3211,2719,2271,1996
ISIC_0016037,True,True,2848,4288,12212224,1.5056179775280898,2848,4288,0.1315540887556599,1606568,normal,True,False,False,False,False,False,0,1606568,0.1315540887556599,1430.2258244438467,2455.7103988128733,1684.5936250441937,1552,1131,3415,2269,1864,1139
ISIC_0016038,True,True,2000,3008,6016000,1.504,2000,3008,0.017797539893617,107070,tiny,True,False,False,False,False,False,0,107070,0.017797539893617022,369.22318190329526,1574.6105258242271,949.5943214719342,1350,770,1802,1108,453,339
ISIC_0016040,True,True,2848,4288,12212224,1.5056179775280898,2848,4288,0.0339711259800016,414863,small,True,False,False,False,False,False,0,414863,0.033971125980001675,726.7874360825617,2061.0664797776617,1243.7004938979856,1641,772,2522,1618,882,847
ISIC_0016041,True,True,2000,3008,6016000,1.504,2000,3008,0.0463374335106383,278766,small,True,False,False,False,False,False,0,278766,0.0463374335106383,595.764966180156,1532.0169963338428,1105.273265032321,1253,778,1791,1423,539,646
ISIC_0016042,True,True,2848,4288,12212224,1.5056179775280898,2848,4288,0.0257863760114455,314909,small,True,False,False,False,False,False,0,314909,0.02578637601144558,633.209753393775,2207.18518048071,1344.2496943561473,1776,988,2684,1783,909,796
ISIC_0016043,True,True,2848,4288,12212224,1.5056179775280898,2848,4288,0.0317187925802867,387357,small,True,False,False,False,False,False,0,387357,0.031718792580286766,702.2807489387549,2061.0548047408465,1684.9362422777954,1651,1382,2451,2003,801,622
ISIC_0016044,True,True,2848,4288,12212224,1.5056179775280898,2848,4288,0.0578671829144306,706687,normal,True,False,False,False,False,False,0,706687,0.05786718291443065,948.5683075826738,2190.2537360953293,1365.852102840437,1731,841,2638,1895,908,1055
ISIC_0016045,True,True,2592,3872,10036224,1.4938271604938271,2592,3872,0.0202554267421691,203288,small,True,False,False,False,False,False,0,203288,0.020255426742169166,508.7576245818059,1911.0686021801582,1139.1375093463462,1607,882,2214,1382,608,501
ISIC_0016046,True,True,2000,3008,6016000,1.504,2000,3008,0.0447184175531914,269026,small,True,False,False,False,False,False,0,269026,0.04471841755319149,585.2645058107674,1537.4939002178228,935.06111305227,1240,580,1826,1275,587,696
ISIC_0016048,True,True,2848,4288,12212224,1.5056179775280898,2848,4288,0.0130266198851249,159084,tiny,True,False,False,False,False,False,0,159084,0.013026619885124937,450.0578182130032,2052.0291481230042,1656.313934776596,1824,1426,2286,1911,463,486
ISIC_0016050,True,True,2848,4288,12212224,1.5056179775280898,2848,4288,0.016392755324501,200192,tiny,True,False,False,False,False,False,0,200192,0.01639275532450109,504.86866702105976,2166.6618146579285,1854.5701526534526,1892,1551,2417,2154,526,604
ISIC_0016051,True,True,2848,4288,12212224,1.5056179775280898,2848,4288,0.0286602178276454,350005,small,True,False,False,False,False,False,0,350005,0.02866021782764548,667.5628860676952,1909.0723103955659,1432.6860301995687,1541,1118,2282,1736,742,619
ISIC_0016052,True,True,2848,4288,12212224,1.5056179775280898,2848,4288,0.1825074613764045,2228822,normal,True,False,False,False,False,False,0,2228822,0.1825074613764045,1684.5843132879147,2102.747023764123,1391.559915506936,1323,523,2919,2363,1597,1841
ISIC_0016053,True,True,2848,4288,12212224,1.5056179775280898,2848,4288,0.0085870517933506,104867,very_tiny,True,False,False,False,False,False,0,104867,0.008587051793350663,365.4049963229051,1825.7172323037753,1447.066245816129,1643,1232,2006,1651,364,420
ISIC_0016054,True,True,2848,4288,12212224,1.5056179775280898,2848,4288,0.1020940985032701,1246796,normal,True,False,False,False,False,False,0,1246796,0.10209409850327017,1259.94840029964,2370.6690084023367,1754.496345031585,1753,1114,2976,2412,1224,1299
ISIC_0016055,True,True,2848,4288,12212224,1.5056179775280898,2848,4288,0.2748694259129213,3356767,normal,True,False,False,False,False,False,0,3356767,0.27486942591292135,2067.357851670102,2171.6646159831766,1336.0939359210813,1153,242,3223,2421,2071,2180
ISIC_0016056,True,True,2848,4288,12212224,1.5056179775280898,2848,4288,0.0121769793937615,148708,tiny,True,False,False,False,False,False,0,148708,0.01217697939376153,435.1332051435245,2241.2230344029913,1334.377975630094,2038,1039,2450,1604,413,566
ISIC_0016057,True,True,2848,4288,12212224,1.5056179775280898,2848,4288,0.0442888207749874,540865,small,True,False,False,False,False,False,0,540865,0.04428882077498742,829.8498095216892,2207.464938570623,1468.4060495687463,1566,1074,2709,1866,1144,793
ISIC_0016058,True,True,2848,4288,12212224,1.5056179775280898,2848,4288,0.0202850029609676,247725,small,True,False,False,False,False,False,0,247725,0.020285002960967635,561.6166541507812,2086.5683842971034,2112.592600666061,1844,1734,2318,2458,475,725
ISIC_0016059,True,True,2848,4288,12212224,1.5056179775280898,2848,4288,0.0180876963933842,220891,tiny,True,False,False,False,False,False,0,220891,0.018087696393384204,530.3274047945239,2177.2342693907854,1793.6211932582132,1869,1507,2437,2088,569,582
ISIC_0016060,True,True,2848,4288,12212224,1.5056179775280898,2848,4288,0.0239249623983313,292177,small,True,False,False,False,False,False,0,292177,0.023924962398331376,609.9272993251619,2234.5772425618716,1285.9081447204949,1908,981,2591,1597,684,617
ISIC_0016061,True,True,2848,4288,12212224,1.5056179775280898,2848,4288,0.0125035374392084,152696,tiny,True,False,False,False,False,False,0,152696,0.012503537439208453,440.9292296081996,2120.2632223502906,1705.7931445486456,1891,1485,2332,1921,442,437
ISIC_0016062,True,True,2848,4288,12212224,1.5056179775280898,2848,4288,0.0314312937594331,383846,small,True,False,False,False,False,False,0,383846,0.03143129375943317,699.0907711366337,2122.031906024812,1452.5707679642358,1731,1113,2532,1797,802,685
ISIC_0016063,True,True,2848,4288,12212224,1.5056179775280898,2848,4288,0.0145890707540248,178165,tiny,True,False,False,False,False,False,0,178165,0.01458907075402482,476.2842885165752,2299.115370583448,1755.4197625796312,2025,1509,2556,2028,532,520
ISIC_0016064,True,True,2848,4288,12212224,1.5056179775280898,2848,4288,0.0181283114361479,221387,tiny,True,False,False,False,False,False,0,221387,0.01812831143614791,530.9224831275122,2166.1655923789563,1308.333389042717,1828,1018,2444,1572,617,555
ISIC_0016065,True,True,2848,4288,12212224,1.5056179775280898,2848,4288,0.01133929413676,138478,tiny,True,False,False,False,False,False,0,138478,0.01133929413676002,419.8995899924598,2181.2519028293304,1349.4891535117492,1927,1095,2384,1599,458,505
ISIC_0016066,True,True,2848,4288,12212224,1.5056179775280898,2848,4288,0.0907362164336324,1108091,normal,True,False,False,False,False,False,0,1108091,0.0907362164336324,1187.798501583973,2306.8425806183786,2043.9984920011082,1745,1430,2927,2645,1183,1216
ISIC_0016068,True,True,2848,4288,12212224,1.5056179775280898,2848,4288,0.1283185601574291,1567055,normal,True,False,False,False,False,False,0,1567055,0.12831856015742915,1412.5283695469484,2287.1042854271227,1653.7184534046348,1465,782,2949,2387,1485,1606
ISIC_0016069,True,True,2848,4288,12212224,1.5056179775280898,2848,4288,0.0223741392231259,273238,small,True,False,False,False,False,False,0,273238,0.022374139223125943,589.828302749492,2188.5899801638134,1803.310194775251,1885,1481,2501,2110,617,630
ISIC_0016070,True,True,2848,4288,12212224,1.5056179775280898,2848,4288,0.0248082576932751,302964,small,True,False,False,False,False,False,0,302964,0.024808257693275198,621.084330369994,2236.4249481786615,1619.6802326349004,1895,1332,2603,1901,709,570
ISIC_0016071,True,True,2848,4288,12212224,1.5056179775280898,2848,4288,0.0315206304764799,384937,small,True,False,False,False,False,False,0,384937,0.03152063047647996,700.083574033643,2122.046173789477,1522.0389388393426,1590,1230,2570,1797,981,568
ISIC_0016072,True,True,2848,4288,12212224,1.5056179775280898,2848,4288,0.1036102023677259,1265311,normal,True,False,False,False,False,False,0,1265311,0.10361020236772597,1269.2690816325724,2287.930865218116,1933.983306870801,1649,1266,2927,2551,1279,1286
