dataset,stem,xai_method,concept,top_k_percent,iou,dice,sir,inside_outside_ratio,pearson_corr,concept_area_ratio,xai_area_ratio,xai_path,pseudo_npz_path
ham10000,ISIC_0033299,gradcam,asymmetry,20,0.0,0.0,0.003578045299114603,0.06319066821840064,-0.12242289297436551,0.05377072704081633,0.20408163265306123,/home/tbeliere/Projects/DCU/2026-mcm-XAI-skin-lesion/outputs/pilot/xai_maps/gradcam/ham10000_ISIC_0033299.npy,/home/tbeliere/Projects/DCU/2026-mcm-XAI-skin-lesion/outputs/pilot/pseudo_concepts/npz/ham10000/ISIC_0033299.npz
ham10000,ISIC_0033299,gradcam,border_default,20,0.0,0.0,6.177767128568935e-05,0.047629719927785544,-0.07645403620431801,0.001295440051020408,0.20408163265306123,/home/tbeliere/Projects/DCU/2026-mcm-XAI-skin-lesion/outputs/pilot/xai_maps/gradcam/ham10000_ISIC_0033299.npy,/home/tbeliere/Projects/DCU/2026-mcm-XAI-skin-lesion/outputs/pilot/pseudo_concepts/npz/ham10000/ISIC_0033299.npz
ham10000,ISIC_0033299,gradcam,border_w8_dil2_sigma5,20,0.0,0.0,6.177767128568935e-05,0.047629719927785544,-0.07645403620431801,0.001295440051020408,0.20408163265306123,/home/tbeliere/Projects/DCU/2026-mcm-XAI-skin-lesion/outputs/pilot/xai_maps/gradcam/ham10000_ISIC_0033299.npy,/home/tbeliere/Projects/DCU/2026-mcm-XAI-skin-lesion/outputs/pilot/pseudo_concepts/npz/ham10000/ISIC_0033299.npz
ham10000,ISIC_0033299,gradcam,border_w12_dil4_sigma8,20,0.0,0.0,0.0003685519980278331,0.07161295391847598,-0.1029518345465778,0.005121970663265306,0.20408163265306123,/home/tbeliere/Projects/DCU/2026-mcm-XAI-skin-lesion/outputs/pilot/xai_maps/gradcam/ham10000_ISIC_0033299.npy,/home/tbeliere/Projects/DCU/2026-mcm-XAI-skin-lesion/outputs/pilot/pseudo_concepts/npz/ham10000/ISIC_0033299.npz
ham10000,ISIC_0033299,gradcam,border_w16_dil6_sigma10,20,0.0,0.0,0.0005923222568461076,0.07546351122191924,-0.12437517816141125,0.007792570153061225,0.20408163265306123,/home/tbeliere/Projects/DCU/2026-mcm-XAI-skin-lesion/outputs/pilot/xai_maps/gradcam/ham10000_ISIC_0033299.npy,/home/tbeliere/Projects/DCU/2026-mcm-XAI-skin-lesion/outputs/pilot/pseudo_concepts/npz/ham10000/ISIC_0033299.npz
ham10000,ISIC_0033299,gradcam,border_w16_dil6_sigma10_dist,20,0.0,0.0,0.00047879521364051577,0.07755842622170286,-0.11510464909585837,0.006138392857142857,0.20408163265306123,/home/tbeliere/Projects/DCU/2026-mcm-XAI-skin-lesion/outputs/pilot/xai_maps/gradcam/ham10000_ISIC_0033299.npy,/home/tbeliere/Projects/DCU/2026-mcm-XAI-skin-lesion/outputs/pilot/pseudo_concepts/npz/ham10000/ISIC_0033299.npz
ham10000,ISIC_0033299,gradcam,colour_heterogeneity,20,0.051672149122771606,0.09826664928965315,0.07590620573748168,0.725049963691947,0.3132625349107073,0.10176179846938775,0.20408163265306123,/home/tbeliere/Projects/DCU/2026-mcm-XAI-skin-lesion/outputs/pilot/xai_maps/gradcam/ham10000_ISIC_0033299.npy,/home/tbeliere/Projects/DCU/2026-mcm-XAI-skin-lesion/outputs/pilot/pseudo_concepts/npz/ham10000/ISIC_0033299.npz
ham10000,ISIC_0033299,lime,asymmetry,20,0.028325318395588266,0.055090189629449046,0.04906542056073278,0.9079780390274989,-0.05414593258426277,0.05377072704081633,0.3340441645408163,/home/tbeliere/Projects/DCU/2026-mcm-XAI-skin-lesion/outputs/pilot/xai_maps/lime/ham10000_ISIC_0033299.npy,/home/tbeliere/Projects/DCU/2026-mcm-XAI-skin-lesion/outputs/pilot/pseudo_concepts/npz/ham10000/ISIC_0033299.npz
ham10000,ISIC_0033299,lime,border_default,20,0.000773211205614243,0.0015452276239144506,0.0011833960432087683,0.9134064312880931,-0.04649477560121891,0.001295440051020408,0.3340441645408163,/home/tbeliere/Projects/DCU/2026-mcm-XAI-skin-lesion/outputs/pilot/xai_maps/lime/ham10000_ISIC_0033299.npy,/home/tbeliere/Projects/DCU/2026-mcm-XAI-skin-lesion/outputs/pilot/pseudo_concepts/npz/ham10000/ISIC_0033299.npz
ham10000,ISIC_0033299,lime,border_w8_dil2_sigma5,20,0.000773211205614243,0.0015452276239144506,0.0011833960432087683,0.9134064312880931,-0.04649477560121891,0.001295440051020408,0.3340441645408163,/home/tbeliere/Projects/DCU/2026-mcm-XAI-skin-lesion/outputs/pilot/xai_maps/lime/ham10000_ISIC_0033299.npy,/home/tbeliere/Projects/DCU/2026-mcm-XAI-skin-lesion/outputs/pilot/pseudo_concepts/npz/ham10000/ISIC_0033299.npz
ham10000,ISIC_0033299,lime,border_w12_dil4_sigma8,20,0.0024740810556064595,0.004935950170404903,0.004536351498966945,0.8851442065436893,-0.050336332928785615,0.005121970663265306,0.3340441645408163,/home/tbeliere/Projects/DCU/2026-mcm-XAI-skin-lesion/outputs/pilot/xai_maps/lime/ham10000_ISIC_0033299.npy,/home/tbeliere/Projects/DCU/2026-mcm-XAI-skin-lesion/outputs/pilot/pseudo_concepts/npz/ham10000/ISIC_0033299.npz
ham10000,ISIC_0033299,lime,border_w16_dil6_sigma10,20,0.003921568627448685,0.007812499999995445,0.006948658817815589,0.8909452521211262,-0.05667560687826231,0.007792570153061225,0.3340441645408163,/home/tbeliere/Projects/DCU/2026-mcm-XAI-skin-lesion/outputs/pilot/xai_maps/lime/ham10000_ISIC_0033299.npy,/home/tbeliere/Projects/DCU/2026-mcm-XAI-skin-lesion/outputs/pilot/pseudo_concepts/npz/ham10000/ISIC_0033299.npz
ham10000,ISIC_0033299,lime,border_w16_dil6_sigma10_dist,20,0.003114715561822335,0.00621008846446411,0.005476999635876479,0.8916596542065353,-0.05302675809756261,0.006138392857142857,0.3340441645408163,/home/tbeliere/Projects/DCU/2026-mcm-XAI-skin-lesion/outputs/pilot/xai_maps/lime/ham10000_ISIC_0033299.npy,/home/tbeliere/Projects/DCU/2026-mcm-XAI-skin-lesion/outputs/pilot/pseudo_concepts/npz/ham10000/ISIC_0033299.npz
ham10000,ISIC_0033299,lime,colour_heterogeneity,20,0.09073224261767222,0.16636941510030348,0.10503398470685005,1.035929064323773,0.19227813501966917,0.10176179846938775,0.3340441645408163,/home/tbeliere/Projects/DCU/2026-mcm-XAI-skin-lesion/outputs/pilot/xai_maps/lime/ham10000_ISIC_0033299.npy,/home/tbeliere/Projects/DCU/2026-mcm-XAI-skin-lesion/outputs/pilot/pseudo_concepts/npz/ham10000/ISIC_0033299.npz
ham10000,ISIC_0033299,shap,asymmetry,20,0.02248273647019232,0.04397675514367522,0.0384451684177317,0.7035875175457612,-0.06521290371563777,0.05377072704081633,0.20001594387755103,/home/tbeliere/Projects/DCU/2026-mcm-XAI-skin-lesion/outputs/pilot/xai_maps/shap/ham10000_ISIC_0033299.npy,/home/tbeliere/Projects/DCU/2026-mcm-XAI-skin-lesion/outputs/pilot/pseudo_concepts/npz/ham10000/ISIC_0033299.npz
ham10000,ISIC_0033299,shap,border_default,20,0.0008917954815686763,0.0017820017820000178,0.0011180896514942499,0.8629430007016836,-0.04498330708779005,0.001295440051020408,0.20001594387755103,/home/tbeliere/Projects/DCU/2026-mcm-XAI-skin-lesion/outputs/pilot/xai_maps/shap/ham10000_ISIC_0033299.npy,/home/tbeliere/Projects/DCU/2026-mcm-XAI-skin-lesion/outputs/pilot/pseudo_concepts/npz/ham10000/ISIC_0033299.npz
ham10000,ISIC_0033299,shap,border_w8_dil2_sigma5,20,0.0008917954815686763,0.0017820017820000178,0.0011180896514942499,0.8629430007016836,-0.04498330708779005,0.001295440051020408,0.20001594387755103,/home/tbeliere/Projects/DCU/2026-mcm-XAI-skin-lesion/outputs/pilot/xai_maps/shap/ham10000_ISIC_0033299.npy,/home/tbeliere/Projects/DCU/2026-mcm-XAI-skin-lesion/outputs/pilot/pseudo_concepts/npz/ham10000/ISIC_0033299.npz
ham10000,ISIC_0033299,shap,border_w12_dil4_sigma8,20,0.0025323853121627226,0.005051977071791458,0.0036475831890055927,0.7110906041035151,-0.06172277514902844,0.005121970663265306,0.20001594387755103,/home/tbeliere/Projects/DCU/2026-mcm-XAI-skin-lesion/outputs/pilot/xai_maps/shap/ham10000_ISIC_0033299.npy,/home/tbeliere/Projects/DCU/2026-mcm-XAI-skin-lesion/outputs/pilot/pseudo_concepts/npz/ham10000/ISIC_0033299.npz
ham10000,ISIC_0033299,shap,border_w16_dil6_sigma10,20,0.004140986132507568,0.008247818164373023,0.00554605756345756,0.7101030491854062,-0.07244908215554643,0.007792570153061225,0.20001594387755103,/home/tbeliere/Projects/DCU/2026-mcm-XAI-skin-lesion/outputs/pilot/xai_maps/shap/ham10000_ISIC_0033299.npy,/home/tbeliere/Projects/DCU/2026-mcm-XAI-skin-lesion/outputs/pilot/pseudo_concepts/npz/ham10000/ISIC_0033299.npz
ham10000,ISIC_0033299,shap,border_w16_dil6_sigma10_dist,20,0.003103180760276277,0.006187161639591853,0.004205358833542099,0.6837610836785154,-0.06920065708209908,0.006138392857142857,0.20001594387755103,/home/tbeliere/Projects/DCU/2026-mcm-XAI-skin-lesion/outputs/pilot/xai_maps/shap/ham10000_ISIC_0033299.npy,/home/tbeliere/Projects/DCU/2026-mcm-XAI-skin-lesion/outputs/pilot/pseudo_concepts/npz/ham10000/ISIC_0033299.npz
ham10000,ISIC_0033299,shap,colour_heterogeneity,20,0.04118820050880754,0.07911768590669718,0.07786688994712992,0.745359640162769,0.21093238741506984,0.10176179846938775,0.20001594387755103,/home/tbeliere/Projects/DCU/2026-mcm-XAI-skin-lesion/outputs/pilot/xai_maps/shap/ham10000_ISIC_0033299.npy,/home/tbeliere/Projects/DCU/2026-mcm-XAI-skin-lesion/outputs/pilot/pseudo_concepts/npz/ham10000/ISIC_0033299.npz
ham10000,ISIC_0025439,gradcam,asymmetry,20,0.024989175480902463,0.048759881721049565,0.052771025448744076,0.38582316533952,-0.12140211288288968,0.12617586096938777,0.20408163265306123,/home/tbeliere/Projects/DCU/2026-mcm-XAI-skin-lesion/outputs/pilot/xai_maps/gradcam/ham10000_ISIC_0025439.npy,/home/tbeliere/Projects/DCU/2026-mcm-XAI-skin-lesion/outputs/pilot/pseudo_concepts/npz/ham10000/ISIC_0025439.npz
ham10000,ISIC_0025439,gradcam,border_default,20,0.0,0.0,0.0010419077874501035,0.9170849035626811,-0.051573795447575614,0.001136001275510204,0.20408163265306123,/home/tbeliere/Projects/DCU/2026-mcm-XAI-skin-lesion/outputs/pilot/xai_maps/gradcam/ham10000_ISIC_0025439.npy,/home/tbeliere/Projects/DCU/2026-mcm-XAI-skin-lesion/outputs/pilot/pseudo_concepts/npz/ham10000/ISIC_0025439.npz
ham10000,ISIC_0025439,gradcam,border_w8_dil2_sigma5,20,0.0,0.0,0.0010419077874501035,0.9170849035626811,-0.051573795447575614,0.001136001275510204,0.20408163265306123,/home/tbeliere/Projects/DCU/2026-mcm-XAI-skin-lesion/outputs/pilot/xai_maps/gradcam/ham10000_ISIC_0025439.npy,/home/tbeliere/Projects/DCU/2026-mcm-XAI-skin-lesion/outputs/pilot/pseudo_concepts/npz/ham10000/ISIC_0025439.npz
ham10000,ISIC_0025439,gradcam,border_w12_dil4_sigma8,20,0.0,0.0,0.0015410772204334767,0.9913339392899241,-0.05878674621073781,0.0015545280612244898,0.20408163265306123,/home/tbeliere/Projects/DCU/2026-mcm-XAI-skin-lesion/outputs/pilot/xai_maps/gradcam/ham10000_ISIC_0025439.npy,/home/tbeliere/Projects/DCU/2026-mcm-XAI-skin-lesion/outputs/pilot/pseudo_concepts/npz/ham10000/ISIC_0025439.npz
ham10000,ISIC_0025439,gradcam,border_w16_dil6_sigma10,20,0.0,0.0,0.002150699372564691,1.1607057534316496,-0.061586560054551216,0.0018534757653061226,0.20408163265306123,/home/tbeliere/Projects/DCU/2026-mcm-XAI-skin-lesion/outputs/pilot/xai_maps/gradcam/ham10000_ISIC_0025439.npy,/home/tbeliere/Projects/DCU/2026-mcm-XAI-skin-lesion/outputs/pilot/pseudo_concepts/npz/ham10000/ISIC_0025439.npz
ham10000,ISIC_0025439,gradcam,border_w16_dil6_sigma10_dist,20,0.0,0.0,0.0017543430382554648,1.1585137960012055,-0.06109340355258711,0.0015146683673469387,0.20408163265306123,/home/tbeliere/Projects/DCU/2026-mcm-XAI-skin-lesion/outputs/pilot/xai_maps/gradcam/ham10000_ISIC_0025439.npy,/home/tbeliere/Projects/DCU/2026-mcm-XAI-skin-lesion/outputs/pilot/pseudo_concepts/npz/ham10000/ISIC_0025439.npz
ham10000,ISIC_0025439,gradcam,colour_heterogeneity,20,0.17444036834605492,0.2970612609164932,0.2300741599196356,2.4538651447399715,0.4156275610862814,0.10855787627551021,0.20408163265306123,/home/tbeliere/Projects/DCU/2026-mcm-XAI-skin-lesion/outputs/pilot/xai_maps/gradcam/ham10000_ISIC_0025439.npy,/home/tbeliere/Projects/DCU/2026-mcm-XAI-skin-lesion/outputs/pilot/pseudo_concepts/npz/ham10000/ISIC_0025439.npz
ham10000,ISIC_0025439,lime,asymmetry,20,0.10405127031352526,0.18848992453761154,0.12142515256667423,0.9571447585480081,-0.03695941429002871,0.12617586096938777,0.3544921875,/home/tbeliere/Projects/DCU/2026-mcm-XAI-skin-lesion/outputs/pilot/xai_maps/lime/ham10000_ISIC_0025439.npy,/home/tbeliere/Projects/DCU/2026-mcm-XAI-skin-lesion/outputs/pilot/pseudo_concepts/npz/ham10000/ISIC_0025439.npz
ham10000,ISIC_0025439,lime,border_default,20,0.0,0.0,0.0008525786765583187,0.7502956623407292,-0.06559431865822993,0.001136001275510204,0.3544921875,/home/tbeliere/Projects/DCU/2026-mcm-XAI-skin-lesion/outputs/pilot/xai_maps/lime/ham10000_ISIC_0025439.npy,/home/tbeliere/Projects/DCU/2026-mcm-XAI-skin-lesion/outputs/pilot/pseudo_concepts/npz/ham10000/ISIC_0025439.npz
ham10000,ISIC_0025439,lime,border_w8_dil2_sigma5,20,0.0,0.0,0.0008525786765583187,0.7502956623407292,-0.06559431865822993,0.001136001275510204,0.3544921875,/home/tbeliere/Projects/DCU/2026-mcm-XAI-skin-lesion/outputs/pilot/xai_maps/lime/ham10000_ISIC_0025439.npy,/home/tbeliere/Projects/DCU/2026-mcm-XAI-skin-lesion/outputs/pilot/pseudo_concepts/npz/ham10000/ISIC_0025439.npz
ham10000,ISIC_0025439,lime,border_w12_dil4_sigma8,20,0.0,0.0,0.001166686610027173,0.750217154074337,-0.08028792813580896,0.0015545280612244898,0.3544921875,/home/tbeliere/Projects/DCU/2026-mcm-XAI-skin-lesion/outputs/pilot/xai_maps/lime/ham10000_ISIC_0025439.npy,/home/tbeliere/Projects/DCU/2026-mcm-XAI-skin-lesion/outputs/pilot/pseudo_concepts/npz/ham10000/ISIC_0025439.npz
ham10000,ISIC_0025439,lime,border_w16_dil6_sigma10,20,0.0,0.0,0.0013910494196477832,0.7501610005485283,-0.0899848903551837,0.0018534757653061226,0.3544921875,/home/tbeliere/Projects/DCU/2026-mcm-XAI-skin-lesion/outputs/pilot/xai_maps/lime/ham10000_ISIC_0025439.npy,/home/tbeliere/Projects/DCU/2026-mcm-XAI-skin-lesion/outputs/pilot/pseudo_concepts/npz/ham10000/ISIC_0025439.npz
ham10000,ISIC_0025439,lime,border_w16_dil6_sigma10_dist,20,0.0,0.0,0.001136771568744425,0.7502246015890586,-0.08469438589595495,0.0015146683673469387,0.3544921875,/home/tbeliere/Projects/DCU/2026-mcm-XAI-skin-lesion/outputs/pilot/xai_maps/lime/ham10000_ISIC_0025439.npy,/home/tbeliere/Projects/DCU/2026-mcm-XAI-skin-lesion/outputs/pilot/pseudo_concepts/npz/ham10000/ISIC_0025439.npz
ham10000,ISIC_0025439,lime,colour_heterogeneity,20,0.17723956222123163,0.3011104415940858,0.13379502213709055,1.2683849307219772,0.09415933276809521,0.10855787627551021,0.3544921875,/home/tbeliere/Projects/DCU/2026-mcm-XAI-skin-lesion/outputs/pilot/xai_maps/lime/ham10000_ISIC_0025439.npy,/home/tbeliere/Projects/DCU/2026-mcm-XAI-skin-lesion/outputs/pilot/pseudo_concepts/npz/ham10000/ISIC_0025439.npz
ham10000,ISIC_0025439,shap,asymmetry,20,0.08505701405457103,0.15677888434034534,0.12454224977060041,0.9852110017696365,-0.004239864582027002,0.12617586096938777,0.20001594387755103,/home/tbeliere/Projects/DCU/2026-mcm-XAI-skin-lesion/outputs/pilot/xai_maps/shap/ham10000_ISIC_0025439.npy,/home/tbeliere/Projects/DCU/2026-mcm-XAI-skin-lesion/outputs/pilot/pseudo_concepts/npz/ham10000/ISIC_0025439.npz
ham10000,ISIC_0025439,shap,border_default,20,0.0005948250223053486,0.0011889428316643326,0.0009533170966299813,0.8390331156718216,-0.05398944984526605,0.001136001275510204,0.20001594387755103,/home/tbeliere/Projects/DCU/2026-mcm-XAI-skin-lesion/outputs/pilot/xai_maps/shap/ham10000_ISIC_0025439.npy,/home/tbeliere/Projects/DCU/2026-mcm-XAI-skin-lesion/outputs/pilot/pseudo_concepts/npz/ham10000/ISIC_0025439.npz
ham10000,ISIC_0025439,shap,border_w8_dil2_sigma5,20,0.0005948250223053486,0.0011889428316643326,0.0009533170966299813,0.8390331156718216,-0.05398944984526605,0.001136001275510204,0.20001594387755103,/home/tbeliere/Projects/DCU/2026-mcm-XAI-skin-lesion/outputs/pilot/xai_maps/shap/ham10000_ISIC_0025439.npy,/home/tbeliere/Projects/DCU/2026-mcm-XAI-skin-lesion/outputs/pilot/pseudo_concepts/npz/ham10000/ISIC_0025439.npz
ham10000,ISIC_0025439,shap,border_w12_dil4_sigma8,20,0.0007916089451802972,0.0015819655922468044,0.0012240049876978156,0.7871197792652411,-0.05849458763032049,0.0015545280612244898,0.20001594387755103,/home/tbeliere/Projects/DCU/2026-mcm-XAI-skin-lesion/outputs/pilot/xai_maps/shap/ham10000_ISIC_0025439.npy,/home/tbeliere/Projects/DCU/2026-mcm-XAI-skin-lesion/outputs/pilot/pseudo_concepts/npz/ham10000/ISIC_0025439.npz
ham10000,ISIC_0025439,shap,border_w16_dil6_sigma10,20,0.0012850929221023277,0.002566887155689044,0.0016286629357598072,0.8785093934659871,-0.05656696958346231,0.0018534757653061226,0.20001594387755103,/home/tbeliere/Projects/DCU/2026-mcm-XAI-skin-lesion/outputs/pilot/xai_maps/shap/ham10000_ISIC_0025439.npy,/home/tbeliere/Projects/DCU/2026-mcm-XAI-skin-lesion/outputs/pilot/pseudo_concepts/npz/ham10000/ISIC_0025439.npz
ham10000,ISIC_0025439,shap,border_w16_dil6_sigma10_dist,20,0.0010890010890000107,0.0021756329113902535,0.0013308509046799906,0.8784799459665297,-0.05817659585220641,0.0015146683673469387,0.20001594387755103,/home/tbeliere/Projects/DCU/2026-mcm-XAI-skin-lesion/outputs/pilot/xai_maps/shap/ham10000_ISIC_0025439.npy,/home/tbeliere/Projects/DCU/2026-mcm-XAI-skin-lesion/outputs/pilot/pseudo_concepts/npz/ham10000/ISIC_0025439.npz
ham10000,ISIC_0025439,shap,colour_heterogeneity,20,0.19633750579493406,0.32823096299145627,0.20371312005993344,2.1007827731768773,0.4319443247757456,0.10855787627551021,0.20001594387755103,/home/tbeliere/Projects/DCU/2026-mcm-XAI-skin-lesion/outputs/pilot/xai_maps/shap/ham10000_ISIC_0025439.npy,/home/tbeliere/Projects/DCU/2026-mcm-XAI-skin-lesion/outputs/pilot/pseudo_concepts/npz/ham10000/ISIC_0025439.npz
ham10000,ISIC_0034034,gradcam,asymmetry,20,0.061486486486427135,0.11584977721186154,0.07874137839319609,5.579810723187988,0.19139723551293308,0.01508689413265306,0.20408163265306123,/home/tbeliere/Projects/DCU/2026-mcm-XAI-skin-lesion/outputs/pilot/xai_maps/gradcam/ham10000_ISIC_0034034.npy,/home/tbeliere/Projects/DCU/2026-mcm-XAI-skin-lesion/outputs/pilot/pseudo_concepts/npz/ham10000/ISIC_0034034.npz
ham10000,ISIC_0034034,gradcam,border_default,20,0.015478971962601753,0.030486051193528436,0.014639602754659564,3.8881274451426955,0.1354383662004405,0.0038066007653061226,0.20408163265306123,/home/tbeliere/Projects/DCU/2026-mcm-XAI-skin-lesion/outputs/pilot/xai_maps/gradcam/ham10000_ISIC_0034034.npy,/home/tbeliere/Projects/DCU/2026-mcm-XAI-skin-lesion/outputs/pilot/pseudo_concepts/npz/ham10000/ISIC_0034034.npz
ham10000,ISIC_0034034,gradcam,border_w8_dil2_sigma5,20,0.015478971962601753,0.030486051193528436,0.014639602754659564,3.8881274451426955,0.1354383662004405,0.0038066007653061226,0.20408163265306123,/home/tbeliere/Projects/DCU/2026-mcm-XAI-skin-lesion/outputs/pilot/xai_maps/gradcam/ham10000_ISIC_0034034.npy,/home/tbeliere/Projects/DCU/2026-mcm-XAI-skin-lesion/outputs/pilot/pseudo_concepts/npz/ham10000/ISIC_0034034.npz
ham10000,ISIC_0034034,gradcam,border_w12_dil4_sigma8,20,0.013805172078539952,0.027234369006494785,0.015961534698609354,4.312910747977656,0.169644603892906,0.0037468112244897957,0.20408163265306123,/home/tbeliere/Projects/DCU/2026-mcm-XAI-skin-lesion/outputs/pilot/xai_maps/gradcam/ham10000_ISIC_0034034.npy,/home/tbeliere/Projects/DCU/2026-mcm-XAI-skin-lesion/outputs/pilot/pseudo_concepts/npz/ham10000/ISIC_0034034.npz
ham10000,ISIC_0034034,gradcam,border_w16_dil6_sigma10,20,0.02347691113695821,0.045876777251141344,0.028720302054256033,4.756499973737791,0.20287172868236403,0.0061782525510204085,0.20408163265306123,/home/tbeliere/Projects/DCU/2026-mcm-XAI-skin-lesion/outputs/pilot/xai_maps/gradcam/ham10000_ISIC_0034034.npy,/home/tbeliere/Projects/DCU/2026-mcm-XAI-skin-lesion/outputs/pilot/pseudo_concepts/npz/ham10000/ISIC_0034034.npz
ham10000,ISIC_0034034,gradcam,border_w16_dil6_sigma10_dist,20,0.019131785957056294,0.03754526396032252,0.02308992802681009,4.645433215996718,0.18703590420187924,0.00506218112244898,0.20408163265306123,/home/tbeliere/Projects/DCU/2026-mcm-XAI-skin-lesion/outputs/pilot/xai_maps/gradcam/ham10000_ISIC_0034034.npy,/home/tbeliere/Projects/DCU/2026-mcm-XAI-skin-lesion/outputs/pilot/pseudo_concepts/npz/ham10000/ISIC_0034034.npz
ham10000,ISIC_0034034,gradcam,colour_heterogeneity,20,0.08330922765395496,0.15380507343110475,0.10264276637939156,5.653757202225923,0.5220804747031839,0.019830197704081634,0.20408163265306123,/home/tbeliere/Projects/DCU/2026-mcm-XAI-skin-lesion/outputs/pilot/xai_maps/gradcam/ham10000_ISIC_0034034.npy,/home/tbeliere/Projects/DCU/2026-mcm-XAI-skin-lesion/outputs/pilot/pseudo_concepts/npz/ham10000/ISIC_0034034.npz
ham10000,ISIC_0034034,lime,asymmetry,20,0.012783832879197824,0.025244938681248965,0.01487292940935326,0.9856037819423045,-0.003330846059089745,0.01508689413265306,0.8738440688775511,/home/tbeliere/Projects/DCU/2026-mcm-XAI-skin-lesion/outputs/pilot/xai_maps/lime/ham10000_ISIC_0034034.npy,/home/tbeliere/Projects/DCU/2026-mcm-XAI-skin-lesion/outputs/pilot/pseudo_concepts/npz/ham10000/ISIC_0034034.npz
ham10000,ISIC_0034034,lime,border_default,20,0.002549800796812169,0.005086631696072602,0.003234862146534334,0.8493158839099451,-0.026671167217436908,0.0038066007653061226,0.8738440688775511,/home/tbeliere/Projects/DCU/2026-mcm-XAI-skin-lesion/outputs/pilot/xai_maps/lime/ham10000_ISIC_0034034.npy,/home/tbeliere/Projects/DCU/2026-mcm-XAI-skin-lesion/outputs/pilot/pseudo_concepts/npz/ham10000/ISIC_0034034.npz
ham10000,ISIC_0034034,lime,border_w8_dil2_sigma5,20,0.002549800796812169,0.005086631696072602,0.003234862146534334,0.8493158839099451,-0.026671167217436908,0.0038066007653061226,0.8738440688775511,/home/tbeliere/Projects/DCU/2026-mcm-XAI-skin-lesion/outputs/pilot/xai_maps/lime/ham10000_ISIC_0034034.npy,/home/tbeliere/Projects/DCU/2026-mcm-XAI-skin-lesion/outputs/pilot/pseudo_concepts/npz/ham10000/ISIC_0034034.npz
ham10000,ISIC_0034034,lime,border_w12_dil4_sigma8,20,0.0025043256534007597,0.004996139346867195,0.003234862146534334,0.8629205895509955,-0.013168714022551601,0.0037468112244897957,0.8738440688775511,/home/tbeliere/Projects/DCU/2026-mcm-XAI-skin-lesion/outputs/pilot/xai_maps/lime/ham10000_ISIC_0034034.npy,/home/tbeliere/Projects/DCU/2026-mcm-XAI-skin-lesion/outputs/pilot/pseudo_concepts/npz/ham10000/ISIC_0034034.npz
ham10000,ISIC_0034034,lime,border_w16_dil6_sigma10,20,0.004572858605390838,0.00910408551499024,0.005410028072652249,0.8749802883555265,0.0016788603932563224,0.0061782525510204085,0.8738440688775511,/home/tbeliere/Projects/DCU/2026-mcm-XAI-skin-lesion/outputs/pilot/xai_maps/lime/ham10000_ISIC_0034034.npy,/home/tbeliere/Projects/DCU/2026-mcm-XAI-skin-lesion/outputs/pilot/pseudo_concepts/npz/ham10000/ISIC_0034034.npz
ham10000,ISIC_0034034,lime,border_w16_dil6_sigma10_dist,20,0.0035956488097939115,0.00716553287981697,0.004220193719903988,0.8329660688706731,-0.009931854878518583,0.00506218112244898,0.8738440688775511,/home/tbeliere/Projects/DCU/2026-mcm-XAI-skin-lesion/outputs/pilot/xai_maps/lime/ham10000_ISIC_0034034.npy,/home/tbeliere/Projects/DCU/2026-mcm-XAI-skin-lesion/outputs/pilot/pseudo_concepts/npz/ham10000/ISIC_0034034.npz
ham10000,ISIC_0034034,lime,colour_heterogeneity,20,0.017425634742355315,0.03425436542449226,0.019483537526252773,0.9821711515687919,0.11480465315375886,0.019830197704081634,0.8738440688775511,/home/tbeliere/Projects/DCU/2026-mcm-XAI-skin-lesion/outputs/pilot/xai_maps/lime/ham10000_ISIC_0034034.npy,/home/tbeliere/Projects/DCU/2026-mcm-XAI-skin-lesion/outputs/pilot/pseudo_concepts/npz/ham10000/ISIC_0034034.npz
ham10000,ISIC_0034034,shap,asymmetry,20,0.04249975852405824,0.08153432780498328,0.03126659042526452,2.1070466693159737,0.11941724923602967,0.01508689413265306,0.20001594387755103,/home/tbeliere/Projects/DCU/2026-mcm-XAI-skin-lesion/outputs/pilot/xai_maps/shap/ham10000_ISIC_0034034.npy,/home/tbeliere/Projects/DCU/2026-mcm-XAI-skin-lesion/outputs/pilot/pseudo_concepts/npz/ham10000/ISIC_0034034.npz
ham10000,ISIC_0034034,shap,border_default,20,0.01057312252963382,0.02092500244448917,0.008433639162153922,2.2258681311683026,0.12594219645666832,0.0038066007653061226,0.20001594387755103,/home/tbeliere/Projects/DCU/2026-mcm-XAI-skin-lesion/outputs/pilot/xai_maps/shap/ham10000_ISIC_0034034.npy,/home/tbeliere/Projects/DCU/2026-mcm-XAI-skin-lesion/outputs/pilot/pseudo_concepts/npz/ham10000/ISIC_0034034.npz
ham10000,ISIC_0034034,shap,border_w8_dil2_sigma5,20,0.01057312252963382,0.02092500244448917,0.008433639162153922,2.2258681311683026,0.12594219645666832,0.0038066007653061226,0.20001594387755103,/home/tbeliere/Projects/DCU/2026-mcm-XAI-skin-lesion/outputs/pilot/xai_maps/shap/ham10000_ISIC_0034034.npy,/home/tbeliere/Projects/DCU/2026-mcm-XAI-skin-lesion/outputs/pilot/pseudo_concepts/npz/ham10000/ISIC_0034034.npz
ham10000,ISIC_0034034,shap,border_w12_dil4_sigma8,20,0.00838346977018603,0.016627543035977476,0.006504939293368398,1.7409461016935361,0.1366622754111511,0.0037468112244897957,0.20001594387755103,/home/tbeliere/Projects/DCU/2026-mcm-XAI-skin-lesion/outputs/pilot/xai_maps/shap/ham10000_ISIC_0034034.npy,/home/tbeliere/Projects/DCU/2026-mcm-XAI-skin-lesion/outputs/pilot/pseudo_concepts/npz/ham10000/ISIC_0034034.npz
ham10000,ISIC_0034034,shap,border_w16_dil6_sigma10,20,0.015010301187074452,0.029576647979867022,0.011430214526848661,1.8599005693607102,0.14882954290035927,0.0061782525510204085,0.20001594387755103,/home/tbeliere/Projects/DCU/2026-mcm-XAI-skin-lesion/outputs/pilot/xai_maps/shap/ham10000_ISIC_0034034.npy,/home/tbeliere/Projects/DCU/2026-mcm-XAI-skin-lesion/outputs/pilot/pseudo_concepts/npz/ham10000/ISIC_0034034.npz
ham10000,ISIC_0034034,shap,border_w16_dil6_sigma10_dist,20,0.011699931176863927,0.023129251700657792,0.009326511080195277,1.850319507352415,0.1384973189470118,0.00506218112244898,0.20001594387755103,/home/tbeliere/Projects/DCU/2026-mcm-XAI-skin-lesion/outputs/pilot/xai_maps/shap/ham10000_ISIC_0034034.npy,/home/tbeliere/Projects/DCU/2026-mcm-XAI-skin-lesion/outputs/pilot/pseudo_concepts/npz/ham10000/ISIC_0034034.npz
ham10000,ISIC_0034034,shap,colour_heterogeneity,20,0.06538535831556365,0.12274499138779553,0.05296738965957972,2.7645070438712454,0.37959372321748297,0.019830197704081634,0.20001594387755103,/home/tbeliere/Projects/DCU/2026-mcm-XAI-skin-lesion/outputs/pilot/xai_maps/shap/ham10000_ISIC_0034034.npy,/home/tbeliere/Projects/DCU/2026-mcm-XAI-skin-lesion/outputs/pilot/pseudo_concepts/npz/ham10000/ISIC_0034034.npz
ham10000,ISIC_0032624,gradcam,asymmetry,20,0.10131247752597868,0.18398498081774223,0.1352622607393828,3.7463781849093216,0.15011105802044167,0.04007892219387755,0.20408163265306123,/home/tbeliere/Projects/DCU/2026-mcm-XAI-skin-lesion/outputs/pilot/xai_maps/gradcam/ham10000_ISIC_0032624.npy,/home/tbeliere/Projects/DCU/2026-mcm-XAI-skin-lesion/outputs/pilot/pseudo_concepts/npz/ham10000/ISIC_0032624.npz
ham10000,ISIC_0032624,gradcam,border_default,20,0.004878524734115642,0.009709680551500427,0.009341247550291074,8.009653872548148,0.17983113541955348,0.001175860969387755,0.20408163265306123,/home/tbeliere/Projects/DCU/2026-mcm-XAI-skin-lesion/outputs/pilot/xai_maps/gradcam/ham10000_ISIC_0032624.npy,/home/tbeliere/Projects/DCU/2026-mcm-XAI-skin-lesion/outputs/pilot/pseudo_concepts/npz/ham10000/ISIC_0032624.npz
ham10000,ISIC_0032624,gradcam,border_w8_dil2_sigma5,20,0.004878524734115642,0.009709680551500427,0.009341247550291074,8.009653872548148,0.17983113541955348,0.001175860969387755,0.20408163265306123,/home/tbeliere/Projects/DCU/2026-mcm-XAI-skin-lesion/outputs/pilot/xai_maps/gradcam/ham10000_ISIC_0032624.npy,/home/tbeliere/Projects/DCU/2026-mcm-XAI-skin-lesion/outputs/pilot/pseudo_concepts/npz/ham10000/ISIC_0032624.npz
ham10000,ISIC_0032624,gradcam,border_w12_dil4_sigma8,20,0.013782393477614497,0.02719004308278871,0.025615270839180238,6.408148914511029,0.22417416443364022,0.00408561862244898,0.20408163265306123,/home/tbeliere/Projects/DCU/2026-mcm-XAI-skin-lesion/outputs/pilot/xai_maps/gradcam/ham10000_ISIC_0032624.npy,/home/tbeliere/Projects/DCU/2026-mcm-XAI-skin-lesion/outputs/pilot/pseudo_concepts/npz/ham10000/ISIC_0032624.npz
ham10000,ISIC_0032624,gradcam,border_w16_dil6_sigma10,20,0.027092171230209128,0.05275509246216769,0.04422579822887448,5.575409303847054,0.26382278721854613,0.008231026785714286,0.20408163265306123,/home/tbeliere/Projects/DCU/2026-mcm-XAI-skin-lesion/outputs/pilot/xai_maps/gradcam/ham10000_ISIC_0032624.npy,/home/tbeliere/Projects/DCU/2026-mcm-XAI-skin-lesion/outputs/pilot/pseudo_concepts/npz/ham10000/ISIC_0032624.npz
ham10000,ISIC_0032624,gradcam,border_w16_dil6_sigma10_dist,20,0.021562560433164218,0.04221486038803387,0.034097150678713294,5.4147090375284375,0.2405060669815017,0.006477200255102041,0.20408163265306123,/home/tbeliere/Projects/DCU/2026-mcm-XAI-skin-lesion/outputs/pilot/xai_maps/gradcam/ham10000_ISIC_0032624.npy,/home/tbeliere/Projects/DCU/2026-mcm-XAI-skin-lesion/outputs/pilot/pseudo_concepts/npz/ham10000/ISIC_0032624.npz
ham10000,ISIC_0032624,gradcam,colour_heterogeneity,20,0.12401426962061207,0.22066315877372364,0.1671541067560243,5.610283513804032,0.4182737267384768,0.03453842474489796,0.20408163265306123,/home/tbeliere/Projects/DCU/2026-mcm-XAI-skin-lesion/outputs/pilot/xai_maps/gradcam/ham10000_ISIC_0032624.npy,/home/tbeliere/Projects/DCU/2026-mcm-XAI-skin-lesion/outputs/pilot/pseudo_concepts/npz/ham10000/ISIC_0032624.npz
ham10000,ISIC_0032624,lime,asymmetry,20,0.0673740053050123,0.12624254473156207,0.04982361456619027,1.2558867988189046,0.11587513325645903,0.04007892219387755,0.4812061543367347,/home/tbeliere/Projects/DCU/2026-mcm-XAI-skin-lesion/outputs/pilot/xai_maps/lime/ham10000_ISIC_0032624.npy,/home/tbeliere/Projects/DCU/2026-mcm-XAI-skin-lesion/outputs/pilot/pseudo_concepts/npz/ham10000/ISIC_0032624.npz
ham10000,ISIC_0032624,lime,border_default,20,0.0018626598783054503,0.0037183936539399607,0.0014616800888247639,1.2434279781272133,0.04441159170136087,0.001175860969387755,0.4812061543367347,/home/tbeliere/Projects/DCU/2026-mcm-XAI-skin-lesion/outputs/pilot/xai_maps/lime/ham10000_ISIC_0032624.npy,/home/tbeliere/Projects/DCU/2026-mcm-XAI-skin-lesion/outputs/pilot/pseudo_concepts/npz/ham10000/ISIC_0032624.npz
ham10000,ISIC_0032624,lime,border_w8_dil2_sigma5,20,0.0018626598783054503,0.0037183936539399607,0.0014616800888247639,1.2434279781272133,0.04441159170136087,0.001175860969387755,0.4812061543367347,/home/tbeliere/Projects/DCU/2026-mcm-XAI-skin-lesion/outputs/pilot/xai_maps/lime/ham10000_ISIC_0032624.npy,/home/tbeliere/Projects/DCU/2026-mcm-XAI-skin-lesion/outputs/pilot/pseudo_concepts/npz/ham10000/ISIC_0032624.npz
ham10000,ISIC_0032624,lime,border_w12_dil4_sigma8,20,0.006406282289726635,0.012731006160159042,0.005059661845931875,1.2396201968592178,0.06094957927249759,0.00408561862244898,0.4812061543367347,/home/tbeliere/Projects/DCU/2026-mcm-XAI-skin-lesion/outputs/pilot/xai_maps/lime/ham10000_ISIC_0032624.npy,/home/tbeliere/Projects/DCU/2026-mcm-XAI-skin-lesion/outputs/pilot/pseudo_concepts/npz/ham10000/ISIC_0032624.npz
ham10000,ISIC_0032624,lime,border_w16_dil6_sigma10,20,0.012033297618061472,0.02378043814641918,0.009908504448283255,1.2058388739739558,0.08807117307762408,0.008231026785714286,0.4812061543367347,/home/tbeliere/Projects/DCU/2026-mcm-XAI-skin-lesion/outputs/pilot/xai_maps/lime/ham10000_ISIC_0032624.npy,/home/tbeliere/Projects/DCU/2026-mcm-XAI-skin-lesion/outputs/pilot/pseudo_concepts/npz/ham10000/ISIC_0032624.npz
ham10000,ISIC_0032624,lime,border_w16_dil6_sigma10_dist,20,0.009280263971949152,0.01838986514098145,0.007730038931284809,1.1949296338088218,0.07444330730477161,0.006477200255102041,0.4812061543367347,/home/tbeliere/Projects/DCU/2026-mcm-XAI-skin-lesion/outputs/pilot/xai_maps/lime/ham10000_ISIC_0032624.npy,/home/tbeliere/Projects/DCU/2026-mcm-XAI-skin-lesion/outputs/pilot/pseudo_concepts/npz/ham10000/ISIC_0032624.npz
ham10000,ISIC_0032624,lime,colour_heterogeneity,20,0.05255023183923674,0.099853157121841,0.04120813481186738,1.2014095356638905,0.20615724765935786,0.03453842474489796,0.4812061543367347,/home/tbeliere/Projects/DCU/2026-mcm-XAI-skin-lesion/outputs/pilot/xai_maps/lime/ham10000_ISIC_0032624.npy,/home/tbeliere/Projects/DCU/2026-mcm-XAI-skin-lesion/outputs/pilot/pseudo_concepts/npz/ham10000/ISIC_0032624.npz
ham10000,ISIC_0032624,shap,asymmetry,20,0.11474044600711136,0.2058603801774667,0.0936752081414048,2.4754843530211166,0.2758161597776384,0.04007892219387755,0.20001594387755103,/home/tbeliere/Projects/DCU/2026-mcm-XAI-skin-lesion/outputs/pilot/xai_maps/shap/ham10000_ISIC_0032624.npy,/home/tbeliere/Projects/DCU/2026-mcm-XAI-skin-lesion/outputs/pilot/pseudo_concepts/npz/ham10000/ISIC_0032624.npz
ham10000,ISIC_0032624,shap,border_default,20,0.0031799662128558282,0.00633977216443156,0.001948709087245466,1.658544374874924,0.09369773106668192,0.001175860969387755,0.20001594387755103,/home/tbeliere/Projects/DCU/2026-mcm-XAI-skin-lesion/outputs/pilot/xai_maps/shap/ham10000_ISIC_0032624.npy,/home/tbeliere/Projects/DCU/2026-mcm-XAI-skin-lesion/outputs/pilot/pseudo_concepts/npz/ham10000/ISIC_0032624.npz
ham10000,ISIC_0032624,shap,border_w8_dil2_sigma5,20,0.0031799662128558282,0.00633977216443156,0.001948709087245466,1.658544374874924,0.09369773106668192,0.001175860969387755,0.20001594387755103,/home/tbeliere/Projects/DCU/2026-mcm-XAI-skin-lesion/outputs/pilot/xai_maps/shap/ham10000_ISIC_0032624.npy,/home/tbeliere/Projects/DCU/2026-mcm-XAI-skin-lesion/outputs/pilot/pseudo_concepts/npz/ham10000/ISIC_0032624.npz
ham10000,ISIC_0032624,shap,border_w12_dil4_sigma8,20,0.010259445595333668,0.02031051655109822,0.006830912933472244,1.6765618324668567,0.1364856592824254,0.00408561862244898,0.20001594387755103,/home/tbeliere/Projects/DCU/2026-mcm-XAI-skin-lesion/outputs/pilot/xai_maps/shap/ham10000_ISIC_0032624.npy,/home/tbeliere/Projects/DCU/2026-mcm-XAI-skin-lesion/outputs/pilot/pseudo_concepts/npz/ham10000/ISIC_0032624.npz
ham10000,ISIC_0032624,shap,border_w16_dil6_sigma10,20,0.020908646800174978,0.04096085749828599,0.014018214708953182,1.713090177223237,0.17279259054101784,0.008231026785714286,0.20001594387755103,/home/tbeliere/Projects/DCU/2026-mcm-XAI-skin-lesion/outputs/pilot/xai_maps/shap/ham10000_ISIC_0032624.npy,/home/tbeliere/Projects/DCU/2026-mcm-XAI-skin-lesion/outputs/pilot/pseudo_concepts/npz/ham10000/ISIC_0032624.npz
ham10000,ISIC_0032624,shap,border_w16_dil6_sigma10_dist,20,0.015485641477981489,0.030498986584277094,0.010562434410080751,1.637442399803389,0.15282580479587665,0.006477200255102041,0.20001594387755103,/home/tbeliere/Projects/DCU/2026-mcm-XAI-skin-lesion/outputs/pilot/xai_maps/shap/ham10000_ISIC_0032624.npy,/home/tbeliere/Projects/DCU/2026-mcm-XAI-skin-lesion/outputs/pilot/pseudo_concepts/npz/ham10000/ISIC_0032624.npz
ham10000,ISIC_0032624,shap,colour_heterogeneity,20,0.09918744746418307,0.1804741269435122,0.0804675164007868,2.446165627863533,0.43881371779834344,0.03453842474489796,0.20001594387755103,/home/tbeliere/Projects/DCU/2026-mcm-XAI-skin-lesion/outputs/pilot/xai_maps/shap/ham10000_ISIC_0032624.npy,/home/tbeliere/Projects/DCU/2026-mcm-XAI-skin-lesion/outputs/pilot/pseudo_concepts/npz/ham10000/ISIC_0032624.npz
ham10000,ISIC_0027622,gradcam,asymmetry,20,0.008985459892167142,0.017810880829001122,0.00314218625475678,0.07173392752337997,-0.07600167445431524,0.042091836734693876,0.20408163265306123,/home/tbeliere/Projects/DCU/2026-mcm-XAI-skin-lesion/outputs/pilot/xai_maps/gradcam/ham10000_ISIC_0027622.npy,/home/tbeliere/Projects/DCU/2026-mcm-XAI-skin-lesion/outputs/pilot/pseudo_concepts/npz/ham10000/ISIC_0027622.npz
ham10000,ISIC_0027622,gradcam,border_default,20,9.533797311460069e-05,0.00019065776930391736,0.0003967334998566574,0.07926069467284261,-0.05770395512864146,0.0049824617346938774,0.20408163265306123,/home/tbeliere/Projects/DCU/2026-mcm-XAI-skin-lesion/outputs/pilot/xai_maps/gradcam/ham10000_ISIC_0027622.npy,/home/tbeliere/Projects/DCU/2026-mcm-XAI-skin-lesion/outputs/pilot/pseudo_concepts/npz/ham10000/ISIC_0027622.npz
ham10000,ISIC_0027622,gradcam,border_w8_dil2_sigma5,20,9.533797311460069e-05,0.00019065776930391736,0.0003967334998566574,0.07926069467284261,-0.05770395512864146,0.0049824617346938774,0.20408163265306123,/home/tbeliere/Projects/DCU/2026-mcm-XAI-skin-lesion/outputs/pilot/xai_maps/gradcam/ham10000_ISIC_0027622.npy,/home/tbeliere/Projects/DCU/2026-mcm-XAI-skin-lesion/outputs/pilot/pseudo_concepts/npz/ham10000/ISIC_0027622.npz
ham10000,ISIC_0027622,gradcam,border_w12_dil4_sigma8,20,0.0,0.0,6.62376411826751e-05,0.05626866644835452,-0.0665516839535175,0.001175860969387755,0.20408163265306123,/home/tbeliere/Projects/DCU/2026-mcm-XAI-skin-lesion/outputs/pilot/xai_maps/gradcam/ham10000_ISIC_0027622.npy,/home/tbeliere/Projects/DCU/2026-mcm-XAI-skin-lesion/outputs/pilot/pseudo_concepts/npz/ham10000/ISIC_0027622.npz
ham10000,ISIC_0027622,gradcam,border_w16_dil6_sigma10,20,9.675858732453143e-05,0.00019349845201219667,0.00012803537770618225,0.06680032453886027,-0.07196393899608923,0.001913265306122449,0.20408163265306123,/home/tbeliere/Projects/DCU/2026-mcm-XAI-skin-lesion/outputs/pilot/xai_maps/gradcam/ham10000_ISIC_0027622.npy,/home/tbeliere/Projects/DCU/2026-mcm-XAI-skin-lesion/outputs/pilot/pseudo_concepts/npz/ham10000/ISIC_0027622.npz
ham10000,ISIC_0027622,gradcam,border_w16_dil6_sigma10_dist,20,9.690861517579522e-05,0.0001937984496122153,0.00010775855325372497,0.06748566299152506,-0.06782724041842121,0.0015943877551020409,0.20408163265306123,/home/tbeliere/Projects/DCU/2026-mcm-XAI-skin-lesion/outputs/pilot/xai_maps/gradcam/ham10000_ISIC_0027622.npy,/home/tbeliere/Projects/DCU/2026-mcm-XAI-skin-lesion/outputs/pilot/pseudo_concepts/npz/ham10000/ISIC_0027622.npz
ham10000,ISIC_0027622,gradcam,colour_heterogeneity,20,0.18005540166188358,0.3051643192485875,0.3063882807225613,8.284325381243894,0.5743652337346821,0.0506218112244898,0.20408163265306123,/home/tbeliere/Projects/DCU/2026-mcm-XAI-skin-lesion/outputs/pilot/xai_maps/gradcam/ham10000_ISIC_0027622.npy,/home/tbeliere/Projects/DCU/2026-mcm-XAI-skin-lesion/outputs/pilot/pseudo_concepts/npz/ham10000/ISIC_0027622.npz
ham10000,ISIC_0027622,lime,asymmetry,20,0.0386841733728464,0.07448688324041752,0.04273666118012535,1.016003390215054,0.008135170909401527,0.042091836734693876,0.3977798150510204,/home/tbeliere/Projects/DCU/2026-mcm-XAI-skin-lesion/outputs/pilot/xai_maps/lime/ham10000_ISIC_0027622.npy,/home/tbeliere/Projects/DCU/2026-mcm-XAI-skin-lesion/outputs/pilot/pseudo_concepts/npz/ham10000/ISIC_0027622.npz
ham10000,ISIC_0027622,lime,border_default,20,0.003077381247826933,0.006135880053438499,0.004544593826925395,0.9117169225387941,-0.03750574598278753,0.0049824617346938774,0.3977798150510204,/home/tbeliere/Projects/DCU/2026-mcm-XAI-skin-lesion/outputs/pilot/xai_maps/lime/ham10000_ISIC_0027622.npy,/home/tbeliere/Projects/DCU/2026-mcm-XAI-skin-lesion/outputs/pilot/pseudo_concepts/npz/ham10000/ISIC_0027622.npz
ham10000,ISIC_0027622,lime,border_w8_dil2_sigma5,20,0.003077381247826933,0.006135880053438499,0.004544593826925395,0.9117169225387941,-0.03750574598278753,0.0049824617346938774,0.3977798150510204,/home/tbeliere/Projects/DCU/2026-mcm-XAI-skin-lesion/outputs/pilot/xai_maps/lime/ham10000_ISIC_0027622.npy,/home/tbeliere/Projects/DCU/2026-mcm-XAI-skin-lesion/outputs/pilot/pseudo_concepts/npz/ham10000/ISIC_0027622.npz
ham10000,ISIC_0027622,lime,border_w12_dil4_sigma8,20,9.9920063948791e-05,0.00019982016185423127,0.0008885263571873368,0.755421637824395,-0.02814613946845245,0.001175860969387755,0.3977798150510204,/home/tbeliere/Projects/DCU/2026-mcm-XAI-skin-lesion/outputs/pilot/xai_maps/lime/ham10000_ISIC_0027622.npy,/home/tbeliere/Projects/DCU/2026-mcm-XAI-skin-lesion/outputs/pilot/pseudo_concepts/npz/ham10000/ISIC_0027622.npz
ham10000,ISIC_0027622,lime,border_w16_dil6_sigma10,20,0.0,0.0,0.0013983365621308907,0.7304870446733963,-0.0279371544900937,0.001913265306122449,0.3977798150510204,/home/tbeliere/Projects/DCU/2026-mcm-XAI-skin-lesion/outputs/pilot/xai_maps/lime/ham10000_ISIC_0027622.npy,/home/tbeliere/Projects/DCU/2026-mcm-XAI-skin-lesion/outputs/pilot/pseudo_concepts/npz/ham10000/ISIC_0027622.npz
ham10000,ISIC_0027622,lime,border_w16_dil6_sigma10_dist,20,0.0,0.0,0.0011652804684424089,0.7305498981705758,-0.02946864555042723,0.0015943877551020409,0.3977798150510204,/home/tbeliere/Projects/DCU/2026-mcm-XAI-skin-lesion/outputs/pilot/xai_maps/lime/ham10000_ISIC_0027622.npy,/home/tbeliere/Projects/DCU/2026-mcm-XAI-skin-lesion/outputs/pilot/pseudo_concepts/npz/ham10000/ISIC_0027622.npz
ham10000,ISIC_0027622,lime,colour_heterogeneity,20,0.07779640718559147,0.14436197164311998,0.05106841652948857,1.0092971935234065,-0.01616794283021807,0.0506218112244898,0.3977798150510204,/home/tbeliere/Projects/DCU/2026-mcm-XAI-skin-lesion/outputs/pilot/xai_maps/lime/ham10000_ISIC_0027622.npy,/home/tbeliere/Projects/DCU/2026-mcm-XAI-skin-lesion/outputs/pilot/pseudo_concepts/npz/ham10000/ISIC_0027622.npz
ham10000,ISIC_0027622,shap,asymmetry,20,0.023937963587302814,0.046756667764202536,0.03360001386642832,0.7912402891373171,-0.03123933851055888,0.042091836734693876,0.20001594387755103,/home/tbeliere/Projects/DCU/2026-mcm-XAI-skin-lesion/outputs/pilot/xai_maps/shap/ham10000_ISIC_0027622.npy,/home/tbeliere/Projects/DCU/2026-mcm-XAI-skin-lesion/outputs/pilot/pseudo_concepts/npz/ham10000/ISIC_0027622.npz
ham10000,ISIC_0027622,shap,border_default,20,0.002045786653675552,0.00408321991055407,0.0033601093660322353,0.6732893746208946,-0.035041113075399206,0.0049824617346938774,0.20001594387755103,/home/tbeliere/Projects/DCU/2026-mcm-XAI-skin-lesion/outputs/pilot/xai_maps/shap/ham10000_ISIC_0027622.npy,/home/tbeliere/Projects/DCU/2026-mcm-XAI-skin-lesion/outputs/pilot/pseudo_concepts/npz/ham10000/ISIC_0027622.npz
ham10000,ISIC_0027622,shap,border_w8_dil2_sigma5,20,0.002045786653675552,0.00408321991055407,0.0033601093660322353,0.6732893746208946,-0.035041113075399206,0.0049824617346938774,0.20001594387755103,/home/tbeliere/Projects/DCU/2026-mcm-XAI-skin-lesion/outputs/pilot/xai_maps/shap/ham10000_ISIC_0027622.npy,/home/tbeliere/Projects/DCU/2026-mcm-XAI-skin-lesion/outputs/pilot/pseudo_concepts/npz/ham10000/ISIC_0027622.npz
ham10000,ISIC_0027622,shap,border_w12_dil4_sigma8,20,0.0,0.0,0.000362305546464502,0.3078684816674218,-0.041480063452754956,0.001175860969387755,0.20001594387755103,/home/tbeliere/Projects/DCU/2026-mcm-XAI-skin-lesion/outputs/pilot/xai_maps/shap/ham10000_ISIC_0027622.npy,/home/tbeliere/Projects/DCU/2026-mcm-XAI-skin-lesion/outputs/pilot/pseudo_concepts/npz/ham10000/ISIC_0027622.npz
ham10000,ISIC_0027622,shap,border_w16_dil6_sigma10,20,0.0,0.0,0.0005225394371846016,0.2727338061161282,-0.03654350523253841,0.001913265306122449,0.20001594387755103,/home/tbeliere/Projects/DCU/2026-mcm-XAI-skin-lesion/outputs/pilot/xai_maps/shap/ham10000_ISIC_0027622.npy,/home/tbeliere/Projects/DCU/2026-mcm-XAI-skin-lesion/outputs/pilot/pseudo_concepts/npz/ham10000/ISIC_0027622.npz
ham10000,ISIC_0027622,shap,border_w16_dil6_sigma10_dist,20,0.0,0.0,0.00043212112531394666,0.27071112685570264,-0.03942875038018748,0.0015943877551020409,0.20001594387755103,/home/tbeliere/Projects/DCU/2026-mcm-XAI-skin-lesion/outputs/pilot/xai_maps/shap/ham10000_ISIC_0027622.npy,/home/tbeliere/Projects/DCU/2026-mcm-XAI-skin-lesion/outputs/pilot/pseudo_concepts/npz/ham10000/ISIC_0027622.npz
ham10000,ISIC_0027622,shap,colour_heterogeneity,20,0.20818522432490325,0.3446246819335682,0.20383309413918085,4.801444681255074,0.5719468337247593,0.0506218112244898,0.20001594387755103,/home/tbeliere/Projects/DCU/2026-mcm-XAI-skin-lesion/outputs/pilot/xai_maps/shap/ham10000_ISIC_0027622.npy,/home/tbeliere/Projects/DCU/2026-mcm-XAI-skin-lesion/outputs/pilot/pseudo_concepts/npz/ham10000/ISIC_0027622.npz
ham10000,ISIC_0033261,gradcam,asymmetry,20,0.0031838912313887067,0.006347572482410063,0.0045285896732391315,0.15642416773134157,-0.07874498802778103,0.028260522959183673,0.20408163265306123,/home/tbeliere/Projects/DCU/2026-mcm-XAI-skin-lesion/outputs/pilot/xai_maps/gradcam/ham10000_ISIC_0033261.npy,/home/tbeliere/Projects/DCU/2026-mcm-XAI-skin-lesion/outputs/pilot/pseudo_concepts/npz/ham10000/ISIC_0033261.npz
ham10000,ISIC_0033261,gradcam,border_default,20,0.0006798096532964166,0.0013586956521725944,0.0004377136466641263,0.34287982252670873,-0.05888436216474929,0.0012755102040816326,0.20408163265306123,/home/tbeliere/Projects/DCU/2026-mcm-XAI-skin-lesion/outputs/pilot/xai_maps/gradcam/ham10000_ISIC_0033261.npy,/home/tbeliere/Projects/DCU/2026-mcm-XAI-skin-lesion/outputs/pilot/pseudo_concepts/npz/ham10000/ISIC_0033261.npz
ham10000,ISIC_0033261,gradcam,border_w8_dil2_sigma5,20,0.0006798096532964166,0.0013586956521725944,0.0004377136466641263,0.34287982252670873,-0.05888436216474929,0.0012755102040816326,0.20408163265306123,/home/tbeliere/Projects/DCU/2026-mcm-XAI-skin-lesion/outputs/pilot/xai_maps/gradcam/ham10000_ISIC_0033261.npy,/home/tbeliere/Projects/DCU/2026-mcm-XAI-skin-lesion/outputs/pilot/pseudo_concepts/npz/ham10000/ISIC_0033261.npz
ham10000,ISIC_0033261,gradcam,border_w12_dil4_sigma8,20,0.00038450446986409254,0.0007687133660029126,0.0004904457236350751,0.14693853134868373,-0.08357570326484647,0.00332828443877551,0.20408163265306123,/home/tbeliere/Projects/DCU/2026-mcm-XAI-skin-lesion/outputs/pilot/xai_maps/gradcam/ham10000_ISIC_0033261.npy,/home/tbeliere/Projects/DCU/2026-mcm-XAI-skin-lesion/outputs/pilot/pseudo_concepts/npz/ham10000/ISIC_0033261.npz
ham10000,ISIC_0033261,gradcam,border_w16_dil6_sigma10,20,0.0,0.0,0.0008196936651620535,0.14014775329943452,-0.0969598263002909,0.005819515306122449,0.20408163265306123,/home/tbeliere/Projects/DCU/2026-mcm-XAI-skin-lesion/outputs/pilot/xai_maps/gradcam/ham10000_ISIC_0033261.npy,/home/tbeliere/Projects/DCU/2026-mcm-XAI-skin-lesion/outputs/pilot/pseudo_concepts/npz/ham10000/ISIC_0033261.npz
ham10000,ISIC_0033261,gradcam,border_w16_dil6_sigma10_dist,20,0.0,0.0,0.0006351560598278819,0.13223879893811127,-0.0903491310865635,0.0047831632653061226,0.20408163265306123,/home/tbeliere/Projects/DCU/2026-mcm-XAI-skin-lesion/outputs/pilot/xai_maps/gradcam/ham10000_ISIC_0033261.npy,/home/tbeliere/Projects/DCU/2026-mcm-XAI-skin-lesion/outputs/pilot/pseudo_concepts/npz/ham10000/ISIC_0033261.npz
ham10000,ISIC_0033261,gradcam,colour_heterogeneity,20,0.05087950024654703,0.09683222526390549,0.05892784687335768,1.1719242037093904,0.31620836496874,0.05072146045918367,0.20408163265306123,/home/tbeliere/Projects/DCU/2026-mcm-XAI-skin-lesion/outputs/pilot/xai_maps/gradcam/ham10000_ISIC_0033261.npy,/home/tbeliere/Projects/DCU/2026-mcm-XAI-skin-lesion/outputs/pilot/pseudo_concepts/npz/ham10000/ISIC_0033261.npz
ham10000,ISIC_0033261,lime,asymmetry,20,0.03337010479865322,0.06458500133435775,0.030828079161051323,1.0937429863999089,0.03746623030509409,0.028260522959183673,0.2704480229591837,/home/tbeliere/Projects/DCU/2026-mcm-XAI-skin-lesion/outputs/pilot/xai_maps/lime/ham10000_ISIC_0033261.npy,/home/tbeliere/Projects/DCU/2026-mcm-XAI-skin-lesion/outputs/pilot/pseudo_concepts/npz/ham10000/ISIC_0033261.npz
ham10000,ISIC_0033261,lime,border_default,20,0.001395519647446643,0.002787149772625211,0.0013452842115495582,1.0547765440442525,0.004474715482248819,0.0012755102040816326,0.2704480229591837,/home/tbeliere/Projects/DCU/2026-mcm-XAI-skin-lesion/outputs/pilot/xai_maps/lime/ham10000_ISIC_0033261.npy,/home/tbeliere/Projects/DCU/2026-mcm-XAI-skin-lesion/outputs/pilot/pseudo_concepts/npz/ham10000/ISIC_0033261.npz
ham10000,ISIC_0033261,lime,border_w8_dil2_sigma5,20,0.001395519647446643,0.002787149772625211,0.0013452842115495582,1.0547765440442525,0.004474715482248819,0.0012755102040816326,0.2704480229591837,/home/tbeliere/Projects/DCU/2026-mcm-XAI-skin-lesion/outputs/pilot/xai_maps/lime/ham10000_ISIC_0033261.npy,/home/tbeliere/Projects/DCU/2026-mcm-XAI-skin-lesion/outputs/pilot/pseudo_concepts/npz/ham10000/ISIC_0033261.npz
ham10000,ISIC_0033261,lime,border_w12_dil4_sigma8,20,0.004313496125161344,0.008589939579232299,0.003663063033857833,1.1009557716084786,0.010487712916182956,0.00332828443877551,0.2704480229591837,/home/tbeliere/Projects/DCU/2026-mcm-XAI-skin-lesion/outputs/pilot/xai_maps/lime/ham10000_ISIC_0033261.npy,/home/tbeliere/Projects/DCU/2026-mcm-XAI-skin-lesion/outputs/pilot/pseudo_concepts/npz/ham10000/ISIC_0033261.npz
ham10000,ISIC_0033261,lime,border_w16_dil6_sigma10,20,0.007852261160383995,0.015582167075446846,0.006483297405058112,1.1148057550120694,0.013334306600251275,0.005819515306122449,0.2704480229591837,/home/tbeliere/Projects/DCU/2026-mcm-XAI-skin-lesion/outputs/pilot/xai_maps/lime/ham10000_ISIC_0033261.npy,/home/tbeliere/Projects/DCU/2026-mcm-XAI-skin-lesion/outputs/pilot/pseudo_concepts/npz/ham10000/ISIC_0033261.npz
ham10000,ISIC_0033261,lime,border_w16_dil6_sigma10_dist,20,0.006633136525981024,0.013178855901511093,0.005364928602685588,1.122283757131793,0.012827517384067455,0.0047831632653061226,0.2704480229591837,/home/tbeliere/Projects/DCU/2026-mcm-XAI-skin-lesion/outputs/pilot/xai_maps/lime/ham10000_ISIC_0033261.npy,/home/tbeliere/Projects/DCU/2026-mcm-XAI-skin-lesion/outputs/pilot/pseudo_concepts/npz/ham10000/ISIC_0033261.npz
ham10000,ISIC_0033261,lime,colour_heterogeneity,20,0.02161785216177151,0.04232081911260172,0.045091333452179166,0.8837576176935736,-0.14210378661572623,0.05072146045918367,0.2704480229591837,/home/tbeliere/Projects/DCU/2026-mcm-XAI-skin-lesion/outputs/pilot/xai_maps/lime/ham10000_ISIC_0033261.npy,/home/tbeliere/Projects/DCU/2026-mcm-XAI-skin-lesion/outputs/pilot/pseudo_concepts/npz/ham10000/ISIC_0033261.npz
ham10000,ISIC_0033261,shap,asymmetry,20,0.0063257775434841625,0.012572027239381375,0.01788065276006053,0.6260205948254033,-0.05762556726415738,0.028260522959183673,0.20001594387755103,/home/tbeliere/Projects/DCU/2026-mcm-XAI-skin-lesion/outputs/pilot/xai_maps/shap/ham10000_ISIC_0033261.npy,/home/tbeliere/Projects/DCU/2026-mcm-XAI-skin-lesion/outputs/pilot/pseudo_concepts/npz/ham10000/ISIC_0033261.npz
ham10000,ISIC_0033261,shap,border_default,20,0.0002971179558281696,0.0005940594059400059,0.000817226053422936,0.6404111415795549,-0.05618962497888872,0.0012755102040816326,0.20001594387755103,/home/tbeliere/Projects/DCU/2026-mcm-XAI-skin-lesion/outputs/pilot/xai_maps/shap/ham10000_ISIC_0033261.npy,/home/tbeliere/Projects/DCU/2026-mcm-XAI-skin-lesion/outputs/pilot/pseudo_concepts/npz/ham10000/ISIC_0033261.npz
ham10000,ISIC_0033261,shap,border_w8_dil2_sigma5,20,0.0002971179558281696,0.0005940594059400059,0.000817226053422936,0.6404111415795549,-0.05618962497888872,0.0012755102040816326,0.20001594387755103,/home/tbeliere/Projects/DCU/2026-mcm-XAI-skin-lesion/outputs/pilot/xai_maps/shap/ham10000_ISIC_0033261.npy,/home/tbeliere/Projects/DCU/2026-mcm-XAI-skin-lesion/outputs/pilot/pseudo_concepts/npz/ham10000/ISIC_0033261.npz
ham10000,ISIC_0033261,shap,border_w12_dil4_sigma8,20,0.0006865437426435008,0.0013721454474160814,0.002102107206638659,0.6308125904602504,-0.06754990534149187,0.00332828443877551,0.20001594387755103,/home/tbeliere/Projects/DCU/2026-mcm-XAI-skin-lesion/outputs/pilot/xai_maps/shap/ham10000_ISIC_0033261.npy,/home/tbeliere/Projects/DCU/2026-mcm-XAI-skin-lesion/outputs/pilot/pseudo_concepts/npz/ham10000/ISIC_0033261.npz
ham10000,ISIC_0033261,shap,border_w16_dil6_sigma10,20,0.001940240589831257,0.0038729666924826943,0.003881136085206555,0.6656194040588105,-0.06650336141545017,0.005819515306122449,0.20001594387755103,/home/tbeliere/Projects/DCU/2026-mcm-XAI-skin-lesion/outputs/pilot/xai_maps/shap/ham10000_ISIC_0033261.npy,/home/tbeliere/Projects/DCU/2026-mcm-XAI-skin-lesion/outputs/pilot/pseudo_concepts/npz/ham10000/ISIC_0033261.npz
ham10000,ISIC_0033261,shap,border_w16_dil6_sigma10_dist,20,0.0013642564802169516,0.002724795640324324,0.0031446007762136875,0.6563503510606752,-0.06679957013187528,0.0047831632653061226,0.20001594387755103,/home/tbeliere/Projects/DCU/2026-mcm-XAI-skin-lesion/outputs/pilot/xai_maps/shap/ham10000_ISIC_0033261.npy,/home/tbeliere/Projects/DCU/2026-mcm-XAI-skin-lesion/outputs/pilot/pseudo_concepts/npz/ham10000/ISIC_0033261.npz
ham10000,ISIC_0033261,shap,colour_heterogeneity,20,0.05838310759648491,0.11032509339471398,0.06814772969532648,1.368693048985413,0.36948174508484266,0.05072146045918367,0.20001594387755103,/home/tbeliere/Projects/DCU/2026-mcm-XAI-skin-lesion/outputs/pilot/xai_maps/shap/ham10000_ISIC_0033261.npy,/home/tbeliere/Projects/DCU/2026-mcm-XAI-skin-lesion/outputs/pilot/pseudo_concepts/npz/ham10000/ISIC_0033261.npz
ham10000,ISIC_0033611,gradcam,asymmetry,20,0.031805877803526866,0.06165089478116588,0.03660336053557012,4.3647552374799625,0.12936281753563958,0.008629623724489796,0.20408163265306123,/home/tbeliere/Projects/DCU/2026-mcm-XAI-skin-lesion/outputs/pilot/xai_maps/gradcam/ham10000_ISIC_0033611.npy,/home/tbeliere/Projects/DCU/2026-mcm-XAI-skin-lesion/outputs/pilot/pseudo_concepts/npz/ham10000/ISIC_0033611.npz
ham10000,ISIC_0033611,gradcam,border_default,20,0.00790321006926734,0.015682478218765068,0.007057142183774343,3.9552906700518045,0.16199778321459227,0.001793686224489796,0.20408163265306123,/home/tbeliere/Projects/DCU/2026-mcm-XAI-skin-lesion/outputs/pilot/xai_maps/gradcam/ham10000_ISIC_0033611.npy,/home/tbeliere/Projects/DCU/2026-mcm-XAI-skin-lesion/outputs/pilot/pseudo_concepts/npz/ham10000/ISIC_0033611.npz
ham10000,ISIC_0033611,gradcam,border_w8_dil2_sigma5,20,0.00790321006926734,0.015682478218765068,0.007057142183774343,3.9552906700518045,0.16199778321459227,0.001793686224489796,0.20408163265306123,/home/tbeliere/Projects/DCU/2026-mcm-XAI-skin-lesion/outputs/pilot/xai_maps/gradcam/ham10000_ISIC_0033611.npy,/home/tbeliere/Projects/DCU/2026-mcm-XAI-skin-lesion/outputs/pilot/pseudo_concepts/npz/ham10000/ISIC_0033611.npz
ham10000,ISIC_0033611,gradcam,border_w12_dil4_sigma8,20,0.008201523140003709,0.0162696106914427,0.006801134844559195,3.9883909774928084,0.18498391407906306,0.0017139668367346938,0.20408163265306123,/home/tbeliere/Projects/DCU/2026-mcm-XAI-skin-lesion/outputs/pilot/xai_maps/gradcam/ham10000_ISIC_0033611.npy,/home/tbeliere/Projects/DCU/2026-mcm-XAI-skin-lesion/outputs/pilot/pseudo_concepts/npz/ham10000/ISIC_0033611.npz
ham10000,ISIC_0033611,gradcam,border_w16_dil6_sigma10,20,0.010449218749989796,0.020682323378737138,0.009135934631795834,4.314436154868123,0.22632004289473678,0.0021324936224489796,0.20408163265306123,/home/tbeliere/Projects/DCU/2026-mcm-XAI-skin-lesion/outputs/pilot/xai_maps/gradcam/ham10000_ISIC_0033611.npy,/home/tbeliere/Projects/DCU/2026-mcm-XAI-skin-lesion/outputs/pilot/pseudo_concepts/npz/ham10000/ISIC_0033611.npz
ham10000,ISIC_0033611,gradcam,border_w16_dil6_sigma10_dist,20,0.008789062499991417,0.017424975798627854,0.00758657832975822,4.254290634547355,0.210034108526681,0.001793686224489796,0.20408163265306123,/home/tbeliere/Projects/DCU/2026-mcm-XAI-skin-lesion/outputs/pilot/xai_maps/gradcam/ham10000_ISIC_0033611.npy,/home/tbeliere/Projects/DCU/2026-mcm-XAI-skin-lesion/outputs/pilot/pseudo_concepts/npz/ham10000/ISIC_0033611.npz
ham10000,ISIC_0033611,gradcam,colour_heterogeneity,20,0.06714836223500274,0.12584634828913438,0.07401437201312441,4.711689527071366,0.42330764710361607,0.0166812818877551,0.20408163265306123,/home/tbeliere/Projects/DCU/2026-mcm-XAI-skin-lesion/outputs/pilot/xai_maps/gradcam/ham10000_ISIC_0033611.npy,/home/tbeliere/Projects/DCU/2026-mcm-XAI-skin-lesion/outputs/pilot/pseudo_concepts/npz/ham10000/ISIC_0033611.npz
ham10000,ISIC_0033611,lime,asymmetry,20,0.010052447552441276,0.019904803115522094,0.00931282630167621,1.0799136251761012,0.01765575643331285,0.008629623724489796,0.3137755102040816,/home/tbeliere/Projects/DCU/2026-mcm-XAI-skin-lesion/outputs/pilot/xai_maps/lime/ham10000_ISIC_0033611.npy,/home/tbeliere/Projects/DCU/2026-mcm-XAI-skin-lesion/outputs/pilot/pseudo_concepts/npz/ham10000/ISIC_0033611.npz
ham10000,ISIC_0033611,lime,border_default,20,0.0018982536066806514,0.003789314134139327,0.001881379050843679,1.0489819379802534,0.031452066837482986,0.001793686224489796,0.3137755102040816,/home/tbeliere/Projects/DCU/2026-mcm-XAI-skin-lesion/outputs/pilot/xai_maps/lime/ham10000_ISIC_0033611.npy,/home/tbeliere/Projects/DCU/2026-mcm-XAI-skin-lesion/outputs/pilot/pseudo_concepts/npz/ham10000/ISIC_0033611.npz
ham10000,ISIC_0033611,lime,border_w8_dil2_sigma5,20,0.0018982536066806514,0.003789314134139327,0.001881379050843679,1.0489819379802534,0.031452066837482986,0.001793686224489796,0.3137755102040816,/home/tbeliere/Projects/DCU/2026-mcm-XAI-skin-lesion/outputs/pilot/xai_maps/lime/ham10000_ISIC_0033611.npy,/home/tbeliere/Projects/DCU/2026-mcm-XAI-skin-lesion/outputs/pilot/pseudo_concepts/npz/ham10000/ISIC_0033611.npz
ham10000,ISIC_0033611,lime,border_w12_dil4_sigma8,20,0.0022158911047785905,0.004421983575486783,0.0018970572096007096,1.1070255186170845,0.038307430407503146,0.0017139668367346938,0.3137755102040816,/home/tbeliere/Projects/DCU/2026-mcm-XAI-skin-lesion/outputs/pilot/xai_maps/lime/ham10000_ISIC_0033611.npy,/home/tbeliere/Projects/DCU/2026-mcm-XAI-skin-lesion/outputs/pilot/pseudo_concepts/npz/ham10000/ISIC_0033611.npz
ham10000,ISIC_0033611,lime,border_w16_dil6_sigma10,20,0.0031643566862836754,0.006308750236574154,0.002461470924853813,1.1546494219145804,0.058146243449402724,0.0021324936224489796,0.3137755102040816,/home/tbeliere/Projects/DCU/2026-mcm-XAI-skin-lesion/outputs/pilot/xai_maps/lime/ham10000_ISIC_0033611.npy,/home/tbeliere/Projects/DCU/2026-mcm-XAI-skin-lesion/outputs/pilot/pseudo_concepts/npz/ham10000/ISIC_0033611.npz
ham10000,ISIC_0033611,lime,border_w16_dil6_sigma10_dist,20,0.002215330084181141,0.004420866489829215,0.0019597698446288322,1.0927752263815607,0.04710923975065222,0.001793686224489796,0.3137755102040816,/home/tbeliere/Projects/DCU/2026-mcm-XAI-skin-lesion/outputs/pilot/xai_maps/lime/ham10000_ISIC_0033611.npy,/home/tbeliere/Projects/DCU/2026-mcm-XAI-skin-lesion/outputs/pilot/pseudo_concepts/npz/ham10000/ISIC_0033611.npz
ham10000,ISIC_0033611,lime,colour_heterogeneity,20,0.023013326752206926,0.044991255050934806,0.018970572096007096,1.1398908516360675,0.158128917942599,0.0166812818877551,0.3137755102040816,/home/tbeliere/Projects/DCU/2026-mcm-XAI-skin-lesion/outputs/pilot/xai_maps/lime/ham10000_ISIC_0033611.npy,/home/tbeliere/Projects/DCU/2026-mcm-XAI-skin-lesion/outputs/pilot/pseudo_concepts/npz/ham10000/ISIC_0033611.npz
ham10000,ISIC_0033611,shap,asymmetry,20,0.01709899931990955,0.03362307765781486,0.01257977491135987,1.4635744758094846,0.04028315997296358,0.008629623724489796,0.20001594387755103,/home/tbeliere/Projects/DCU/2026-mcm-XAI-skin-lesion/outputs/pilot/xai_maps/shap/ham10000_ISIC_0033611.npy,/home/tbeliere/Projects/DCU/2026-mcm-XAI-skin-lesion/outputs/pilot/pseudo_concepts/npz/ham10000/ISIC_0033611.npz
ham10000,ISIC_0033611,shap,border_default,20,0.003269592787076915,0.006517874777793286,0.002219400389622236,1.2378679580633336,0.03219928471473815,0.001793686224489796,0.20001594387755103,/home/tbeliere/Projects/DCU/2026-mcm-XAI-skin-lesion/outputs/pilot/xai_maps/shap/ham10000_ISIC_0033611.npy,/home/tbeliere/Projects/DCU/2026-mcm-XAI-skin-lesion/outputs/pilot/pseudo_concepts/npz/ham10000/ISIC_0033611.npz
ham10000,ISIC_0033611,shap,border_w8_dil2_sigma5,20,0.003269592787076915,0.006517874777793286,0.002219400389622236,1.2378679580633336,0.03219928471473815,0.001793686224489796,0.20001594387755103,/home/tbeliere/Projects/DCU/2026-mcm-XAI-skin-lesion/outputs/pilot/xai_maps/shap/ham10000_ISIC_0033611.npy,/home/tbeliere/Projects/DCU/2026-mcm-XAI-skin-lesion/outputs/pilot/pseudo_concepts/npz/ham10000/ISIC_0033611.npz
ham10000,ISIC_0033611,shap,border_w12_dil4_sigma8,20,0.0037683458944825776,0.0075083975498839075,0.0025699592336078836,1.5007083543893813,0.05741484256178427,0.0017139668367346938,0.20001594387755103,/home/tbeliere/Projects/DCU/2026-mcm-XAI-skin-lesion/outputs/pilot/xai_maps/shap/ham10000_ISIC_0033611.npy,/home/tbeliere/Projects/DCU/2026-mcm-XAI-skin-lesion/outputs/pilot/pseudo_concepts/npz/ham10000/ISIC_0033611.npz
ham10000,ISIC_0033611,shap,border_w16_dil6_sigma10,20,0.005053507728889166,0.010056196391590203,0.0033801967505255014,1.587075238141548,0.08554368351430103,0.0021324936224489796,0.20001594387755103,/home/tbeliere/Projects/DCU/2026-mcm-XAI-skin-lesion/outputs/pilot/xai_maps/shap/ham10000_ISIC_0033611.npy,/home/tbeliere/Projects/DCU/2026-mcm-XAI-skin-lesion/outputs/pilot/pseudo_concepts/npz/ham10000/ISIC_0033611.npz
ham10000,ISIC_0033611,shap,border_w16_dil6_sigma10_dist,20,0.004065443728305339,0.0080979656330159,0.0027659147856410465,1.5435311679557204,0.07269572555013074,0.001793686224489796,0.20001594387755103,/home/tbeliere/Projects/DCU/2026-mcm-XAI-skin-lesion/outputs/pilot/xai_maps/shap/ham10000_ISIC_0033611.npy,/home/tbeliere/Projects/DCU/2026-mcm-XAI-skin-lesion/outputs/pilot/pseudo_concepts/npz/ham10000/ISIC_0033611.npz
ham10000,ISIC_0033611,shap,colour_heterogeneity,20,0.035918445121917,0.06934608663655904,0.03349225904179805,2.042696839896313,0.32765740289927475,0.0166812818877551,0.20001594387755103,/home/tbeliere/Projects/DCU/2026-mcm-XAI-skin-lesion/outputs/pilot/xai_maps/shap/ham10000_ISIC_0033611.npy,/home/tbeliere/Projects/DCU/2026-mcm-XAI-skin-lesion/outputs/pilot/pseudo_concepts/npz/ham10000/ISIC_0033611.npz
ham10000,ISIC_0027261,gradcam,asymmetry,20,0.020581698714831786,0.040333270213936435,0.026734793500693667,4.252944818292219,0.1059886024818773,0.006417410714285714,0.20408163265306123,/home/tbeliere/Projects/DCU/2026-mcm-XAI-skin-lesion/outputs/pilot/xai_maps/gradcam/ham10000_ISIC_0027261.npy,/home/tbeliere/Projects/DCU/2026-mcm-XAI-skin-lesion/outputs/pilot/pseudo_concepts/npz/ham10000/ISIC_0027261.npz
ham10000,ISIC_0027261,gradcam,border_default,20,0.007099095594663912,0.014098107377352164,0.008715871987524023,3.7944205354445666,0.12545311944400392,0.002311862244897959,0.20408163265306123,/home/tbeliere/Projects/DCU/2026-mcm-XAI-skin-lesion/outputs/pilot/xai_maps/gradcam/ham10000_ISIC_0027261.npy,/home/tbeliere/Projects/DCU/2026-mcm-XAI-skin-lesion/outputs/pilot/pseudo_concepts/npz/ham10000/ISIC_0027261.npz
ham10000,ISIC_0027261,gradcam,border_w8_dil2_sigma5,20,0.007099095594663912,0.014098107377352164,0.008715871987524023,3.7944205354445666,0.12545311944400392,0.002311862244897959,0.20408163265306123,/home/tbeliere/Projects/DCU/2026-mcm-XAI-skin-lesion/outputs/pilot/xai_maps/gradcam/ham10000_ISIC_0027261.npy,/home/tbeliere/Projects/DCU/2026-mcm-XAI-skin-lesion/outputs/pilot/pseudo_concepts/npz/ham10000/ISIC_0027261.npz
ham10000,ISIC_0027261,gradcam,border_w12_dil4_sigma8,20,0.006819288845585173,0.0135462022254344,0.008321503293331915,4.423644418159134,0.17333809982370368,0.0018933354591836734,0.20408163265306123,/home/tbeliere/Projects/DCU/2026-mcm-XAI-skin-lesion/outputs/pilot/xai_maps/gradcam/ham10000_ISIC_0027261.npy,/home/tbeliere/Projects/DCU/2026-mcm-XAI-skin-lesion/outputs/pilot/pseudo_concepts/npz/ham10000/ISIC_0027261.npz
ham10000,ISIC_0027261,gradcam,border_w16_dil6_sigma10,20,0.008367386651091295,0.016595908915460637,0.01074592463743127,4.384657260447744,0.20107136560434782,0.0024713010204081634,0.20408163265306123,/home/tbeliere/Projects/DCU/2026-mcm-XAI-skin-lesion/outputs/pilot/xai_maps/gradcam/ham10000_ISIC_0027261.npy,/home/tbeliere/Projects/DCU/2026-mcm-XAI-skin-lesion/outputs/pilot/pseudo_concepts/npz/ham10000/ISIC_0027261.npz
ham10000,ISIC_0027261,gradcam,border_w16_dil6_sigma10_dist,20,0.006911320938375438,0.013727764887844423,0.008937114271520826,4.341678207522379,0.18636514725308984,0.002072704081632653,0.20408163265306123,/home/tbeliere/Projects/DCU/2026-mcm-XAI-skin-lesion/outputs/pilot/xai_maps/gradcam/ham10000_ISIC_0027261.npy,/home/tbeliere/Projects/DCU/2026-mcm-XAI-skin-lesion/outputs/pilot/pseudo_concepts/npz/ham10000/ISIC_0027261.npz
ham10000,ISIC_0027261,gradcam,colour_heterogeneity,20,0.07392237175729088,0.13766799854691456,0.1244227593824291,9.093898225316076,0.5762559004377471,0.015385841836734694,0.20408163265306123,/home/tbeliere/Projects/DCU/2026-mcm-XAI-skin-lesion/outputs/pilot/xai_maps/gradcam/ham10000_ISIC_0027261.npy,/home/tbeliere/Projects/DCU/2026-mcm-XAI-skin-lesion/outputs/pilot/pseudo_concepts/npz/ham10000/ISIC_0027261.npz
ham10000,ISIC_0027261,lime,asymmetry,20,0.010140500916304128,0.020077406869847558,0.007564773371995346,1.180151847773719,0.032546714637385864,0.006417410714285714,0.32314253826530615,/home/tbeliere/Projects/DCU/2026-mcm-XAI-skin-lesion/outputs/pilot/xai_maps/lime/ham10000_ISIC_0027261.npy,/home/tbeliere/Projects/DCU/2026-mcm-XAI-skin-lesion/outputs/pilot/pseudo_concepts/npz/ham10000/ISIC_0027261.npz
ham10000,ISIC_0027261,lime,border_default,20,0.0030712530712511846,0.00612369871401952,0.0026003908466234,1.1251288945858726,0.027057459886129412,0.002311862244897959,0.32314253826530615,/home/tbeliere/Projects/DCU/2026-mcm-XAI-skin-lesion/outputs/pilot/xai_maps/lime/ham10000_ISIC_0027261.npy,/home/tbeliere/Projects/DCU/2026-mcm-XAI-skin-lesion/outputs/pilot/pseudo_concepts/npz/ham10000/ISIC_0027261.npz
ham10000,ISIC_0027261,lime,border_w8_dil2_sigma5,20,0.0030712530712511846,0.00612369871401952,0.0026003908466234,1.1251288945858726,0.027057459886129412,0.002311862244897959,0.32314253826530615,/home/tbeliere/Projects/DCU/2026-mcm-XAI-skin-lesion/outputs/pilot/xai_maps/lime/ham10000_ISIC_0027261.npy,/home/tbeliere/Projects/DCU/2026-mcm-XAI-skin-lesion/outputs/pilot/pseudo_concepts/npz/ham10000/ISIC_0027261.npz
ham10000,ISIC_0027261,lime,border_w12_dil4_sigma8,20,0.0024586637162686957,0.004905267030470964,0.002127592510873691,1.12399088555784,0.04310230870682513,0.0018933354591836734,0.32314253826530615,/home/tbeliere/Projects/DCU/2026-mcm-XAI-skin-lesion/outputs/pilot/xai_maps/lime/ham10000_ISIC_0027261.npy,/home/tbeliere/Projects/DCU/2026-mcm-XAI-skin-lesion/outputs/pilot/pseudo_concepts/npz/ham10000/ISIC_0027261.npz
ham10000,ISIC_0027261,lime,border_w16_dil6_sigma10,20,0.0027619222979176567,0.005508630187290055,0.002663430624723361,1.077951953018493,0.050543140051816815,0.0024713010204081634,0.32314253826530615,/home/tbeliere/Projects/DCU/2026-mcm-XAI-skin-lesion/outputs/pilot/xai_maps/lime/ham10000_ISIC_0027261.npy,/home/tbeliere/Projects/DCU/2026-mcm-XAI-skin-lesion/outputs/pilot/pseudo_concepts/npz/ham10000/ISIC_0027261.npz
ham10000,ISIC_0027261,lime,border_w16_dil6_sigma10_dist,20,0.0023341523341509005,0.004657433509005602,0.002237912122548623,1.0798852821655218,0.0454527172468525,0.002072704081632653,0.32314253826530615,/home/tbeliere/Projects/DCU/2026-mcm-XAI-skin-lesion/outputs/pilot/xai_maps/lime/ham10000_ISIC_0027261.npy,/home/tbeliere/Projects/DCU/2026-mcm-XAI-skin-lesion/outputs/pilot/pseudo_concepts/npz/ham10000/ISIC_0027261.npz
ham10000,ISIC_0027261,lime,colour_heterogeneity,20,0.039026180572523224,0.0751206876250588,0.022221521780236328,1.4543808292204516,0.20649564043577265,0.015385841836734694,0.32314253826530615,/home/tbeliere/Projects/DCU/2026-mcm-XAI-skin-lesion/outputs/pilot/xai_maps/lime/ham10000_ISIC_0027261.npy,/home/tbeliere/Projects/DCU/2026-mcm-XAI-skin-lesion/outputs/pilot/pseudo_concepts/npz/ham10000/ISIC_0027261.npz
ham10000,ISIC_0027261,shap,asymmetry,20,0.0106351839203721,0.02104653407991789,0.008780762799185373,1.3715340383185908,0.03171371136963968,0.006417410714285714,0.20001594387755103,/home/tbeliere/Projects/DCU/2026-mcm-XAI-skin-lesion/outputs/pilot/xai_maps/shap/ham10000_ISIC_0027261.npy,/home/tbeliere/Projects/DCU/2026-mcm-XAI-skin-lesion/outputs/pilot/pseudo_concepts/npz/ham10000/ISIC_0027261.npz
ham10000,ISIC_0027261,shap,border_default,20,0.005347593582882404,0.010638297872329946,0.0037910559654256194,1.6422624987173997,0.057202858091048,0.002311862244897959,0.20001594387755103,/home/tbeliere/Projects/DCU/2026-mcm-XAI-skin-lesion/outputs/pilot/xai_maps/shap/ham10000_ISIC_0027261.npy,/home/tbeliere/Projects/DCU/2026-mcm-XAI-skin-lesion/outputs/pilot/pseudo_concepts/npz/ham10000/ISIC_0027261.npz
ham10000,ISIC_0027261,shap,border_w8_dil2_sigma5,20,0.005347593582882404,0.010638297872329946,0.0037910559654256194,1.6422624987173997,0.057202858091048,0.002311862244897959,0.20001594387755103,/home/tbeliere/Projects/DCU/2026-mcm-XAI-skin-lesion/outputs/pilot/xai_maps/shap/ham10000_ISIC_0027261.npy,/home/tbeliere/Projects/DCU/2026-mcm-XAI-skin-lesion/outputs/pilot/pseudo_concepts/npz/ham10000/ISIC_0027261.npz
ham10000,ISIC_0027261,shap,border_w12_dil4_sigma8,20,0.00376498563360372,0.0075017273714268065,0.002819017563661077,1.4902978444633697,0.060302497719794304,0.0018933354591836734,0.20001594387755103,/home/tbeliere/Projects/DCU/2026-mcm-XAI-skin-lesion/outputs/pilot/xai_maps/shap/ham10000_ISIC_0027261.npy,/home/tbeliere/Projects/DCU/2026-mcm-XAI-skin-lesion/outputs/pilot/pseudo_concepts/npz/ham10000/ISIC_0027261.npz
ham10000,ISIC_0027261,shap,border_w16_dil6_sigma10,20,0.004051783773096104,0.008070866141724338,0.003482724789908309,1.4106980870612837,0.056865721965088774,0.0024713010204081634,0.20001594387755103,/home/tbeliere/Projects/DCU/2026-mcm-XAI-skin-lesion/outputs/pilot/xai_maps/shap/ham10000_ISIC_0027261.npy,/home/tbeliere/Projects/DCU/2026-mcm-XAI-skin-lesion/outputs/pilot/pseudo_concepts/npz/ham10000/ISIC_0027261.npz
ham10000,ISIC_0027261,shap,border_w16_dil6_sigma10_dist,20,0.003463631865409734,0.006903353057192403,0.0028961182921557805,1.3984194627912896,0.05659253774579454,0.002072704081632653,0.20001594387755103,/home/tbeliere/Projects/DCU/2026-mcm-XAI-skin-lesion/outputs/pilot/xai_maps/shap/ham10000_ISIC_0027261.npy,/home/tbeliere/Projects/DCU/2026-mcm-XAI-skin-lesion/outputs/pilot/pseudo_concepts/npz/ham10000/ISIC_0027261.npz
ham10000,ISIC_0027261,shap,colour_heterogeneity,20,0.03923076923073151,0.07549962990370512,0.029381901181321897,1.937208234244844,0.12325541667601715,0.015385841836734694,0.20001594387755103,/home/tbeliere/Projects/DCU/2026-mcm-XAI-skin-lesion/outputs/pilot/xai_maps/shap/ham10000_ISIC_0027261.npy,/home/tbeliere/Projects/DCU/2026-mcm-XAI-skin-lesion/outputs/pilot/pseudo_concepts/npz/ham10000/ISIC_0027261.npz
ham10000,ISIC_0025748,gradcam,asymmetry,20,0.013151064197946745,0.02596071733558842,0.0065123993223966375,0.21719190563230817,-0.052990013248386425,0.029296875,0.20408163265306123,/home/tbeliere/Projects/DCU/2026-mcm-XAI-skin-lesion/outputs/pilot/xai_maps/gradcam/ham10000_ISIC_0025748.npy,/home/tbeliere/Projects/DCU/2026-mcm-XAI-skin-lesion/outputs/pilot/pseudo_concepts/npz/ham10000/ISIC_0025748.npz
ham10000,ISIC_0025748,gradcam,border_default,20,9.620009620000365e-05,0.00019238168526337785,0.00044105412571077075,0.14148242953105308,-0.03634662527956069,0.0031090561224489796,0.20408163265306123,/home/tbeliere/Projects/DCU/2026-mcm-XAI-skin-lesion/outputs/pilot/xai_maps/gradcam/ham10000_ISIC_0025748.npy,/home/tbeliere/Projects/DCU/2026-mcm-XAI-skin-lesion/outputs/pilot/pseudo_concepts/npz/ham10000/ISIC_0025748.npz
ham10000,ISIC_0025748,gradcam,border_w8_dil2_sigma5,20,9.620009620000365e-05,0.00019238168526337785,0.00044105412571077075,0.14148242953105308,-0.03634662527956069,0.0031090561224489796,0.20408163265306123,/home/tbeliere/Projects/DCU/2026-mcm-XAI-skin-lesion/outputs/pilot/xai_maps/gradcam/ham10000_ISIC_0025748.npy,/home/tbeliere/Projects/DCU/2026-mcm-XAI-skin-lesion/outputs/pilot/pseudo_concepts/npz/ham10000/ISIC_0025748.npz
ham10000,ISIC_0025748,gradcam,border_w12_dil4_sigma8,20,0.0001919754271451411,0.00038387715930865267,0.000583121967684215,0.16205984033288534,-0.0416551610624682,0.003587372448979592,0.20408163265306123,/home/tbeliere/Projects/DCU/2026-mcm-XAI-skin-lesion/outputs/pilot/xai_maps/gradcam/ham10000_ISIC_0025748.npy,/home/tbeliere/Projects/DCU/2026-mcm-XAI-skin-lesion/outputs/pilot/pseudo_concepts/npz/ham10000/ISIC_0025748.npz
ham10000,ISIC_0025748,gradcam,border_w16_dil6_sigma10,20,0.0001914241960181935,0.00038277511961685854,0.0007164015372447527,0.17057799927296183,-0.04432161874070352,0.004185267857142857,0.20408163265306123,/home/tbeliere/Projects/DCU/2026-mcm-XAI-skin-lesion/outputs/pilot/xai_maps/gradcam/ham10000_ISIC_0025748.npy,/home/tbeliere/Projects/DCU/2026-mcm-XAI-skin-lesion/outputs/pilot/pseudo_concepts/npz/ham10000/ISIC_0025748.npz
ham10000,ISIC_0025748,gradcam,border_w16_dil6_sigma10_dist,20,9.60430272761275e-05,0.00019206760779776042,0.0005850362346151091,0.1691947351066229,-0.04374865893988468,0.0034478635204081634,0.20408163265306123,/home/tbeliere/Projects/DCU/2026-mcm-XAI-skin-lesion/outputs/pilot/xai_maps/gradcam/ham10000_ISIC_0025748.npy,/home/tbeliere/Projects/DCU/2026-mcm-XAI-skin-lesion/outputs/pilot/pseudo_concepts/npz/ham10000/ISIC_0025748.npz
ham10000,ISIC_0025748,gradcam,colour_heterogeneity,20,0.06108365196301307,0.11513447002978103,0.03570110925308396,1.5953667355970156,0.354829122042031,0.02268016581632653,0.20408163265306123,/home/tbeliere/Projects/DCU/2026-mcm-XAI-skin-lesion/outputs/pilot/xai_maps/gradcam/ham10000_ISIC_0025748.npy,/home/tbeliere/Projects/DCU/2026-mcm-XAI-skin-lesion/outputs/pilot/pseudo_concepts/npz/ham10000/ISIC_0025748.npz
ham10000,ISIC_0025748,lime,asymmetry,20,0.015327102803726858,0.030191458026487338,0.023972125435531715,0.8137845577580152,-0.06405426240628187,0.029296875,0.24135044642857142,/home/tbeliere/Projects/DCU/2026-mcm-XAI-skin-lesion/outputs/pilot/xai_maps/lime/ham10000_ISIC_0025748.npy,/home/tbeliere/Projects/DCU/2026-mcm-XAI-skin-lesion/outputs/pilot/pseudo_concepts/npz/ham10000/ISIC_0025748.npz
ham10000,ISIC_0025748,lime,border_default,20,0.002451781627980997,0.0048915701940282965,0.0030313588850163654,0.974933324736978,-0.05434605623573653,0.0031090561224489796,0.24135044642857142,/home/tbeliere/Projects/DCU/2026-mcm-XAI-skin-lesion/outputs/pilot/xai_maps/lime/ham10000_ISIC_0025748.npy,/home/tbeliere/Projects/DCU/2026-mcm-XAI-skin-lesion/outputs/pilot/pseudo_concepts/npz/ham10000/ISIC_0025748.npz
ham10000,ISIC_0025748,lime,border_w8_dil2_sigma5,20,0.002451781627980997,0.0048915701940282965,0.0030313588850163654,0.974933324736978,-0.05434605623573653,0.0031090561224489796,0.24135044642857142,/home/tbeliere/Projects/DCU/2026-mcm-XAI-skin-lesion/outputs/pilot/xai_maps/lime/ham10000_ISIC_0025748.npy,/home/tbeliere/Projects/DCU/2026-mcm-XAI-skin-lesion/outputs/pilot/pseudo_concepts/npz/ham10000/ISIC_0025748.npz
ham10000,ISIC_0025748,lime,border_w12_dil4_sigma8,20,0.0011404366243066629,0.0022782750203398875,0.0030487804878038156,0.8494053403461147,-0.0746685070976214,0.003587372448979592,0.24135044642857142,/home/tbeliere/Projects/DCU/2026-mcm-XAI-skin-lesion/outputs/pilot/xai_maps/lime/ham10000_ISIC_0025748.npy,/home/tbeliere/Projects/DCU/2026-mcm-XAI-skin-lesion/outputs/pilot/pseudo_concepts/npz/ham10000/ISIC_0025748.npz
ham10000,ISIC_0025748,lime,border_w16_dil6_sigma10,20,0.0009749756256085675,0.0019480519480503666,0.003571428571427327,0.852807626802219,-0.08583586136682131,0.004185267857142857,0.24135044642857142,/home/tbeliere/Projects/DCU/2026-mcm-XAI-skin-lesion/outputs/pilot/xai_maps/lime/ham10000_ISIC_0025748.npy,/home/tbeliere/Projects/DCU/2026-mcm-XAI-skin-lesion/outputs/pilot/pseudo_concepts/npz/ham10000/ISIC_0025748.npz
ham10000,ISIC_0025748,lime,border_w16_dil6_sigma10_dist,20,0.0009779154103162107,0.001953920052102944,0.0030487804878038156,0.8838980673610398,-0.07783210257178053,0.0034478635204081634,0.24135044642857142,/home/tbeliere/Projects/DCU/2026-mcm-XAI-skin-lesion/outputs/pilot/xai_maps/lime/ham10000_ISIC_0025748.npy,/home/tbeliere/Projects/DCU/2026-mcm-XAI-skin-lesion/outputs/pilot/pseudo_concepts/npz/ham10000/ISIC_0025748.npz
ham10000,ISIC_0025748,lime,colour_heterogeneity,20,0.03394989463823152,0.06567028985502289,0.022543554006960786,0.993837662634205,0.04031278988319365,0.02268016581632653,0.24135044642857142,/home/tbeliere/Projects/DCU/2026-mcm-XAI-skin-lesion/outputs/pilot/xai_maps/lime/ham10000_ISIC_0025748.npy,/home/tbeliere/Projects/DCU/2026-mcm-XAI-skin-lesion/outputs/pilot/pseudo_concepts/npz/ham10000/ISIC_0025748.npz
ham10000,ISIC_0025748,shap,asymmetry,20,0.03835393917513008,0.07387450026066932,0.03754229607715741,1.2924216266596473,0.048400161889552255,0.029296875,0.20001594387755103,/home/tbeliere/Projects/DCU/2026-mcm-XAI-skin-lesion/outputs/pilot/xai_maps/shap/ham10000_ISIC_0025748.npy,/home/tbeliere/Projects/DCU/2026-mcm-XAI-skin-lesion/outputs/pilot/pseudo_concepts/npz/ham10000/ISIC_0025748.npz
ham10000,ISIC_0025748,shap,border_default,20,0.0049299940840022375,0.00981161695446447,0.004131037720673432,1.330074336145458,0.049481267924615956,0.0031090561224489796,0.20001594387755103,/home/tbeliere/Projects/DCU/2026-mcm-XAI-skin-lesion/outputs/pilot/xai_maps/shap/ham10000_ISIC_0025748.npy,/home/tbeliere/Projects/DCU/2026-mcm-XAI-skin-lesion/outputs/pilot/pseudo_concepts/npz/ham10000/ISIC_0025748.npz
ham10000,ISIC_0025748,shap,border_w8_dil2_sigma5,20,0.0049299940840022375,0.00981161695446447,0.004131037720673432,1.330074336145458,0.049481267924615956,0.0031090561224489796,0.20001594387755103,/home/tbeliere/Projects/DCU/2026-mcm-XAI-skin-lesion/outputs/pilot/xai_maps/shap/ham10000_ISIC_0025748.npy,/home/tbeliere/Projects/DCU/2026-mcm-XAI-skin-lesion/outputs/pilot/pseudo_concepts/npz/ham10000/ISIC_0025748.npz
ham10000,ISIC_0025748,shap,border_w12_dil4_sigma8,20,0.0051160960251819005,0.010180109631939917,0.004614454733564662,1.2876317336006442,0.05506946737026929,0.003587372448979592,0.20001594387755103,/home/tbeliere/Projects/DCU/2026-mcm-XAI-skin-lesion/outputs/pilot/xai_maps/shap/ham10000_ISIC_0025748.npy,/home/tbeliere/Projects/DCU/2026-mcm-XAI-skin-lesion/outputs/pilot/pseudo_concepts/npz/ham10000/ISIC_0025748.npz
ham10000,ISIC_0025748,shap,border_w16_dil6_sigma10,20,0.005199646816437555,0.010345500683183344,0.0050795647084514095,1.2147679748433948,0.06492679538505314,0.004185267857142857,0.20001594387755103,/home/tbeliere/Projects/DCU/2026-mcm-XAI-skin-lesion/outputs/pilot/xai_maps/shap/ham10000_ISIC_0025748.npy,/home/tbeliere/Projects/DCU/2026-mcm-XAI-skin-lesion/outputs/pilot/pseudo_concepts/npz/ham10000/ISIC_0025748.npz
ham10000,ISIC_0025748,shap,border_w16_dil6_sigma10_dist,20,0.0045262225720707205,0.009011656381615229,0.0042041825084829,1.220284614311599,0.06043163010438935,0.0034478635204081634,0.20001594387755103,/home/tbeliere/Projects/DCU/2026-mcm-XAI-skin-lesion/outputs/pilot/xai_maps/shap/ham10000_ISIC_0025748.npy,/home/tbeliere/Projects/DCU/2026-mcm-XAI-skin-lesion/outputs/pilot/pseudo_concepts/npz/ham10000/ISIC_0025748.npz
ham10000,ISIC_0025748,shap,colour_heterogeneity,20,0.0664248902461668,0.12457490603174817,0.05429114186266058,2.4737842769435203,0.45045370865857737,0.02268016581632653,0.20001594387755103,/home/tbeliere/Projects/DCU/2026-mcm-XAI-skin-lesion/outputs/pilot/xai_maps/shap/ham10000_ISIC_0025748.npy,/home/tbeliere/Projects/DCU/2026-mcm-XAI-skin-lesion/outputs/pilot/pseudo_concepts/npz/ham10000/ISIC_0025748.npz
ham10000,ISIC_0033995,gradcam,asymmetry,20,0.021981105602822952,0.04301665751414697,0.01905553514697893,1.4014253401217325,0.014313739262600393,0.013671875,0.20408163265306123,/home/tbeliere/Projects/DCU/2026-mcm-XAI-skin-lesion/outputs/pilot/xai_maps/gradcam/ham10000_ISIC_0033995.npy,/home/tbeliere/Projects/DCU/2026-mcm-XAI-skin-lesion/outputs/pilot/pseudo_concepts/npz/ham10000/ISIC_0033995.npz
ham10000,ISIC_0033995,gradcam,border_default,20,0.00019417475728136487,0.0003882741215294231,0.0006018604141274623,0.4867708641419881,0.021099246486733676,0.0012356505102040817,0.20408163265306123,/home/tbeliere/Projects/DCU/2026-mcm-XAI-skin-lesion/outputs/pilot/xai_maps/gradcam/ham10000_ISIC_0033995.npy,/home/tbeliere/Projects/DCU/2026-mcm-XAI-skin-lesion/outputs/pilot/pseudo_concepts/npz/ham10000/ISIC_0033995.npz
ham10000,ISIC_0033995,gradcam,border_w8_dil2_sigma5,20,0.00019417475728136487,0.0003882741215294231,0.0006018604141274623,0.4867708641419881,0.021099246486733676,0.0012356505102040817,0.20408163265306123,/home/tbeliere/Projects/DCU/2026-mcm-XAI-skin-lesion/outputs/pilot/xai_maps/gradcam/ham10000_ISIC_0033995.npy,/home/tbeliere/Projects/DCU/2026-mcm-XAI-skin-lesion/outputs/pilot/pseudo_concepts/npz/ham10000/ISIC_0033995.npz
ham10000,ISIC_0033995,gradcam,border_w12_dil4_sigma8,20,0.001351351351350047,0.0026990553306316762,0.001030725583443582,0.3853192551224935,0.03766877118247373,0.0026705994897959183,0.20408163265306123,/home/tbeliere/Projects/DCU/2026-mcm-XAI-skin-lesion/outputs/pilot/xai_maps/gradcam/ham10000_ISIC_0033995.npy,/home/tbeliere/Projects/DCU/2026-mcm-XAI-skin-lesion/outputs/pilot/pseudo_concepts/npz/ham10000/ISIC_0033995.npz
ham10000,ISIC_0033995,gradcam,border_w16_dil6_sigma10,20,0.0018292095889074521,0.0036517393811227638,0.0016240503265611498,0.49006547231737635,0.0590564903778398,0.003308354591836735,0.20408163265306123,/home/tbeliere/Projects/DCU/2026-mcm-XAI-skin-lesion/outputs/pilot/xai_maps/gradcam/ham10000_ISIC_0033995.npy,/home/tbeliere/Projects/DCU/2026-mcm-XAI-skin-lesion/outputs/pilot/pseudo_concepts/npz/ham10000/ISIC_0033995.npz
ham10000,ISIC_0033995,gradcam,border_w16_dil6_sigma10_dist,20,0.001349918040689085,0.0026961964371663974,0.0012577896972118063,0.43453598744723987,0.048947676716147394,0.002889827806122449,0.20408163265306123,/home/tbeliere/Projects/DCU/2026-mcm-XAI-skin-lesion/outputs/pilot/xai_maps/gradcam/ham10000_ISIC_0033995.npy,/home/tbeliere/Projects/DCU/2026-mcm-XAI-skin-lesion/outputs/pilot/pseudo_concepts/npz/ham10000/ISIC_0033995.npz
ham10000,ISIC_0033995,gradcam,colour_heterogeneity,20,0.07293219075999167,0.13594930115449608,0.19762346350044044,9.416118380796103,0.5045539793885834,0.02549027423469388,0.20408163265306123,/home/tbeliere/Projects/DCU/2026-mcm-XAI-skin-lesion/outputs/pilot/xai_maps/gradcam/ham10000_ISIC_0033995.npy,/home/tbeliere/Projects/DCU/2026-mcm-XAI-skin-lesion/outputs/pilot/pseudo_concepts/npz/ham10000/ISIC_0033995.npz
ham10000,ISIC_0033995,lime,asymmetry,20,0.02350495682761152,0.0459303233869349,0.015459614678281258,1.1328136369388724,0.036635830447151,0.013671875,0.24147002551020408,/home/tbeliere/Projects/DCU/2026-mcm-XAI-skin-lesion/outputs/pilot/xai_maps/lime/ham10000_ISIC_0033995.npy,/home/tbeliere/Projects/DCU/2026-mcm-XAI-skin-lesion/outputs/pilot/pseudo_concepts/npz/ham10000/ISIC_0033995.npz
ham10000,ISIC_0033995,lime,border_default,20,0.0012332483762219574,0.0024634586960071737,0.0009850078466723479,0.7969572713503631,-0.0006829292606644893,0.0012356505102040817,0.24147002551020408,/home/tbeliere/Projects/DCU/2026-mcm-XAI-skin-lesion/outputs/pilot/xai_maps/lime/ham10000_ISIC_0033995.npy,/home/tbeliere/Projects/DCU/2026-mcm-XAI-skin-lesion/outputs/pilot/pseudo_concepts/npz/ham10000/ISIC_0033995.npz
ham10000,ISIC_0033995,lime,border_w8_dil2_sigma5,20,0.0012332483762219574,0.0024634586960071737,0.0009850078466723479,0.7969572713503631,-0.0006829292606644893,0.0012356505102040817,0.24147002551020408,/home/tbeliere/Projects/DCU/2026-mcm-XAI-skin-lesion/outputs/pilot/xai_maps/lime/ham10000_ISIC_0033995.npy,/home/tbeliere/Projects/DCU/2026-mcm-XAI-skin-lesion/outputs/pilot/pseudo_concepts/npz/ham10000/ISIC_0033995.npz
ham10000,ISIC_0033995,lime,border_w12_dil4_sigma8,20,0.003933781347316887,0.007836734693871153,0.0025543423820486313,0.9563562387875997,0.022108987100000428,0.0026705994897959183,0.24147002551020408,/home/tbeliere/Projects/DCU/2026-mcm-XAI-skin-lesion/outputs/pilot/xai_maps/lime/ham10000_ISIC_0033995.npy,/home/tbeliere/Projects/DCU/2026-mcm-XAI-skin-lesion/outputs/pilot/pseudo_concepts/npz/ham10000/ISIC_0033995.npz
ham10000,ISIC_0033995,lime,border_w16_dil6_sigma10,20,0.006144015728675232,0.01221299462627242,0.003405789842731508,1.0295518977669758,0.04965000941779463,0.003308354591836735,0.24147002551020408,/home/tbeliere/Projects/DCU/2026-mcm-XAI-skin-lesion/outputs/pilot/xai_maps/lime/ham10000_ISIC_0033995.npy,/home/tbeliere/Projects/DCU/2026-mcm-XAI-skin-lesion/outputs/pilot/pseudo_concepts/npz/ham10000/ISIC_0033995.npz
ham10000,ISIC_0033995,lime,border_w16_dil6_sigma10_dist,20,0.005082383801946813,0.010113367588279819,0.0028548532505249407,0.9878626628794376,0.03610642743488426,0.002889827806122449,0.24147002551020408,/home/tbeliere/Projects/DCU/2026-mcm-XAI-skin-lesion/outputs/pilot/xai_maps/lime/ham10000_ISIC_0033995.npy,/home/tbeliere/Projects/DCU/2026-mcm-XAI-skin-lesion/outputs/pilot/pseudo_concepts/npz/ham10000/ISIC_0033995.npz
ham10000,ISIC_0033995,lime,colour_heterogeneity,20,0.06860789788586469,0.12840612168710083,0.03542689238370716,1.4041372420943052,0.21414424704500748,0.02549027423469388,0.24147002551020408,/home/tbeliere/Projects/DCU/2026-mcm-XAI-skin-lesion/outputs/pilot/xai_maps/lime/ham10000_ISIC_0033995.npy,/home/tbeliere/Projects/DCU/2026-mcm-XAI-skin-lesion/outputs/pilot/pseudo_concepts/npz/ham10000/ISIC_0033995.npz
ham10000,ISIC_0033995,shap,asymmetry,20,0.032947976878580976,0.06379406827078549,0.023724623862753313,1.7531548385348212,0.07558003777882612,0.013671875,0.20001594387755103,/home/tbeliere/Projects/DCU/2026-mcm-XAI-skin-lesion/outputs/pilot/xai_maps/shap/ham10000_ISIC_0033995.npy,/home/tbeliere/Projects/DCU/2026-mcm-XAI-skin-lesion/outputs/pilot/pseudo_concepts/npz/ham10000/ISIC_0033995.npz
ham10000,ISIC_0033995,shap,border_default,20,0.002382370458603948,0.004753416518117693,0.001784829274213692,1.4452392707621382,0.06215516215427542,0.0012356505102040817,0.20001594387755103,/home/tbeliere/Projects/DCU/2026-mcm-XAI-skin-lesion/outputs/pilot/xai_maps/shap/ham10000_ISIC_0033995.npy,/home/tbeliere/Projects/DCU/2026-mcm-XAI-skin-lesion/outputs/pilot/pseudo_concepts/npz/ham10000/ISIC_0033995.npz
ham10000,ISIC_0033995,shap,border_w8_dil2_sigma5,20,0.002382370458603948,0.004753416518117693,0.001784829274213692,1.4452392707621382,0.06215516215427542,0.0012356505102040817,0.20001594387755103,/home/tbeliere/Projects/DCU/2026-mcm-XAI-skin-lesion/outputs/pilot/xai_maps/shap/ham10000_ISIC_0033995.npy,/home/tbeliere/Projects/DCU/2026-mcm-XAI-skin-lesion/outputs/pilot/pseudo_concepts/npz/ham10000/ISIC_0033995.npz
ham10000,ISIC_0033995,shap,border_w12_dil4_sigma8,20,0.005636309700380068,0.011209439528012576,0.004187800468313338,1.5705012883517724,0.09952747203405164,0.0026705994897959183,0.20001594387755103,/home/tbeliere/Projects/DCU/2026-mcm-XAI-skin-lesion/outputs/pilot/xai_maps/shap/ham10000_ISIC_0033995.npy,/home/tbeliere/Projects/DCU/2026-mcm-XAI-skin-lesion/outputs/pilot/pseudo_concepts/npz/ham10000/ISIC_0033995.npz
ham10000,ISIC_0033995,shap,border_w16_dil6_sigma10,20,0.007704464638475203,0.015291119388340236,0.005644178532307902,1.7100452647710627,0.12952822556511265,0.003308354591836735,0.20001594387755103,/home/tbeliere/Projects/DCU/2026-mcm-XAI-skin-lesion/outputs/pilot/xai_maps/shap/ham10000_ISIC_0033995.npy,/home/tbeliere/Projects/DCU/2026-mcm-XAI-skin-lesion/outputs/pilot/pseudo_concepts/npz/ham10000/ISIC_0033995.npz
ham10000,ISIC_0033995,shap,border_w16_dil6_sigma10_dist,20,0.006624480917533493,0.013161771928088437,0.00479542421469622,1.662592418349797,0.11396390908185021,0.002889827806122449,0.20001594387755103,/home/tbeliere/Projects/DCU/2026-mcm-XAI-skin-lesion/outputs/pilot/xai_maps/shap/ham10000_ISIC_0033995.npy,/home/tbeliere/Projects/DCU/2026-mcm-XAI-skin-lesion/outputs/pilot/pseudo_concepts/npz/ham10000/ISIC_0033995.npz
ham10000,ISIC_0033995,shap,colour_heterogeneity,20,0.0891327365481864,0.16367653557210457,0.08629477141772325,3.6106877602943332,0.5372692638390014,0.02549027423469388,0.20001594387755103,/home/tbeliere/Projects/DCU/2026-mcm-XAI-skin-lesion/outputs/pilot/xai_maps/shap/ham10000_ISIC_0033995.npy,/home/tbeliere/Projects/DCU/2026-mcm-XAI-skin-lesion/outputs/pilot/pseudo_concepts/npz/ham10000/ISIC_0033995.npz
ham10000,ISIC_0031598,gradcam,asymmetry,20,0.006188358151222018,0.012300595810097731,0.00530996737055722,1.6082470166853031,0.009944882102985499,0.003308354591836735,0.20408163265306123,/home/tbeliere/Projects/DCU/2026-mcm-XAI-skin-lesion/outputs/pilot/xai_maps/gradcam/ham10000_ISIC_0031598.npy,/home/tbeliere/Projects/DCU/2026-mcm-XAI-skin-lesion/outputs/pilot/pseudo_concepts/npz/ham10000/ISIC_0031598.npz
ham10000,ISIC_0031598,gradcam,border_default,20,0.004080839486976213,0.00812850783819612,0.0025050983948154163,1.3380358701048987,0.04711991217817398,0.0018734056122448979,0.20408163265306123,/home/tbeliere/Projects/DCU/2026-mcm-XAI-skin-lesion/outputs/pilot/xai_maps/gradcam/ham10000_ISIC_0031598.npy,/home/tbeliere/Projects/DCU/2026-mcm-XAI-skin-lesion/outputs/pilot/pseudo_concepts/npz/ham10000/ISIC_0031598.npz
ham10000,ISIC_0031598,gradcam,border_w8_dil2_sigma5,20,0.004080839486976213,0.00812850783819612,0.0025050983948154163,1.3380358701048987,0.04711991217817398,0.0018734056122448979,0.20408163265306123,/home/tbeliere/Projects/DCU/2026-mcm-XAI-skin-lesion/outputs/pilot/xai_maps/gradcam/ham10000_ISIC_0031598.npy,/home/tbeliere/Projects/DCU/2026-mcm-XAI-skin-lesion/outputs/pilot/pseudo_concepts/npz/ham10000/ISIC_0031598.npz
ham10000,ISIC_0031598,gradcam,border_w12_dil4_sigma8,20,0.007221259387630251,0.014338973329495899,0.0065697139128462435,1.494843053936785,0.08618539663592988,0.004404496173469388,0.20408163265306123,/home/tbeliere/Projects/DCU/2026-mcm-XAI-skin-lesion/outputs/pilot/xai_maps/gradcam/ham10000_ISIC_0031598.npy,/home/tbeliere/Projects/DCU/2026-mcm-XAI-skin-lesion/outputs/pilot/pseudo_concepts/npz/ham10000/ISIC_0031598.npz
ham10000,ISIC_0031598,gradcam,border_w16_dil6_sigma10,20,0.014195884146327937,0.027994363550936593,0.017428669663622616,2.1798236648807334,0.14089307730819398,0.008071588010204082,0.20408163265306123,/home/tbeliere/Projects/DCU/2026-mcm-XAI-skin-lesion/outputs/pilot/xai_maps/gradcam/ham10000_ISIC_0031598.npy,/home/tbeliere/Projects/DCU/2026-mcm-XAI-skin-lesion/outputs/pilot/pseudo_concepts/npz/ham10000/ISIC_0031598.npz
ham10000,ISIC_0031598,gradcam,border_w16_dil6_sigma10_dist,20,0.010920586263041555,0.021605230740053438,0.01218427229658363,1.9649776592151371,0.11394198712705303,0.0062380420918367345,0.20408163265306123,/home/tbeliere/Projects/DCU/2026-mcm-XAI-skin-lesion/outputs/pilot/xai_maps/gradcam/ham10000_ISIC_0031598.npy,/home/tbeliere/Projects/DCU/2026-mcm-XAI-skin-lesion/outputs/pilot/pseudo_concepts/npz/ham10000/ISIC_0031598.npz
ham10000,ISIC_0031598,gradcam,colour_heterogeneity,20,0.02526456287536918,0.04928398735349704,0.03535741031514768,3.5413998922017504,0.4143070839750486,0.010243941326530613,0.20408163265306123,/home/tbeliere/Projects/DCU/2026-mcm-XAI-skin-lesion/outputs/pilot/xai_maps/gradcam/ham10000_ISIC_0031598.npy,/home/tbeliere/Projects/DCU/2026-mcm-XAI-skin-lesion/outputs/pilot/pseudo_concepts/npz/ham10000/ISIC_0031598.npz
ham10000,ISIC_0031598,lime,asymmetry,20,0.0019494518600059747,0.003891317783321379,0.0021841567739186666,0.6594504337679438,-0.038545487056643714,0.003308354591836735,0.8673668686224489,/home/tbeliere/Projects/DCU/2026-mcm-XAI-skin-lesion/outputs/pilot/xai_maps/lime/ham10000_ISIC_0031598.npy,/home/tbeliere/Projects/DCU/2026-mcm-XAI-skin-lesion/outputs/pilot/pseudo_concepts/npz/ham10000/ISIC_0031598.npz
ham10000,ISIC_0031598,lime,border_default,20,0.0008949880668255703,0.0017883755588669523,0.0009100653224661112,0.4853128582433031,-0.029055773128923143,0.0018734056122448979,0.8673668686224489,/home/tbeliere/Projects/DCU/2026-mcm-XAI-skin-lesion/outputs/pilot/xai_maps/lime/ham10000_ISIC_0031598.npy,/home/tbeliere/Projects/DCU/2026-mcm-XAI-skin-lesion/outputs/pilot/pseudo_concepts/npz/ham10000/ISIC_0031598.npz
ham10000,ISIC_0031598,lime,border_w8_dil2_sigma5,20,0.0008949880668255703,0.0017883755588669523,0.0009100653224661112,0.4853128582433031,-0.029055773128923143,0.0018734056122448979,0.8673668686224489,/home/tbeliere/Projects/DCU/2026-mcm-XAI-skin-lesion/outputs/pilot/xai_maps/lime/ham10000_ISIC_0031598.npy,/home/tbeliere/Projects/DCU/2026-mcm-XAI-skin-lesion/outputs/pilot/pseudo_concepts/npz/ham10000/ISIC_0031598.npz
ham10000,ISIC_0031598,lime,border_w12_dil4_sigma8,20,0.002475134069761545,0.004938045814090591,0.0032155641393802593,0.7291932303218696,0.03593846458962363,0.004404496173469388,0.8673668686224489,/home/tbeliere/Projects/DCU/2026-mcm-XAI-skin-lesion/outputs/pilot/xai_maps/lime/ham10000_ISIC_0031598.npy,/home/tbeliere/Projects/DCU/2026-mcm-XAI-skin-lesion/outputs/pilot/pseudo_concepts/npz/ham10000/ISIC_0031598.npz
ham10000,ISIC_0031598,lime,border_w16_dil6_sigma10,20,0.005332661982467368,0.010608751081361698,0.007947903816204038,0.9845537806747806,0.08817293963922776,0.008071588010204082,0.8673668686224489,/home/tbeliere/Projects/DCU/2026-mcm-XAI-skin-lesion/outputs/pilot/xai_maps/lime/ham10000_ISIC_0031598.npy,/home/tbeliere/Projects/DCU/2026-mcm-XAI-skin-lesion/outputs/pilot/pseudo_concepts/npz/ham10000/ISIC_0031598.npz
ham10000,ISIC_0031598,lime,border_w16_dil6_sigma10_dist,20,0.0035486160397436876,0.007072135785005459,0.004813234372154099,0.7704890420847225,0.055689564938708754,0.0062380420918367345,0.8673668686224489,/home/tbeliere/Projects/DCU/2026-mcm-XAI-skin-lesion/outputs/pilot/xai_maps/lime/ham10000_ISIC_0031598.npy,/home/tbeliere/Projects/DCU/2026-mcm-XAI-skin-lesion/outputs/pilot/pseudo_concepts/npz/ham10000/ISIC_0031598.npz
ham10000,ISIC_0031598,lime,colour_heterogeneity,20,0.006284277879340429,0.01249006472124163,0.008898416486335308,0.8674723136467579,0.15868971870932716,0.010243941326530613,0.8673668686224489,/home/tbeliere/Projects/DCU/2026-mcm-XAI-skin-lesion/outputs/pilot/xai_maps/lime/ham10000_ISIC_0031598.npy,/home/tbeliere/Projects/DCU/2026-mcm-XAI-skin-lesion/outputs/pilot/pseudo_concepts/npz/ham10000/ISIC_0031598.npz
ham10000,ISIC_0031598,shap,asymmetry,20,0.010799564054284356,0.021368359145244688,0.007740602497012965,2.350164082149133,0.0737686408079797,0.003308354591836735,0.20001594387755103,/home/tbeliere/Projects/DCU/2026-mcm-XAI-skin-lesion/outputs/pilot/xai_maps/shap/ham10000_ISIC_0031598.npy,/home/tbeliere/Projects/DCU/2026-mcm-XAI-skin-lesion/outputs/pilot/pseudo_concepts/npz/ham10000/ISIC_0031598.npz
ham10000,ISIC_0031598,shap,border_default,20,0.005958291956299941,0.011846001974321967,0.0041798846227621205,2.2363359775211693,0.14302240862442267,0.0018734056122448979,0.20001594387755103,/home/tbeliere/Projects/DCU/2026-mcm-XAI-skin-lesion/outputs/pilot/xai_maps/shap/ham10000_ISIC_0031598.npy,/home/tbeliere/Projects/DCU/2026-mcm-XAI-skin-lesion/outputs/pilot/pseudo_concepts/npz/ham10000/ISIC_0031598.npz
ham10000,ISIC_0031598,shap,border_w8_dil2_sigma5,20,0.005958291956299941,0.011846001974321967,0.0041798846227621205,2.2363359775211693,0.14302240862442267,0.0018734056122448979,0.20001594387755103,/home/tbeliere/Projects/DCU/2026-mcm-XAI-skin-lesion/outputs/pilot/xai_maps/shap/ham10000_ISIC_0031598.npy,/home/tbeliere/Projects/DCU/2026-mcm-XAI-skin-lesion/outputs/pilot/pseudo_concepts/npz/ham10000/ISIC_0031598.npz
ham10000,ISIC_0031598,shap,border_w12_dil4_sigma8,20,0.015042058386922273,0.02963829579796272,0.01142440943890159,2.6122240597908455,0.22026972189482028,0.004404496173469388,0.20001594387755103,/home/tbeliere/Projects/DCU/2026-mcm-XAI-skin-lesion/outputs/pilot/xai_maps/shap/ham10000_ISIC_0031598.npy,/home/tbeliere/Projects/DCU/2026-mcm-XAI-skin-lesion/outputs/pilot/pseudo_concepts/npz/ham10000/ISIC_0031598.npz
ham10000,ISIC_0031598,shap,border_w16_dil6_sigma10,20,0.027961012109847434,0.05440091945210765,0.021795959540192675,2.7382164421859296,0.27820985002687104,0.008071588010204082,0.20001594387755103,/home/tbeliere/Projects/DCU/2026-mcm-XAI-skin-lesion/outputs/pilot/xai_maps/shap/ham10000_ISIC_0031598.npy,/home/tbeliere/Projects/DCU/2026-mcm-XAI-skin-lesion/outputs/pilot/pseudo_concepts/npz/ham10000/ISIC_0031598.npz
ham10000,ISIC_0031598,shap,border_w16_dil6_sigma10_dist,20,0.02121570949277559,0.04154990820365102,0.015728631224427404,2.545716250532982,0.2491224392138549,0.0062380420918367345,0.20001594387755103,/home/tbeliere/Projects/DCU/2026-mcm-XAI-skin-lesion/outputs/pilot/xai_maps/shap/ham10000_ISIC_0031598.npy,/home/tbeliere/Projects/DCU/2026-mcm-XAI-skin-lesion/outputs/pilot/pseudo_concepts/npz/ham10000/ISIC_0031598.npz
ham10000,ISIC_0031598,shap,colour_heterogeneity,20,0.03532875368004384,0.06824644549756564,0.028106373444275225,2.7941327936977016,0.39739079974505337,0.010243941326530613,0.20001594387755103,/home/tbeliere/Projects/DCU/2026-mcm-XAI-skin-lesion/outputs/pilot/xai_maps/shap/ham10000_ISIC_0031598.npy,/home/tbeliere/Projects/DCU/2026-mcm-XAI-skin-lesion/outputs/pilot/pseudo_concepts/npz/ham10000/ISIC_0031598.npz
ham10000,ISIC_0025268,gradcam,asymmetry,20,0.05724452212993492,0.10829003306559501,0.052848984937472525,0.36231925824466976,-0.08710254074833793,0.1334502551020408,0.20408163265306123,/home/tbeliere/Projects/DCU/2026-mcm-XAI-skin-lesion/outputs/pilot/xai_maps/gradcam/ham10000_ISIC_0025268.npy,/home/tbeliere/Projects/DCU/2026-mcm-XAI-skin-lesion/outputs/pilot/pseudo_concepts/npz/ham10000/ISIC_0025268.npz
ham10000,ISIC_0025268,gradcam,border_default,20,0.0002920845097845467,0.0005839984426702511,0.00014000885661459797,0.20650900540959358,-0.049001622929177875,0.0006776147959183673,0.20408163265306123,/home/tbeliere/Projects/DCU/2026-mcm-XAI-skin-lesion/outputs/pilot/xai_maps/gradcam/ham10000_ISIC_0025268.npy,/home/tbeliere/Projects/DCU/2026-mcm-XAI-skin-lesion/outputs/pilot/pseudo_concepts/npz/ham10000/ISIC_0025268.npz
ham10000,ISIC_0025268,gradcam,border_w8_dil2_sigma5,20,0.0002920845097845467,0.0005839984426702511,0.00014000885661459797,0.20650900540959358,-0.049001622929177875,0.0006776147959183673,0.20408163265306123,/home/tbeliere/Projects/DCU/2026-mcm-XAI-skin-lesion/outputs/pilot/xai_maps/gradcam/ham10000_ISIC_0025268.npy,/home/tbeliere/Projects/DCU/2026-mcm-XAI-skin-lesion/outputs/pilot/pseudo_concepts/npz/ham10000/ISIC_0025268.npz
ham10000,ISIC_0025268,gradcam,border_w12_dil4_sigma8,20,0.0004851542790602705,0.0009698380370468724,0.0002468587129226082,0.1742522220899398,-0.06645452207675745,0.0014150191326530613,0.20408163265306123,/home/tbeliere/Projects/DCU/2026-mcm-XAI-skin-lesion/outputs/pilot/xai_maps/gradcam/ham10000_ISIC_0025268.npy,/home/tbeliere/Projects/DCU/2026-mcm-XAI-skin-lesion/outputs/pilot/pseudo_concepts/npz/ham10000/ISIC_0025268.npz
ham10000,ISIC_0025268,gradcam,border_w16_dil6_sigma10,20,0.0008648025367532767,0.0017281105990766819,0.0005412915756523123,0.15385928869843465,-0.0781688938802194,0.00350765306122449,0.20408163265306123,/home/tbeliere/Projects/DCU/2026-mcm-XAI-skin-lesion/outputs/pilot/xai_maps/gradcam/ham10000_ISIC_0025268.npy,/home/tbeliere/Projects/DCU/2026-mcm-XAI-skin-lesion/outputs/pilot/pseudo_concepts/npz/ham10000/ISIC_0025268.npz
ham10000,ISIC_0025268,gradcam,border_w16_dil6_sigma10_dist,20,0.00048216007714514734,0.0009638554216858179,0.000324687459074809,0.12039229120247616,-0.07356245446846013,0.002690529336734694,0.20408163265306123,/home/tbeliere/Projects/DCU/2026-mcm-XAI-skin-lesion/outputs/pilot/xai_maps/gradcam/ham10000_ISIC_0025268.npy,/home/tbeliere/Projects/DCU/2026-mcm-XAI-skin-lesion/outputs/pilot/pseudo_concepts/npz/ham10000/ISIC_0025268.npz
ham10000,ISIC_0025268,gradcam,colour_heterogeneity,20,0.08913626391477278,0.16368248284082088,0.05269442694196822,0.8265074150831303,0.14003579351386194,0.06305803571428571,0.20408163265306123,/home/tbeliere/Projects/DCU/2026-mcm-XAI-skin-lesion/outputs/pilot/xai_maps/gradcam/ham10000_ISIC_0025268.npy,/home/tbeliere/Projects/DCU/2026-mcm-XAI-skin-lesion/outputs/pilot/pseudo_concepts/npz/ham10000/ISIC_0025268.npz
ham10000,ISIC_0025268,lime,asymmetry,20,0.13371600026082203,0.23588976468544048,0.1495953875895538,1.1422644361132814,0.11438647819418267,0.1334502551020408,0.2129504145408163,/home/tbeliere/Projects/DCU/2026-mcm-XAI-skin-lesion/outputs/pilot/xai_maps/lime/ham10000_ISIC_0025268.npy,/home/tbeliere/Projects/DCU/2026-mcm-XAI-skin-lesion/outputs/pilot/pseudo_concepts/npz/ham10000/ISIC_0025268.npz
ham10000,ISIC_0025268,lime,border_default,20,0.0,0.0,0.0005816838035275422,0.8583460125966998,-0.022003987393733836,0.0006776147959183673,0.2129504145408163,/home/tbeliere/Projects/DCU/2026-mcm-XAI-skin-lesion/outputs/pilot/xai_maps/lime/ham10000_ISIC_0025268.npy,/home/tbeliere/Projects/DCU/2026-mcm-XAI-skin-lesion/outputs/pilot/pseudo_concepts/npz/ham10000/ISIC_0025268.npz
ham10000,ISIC_0025268,lime,border_w8_dil2_sigma5,20,0.0,0.0,0.0005816838035275422,0.8583460125966998,-0.022003987393733836,0.0006776147959183673,0.2129504145408163,/home/tbeliere/Projects/DCU/2026-mcm-XAI-skin-lesion/outputs/pilot/xai_maps/lime/ham10000_ISIC_0025268.npy,/home/tbeliere/Projects/DCU/2026-mcm-XAI-skin-lesion/outputs/pilot/pseudo_concepts/npz/ham10000/ISIC_0025268.npz
ham10000,ISIC_0025268,lime,border_w12_dil4_sigma8,20,0.0,0.0,0.0012146926485428085,0.8582562613747795,-0.03462193144860588,0.0014150191326530613,0.2129504145408163,/home/tbeliere/Projects/DCU/2026-mcm-XAI-skin-lesion/outputs/pilot/xai_maps/lime/ham10000_ISIC_0025268.npy,/home/tbeliere/Projects/DCU/2026-mcm-XAI-skin-lesion/outputs/pilot/pseudo_concepts/npz/ham10000/ISIC_0025268.npz
ham10000,ISIC_0025268,lime,border_w16_dil6_sigma10,20,0.0,0.0,0.003011069100613159,0.8580008102806322,-0.0395698000100732,0.00350765306122449,0.2129504145408163,/home/tbeliere/Projects/DCU/2026-mcm-XAI-skin-lesion/outputs/pilot/xai_maps/lime/ham10000_ISIC_0025268.npy,/home/tbeliere/Projects/DCU/2026-mcm-XAI-skin-lesion/outputs/pilot/pseudo_concepts/npz/ham10000/ISIC_0025268.npz
ham10000,ISIC_0025268,lime,border_w16_dil6_sigma10_dist,20,0.0,0.0,0.002309626866947594,0.8581006902294387,-0.03716684824118832,0.002690529336734694,0.2129504145408163,/home/tbeliere/Projects/DCU/2026-mcm-XAI-skin-lesion/outputs/pilot/xai_maps/lime/ham10000_ISIC_0025268.npy,/home/tbeliere/Projects/DCU/2026-mcm-XAI-skin-lesion/outputs/pilot/pseudo_concepts/npz/ham10000/ISIC_0025268.npz
ham10000,ISIC_0025268,lime,colour_heterogeneity,20,0.012427809050360093,0.02455050906200841,0.05462695249010124,0.858570589997305,-0.221364945472634,0.06305803571428571,0.2129504145408163,/home/tbeliere/Projects/DCU/2026-mcm-XAI-skin-lesion/outputs/pilot/xai_maps/lime/ham10000_ISIC_0025268.npy,/home/tbeliere/Projects/DCU/2026-mcm-XAI-skin-lesion/outputs/pilot/pseudo_concepts/npz/ham10000/ISIC_0025268.npz
ham10000,ISIC_0025268,shap,asymmetry,20,0.058049829265171334,0.10972985895283903,0.10615158958381822,0.7711460336033724,-0.0714334749337915,0.1334502551020408,0.20001594387755103,/home/tbeliere/Projects/DCU/2026-mcm-XAI-skin-lesion/outputs/pilot/xai_maps/shap/ham10000_ISIC_0025268.npy,/home/tbeliere/Projects/DCU/2026-mcm-XAI-skin-lesion/outputs/pilot/pseudo_concepts/npz/ham10000/ISIC_0025268.npz
ham10000,ISIC_0025268,shap,border_default,20,0.0002980033773713142,0.0005958291956299942,0.0005691497970339777,0.8398397615867574,-0.035737404593411314,0.0006776147959183673,0.20001594387755103,/home/tbeliere/Projects/DCU/2026-mcm-XAI-skin-lesion/outputs/pilot/xai_maps/shap/ham10000_ISIC_0025268.npy,/home/tbeliere/Projects/DCU/2026-mcm-XAI-skin-lesion/outputs/pilot/pseudo_concepts/npz/ham10000/ISIC_0025268.npz
ham10000,ISIC_0025268,shap,border_w8_dil2_sigma5,20,0.0002980033773713142,0.0005958291956299942,0.0005691497970339777,0.8398397615867574,-0.035737404593411314,0.0006776147959183673,0.20001594387755103,/home/tbeliere/Projects/DCU/2026-mcm-XAI-skin-lesion/outputs/pilot/xai_maps/shap/ham10000_ISIC_0025268.npy,/home/tbeliere/Projects/DCU/2026-mcm-XAI-skin-lesion/outputs/pilot/pseudo_concepts/npz/ham10000/ISIC_0025268.npz
ham10000,ISIC_0025268,shap,border_w12_dil4_sigma8,20,0.0005940005940000059,0.001187295933510253,0.0010905077318940954,0.7704158684747561,-0.04930758118574344,0.0014150191326530613,0.20001594387755103,/home/tbeliere/Projects/DCU/2026-mcm-XAI-skin-lesion/outputs/pilot/xai_maps/shap/ham10000_ISIC_0025268.npy,/home/tbeliere/Projects/DCU/2026-mcm-XAI-skin-lesion/outputs/pilot/pseudo_concepts/npz/ham10000/ISIC_0025268.npz
ham10000,ISIC_0025268,shap,border_w16_dil6_sigma10,20,0.0006859382655554278,0.0013709361535435066,0.0021004816374092755,0.5979836151198379,-0.061504617847445625,0.00350765306122449,0.20001594387755103,/home/tbeliere/Projects/DCU/2026-mcm-XAI-skin-lesion/outputs/pilot/xai_maps/shap/ham10000_ISIC_0025268.npy,/home/tbeliere/Projects/DCU/2026-mcm-XAI-skin-lesion/outputs/pilot/pseudo_concepts/npz/ham10000/ISIC_0025268.npz
ham10000,ISIC_0025268,shap,border_w16_dil6_sigma10_dist,20,0.0005902606984745792,0.0011798249926249337,0.001592890201970952,0.5913850297959099,-0.05758597837214009,0.002690529336734694,0.20001594387755103,/home/tbeliere/Projects/DCU/2026-mcm-XAI-skin-lesion/outputs/pilot/xai_maps/shap/ham10000_ISIC_0025268.npy,/home/tbeliere/Projects/DCU/2026-mcm-XAI-skin-lesion/outputs/pilot/pseudo_concepts/npz/ham10000/ISIC_0025268.npz
ham10000,ISIC_0025268,shap,colour_heterogeneity,20,0.12522376608974065,0.22257575757558895,0.12744342374512904,2.170181422873319,0.3360961787657759,0.06305803571428571,0.20001594387755103,/home/tbeliere/Projects/DCU/2026-mcm-XAI-skin-lesion/outputs/pilot/xai_maps/shap/ham10000_ISIC_0025268.npy,/home/tbeliere/Projects/DCU/2026-mcm-XAI-skin-lesion/outputs/pilot/pseudo_concepts/npz/ham10000/ISIC_0025268.npz
ham10000,ISIC_0033820,gradcam,asymmetry,20,0.016992187499983404,0.03341655463795523,0.023160984398819598,6.8135283543485015,0.1285864522877552,0.0034677933673469387,0.20408163265306123,/home/tbeliere/Projects/DCU/2026-mcm-XAI-skin-lesion/outputs/pilot/xai_maps/gradcam/ham10000_ISIC_0033820.npy,/home/tbeliere/Projects/DCU/2026-mcm-XAI-skin-lesion/outputs/pilot/pseudo_concepts/npz/ham10000/ISIC_0033820.npz
ham10000,ISIC_0033820,gradcam,border_default,20,0.004882812499995231,0.00971817298346966,0.003880734768335962,3.9056700988740896,0.1533193352694456,0.0009964923469387755,0.20408163265306123,/home/tbeliere/Projects/DCU/2026-mcm-XAI-skin-lesion/outputs/pilot/xai_maps/gradcam/ham10000_ISIC_0033820.npy,/home/tbeliere/Projects/DCU/2026-mcm-XAI-skin-lesion/outputs/pilot/pseudo_concepts/npz/ham10000/ISIC_0033820.npz
ham10000,ISIC_0033820,gradcam,border_w8_dil2_sigma5,20,0.004882812499995231,0.00971817298346966,0.003880734768335962,3.9056700988740896,0.1533193352694456,0.0009964923469387755,0.20408163265306123,/home/tbeliere/Projects/DCU/2026-mcm-XAI-skin-lesion/outputs/pilot/xai_maps/gradcam/ham10000_ISIC_0033820.npy,/home/tbeliere/Projects/DCU/2026-mcm-XAI-skin-lesion/outputs/pilot/pseudo_concepts/npz/ham10000/ISIC_0033820.npz
ham10000,ISIC_0033820,gradcam,border_w12_dil4_sigma8,20,0.009765624999990462,0.019342359767872973,0.006335472970753175,3.1927786108088134,0.1901333318578285,0.001992984693877551,0.20408163265306123,/home/tbeliere/Projects/DCU/2026-mcm-XAI-skin-lesion/outputs/pilot/xai_maps/gradcam/ham10000_ISIC_0033820.npy,/home/tbeliere/Projects/DCU/2026-mcm-XAI-skin-lesion/outputs/pilot/pseudo_concepts/npz/ham10000/ISIC_0033820.npz
ham10000,ISIC_0033820,gradcam,border_w16_dil6_sigma10,20,0.019726562499980733,0.038689906148210405,0.013720942588213847,3.4417297100764483,0.2383970947550089,0.004025829081632653,0.20408163265306123,/home/tbeliere/Projects/DCU/2026-mcm-XAI-skin-lesion/outputs/pilot/xai_maps/gradcam/ham10000_ISIC_0033820.npy,/home/tbeliere/Projects/DCU/2026-mcm-XAI-skin-lesion/outputs/pilot/pseudo_concepts/npz/ham10000/ISIC_0033820.npz
ham10000,ISIC_0033820,gradcam,border_w16_dil6_sigma10_dist,20,0.01601562499998436,0.031526336024575614,0.011285085399934256,3.4806798040737537,0.22196106730285087,0.003268494897959184,0.20408163265306123,/home/tbeliere/Projects/DCU/2026-mcm-XAI-skin-lesion/outputs/pilot/xai_maps/gradcam/ham10000_ISIC_0033820.npy,/home/tbeliere/Projects/DCU/2026-mcm-XAI-skin-lesion/outputs/pilot/pseudo_concepts/npz/ham10000/ISIC_0033820.npz
ham10000,ISIC_0033820,gradcam,colour_heterogeneity,20,0.04160156249995937,0.07987999249945632,0.06752070634838496,8.45631481497374,0.47656078724068063,0.008490114795918368,0.20408163265306123,/home/tbeliere/Projects/DCU/2026-mcm-XAI-skin-lesion/outputs/pilot/xai_maps/gradcam/ham10000_ISIC_0033820.npy,/home/tbeliere/Projects/DCU/2026-mcm-XAI-skin-lesion/outputs/pilot/pseudo_concepts/npz/ham10000/ISIC_0033820.npz
ham10000,ISIC_0033820,lime,asymmetry,20,0.0040918069795870355,0.00815026464939619,0.00497605663127005,1.4371096020990388,0.04812763456520986,0.0034677933673469387,0.8474968112244898,/home/tbeliere/Projects/DCU/2026-mcm-XAI-skin-lesion/outputs/pilot/xai_maps/lime/ham10000_ISIC_0033820.npy,/home/tbeliere/Projects/DCU/2026-mcm-XAI-skin-lesion/outputs/pilot/pseudo_concepts/npz/ham10000/ISIC_0033820.npz
ham10000,ISIC_0033820,lime,border_default,20,0.0011758066033296078,0.0023488514116591468,0.0012700395586086738,1.274859200229273,0.06761195203687816,0.0009964923469387755,0.8474968112244898,/home/tbeliere/Projects/DCU/2026-mcm-XAI-skin-lesion/outputs/pilot/xai_maps/lime/ham10000_ISIC_0033820.npy,/home/tbeliere/Projects/DCU/2026-mcm-XAI-skin-lesion/outputs/pilot/pseudo_concepts/npz/ham10000/ISIC_0033820.npz
ham10000,ISIC_0033820,lime,border_w8_dil2_sigma5,20,0.0011758066033296078,0.0023488514116591468,0.0012700395586086738,1.274859200229273,0.06761195203687816,0.0009964923469387755,0.8474968112244898,/home/tbeliere/Projects/DCU/2026-mcm-XAI-skin-lesion/outputs/pilot/xai_maps/lime/ham10000_ISIC_0033820.npy,/home/tbeliere/Projects/DCU/2026-mcm-XAI-skin-lesion/outputs/pilot/pseudo_concepts/npz/ham10000/ISIC_0033820.npz
ham10000,ISIC_0033820,lime,border_w12_dil4_sigma8,20,0.0023516132066592156,0.004692192192191092,0.002394336872786844,1.201865770524999,0.06623721832150128,0.001992984693877551,0.8474968112244898,/home/tbeliere/Projects/DCU/2026-mcm-XAI-skin-lesion/outputs/pilot/xai_maps/lime/ham10000_ISIC_0033820.npy,/home/tbeliere/Projects/DCU/2026-mcm-XAI-skin-lesion/outputs/pilot/pseudo_concepts/npz/ham10000/ISIC_0033820.npz
ham10000,ISIC_0033820,lime,border_w16_dil6_sigma10,20,0.004750258677451616,0.009455600805128153,0.004913595669371262,1.221606559638987,0.06393056438364088,0.004025829081632653,0.8474968112244898,/home/tbeliere/Projects/DCU/2026-mcm-XAI-skin-lesion/outputs/pilot/xai_maps/lime/ham10000_ISIC_0033820.npy,/home/tbeliere/Projects/DCU/2026-mcm-XAI-skin-lesion/outputs/pilot/pseudo_concepts/npz/ham10000/ISIC_0033820.npz
ham10000,ISIC_0033820,lime,border_w16_dil6_sigma10_dist,20,0.003856645658921114,0.0076836581709127435,0.0039350405996235955,1.2047360680228565,0.06406971802014502,0.003268494897959184,0.8474968112244898,/home/tbeliere/Projects/DCU/2026-mcm-XAI-skin-lesion/outputs/pilot/xai_maps/lime/ham10000_ISIC_0033820.npy,/home/tbeliere/Projects/DCU/2026-mcm-XAI-skin-lesion/outputs/pilot/pseudo_concepts/npz/ham10000/ISIC_0033820.npz
ham10000,ISIC_0033820,lime,colour_heterogeneity,20,0.010017872260368259,0.019837019790449398,0.011013949614819482,1.3005780128516886,0.07232760788343097,0.008490114795918368,0.8474968112244898,/home/tbeliere/Projects/DCU/2026-mcm-XAI-skin-lesion/outputs/pilot/xai_maps/lime/ham10000_ISIC_0033820.npy,/home/tbeliere/Projects/DCU/2026-mcm-XAI-skin-lesion/outputs/pilot/pseudo_concepts/npz/ham10000/ISIC_0033820.npz
ham10000,ISIC_0033820,shap,asymmetry,20,0.013500099265422373,0.026640548481854414,0.01056611595137447,3.0687859179948918,0.09345132592020176,0.0034677933673469387,0.20001594387755103,/home/tbeliere/Projects/DCU/2026-mcm-XAI-skin-lesion/outputs/pilot/xai_maps/shap/ham10000_ISIC_0033820.npy,/home/tbeliere/Projects/DCU/2026-mcm-XAI-skin-lesion/outputs/pilot/pseudo_concepts/npz/ham10000/ISIC_0033820.npz
ham10000,ISIC_0033820,shap,border_default,20,0.003781847133754198,0.007535197303185073,0.0027502725339887193,2.764806608171726,0.16003664603135423,0.0009964923469387755,0.20001594387755103,/home/tbeliere/Projects/DCU/2026-mcm-XAI-skin-lesion/outputs/pilot/xai_maps/shap/ham10000_ISIC_0033820.npy,/home/tbeliere/Projects/DCU/2026-mcm-XAI-skin-lesion/outputs/pilot/pseudo_concepts/npz/ham10000/ISIC_0033820.npz
ham10000,ISIC_0033820,shap,border_w8_dil2_sigma5,20,0.003781847133754198,0.007535197303185073,0.0027502725339887193,2.764806608171726,0.16003664603135423,0.0009964923469387755,0.20001594387755103,/home/tbeliere/Projects/DCU/2026-mcm-XAI-skin-lesion/outputs/pilot/xai_maps/shap/ham10000_ISIC_0033820.npy,/home/tbeliere/Projects/DCU/2026-mcm-XAI-skin-lesion/outputs/pilot/pseudo_concepts/npz/ham10000/ISIC_0033820.npz
ham10000,ISIC_0033820,shap,border_w12_dil4_sigma8,20,0.007354402703232603,0.014601420678754338,0.005318845462900353,2.677706949878042,0.20970569860535662,0.001992984693877551,0.20001594387755103,/home/tbeliere/Projects/DCU/2026-mcm-XAI-skin-lesion/outputs/pilot/xai_maps/shap/ham10000_ISIC_0033820.npy,/home/tbeliere/Projects/DCU/2026-mcm-XAI-skin-lesion/outputs/pilot/pseudo_concepts/npz/ham10000/ISIC_0033820.npz
ham10000,ISIC_0033820,shap,border_w16_dil6_sigma10,20,0.015573851800401176,0.030670052744646736,0.011696262552953614,2.9278532533330788,0.2510083777082878,0.004025829081632653,0.20001594387755103,/home/tbeliere/Projects/DCU/2026-mcm-XAI-skin-lesion/outputs/pilot/xai_maps/shap/ham10000_ISIC_0033820.npy,/home/tbeliere/Projects/DCU/2026-mcm-XAI-skin-lesion/outputs/pilot/pseudo_concepts/npz/ham10000/ISIC_0033820.npz
ham10000,ISIC_0033820,shap,border_w16_dil6_sigma10_dist,20,0.012507444907670728,0.024705882352916955,0.00893921291711624,2.7506110330359688,0.22660983359298215,0.003268494897959184,0.20001594387755103,/home/tbeliere/Projects/DCU/2026-mcm-XAI-skin-lesion/outputs/pilot/xai_maps/shap/ham10000_ISIC_0033820.npy,/home/tbeliere/Projects/DCU/2026-mcm-XAI-skin-lesion/outputs/pilot/pseudo_concepts/npz/ham10000/ISIC_0033820.npz
ham10000,ISIC_0033820,shap,colour_heterogeneity,20,0.03257007500983757,0.06308545211234651,0.029015853772370963,3.4898489388629925,0.4275786410459914,0.008490114795918368,0.20001594387755103,/home/tbeliere/Projects/DCU/2026-mcm-XAI-skin-lesion/outputs/pilot/xai_maps/shap/ham10000_ISIC_0033820.npy,/home/tbeliere/Projects/DCU/2026-mcm-XAI-skin-lesion/outputs/pilot/pseudo_concepts/npz/ham10000/ISIC_0033820.npz
ham10000,ISIC_0033241,gradcam,asymmetry,20,0.00045696877380010893,0.0009135200974414483,0.006484573890185309,0.10655790956275933,-0.13119788142410846,0.057716836734693876,0.20408163265306123,/home/tbeliere/Projects/DCU/2026-mcm-XAI-skin-lesion/outputs/pilot/xai_maps/gradcam/ham10000_ISIC_0033241.npy,/home/tbeliere/Projects/DCU/2026-mcm-XAI-skin-lesion/outputs/pilot/pseudo_concepts/npz/ham10000/ISIC_0033241.npz
ham10000,ISIC_0033241,gradcam,border_default,20,0.0013512209246198713,0.0026987951807202902,0.0016936608542729224,0.6288612452215804,-0.04765994857587257,0.002690529336734694,0.20408163265306123,/home/tbeliere/Projects/DCU/2026-mcm-XAI-skin-lesion/outputs/pilot/xai_maps/gradcam/ham10000_ISIC_0033241.npy,/home/tbeliere/Projects/DCU/2026-mcm-XAI-skin-lesion/outputs/pilot/pseudo_concepts/npz/ham10000/ISIC_0033241.npz
ham10000,ISIC_0033241,gradcam,border_w8_dil2_sigma5,20,0.0013512209246198713,0.0026987951807202902,0.0016936608542729224,0.6288612452215804,-0.04765994857587257,0.002690529336734694,0.20408163265306123,/home/tbeliere/Projects/DCU/2026-mcm-XAI-skin-lesion/outputs/pilot/xai_maps/gradcam/ham10000_ISIC_0033241.npy,/home/tbeliere/Projects/DCU/2026-mcm-XAI-skin-lesion/outputs/pilot/pseudo_concepts/npz/ham10000/ISIC_0033241.npz
ham10000,ISIC_0033241,gradcam,border_w12_dil4_sigma8,20,0.0018197490661796573,0.0036328871892890697,0.002526834884296639,0.5752288060699271,-0.05104202528934464,0.004384566326530612,0.20408163265306123,/home/tbeliere/Projects/DCU/2026-mcm-XAI-skin-lesion/outputs/pilot/xai_maps/gradcam/ham10000_ISIC_0033241.npy,/home/tbeliere/Projects/DCU/2026-mcm-XAI-skin-lesion/outputs/pilot/pseudo_concepts/npz/ham10000/ISIC_0033241.npz
ham10000,ISIC_0033241,gradcam,border_w16_dil6_sigma10,20,0.000569962952407552,0.0011392765593837089,0.0015914536152150513,0.27137550405742067,-0.062045550940071845,0.005839445153061225,0.20408163265306123,/home/tbeliere/Projects/DCU/2026-mcm-XAI-skin-lesion/outputs/pilot/xai_maps/gradcam/ham10000_ISIC_0033241.npy,/home/tbeliere/Projects/DCU/2026-mcm-XAI-skin-lesion/outputs/pilot/pseudo_concepts/npz/ham10000/ISIC_0033241.npz
ham10000,ISIC_0033241,gradcam,border_w16_dil6_sigma10_dist,20,0.00047750931143111683,0.0009545628102320021,0.0012249770790668218,0.2595355502954049,-0.06020313493241235,0.00470344387755102,0.20408163265306123,/home/tbeliere/Projects/DCU/2026-mcm-XAI-skin-lesion/outputs/pilot/xai_maps/gradcam/ham10000_ISIC_0033241.npy,/home/tbeliere/Projects/DCU/2026-mcm-XAI-skin-lesion/outputs/pilot/pseudo_concepts/npz/ham10000/ISIC_0033241.npz
ham10000,ISIC_0033241,gradcam,colour_heterogeneity,20,0.026075712951637037,0.050826099131860245,0.041207184992887176,0.4902745265380606,0.1891821890403695,0.08059630102040816,0.20408163265306123,/home/tbeliere/Projects/DCU/2026-mcm-XAI-skin-lesion/outputs/pilot/xai_maps/gradcam/ham10000_ISIC_0033241.npy,/home/tbeliere/Projects/DCU/2026-mcm-XAI-skin-lesion/outputs/pilot/pseudo_concepts/npz/ham10000/ISIC_0033241.npz
ham10000,ISIC_0033241,lime,asymmetry,20,0.03534828456851675,0.06828288624295777,0.05714382551812193,0.9894703094538451,-0.005983062850141259,0.057716836734693876,0.22014508928571427,/home/tbeliere/Projects/DCU/2026-mcm-XAI-skin-lesion/outputs/pilot/xai_maps/lime/ham10000_ISIC_0033241.npy,/home/tbeliere/Projects/DCU/2026-mcm-XAI-skin-lesion/outputs/pilot/pseudo_concepts/npz/ham10000/ISIC_0033241.npz
ham10000,ISIC_0033241,lime,border_default,20,0.00026838432635510075,0.0005366246310700861,0.0023386263112398654,0.86890024505688,-0.009303459762193881,0.002690529336734694,0.22014508928571427,/home/tbeliere/Projects/DCU/2026-mcm-XAI-skin-lesion/outputs/pilot/xai_maps/lime/ham10000_ISIC_0033241.npy,/home/tbeliere/Projects/DCU/2026-mcm-XAI-skin-lesion/outputs/pilot/pseudo_concepts/npz/ham10000/ISIC_0033241.npz
ham10000,ISIC_0033241,lime,border_w8_dil2_sigma5,20,0.00026838432635510075,0.0005366246310700861,0.0023386263112398654,0.86890024505688,-0.009303459762193881,0.002690529336734694,0.22014508928571427,/home/tbeliere/Projects/DCU/2026-mcm-XAI-skin-lesion/outputs/pilot/xai_maps/lime/ham10000_ISIC_0033241.npy,/home/tbeliere/Projects/DCU/2026-mcm-XAI-skin-lesion/outputs/pilot/pseudo_concepts/npz/ham10000/ISIC_0033241.npz
ham10000,ISIC_0033241,lime,border_w12_dil4_sigma8,20,0.0,0.0,0.003728244844005583,0.8497507666941162,-0.029233957775926373,0.004384566326530612,0.22014508928571427,/home/tbeliere/Projects/DCU/2026-mcm-XAI-skin-lesion/outputs/pilot/xai_maps/lime/ham10000_ISIC_0033241.npy,/home/tbeliere/Projects/DCU/2026-mcm-XAI-skin-lesion/outputs/pilot/pseudo_concepts/npz/ham10000/ISIC_0033241.npz
ham10000,ISIC_0033241,lime,border_w16_dil6_sigma10,20,0.0,0.0,0.004965344269516526,0.8495640180278042,-0.03215781607612612,0.005839445153061225,0.22014508928571427,/home/tbeliere/Projects/DCU/2026-mcm-XAI-skin-lesion/outputs/pilot/xai_maps/lime/ham10000_ISIC_0033241.npy,/home/tbeliere/Projects/DCU/2026-mcm-XAI-skin-lesion/outputs/pilot/pseudo_concepts/npz/ham10000/ISIC_0033241.npz
ham10000,ISIC_0033241,lime,border_w16_dil6_sigma10_dist,20,0.0,0.0,0.003999389923569625,0.849709881511371,-0.031871146964598335,0.00470344387755102,0.22014508928571427,/home/tbeliere/Projects/DCU/2026-mcm-XAI-skin-lesion/outputs/pilot/xai_maps/lime/ham10000_ISIC_0033241.npy,/home/tbeliere/Projects/DCU/2026-mcm-XAI-skin-lesion/outputs/pilot/pseudo_concepts/npz/ham10000/ISIC_0033241.npz
ham10000,ISIC_0033241,lime,colour_heterogeneity,20,0.060435699226942766,0.1139827700463128,0.08310596688637899,1.0339611541507006,0.12447201977897894,0.08059630102040816,0.22014508928571427,/home/tbeliere/Projects/DCU/2026-mcm-XAI-skin-lesion/outputs/pilot/xai_maps/lime/ham10000_ISIC_0033241.npy,/home/tbeliere/Projects/DCU/2026-mcm-XAI-skin-lesion/outputs/pilot/pseudo_concepts/npz/ham10000/ISIC_0033241.npz
ham10000,ISIC_0033241,shap,asymmetry,20,0.00310269934843073,0.006186204763372884,0.02571750642859642,0.4309459449817089,-0.12738181833066986,0.057716836734693876,0.20001594387755103,/home/tbeliere/Projects/DCU/2026-mcm-XAI-skin-lesion/outputs/pilot/xai_maps/shap/ham10000_ISIC_0033241.npy,/home/tbeliere/Projects/DCU/2026-mcm-XAI-skin-lesion/outputs/pilot/pseudo_concepts/npz/ham10000/ISIC_0033241.npz
ham10000,ISIC_0033241,shap,border_default,20,0.0,0.0,0.0009132225658584017,0.3388172884182661,-0.09792812081712357,0.002690529336734694,0.20001594387755103,/home/tbeliere/Projects/DCU/2026-mcm-XAI-skin-lesion/outputs/pilot/xai_maps/shap/ham10000_ISIC_0033241.npy,/home/tbeliere/Projects/DCU/2026-mcm-XAI-skin-lesion/outputs/pilot/pseudo_concepts/npz/ham10000/ISIC_0033241.npz
ham10000,ISIC_0033241,shap,border_w8_dil2_sigma5,20,0.0,0.0,0.0009132225658584017,0.3388172884182661,-0.09792812081712357,0.002690529336734694,0.20001594387755103,/home/tbeliere/Projects/DCU/2026-mcm-XAI-skin-lesion/outputs/pilot/xai_maps/shap/ham10000_ISIC_0033241.npy,/home/tbeliere/Projects/DCU/2026-mcm-XAI-skin-lesion/outputs/pilot/pseudo_concepts/npz/ham10000/ISIC_0033241.npz
ham10000,ISIC_0033241,shap,border_w12_dil4_sigma8,20,0.0,0.0,0.0014777830531147189,0.33606079108592396,-0.11791839929042731,0.004384566326530612,0.20001594387755103,/home/tbeliere/Projects/DCU/2026-mcm-XAI-skin-lesion/outputs/pilot/xai_maps/shap/ham10000_ISIC_0033241.npy,/home/tbeliere/Projects/DCU/2026-mcm-XAI-skin-lesion/outputs/pilot/pseudo_concepts/npz/ham10000/ISIC_0033241.npz
ham10000,ISIC_0033241,shap,border_w16_dil6_sigma10,20,0.0,0.0,0.001859713201979024,0.31720445873972464,-0.13494670763828406,0.005839445153061225,0.20001594387755103,/home/tbeliere/Projects/DCU/2026-mcm-XAI-skin-lesion/outputs/pilot/xai_maps/shap/ham10000_ISIC_0033241.npy,/home/tbeliere/Projects/DCU/2026-mcm-XAI-skin-lesion/outputs/pilot/pseudo_concepts/npz/ham10000/ISIC_0033241.npz
ham10000,ISIC_0033241,shap,border_w16_dil6_sigma10_dist,20,0.0,0.0,0.001509415862994335,0.3198905293273819,-0.128472122175672,0.00470344387755102,0.20001594387755103,/home/tbeliere/Projects/DCU/2026-mcm-XAI-skin-lesion/outputs/pilot/xai_maps/shap/ham10000_ISIC_0033241.npy,/home/tbeliere/Projects/DCU/2026-mcm-XAI-skin-lesion/outputs/pilot/pseudo_concepts/npz/ham10000/ISIC_0033241.npz
ham10000,ISIC_0033241,shap,colour_heterogeneity,20,0.0029204359284828543,0.0058238636363595,0.033544255522615356,0.3959380561824074,0.1324009607598265,0.08059630102040816,0.20001594387755103,/home/tbeliere/Projects/DCU/2026-mcm-XAI-skin-lesion/outputs/pilot/xai_maps/shap/ham10000_ISIC_0033241.npy,/home/tbeliere/Projects/DCU/2026-mcm-XAI-skin-lesion/outputs/pilot/pseudo_concepts/npz/ham10000/ISIC_0033241.npz
ham10000,ISIC_0031561,gradcam,asymmetry,20,0.06346605883605423,0.11935699933012768,0.0539455127761203,0.5530241243825758,-0.06380925202911683,0.09347098214285714,0.20408163265306123,/home/tbeliere/Projects/DCU/2026-mcm-XAI-skin-lesion/outputs/pilot/xai_maps/gradcam/ham10000_ISIC_0031561.npy,/home/tbeliere/Projects/DCU/2026-mcm-XAI-skin-lesion/outputs/pilot/pseudo_concepts/npz/ham10000/ISIC_0031561.npz
ham10000,ISIC_0031561,gradcam,border_default,20,0.0014326647564456229,0.0028612303290387587,0.002082427696556744,0.4252843194884496,-0.04021409266146422,0.0048828125,0.20408163265306123,/home/tbeliere/Projects/DCU/2026-mcm-XAI-skin-lesion/outputs/pilot/xai_maps/gradcam/ham10000_ISIC_0031561.npy,/home/tbeliere/Projects/DCU/2026-mcm-XAI-skin-lesion/outputs/pilot/pseudo_concepts/npz/ham10000/ISIC_0031561.npz
ham10000,ISIC_0031561,gradcam,border_w8_dil2_sigma5,20,0.0014326647564456229,0.0028612303290387587,0.002082427696556744,0.4252843194884496,-0.04021409266146422,0.0048828125,0.20408163265306123,/home/tbeliere/Projects/DCU/2026-mcm-XAI-skin-lesion/outputs/pilot/xai_maps/gradcam/ham10000_ISIC_0031561.npy,/home/tbeliere/Projects/DCU/2026-mcm-XAI-skin-lesion/outputs/pilot/pseudo_concepts/npz/ham10000/ISIC_0031561.npz
ham10000,ISIC_0031561,gradcam,border_w12_dil4_sigma8,20,0.0,0.0,0.0006403029153157963,0.11500108965370306,-0.05149690841447775,0.0055404974489795915,0.20408163265306123,/home/tbeliere/Projects/DCU/2026-mcm-XAI-skin-lesion/outputs/pilot/xai_maps/gradcam/ham10000_ISIC_0031561.npy,/home/tbeliere/Projects/DCU/2026-mcm-XAI-skin-lesion/outputs/pilot/pseudo_concepts/npz/ham10000/ISIC_0031561.npz
ham10000,ISIC_0031561,gradcam,border_w16_dil6_sigma10,20,0.0,0.0,0.0005704677130767885,0.0892101654839257,-0.05972078296627184,0.006357621173469388,0.20408163265306123,/home/tbeliere/Projects/DCU/2026-mcm-XAI-skin-lesion/outputs/pilot/xai_maps/gradcam/ham10000_ISIC_0031561.npy,/home/tbeliere/Projects/DCU/2026-mcm-XAI-skin-lesion/outputs/pilot/pseudo_concepts/npz/ham10000/ISIC_0031561.npz
ham10000,ISIC_0031561,gradcam,border_w16_dil6_sigma10_dist,20,0.0,0.0,0.0004365035313551932,0.08482230373985797,-0.05746926602000021,0.005121970663265306,0.20408163265306123,/home/tbeliere/Projects/DCU/2026-mcm-XAI-skin-lesion/outputs/pilot/xai_maps/gradcam/ham10000_ISIC_0031561.npy,/home/tbeliere/Projects/DCU/2026-mcm-XAI-skin-lesion/outputs/pilot/pseudo_concepts/npz/ham10000/ISIC_0031561.npz
ham10000,ISIC_0031561,gradcam,colour_heterogeneity,20,0.10728555640558761,0.19378119001904506,0.08303576379826492,1.5409316332443437,0.3772444481909506,0.0555046237244898,0.20408163265306123,/home/tbeliere/Projects/DCU/2026-mcm-XAI-skin-lesion/outputs/pilot/xai_maps/gradcam/ham10000_ISIC_0031561.npy,/home/tbeliere/Projects/DCU/2026-mcm-XAI-skin-lesion/outputs/pilot/pseudo_concepts/npz/ham10000/ISIC_0031561.npz
ham10000,ISIC_0031561,lime,asymmetry,20,0.12332996852911149,0.21957923670566679,0.10794942789468327,1.1736423435429042,0.10279302585701172,0.09347098214285714,0.28356186224489793,/home/tbeliere/Projects/DCU/2026-mcm-XAI-skin-lesion/outputs/pilot/xai_maps/lime/ham10000_ISIC_0031561.npy,/home/tbeliere/Projects/DCU/2026-mcm-XAI-skin-lesion/outputs/pilot/pseudo_concepts/npz/ham10000/ISIC_0031561.npz
ham10000,ISIC_0031561,lime,border_default,20,6.909894969591687e-05,0.00013818835072193863,0.0032691730326572807,0.6684427418802072,-0.08511693589999277,0.0048828125,0.28356186224489793,/home/tbeliere/Projects/DCU/2026-mcm-XAI-skin-lesion/outputs/pilot/xai_maps/lime/ham10000_ISIC_0031561.npy,/home/tbeliere/Projects/DCU/2026-mcm-XAI-skin-lesion/outputs/pilot/pseudo_concepts/npz/ham10000/ISIC_0031561.npz
ham10000,ISIC_0031561,lime,border_w8_dil2_sigma5,20,6.909894969591687e-05,0.00013818835072193863,0.0032691730326572807,0.6684427418802072,-0.08511693589999277,0.0048828125,0.28356186224489793,/home/tbeliere/Projects/DCU/2026-mcm-XAI-skin-lesion/outputs/pilot/xai_maps/lime/ham10000_ISIC_0031561.npy,/home/tbeliere/Projects/DCU/2026-mcm-XAI-skin-lesion/outputs/pilot/pseudo_concepts/npz/ham10000/ISIC_0031561.npz
ham10000,ISIC_0031561,lime,border_w12_dil4_sigma8,20,0.0004827919166835762,0.0009651178822549529,0.004370017013041875,0.7878136836561008,-0.08352585454841704,0.0055404974489795915,0.28356186224489793,/home/tbeliere/Projects/DCU/2026-mcm-XAI-skin-lesion/outputs/pilot/xai_maps/lime/ham10000_ISIC_0031561.npy,/home/tbeliere/Projects/DCU/2026-mcm-XAI-skin-lesion/outputs/pilot/pseudo_concepts/npz/ham10000/ISIC_0031561.npz
ham10000,ISIC_0031561,lime,border_w16_dil6_sigma10,20,0.0013767467474348615,0.0027497078435397334,0.005270707542447453,0.8281318407715114,-0.07413127181062448,0.006357621173469388,0.28356186224489793,/home/tbeliere/Projects/DCU/2026-mcm-XAI-skin-lesion/outputs/pilot/xai_maps/lime/ham10000_ISIC_0031561.npy,/home/tbeliere/Projects/DCU/2026-mcm-XAI-skin-lesion/outputs/pilot/pseudo_concepts/npz/ham10000/ISIC_0031561.npz
ham10000,ISIC_0031561,lime,border_w16_dil6_sigma10_dist,20,0.0008291301043316318,0.0016568864342411758,0.004169863562062858,0.8133347756062558,-0.0768792666762407,0.005121970663265306,0.28356186224489793,/home/tbeliere/Projects/DCU/2026-mcm-XAI-skin-lesion/outputs/pilot/xai_maps/lime/ham10000_ISIC_0031561.npy,/home/tbeliere/Projects/DCU/2026-mcm-XAI-skin-lesion/outputs/pilot/pseudo_concepts/npz/ham10000/ISIC_0031561.npz
ham10000,ISIC_0031561,lime,colour_heterogeneity,20,0.08820519380830996,0.1621113266324798,0.06721820062045328,1.226245685737015,0.21202815094075145,0.0555046237244898,0.28356186224489793,/home/tbeliere/Projects/DCU/2026-mcm-XAI-skin-lesion/outputs/pilot/xai_maps/lime/ham10000_ISIC_0031561.npy,/home/tbeliere/Projects/DCU/2026-mcm-XAI-skin-lesion/outputs/pilot/pseudo_concepts/npz/ham10000/ISIC_0031561.npz
ham10000,ISIC_0031561,shap,asymmetry,20,0.144033561218036,0.251799538231528,0.1546082878673188,1.773697242603932,0.16277894790810224,0.09347098214285714,0.20001594387755103,/home/tbeliere/Projects/DCU/2026-mcm-XAI-skin-lesion/outputs/pilot/xai_maps/shap/ham10000_ISIC_0031561.npy,/home/tbeliere/Projects/DCU/2026-mcm-XAI-skin-lesion/outputs/pilot/pseudo_concepts/npz/ham10000/ISIC_0031561.npz
ham10000,ISIC_0031561,shap,border_default,20,0.005771864605746652,0.011477482735131331,0.004953288726247841,1.014505012460397,0.021153959272915336,0.0048828125,0.20001594387755103,/home/tbeliere/Projects/DCU/2026-mcm-XAI-skin-lesion/outputs/pilot/xai_maps/shap/ham10000_ISIC_0031561.npy,/home/tbeliere/Projects/DCU/2026-mcm-XAI-skin-lesion/outputs/pilot/pseudo_concepts/npz/ham10000/ISIC_0031561.npz
ham10000,ISIC_0031561,shap,border_w8_dil2_sigma5,20,0.005771864605746652,0.011477482735131331,0.004953288726247841,1.014505012460397,0.021153959272915336,0.0048828125,0.20001594387755103,/home/tbeliere/Projects/DCU/2026-mcm-XAI-skin-lesion/outputs/pilot/xai_maps/shap/ham10000_ISIC_0031561.npy,/home/tbeliere/Projects/DCU/2026-mcm-XAI-skin-lesion/outputs/pilot/pseudo_concepts/npz/ham10000/ISIC_0031561.npz
ham10000,ISIC_0031561,shap,border_w12_dil4_sigma8,20,0.006342082154350334,0.012604227263900907,0.0054666420124116506,0.9865962553424773,0.032539688998500696,0.0055404974489795915,0.20001594387755103,/home/tbeliere/Projects/DCU/2026-mcm-XAI-skin-lesion/outputs/pilot/xai_maps/shap/ham10000_ISIC_0031561.npy,/home/tbeliere/Projects/DCU/2026-mcm-XAI-skin-lesion/outputs/pilot/pseudo_concepts/npz/ham10000/ISIC_0031561.npz
ham10000,ISIC_0031561,shap,border_w16_dil6_sigma10,20,0.007589763549666643,0.015065185900516595,0.006568731733296213,1.0334249450283022,0.04521158748782674,0.006357621173469388,0.20001594387755103,/home/tbeliere/Projects/DCU/2026-mcm-XAI-skin-lesion/outputs/pilot/xai_maps/shap/ham10000_ISIC_0031561.npy,/home/tbeliere/Projects/DCU/2026-mcm-XAI-skin-lesion/outputs/pilot/pseudo_concepts/npz/ham10000/ISIC_0031561.npz
ham10000,ISIC_0031561,shap,border_w16_dil6_sigma10_dist,20,0.005863383172084566,0.011658408627211056,0.004997388072850133,0.9755542115001259,0.0351778813754549,0.005121970663265306,0.20001594387755103,/home/tbeliere/Projects/DCU/2026-mcm-XAI-skin-lesion/outputs/pilot/xai_maps/shap/ham10000_ISIC_0031561.npy,/home/tbeliere/Projects/DCU/2026-mcm-XAI-skin-lesion/outputs/pilot/pseudo_concepts/npz/ham10000/ISIC_0031561.npz
ham10000,ISIC_0031561,shap,colour_heterogeneity,20,0.20679593373474509,0.3427189766786189,0.19153458156114456,4.03140276045554,0.5830580608028763,0.0555046237244898,0.20001594387755103,/home/tbeliere/Projects/DCU/2026-mcm-XAI-skin-lesion/outputs/pilot/xai_maps/shap/ham10000_ISIC_0031561.npy,/home/tbeliere/Projects/DCU/2026-mcm-XAI-skin-lesion/outputs/pilot/pseudo_concepts/npz/ham10000/ISIC_0031561.npz
ham10000,ISIC_0030521,gradcam,asymmetry,20,0.012744911546497293,0.025169045830179215,0.01708036311686479,2.1196740528002733,0.03370491660119409,0.008131377551020409,0.20408163265306123,/home/tbeliere/Projects/DCU/2026-mcm-XAI-skin-lesion/outputs/pilot/xai_maps/gradcam/ham10000_ISIC_0030521.npy,/home/tbeliere/Projects/DCU/2026-mcm-XAI-skin-lesion/outputs/pilot/pseudo_concepts/npz/ham10000/ISIC_0030521.npz
ham10000,ISIC_0030521,gradcam,border_default,20,0.00531349628054747,0.010570824524302738,0.00888834072642384,2.701760450556467,0.08543442336023431,0.003308354591836735,0.20408163265306123,/home/tbeliere/Projects/DCU/2026-mcm-XAI-skin-lesion/outputs/pilot/xai_maps/gradcam/ham10000_ISIC_0030521.npy,/home/tbeliere/Projects/DCU/2026-mcm-XAI-skin-lesion/outputs/pilot/pseudo_concepts/npz/ham10000/ISIC_0030521.npz
ham10000,ISIC_0030521,gradcam,border_w8_dil2_sigma5,20,0.00531349628054747,0.010570824524302738,0.00888834072642384,2.701760450556467,0.08543442336023431,0.003308354591836735,0.20408163265306123,/home/tbeliere/Projects/DCU/2026-mcm-XAI-skin-lesion/outputs/pilot/xai_maps/gradcam/ham10000_ISIC_0030521.npy,/home/tbeliere/Projects/DCU/2026-mcm-XAI-skin-lesion/outputs/pilot/pseudo_concepts/npz/ham10000/ISIC_0030521.npz
ham10000,ISIC_0030521,gradcam,border_w12_dil4_sigma8,20,0.005494505494500198,0.010928961748623402,0.007383837717573633,1.9467360937223284,0.08978789512253563,0.0038066007653061226,0.20408163265306123,/home/tbeliere/Projects/DCU/2026-mcm-XAI-skin-lesion/outputs/pilot/xai_maps/gradcam/ham10000_ISIC_0030521.npy,/home/tbeliere/Projects/DCU/2026-mcm-XAI-skin-lesion/outputs/pilot/pseudo_concepts/npz/ham10000/ISIC_0030521.npz
ham10000,ISIC_0030521,gradcam,border_w16_dil6_sigma10,20,0.007970805723607057,0.015815548780472734,0.012614629451553496,2.491279060733809,0.11504920281749681,0.00510204081632653,0.20408163265306123,/home/tbeliere/Projects/DCU/2026-mcm-XAI-skin-lesion/outputs/pilot/xai_maps/gradcam/ham10000_ISIC_0030521.npy,/home/tbeliere/Projects/DCU/2026-mcm-XAI-skin-lesion/outputs/pilot/pseudo_concepts/npz/ham10000/ISIC_0030521.npz
ham10000,ISIC_0030521,gradcam,border_w16_dil6_sigma10_dist,20,0.006068779501005617,0.012064343163527322,0.009381857785924154,2.3199523200236545,0.10171351161546728,0.004065688775510204,0.20408163265306123,/home/tbeliere/Projects/DCU/2026-mcm-XAI-skin-lesion/outputs/pilot/xai_maps/gradcam/ham10000_ISIC_0030521.npy,/home/tbeliere/Projects/DCU/2026-mcm-XAI-skin-lesion/outputs/pilot/pseudo_concepts/npz/ham10000/ISIC_0030521.npz
ham10000,ISIC_0030521,gradcam,colour_heterogeneity,20,0.032393693263227524,0.06275453535721699,0.07329048812439087,6.9568323947729285,0.50343368975726,0.011240433673469387,0.20408163265306123,/home/tbeliere/Projects/DCU/2026-mcm-XAI-skin-lesion/outputs/pilot/xai_maps/gradcam/ham10000_ISIC_0030521.npy,/home/tbeliere/Projects/DCU/2026-mcm-XAI-skin-lesion/outputs/pilot/pseudo_concepts/npz/ham10000/ISIC_0030521.npz
ham10000,ISIC_0030521,lime,asymmetry,20,0.01409906252305743,0.02780608531079647,0.008926717874192707,1.0986922065214078,0.023469364991949012,0.008131377551020409,0.26566485969387754,/home/tbeliere/Projects/DCU/2026-mcm-XAI-skin-lesion/outputs/pilot/xai_maps/lime/ham10000_ISIC_0030521.npy,/home/tbeliere/Projects/DCU/2026-mcm-XAI-skin-lesion/outputs/pilot/pseudo_concepts/npz/ham10000/ISIC_0030521.npz
ham10000,ISIC_0030521,lime,border_default,20,0.006188026541410431,0.012299940723168123,0.0038006419571697033,1.1493688963254813,0.027820465093389462,0.003308354591836735,0.26566485969387754,/home/tbeliere/Projects/DCU/2026-mcm-XAI-skin-lesion/outputs/pilot/xai_maps/lime/ham10000_ISIC_0030521.npy,/home/tbeliere/Projects/DCU/2026-mcm-XAI-skin-lesion/outputs/pilot/pseudo_concepts/npz/ham10000/ISIC_0030521.npz
ham10000,ISIC_0030521,lime,border_w8_dil2_sigma5,20,0.006188026541410431,0.012299940723168123,0.0038006419571697033,1.1493688963254813,0.027820465093389462,0.003308354591836735,0.26566485969387754,/home/tbeliere/Projects/DCU/2026-mcm-XAI-skin-lesion/outputs/pilot/xai_maps/lime/ham10000_ISIC_0030521.npy,/home/tbeliere/Projects/DCU/2026-mcm-XAI-skin-lesion/outputs/pilot/pseudo_concepts/npz/ham10000/ISIC_0030521.npz
ham10000,ISIC_0030521,lime,border_w12_dil4_sigma8,20,0.008503020810018271,0.016862658087407098,0.004758786988388956,1.2513368409999648,0.039486622176101945,0.0038066007653061226,0.26566485969387754,/home/tbeliere/Projects/DCU/2026-mcm-XAI-skin-lesion/outputs/pilot/xai_maps/lime/ham10000_ISIC_0030521.npy,/home/tbeliere/Projects/DCU/2026-mcm-XAI-skin-lesion/outputs/pilot/pseudo_concepts/npz/ham10000/ISIC_0030521.npz
ham10000,ISIC_0030521,lime,border_w16_dil6_sigma10,20,0.01093831386263045,0.021639923450594994,0.006291819038339761,1.2346730205762302,0.03298948090659818,0.00510204081632653,0.26566485969387754,/home/tbeliere/Projects/DCU/2026-mcm-XAI-skin-lesion/outputs/pilot/xai_maps/lime/ham10000_ISIC_0030521.npy,/home/tbeliere/Projects/DCU/2026-mcm-XAI-skin-lesion/outputs/pilot/pseudo_concepts/npz/ham10000/ISIC_0030521.npz
ham10000,ISIC_0030521,lime,border_w16_dil6_sigma10_dist,20,0.008870667163616197,0.017585340623601606,0.005030261413901078,1.238446537853718,0.03251989961488527,0.004065688775510204,0.26566485969387754,/home/tbeliere/Projects/DCU/2026-mcm-XAI-skin-lesion/outputs/pilot/xai_maps/lime/ham10000_ISIC_0030521.npy,/home/tbeliere/Projects/DCU/2026-mcm-XAI-skin-lesion/outputs/pilot/pseudo_concepts/npz/ham10000/ISIC_0030521.npz
ham10000,ISIC_0030521,lime,colour_heterogeneity,20,0.014012552911973425,0.0276378292788055,0.011306111368387184,1.0059098012522254,5.0410882540591714e-05,0.011240433673469387,0.26566485969387754,/home/tbeliere/Projects/DCU/2026-mcm-XAI-skin-lesion/outputs/pilot/xai_maps/lime/ham10000_ISIC_0030521.npy,/home/tbeliere/Projects/DCU/2026-mcm-XAI-skin-lesion/outputs/pilot/pseudo_concepts/npz/ham10000/ISIC_0030521.npz
ham10000,ISIC_0030521,shap,asymmetry,20,0.024423737126018218,0.04768288012251275,0.01750060416610074,2.1727544478998073,0.08996611443368036,0.008131377551020409,0.20001594387755103,/home/tbeliere/Projects/DCU/2026-mcm-XAI-skin-lesion/outputs/pilot/xai_maps/shap/ham10000_ISIC_0030521.npy,/home/tbeliere/Projects/DCU/2026-mcm-XAI-skin-lesion/outputs/pilot/pseudo_concepts/npz/ham10000/ISIC_0030521.npz
ham10000,ISIC_0030521,shap,border_default,20,0.009399426140289503,0.018623799255029775,0.007234803835571606,2.1954768143792123,0.1047129592952143,0.003308354591836735,0.20001594387755103,/home/tbeliere/Projects/DCU/2026-mcm-XAI-skin-lesion/outputs/pilot/xai_maps/shap/ham10000_ISIC_0030521.npy,/home/tbeliere/Projects/DCU/2026-mcm-XAI-skin-lesion/outputs/pilot/pseudo_concepts/npz/ham10000/ISIC_0030521.npz
ham10000,ISIC_0030521,shap,border_w8_dil2_sigma5,20,0.009399426140289503,0.018623799255029775,0.007234803835571606,2.1954768143792123,0.1047129592952143,0.003308354591836735,0.20001594387755103,/home/tbeliere/Projects/DCU/2026-mcm-XAI-skin-lesion/outputs/pilot/xai_maps/shap/ham10000_ISIC_0030521.npy,/home/tbeliere/Projects/DCU/2026-mcm-XAI-skin-lesion/outputs/pilot/pseudo_concepts/npz/ham10000/ISIC_0030521.npz
ham10000,ISIC_0030521,shap,border_w12_dil4_sigma8,20,0.011973085295851995,0.023662853231618593,0.008839192220735472,2.3338594167583007,0.15103003638726425,0.0038066007653061226,0.20001594387755103,/home/tbeliere/Projects/DCU/2026-mcm-XAI-skin-lesion/outputs/pilot/xai_maps/shap/ham10000_ISIC_0030521.npy,/home/tbeliere/Projects/DCU/2026-mcm-XAI-skin-lesion/outputs/pilot/pseudo_concepts/npz/ham10000/ISIC_0030521.npz
ham10000,ISIC_0030521,shap,border_w16_dil6_sigma10,20,0.01619273301736158,0.031869413136385666,0.012233776964844656,2.4151320370686262,0.19376860025814047,0.00510204081632653,0.20001594387755103,/home/tbeliere/Projects/DCU/2026-mcm-XAI-skin-lesion/outputs/pilot/xai_maps/shap/ham10000_ISIC_0030521.npy,/home/tbeliere/Projects/DCU/2026-mcm-XAI-skin-lesion/outputs/pilot/pseudo_concepts/npz/ham10000/ISIC_0030521.npz
ham10000,ISIC_0030521,shap,border_w16_dil6_sigma10_dist,20,0.012558093542952082,0.024804687499975775,0.009351872461685078,2.3124674016745956,0.169848927900743,0.004065688775510204,0.20001594387755103,/home/tbeliere/Projects/DCU/2026-mcm-XAI-skin-lesion/outputs/pilot/xai_maps/shap/ham10000_ISIC_0030521.npy,/home/tbeliere/Projects/DCU/2026-mcm-XAI-skin-lesion/outputs/pilot/pseudo_concepts/npz/ham10000/ISIC_0030521.npz
ham10000,ISIC_0030521,shap,colour_heterogeneity,20,0.03072734344610003,0.05962264150937771,0.0205162768380221,1.8425057667227163,0.3694667984451136,0.011240433673469387,0.20001594387755103,/home/tbeliere/Projects/DCU/2026-mcm-XAI-skin-lesion/outputs/pilot/xai_maps/shap/ham10000_ISIC_0030521.npy,/home/tbeliere/Projects/DCU/2026-mcm-XAI-skin-lesion/outputs/pilot/pseudo_concepts/npz/ham10000/ISIC_0030521.npz
ham10000,ISIC_0030165,gradcam,asymmetry,20,0.02217529039068621,0.043388429752025365,0.027452702929664147,3.4432172253429965,0.06804023543621047,0.008131377551020409,0.20408163265306123,/home/tbeliere/Projects/DCU/2026-mcm-XAI-skin-lesion/outputs/pilot/xai_maps/gradcam/ham10000_ISIC_0030165.npy,/home/tbeliere/Projects/DCU/2026-mcm-XAI-skin-lesion/outputs/pilot/pseudo_concepts/npz/ham10000/ISIC_0030165.npz
ham10000,ISIC_0030165,gradcam,border_default,20,0.0021471793870757885,0.004285157771713785,0.0007606384606354456,1.363340386823756,0.08642858850365047,0.0005580357142857143,0.20408163265306123,/home/tbeliere/Projects/DCU/2026-mcm-XAI-skin-lesion/outputs/pilot/xai_maps/gradcam/ham10000_ISIC_0030165.npy,/home/tbeliere/Projects/DCU/2026-mcm-XAI-skin-lesion/outputs/pilot/pseudo_concepts/npz/ham10000/ISIC_0030165.npz
ham10000,ISIC_0030165,gradcam,border_w8_dil2_sigma5,20,0.0021471793870757885,0.004285157771713785,0.0007606384606354456,1.363340386823756,0.08642858850365047,0.0005580357142857143,0.20408163265306123,/home/tbeliere/Projects/DCU/2026-mcm-XAI-skin-lesion/outputs/pilot/xai_maps/gradcam/ham10000_ISIC_0030165.npy,/home/tbeliere/Projects/DCU/2026-mcm-XAI-skin-lesion/outputs/pilot/pseudo_concepts/npz/ham10000/ISIC_0030165.npz
ham10000,ISIC_0030165,gradcam,border_w12_dil4_sigma8,20,0.014957058766751945,0.029473283894248456,0.021740272431971647,3.9888631712826372,0.12466240910145071,0.0055404974489795915,0.20408163265306123,/home/tbeliere/Projects/DCU/2026-mcm-XAI-skin-lesion/outputs/pilot/xai_maps/gradcam/ham10000_ISIC_0030165.npy,/home/tbeliere/Projects/DCU/2026-mcm-XAI-skin-lesion/outputs/pilot/pseudo_concepts/npz/ham10000/ISIC_0030165.npz
ham10000,ISIC_0030165,gradcam,border_w16_dil6_sigma10,20,0.022627037392116366,0.04425276579782087,0.03298941353836043,3.984068197632505,0.14242679788232238,0.008490114795918368,0.20408163265306123,/home/tbeliere/Projects/DCU/2026-mcm-XAI-skin-lesion/outputs/pilot/xai_maps/gradcam/ham10000_ISIC_0030165.npy,/home/tbeliere/Projects/DCU/2026-mcm-XAI-skin-lesion/outputs/pilot/pseudo_concepts/npz/ham10000/ISIC_0030165.npz
ham10000,ISIC_0030165,gradcam,border_w16_dil6_sigma10_dist,20,0.01721816083107232,0.03385342789594907,0.025370853976956455,3.8729119730221533,0.1308723618065469,0.006676498724489796,0.20408163265306123,/home/tbeliere/Projects/DCU/2026-mcm-XAI-skin-lesion/outputs/pilot/xai_maps/gradcam/ham10000_ISIC_0030165.npy,/home/tbeliere/Projects/DCU/2026-mcm-XAI-skin-lesion/outputs/pilot/pseudo_concepts/npz/ham10000/ISIC_0030165.npz
ham10000,ISIC_0030165,gradcam,colour_heterogeneity,20,0.06860487430429034,0.12840082607512937,0.07067800604716165,4.178183391837387,0.40601076058754393,0.017877072704081634,0.20408163265306123,/home/tbeliere/Projects/DCU/2026-mcm-XAI-skin-lesion/outputs/pilot/xai_maps/gradcam/ham10000_ISIC_0030165.npy,/home/tbeliere/Projects/DCU/2026-mcm-XAI-skin-lesion/outputs/pilot/pseudo_concepts/npz/ham10000/ISIC_0030165.npz
ham10000,ISIC_0030165,lime,asymmetry,20,0.004058893752483837,0.008084971464800186,0.005949986591577517,0.7301259462548347,-0.05645368821932908,0.008131377551020409,0.24330357142857142,/home/tbeliere/Projects/DCU/2026-mcm-XAI-skin-lesion/outputs/pilot/xai_maps/lime/ham10000_ISIC_0030165.npy,/home/tbeliere/Projects/DCU/2026-mcm-XAI-skin-lesion/outputs/pilot/pseudo_concepts/npz/ham10000/ISIC_0030165.npz
ham10000,ISIC_0030165,lime,border_default,20,0.0,0.0,0.00046929471708217037,0.8409014856173102,-0.060075696342447304,0.0005580357142857143,0.24330357142857142,/home/tbeliere/Projects/DCU/2026-mcm-XAI-skin-lesion/outputs/pilot/xai_maps/lime/ham10000_ISIC_0030165.npy,/home/tbeliere/Projects/DCU/2026-mcm-XAI-skin-lesion/outputs/pilot/pseudo_concepts/npz/ham10000/ISIC_0030165.npz
ham10000,ISIC_0030165,lime,border_w8_dil2_sigma5,20,0.0,0.0,0.00046929471708217037,0.8409014856173102,-0.060075696342447304,0.0005580357142857143,0.24330357142857142,/home/tbeliere/Projects/DCU/2026-mcm-XAI-skin-lesion/outputs/pilot/xai_maps/lime/ham10000_ISIC_0030165.npy,/home/tbeliere/Projects/DCU/2026-mcm-XAI-skin-lesion/outputs/pilot/pseudo_concepts/npz/ham10000/ISIC_0030165.npz
ham10000,ISIC_0030165,lime,border_w12_dil4_sigma8,20,0.0018454625692033654,0.0036841262213649813,0.0038381603647077507,0.6915626827326149,-0.05027029679149349,0.0055404974489795915,0.24330357142857142,/home/tbeliere/Projects/DCU/2026-mcm-XAI-skin-lesion/outputs/pilot/xai_maps/lime/ham10000_ISIC_0030165.npy,/home/tbeliere/Projects/DCU/2026-mcm-XAI-skin-lesion/outputs/pilot/pseudo_concepts/npz/ham10000/ISIC_0030165.npz
ham10000,ISIC_0030165,lime,border_w16_dil6_sigma10,20,0.005491444488654603,0.010922906442923125,0.006368999731829455,0.7485650901665513,-0.030788296149184467,0.008490114795918368,0.24330357142857142,/home/tbeliere/Projects/DCU/2026-mcm-XAI-skin-lesion/outputs/pilot/xai_maps/lime/ham10000_ISIC_0030165.npy,/home/tbeliere/Projects/DCU/2026-mcm-XAI-skin-lesion/outputs/pilot/pseudo_concepts/npz/ham10000/ISIC_0030165.npz
ham10000,ISIC_0030165,lime,border_w16_dil6_sigma10_dist,20,0.0026378896882472917,0.005261899067204606,0.004458299812280618,0.6662722419730465,-0.04740089987077207,0.006676498724489796,0.24330357142857142,/home/tbeliere/Projects/DCU/2026-mcm-XAI-skin-lesion/outputs/pilot/xai_maps/lime/ham10000_ISIC_0030165.npy,/home/tbeliere/Projects/DCU/2026-mcm-XAI-skin-lesion/outputs/pilot/pseudo_concepts/npz/ham10000/ISIC_0030165.npz
ham10000,ISIC_0030165,lime,colour_heterogeneity,20,0.011422397159827565,0.022586798931688218,0.015084473049069761,0.8413963817847964,0.10921857435902534,0.017877072704081634,0.24330357142857142,/home/tbeliere/Projects/DCU/2026-mcm-XAI-skin-lesion/outputs/pilot/xai_maps/lime/ham10000_ISIC_0030165.npy,/home/tbeliere/Projects/DCU/2026-mcm-XAI-skin-lesion/outputs/pilot/pseudo_concepts/npz/ham10000/ISIC_0030165.npz
ham10000,ISIC_0030165,shap,asymmetry,20,0.02402196293751934,0.04691689008038403,0.015665565079213344,1.9413029564997768,0.07630979565605427,0.008131377551020409,0.20001594387755103,/home/tbeliere/Projects/DCU/2026-mcm-XAI-skin-lesion/outputs/pilot/xai_maps/shap/ham10000_ISIC_0030165.npy,/home/tbeliere/Projects/DCU/2026-mcm-XAI-skin-lesion/outputs/pilot/pseudo_concepts/npz/ham10000/ISIC_0030165.npz
ham10000,ISIC_0030165,shap,border_default,20,0.0022906085051266896,0.004570747217801499,0.0016284935436370637,2.921389032033029,0.10634154891993125,0.0005580357142857143,0.20001594387755103,/home/tbeliere/Projects/DCU/2026-mcm-XAI-skin-lesion/outputs/pilot/xai_maps/shap/ham10000_ISIC_0030165.npy,/home/tbeliere/Projects/DCU/2026-mcm-XAI-skin-lesion/outputs/pilot/pseudo_concepts/npz/ham10000/ISIC_0030165.npz
ham10000,ISIC_0030165,shap,border_w8_dil2_sigma5,20,0.0022906085051266896,0.004570747217801499,0.0016284935436370637,2.921389032033029,0.10634154891993125,0.0005580357142857143,0.20001594387755103,/home/tbeliere/Projects/DCU/2026-mcm-XAI-skin-lesion/outputs/pilot/xai_maps/shap/ham10000_ISIC_0030165.npy,/home/tbeliere/Projects/DCU/2026-mcm-XAI-skin-lesion/outputs/pilot/pseudo_concepts/npz/ham10000/ISIC_0030165.npz
ham10000,ISIC_0030165,shap,border_w12_dil4_sigma8,20,0.017862429685169382,0.035097925150247136,0.011322128791928692,2.0554718599215853,0.14220679905821723,0.0055404974489795915,0.20001594387755103,/home/tbeliere/Projects/DCU/2026-mcm-XAI-skin-lesion/outputs/pilot/xai_maps/shap/ham10000_ISIC_0030165.npy,/home/tbeliere/Projects/DCU/2026-mcm-XAI-skin-lesion/outputs/pilot/pseudo_concepts/npz/ham10000/ISIC_0030165.npz
ham10000,ISIC_0030165,shap,border_w16_dil6_sigma10,20,0.025585726889495553,0.04989485757976496,0.017169116121561554,2.0401051386398494,0.17519948144440953,0.008490114795918368,0.20001594387755103,/home/tbeliere/Projects/DCU/2026-mcm-XAI-skin-lesion/outputs/pilot/xai_maps/shap/ham10000_ISIC_0030165.npy,/home/tbeliere/Projects/DCU/2026-mcm-XAI-skin-lesion/outputs/pilot/pseudo_concepts/npz/ham10000/ISIC_0030165.npz
ham10000,ISIC_0030165,shap,border_w16_dil6_sigma10_dist,20,0.020667257159708033,0.04049754122067255,0.013158778106344892,1.9838559306579944,0.155631458337894,0.006676498724489796,0.20001594387755103,/home/tbeliere/Projects/DCU/2026-mcm-XAI-skin-lesion/outputs/pilot/xai_maps/shap/ham10000_ISIC_0030165.npy,/home/tbeliere/Projects/DCU/2026-mcm-XAI-skin-lesion/outputs/pilot/pseudo_concepts/npz/ham10000/ISIC_0030165.npz
ham10000,ISIC_0030165,shap,colour_heterogeneity,20,0.05888619854715846,0.11122290313718904,0.04447830241038081,2.5572727412841423,0.43225730112618854,0.017877072704081634,0.20001594387755103,/home/tbeliere/Projects/DCU/2026-mcm-XAI-skin-lesion/outputs/pilot/xai_maps/shap/ham10000_ISIC_0030165.npy,/home/tbeliere/Projects/DCU/2026-mcm-XAI-skin-lesion/outputs/pilot/pseudo_concepts/npz/ham10000/ISIC_0030165.npz
ham10000,ISIC_0024823,gradcam,asymmetry,20,0.008534482758613331,0.016924523463529424,0.005480026736957413,0.18399005514755493,-0.06847298275843616,0.02907764668367347,0.20408163265306123,/home/tbeliere/Projects/DCU/2026-mcm-XAI-skin-lesion/outputs/pilot/xai_maps/gradcam/ham10000_ISIC_0024823.npy,/home/tbeliere/Projects/DCU/2026-mcm-XAI-skin-lesion/outputs/pilot/pseudo_concepts/npz/ham10000/ISIC_0024823.npz
ham10000,ISIC_0024823,gradcam,border_default,20,0.0,0.0,0.00045509873186344357,0.6714691084150018,-0.05206438300844407,0.0006776147959183673,0.20408163265306123,/home/tbeliere/Projects/DCU/2026-mcm-XAI-skin-lesion/outputs/pilot/xai_maps/gradcam/ham10000_ISIC_0024823.npy,/home/tbeliere/Projects/DCU/2026-mcm-XAI-skin-lesion/outputs/pilot/pseudo_concepts/npz/ham10000/ISIC_0024823.npz
ham10000,ISIC_0024823,gradcam,border_w8_dil2_sigma5,20,0.0,0.0,0.00045509873186344357,0.6714691084150018,-0.05206438300844407,0.0006776147959183673,0.20408163265306123,/home/tbeliere/Projects/DCU/2026-mcm-XAI-skin-lesion/outputs/pilot/xai_maps/gradcam/ham10000_ISIC_0024823.npy,/home/tbeliere/Projects/DCU/2026-mcm-XAI-skin-lesion/outputs/pilot/pseudo_concepts/npz/ham10000/ISIC_0024823.npz
ham10000,ISIC_0024823,gradcam,border_w12_dil4_sigma8,20,0.0,0.0,0.0003412323949163184,0.31683488674547844,-0.06920215553620286,0.0010762117346938774,0.20408163265306123,/home/tbeliere/Projects/DCU/2026-mcm-XAI-skin-lesion/outputs/pilot/xai_maps/gradcam/ham10000_ISIC_0024823.npy,/home/tbeliere/Projects/DCU/2026-mcm-XAI-skin-lesion/outputs/pilot/pseudo_concepts/npz/ham10000/ISIC_0024823.npz
ham10000,ISIC_0024823,gradcam,border_w16_dil6_sigma10,20,0.0,0.0,0.0002618924405849884,0.13250729231452005,-0.08172622310185798,0.0019730548469387753,0.20408163265306123,/home/tbeliere/Projects/DCU/2026-mcm-XAI-skin-lesion/outputs/pilot/xai_maps/gradcam/ham10000_ISIC_0024823.npy,/home/tbeliere/Projects/DCU/2026-mcm-XAI-skin-lesion/outputs/pilot/pseudo_concepts/npz/ham10000/ISIC_0024823.npz
ham10000,ISIC_0024823,gradcam,border_w16_dil6_sigma10_dist,20,0.0,0.0,0.0001832499995821901,0.11622730807271349,-0.07759310890851129,0.0015744579081632653,0.20408163265306123,/home/tbeliere/Projects/DCU/2026-mcm-XAI-skin-lesion/outputs/pilot/xai_maps/gradcam/ham10000_ISIC_0024823.npy,/home/tbeliere/Projects/DCU/2026-mcm-XAI-skin-lesion/outputs/pilot/pseudo_concepts/npz/ham10000/ISIC_0024823.npz
ham10000,ISIC_0024823,gradcam,colour_heterogeneity,20,0.13420521372760974,0.23665067327020842,0.1025736573998789,2.024029987727455,0.41730922234578394,0.05345184948979592,0.20408163265306123,/home/tbeliere/Projects/DCU/2026-mcm-XAI-skin-lesion/outputs/pilot/xai_maps/gradcam/ham10000_ISIC_0024823.npy,/home/tbeliere/Projects/DCU/2026-mcm-XAI-skin-lesion/outputs/pilot/pseudo_concepts/npz/ham10000/ISIC_0024823.npz
ham10000,ISIC_0024823,lime,asymmetry,20,0.02669015038610846,0.05199261018735023,0.027582520812404008,0.9471231159442558,-0.021378569560765927,0.02907764668367347,0.27297911352040816,/home/tbeliere/Projects/DCU/2026-mcm-XAI-skin-lesion/outputs/pilot/xai_maps/lime/ham10000_ISIC_0024823.npy,/home/tbeliere/Projects/DCU/2026-mcm-XAI-skin-lesion/outputs/pilot/pseudo_concepts/npz/ham10000/ISIC_0024823.npz
ham10000,ISIC_0024823,lime,border_default,20,0.0024822953931499725,0.004952297720482884,0.0011013572608593498,1.6260337012349355,0.02604302592093071,0.0006776147959183673,0.27297911352040816,/home/tbeliere/Projects/DCU/2026-mcm-XAI-skin-lesion/outputs/pilot/xai_maps/lime/ham10000_ISIC_0024823.npy,/home/tbeliere/Projects/DCU/2026-mcm-XAI-skin-lesion/outputs/pilot/pseudo_concepts/npz/ham10000/ISIC_0024823.npz
ham10000,ISIC_0024823,lime,border_w8_dil2_sigma5,20,0.0024822953931499725,0.004952297720482884,0.0011013572608593498,1.6260337012349355,0.02604302592093071,0.0006776147959183673,0.27297911352040816,/home/tbeliere/Projects/DCU/2026-mcm-XAI-skin-lesion/outputs/pilot/xai_maps/lime/ham10000_ISIC_0024823.npy,/home/tbeliere/Projects/DCU/2026-mcm-XAI-skin-lesion/outputs/pilot/pseudo_concepts/npz/ham10000/ISIC_0024823.npz
ham10000,ISIC_0024823,lime,border_w12_dil4_sigma8,20,0.002771093123311623,0.005526870773030669,0.0014738751579147181,1.370048373050003,0.02646078587850129,0.0010762117346938774,0.27297911352040816,/home/tbeliere/Projects/DCU/2026-mcm-XAI-skin-lesion/outputs/pilot/xai_maps/lime/ham10000_ISIC_0024823.npy,/home/tbeliere/Projects/DCU/2026-mcm-XAI-skin-lesion/outputs/pilot/pseudo_concepts/npz/ham10000/ISIC_0024823.npz
ham10000,ISIC_0024823,lime,border_w16_dil6_sigma10,20,0.0031265905620569134,0.006233690924901251,0.002251303812638965,1.141342622574452,0.007197228254130643,0.0019730548469387753,0.27297911352040816,/home/tbeliere/Projects/DCU/2026-mcm-XAI-skin-lesion/outputs/pilot/xai_maps/lime/ham10000_ISIC_0024823.npy,/home/tbeliere/Projects/DCU/2026-mcm-XAI-skin-lesion/outputs/pilot/pseudo_concepts/npz/ham10000/ISIC_0024823.npz
ham10000,ISIC_0024823,lime,border_w16_dil6_sigma10_dist,20,0.0026200873362426345,0.0052264808362331395,0.0018301966246633311,1.1627275454137014,0.011074081262526247,0.0015744579081632653,0.27297911352040816,/home/tbeliere/Projects/DCU/2026-mcm-XAI-skin-lesion/outputs/pilot/xai_maps/lime/ham10000_ISIC_0024823.npy,/home/tbeliere/Projects/DCU/2026-mcm-XAI-skin-lesion/outputs/pilot/pseudo_concepts/npz/ham10000/ISIC_0024823.npz
ham10000,ISIC_0024823,lime,colour_heterogeneity,20,0.03025537803495392,0.05873374442880595,0.05053286255707605,0.9424839470985108,0.02421513984312752,0.05345184948979592,0.27297911352040816,/home/tbeliere/Projects/DCU/2026-mcm-XAI-skin-lesion/outputs/pilot/xai_maps/lime/ham10000_ISIC_0024823.npy,/home/tbeliere/Projects/DCU/2026-mcm-XAI-skin-lesion/outputs/pilot/pseudo_concepts/npz/ham10000/ISIC_0024823.npz
ham10000,ISIC_0024823,shap,asymmetry,20,0.010993843447659635,0.021748586341868856,0.021520901669613197,0.7344024712678519,-0.03241899925245971,0.02907764668367347,0.20001594387755103,/home/tbeliere/Projects/DCU/2026-mcm-XAI-skin-lesion/outputs/pilot/xai_maps/shap/ham10000_ISIC_0024823.npy,/home/tbeliere/Projects/DCU/2026-mcm-XAI-skin-lesion/outputs/pilot/pseudo_concepts/npz/ham10000/ISIC_0024823.npz
ham10000,ISIC_0024823,shap,border_default,20,0.00019864918553814197,0.00039721946375332945,0.00034221038322955065,0.5048524244995588,-0.03735899193812865,0.0006776147959183673,0.20001594387755103,/home/tbeliere/Projects/DCU/2026-mcm-XAI-skin-lesion/outputs/pilot/xai_maps/shap/ham10000_ISIC_0024823.npy,/home/tbeliere/Projects/DCU/2026-mcm-XAI-skin-lesion/outputs/pilot/pseudo_concepts/npz/ham10000/ISIC_0024823.npz
ham10000,ISIC_0024823,shap,border_w8_dil2_sigma5,20,0.00019864918553814197,0.00039721946375332945,0.00034221038322955065,0.5048524244995588,-0.03735899193812865,0.0006776147959183673,0.20001594387755103,/home/tbeliere/Projects/DCU/2026-mcm-XAI-skin-lesion/outputs/pilot/xai_maps/shap/ham10000_ISIC_0024823.npy,/home/tbeliere/Projects/DCU/2026-mcm-XAI-skin-lesion/outputs/pilot/pseudo_concepts/npz/ham10000/ISIC_0024823.npz
ham10000,ISIC_0024823,shap,border_w12_dil4_sigma8,20,0.00019825535289433161,0.00039643211100059815,0.0006251788755430231,0.5806446347702513,-0.04295157800320577,0.0010762117346938774,0.20001594387755103,/home/tbeliere/Projects/DCU/2026-mcm-XAI-skin-lesion/outputs/pilot/xai_maps/shap/ham10000_ISIC_0024823.npy,/home/tbeliere/Projects/DCU/2026-mcm-XAI-skin-lesion/outputs/pilot/pseudo_concepts/npz/ham10000/ISIC_0024823.npz
ham10000,ISIC_0024823,shap,border_w16_dil6_sigma10,20,0.0002960915909985234,0.000592007893437995,0.0011247581275199545,0.569575004664485,-0.044587044570046114,0.0019730548469387753,0.20001594387755103,/home/tbeliere/Projects/DCU/2026-mcm-XAI-skin-lesion/outputs/pilot/xai_maps/shap/ham10000_ISIC_0024823.npy,/home/tbeliere/Projects/DCU/2026-mcm-XAI-skin-lesion/outputs/pilot/pseudo_concepts/npz/ham10000/ISIC_0024823.npz
ham10000,ISIC_0024823,shap,border_w16_dil6_sigma10_dist,20,0.00019776525264491467,0.00039545229856609445,0.0009506048035036439,0.6033892506544477,-0.04429181090902243,0.0015744579081632653,0.20001594387755103,/home/tbeliere/Projects/DCU/2026-mcm-XAI-skin-lesion/outputs/pilot/xai_maps/shap/ham10000_ISIC_0024823.npy,/home/tbeliere/Projects/DCU/2026-mcm-XAI-skin-lesion/outputs/pilot/pseudo_concepts/npz/ham10000/ISIC_0024823.npz
ham10000,ISIC_0024823,shap,colour_heterogeneity,20,0.0872873386337631,0.1605598364521461,0.08324115089317702,1.6079143055265044,0.3966711197712863,0.05345184948979592,0.20001594387755103,/home/tbeliere/Projects/DCU/2026-mcm-XAI-skin-lesion/outputs/pilot/xai_maps/shap/ham10000_ISIC_0024823.npy,/home/tbeliere/Projects/DCU/2026-mcm-XAI-skin-lesion/outputs/pilot/pseudo_concepts/npz/ham10000/ISIC_0024823.npz
ham10000,ISIC_0027402,gradcam,asymmetry,20,0.026320863864224525,0.05129168623762208,0.04863803371813433,6.282775308239806,0.1397155288018723,0.008071588010204082,0.20408163265306123,/home/tbeliere/Projects/DCU/2026-mcm-XAI-skin-lesion/outputs/pilot/xai_maps/gradcam/ham10000_ISIC_0027402.npy,/home/tbeliere/Projects/DCU/2026-mcm-XAI-skin-lesion/outputs/pilot/pseudo_concepts/npz/ham10000/ISIC_0027402.npz
ham10000,ISIC_0027402,gradcam,border_default,20,0.004479501412012387,0.008919049927281706,0.004498167667429892,3.018412356338269,0.1050240145655835,0.0014947385204081632,0.20408163265306123,/home/tbeliere/Projects/DCU/2026-mcm-XAI-skin-lesion/outputs/pilot/xai_maps/gradcam/ham10000_ISIC_0027402.npy,/home/tbeliere/Projects/DCU/2026-mcm-XAI-skin-lesion/outputs/pilot/pseudo_concepts/npz/ham10000/ISIC_0027402.npz
ham10000,ISIC_0027402,gradcam,border_w8_dil2_sigma5,20,0.004479501412012387,0.008919049927281706,0.004498167667429892,3.018412356338269,0.1050240145655835,0.0014947385204081632,0.20408163265306123,/home/tbeliere/Projects/DCU/2026-mcm-XAI-skin-lesion/outputs/pilot/xai_maps/gradcam/ham10000_ISIC_0027402.npy,/home/tbeliere/Projects/DCU/2026-mcm-XAI-skin-lesion/outputs/pilot/pseudo_concepts/npz/ham10000/ISIC_0027402.npz
ham10000,ISIC_0027402,gradcam,border_w12_dil4_sigma8,20,0.007377208309059039,0.014646367315460929,0.01006442739184901,3.6864037202275273,0.15522687100111976,0.0027503188775510204,0.20408163265306123,/home/tbeliere/Projects/DCU/2026-mcm-XAI-skin-lesion/outputs/pilot/xai_maps/gradcam/ham10000_ISIC_0027402.npy,/home/tbeliere/Projects/DCU/2026-mcm-XAI-skin-lesion/outputs/pilot/pseudo_concepts/npz/ham10000/ISIC_0027402.npz
ham10000,ISIC_0027402,gradcam,border_w16_dil6_sigma10,20,0.012095993806839464,0.02390285878188746,0.016774986885005446,3.8918980690607747,0.19767444882196109,0.004364636479591837,0.20408163265306123,/home/tbeliere/Projects/DCU/2026-mcm-XAI-skin-lesion/outputs/pilot/xai_maps/gradcam/ham10000_ISIC_0027402.npy,/home/tbeliere/Projects/DCU/2026-mcm-XAI-skin-lesion/outputs/pilot/pseudo_concepts/npz/ham10000/ISIC_0027402.npz
ham10000,ISIC_0027402,gradcam,border_w16_dil6_sigma10_dist,20,0.009695559433769927,0.019204916458594963,0.013097535692039112,3.8137604221381913,0.1827482316365492,0.0034677933673469387,0.20408163265306123,/home/tbeliere/Projects/DCU/2026-mcm-XAI-skin-lesion/outputs/pilot/xai_maps/gradcam/ham10000_ISIC_0027402.npy,/home/tbeliere/Projects/DCU/2026-mcm-XAI-skin-lesion/outputs/pilot/pseudo_concepts/npz/ham10000/ISIC_0027402.npz
ham10000,ISIC_0027402,gradcam,colour_heterogeneity,20,0.07078887195115206,0.1322181688761169,0.0992651733708005,5.424958837788524,0.48687291679481287,0.019909917091836735,0.20408163265306123,/home/tbeliere/Projects/DCU/2026-mcm-XAI-skin-lesion/outputs/pilot/xai_maps/gradcam/ham10000_ISIC_0027402.npy,/home/tbeliere/Projects/DCU/2026-mcm-XAI-skin-lesion/outputs/pilot/pseudo_concepts/npz/ham10000/ISIC_0027402.npz
ham10000,ISIC_0027402,lime,asymmetry,20,0.000707964601769285,0.001414927484965144,0.005597823261293358,0.6917966613184743,-0.06209699232667373,0.008071588010204082,0.21729512117346939,/home/tbeliere/Projects/DCU/2026-mcm-XAI-skin-lesion/outputs/pilot/xai_maps/lime/ham10000_ISIC_0027402.npy,/home/tbeliere/Projects/DCU/2026-mcm-XAI-skin-lesion/outputs/pilot/pseudo_concepts/npz/ham10000/ISIC_0027402.npz
ham10000,ISIC_0027402,lime,border_default,20,0.0,0.0,0.001282473440667828,0.8578094594227308,-0.05276415227175128,0.0014947385204081632,0.21729512117346939,/home/tbeliere/Projects/DCU/2026-mcm-XAI-skin-lesion/outputs/pilot/xai_maps/lime/ham10000_ISIC_0027402.npy,/home/tbeliere/Projects/DCU/2026-mcm-XAI-skin-lesion/outputs/pilot/pseudo_concepts/npz/ham10000/ISIC_0027402.npz
ham10000,ISIC_0027402,lime,border_w8_dil2_sigma5,20,0.0,0.0,0.001282473440667828,0.8578094594227308,-0.05276415227175128,0.0014947385204081632,0.21729512117346939,/home/tbeliere/Projects/DCU/2026-mcm-XAI-skin-lesion/outputs/pilot/xai_maps/lime/ham10000_ISIC_0027402.npy,/home/tbeliere/Projects/DCU/2026-mcm-XAI-skin-lesion/outputs/pilot/pseudo_concepts/npz/ham10000/ISIC_0027402.npz
ham10000,ISIC_0027402,lime,border_w12_dil4_sigma8,20,0.0,0.0,0.0021143481048847977,0.7682747814554942,-0.0559963602310065,0.0027503188775510204,0.21729512117346939,/home/tbeliere/Projects/DCU/2026-mcm-XAI-skin-lesion/outputs/pilot/xai_maps/lime/ham10000_ISIC_0027402.npy,/home/tbeliere/Projects/DCU/2026-mcm-XAI-skin-lesion/outputs/pilot/pseudo_concepts/npz/ham10000/ISIC_0027402.npz
ham10000,ISIC_0027402,lime,border_w16_dil6_sigma10,20,0.0,0.0,0.003743435988976363,0.8571393569079727,-0.03592005758631717,0.004364636479591837,0.21729512117346939,/home/tbeliere/Projects/DCU/2026-mcm-XAI-skin-lesion/outputs/pilot/xai_maps/lime/ham10000_ISIC_0027402.npy,/home/tbeliere/Projects/DCU/2026-mcm-XAI-skin-lesion/outputs/pilot/pseudo_concepts/npz/ham10000/ISIC_0027402.npz
ham10000,ISIC_0027402,lime,border_w16_dil6_sigma10_dist,20,0.0,0.0,0.002963553491272954,0.8541612770322513,-0.047381877127720344,0.0034677933673469387,0.21729512117346939,/home/tbeliere/Projects/DCU/2026-mcm-XAI-skin-lesion/outputs/pilot/xai_maps/lime/ham10000_ISIC_0027402.npy,/home/tbeliere/Projects/DCU/2026-mcm-XAI-skin-lesion/outputs/pilot/pseudo_concepts/npz/ham10000/ISIC_0027402.npz
ham10000,ISIC_0027402,lime,colour_heterogeneity,20,0.007534072631839893,0.014955469668950633,0.01632554028525803,0.816982369031543,0.15523486612549864,0.019909917091836735,0.21729512117346939,/home/tbeliere/Projects/DCU/2026-mcm-XAI-skin-lesion/outputs/pilot/xai_maps/lime/ham10000_ISIC_0027402.npy,/home/tbeliere/Projects/DCU/2026-mcm-XAI-skin-lesion/outputs/pilot/pseudo_concepts/npz/ham10000/ISIC_0027402.npz
ham10000,ISIC_0027402,shap,asymmetry,20,0.022624877570986652,0.044248635188157984,0.01605842225045068,2.0056487705454784,0.08239536048567335,0.008071588010204082,0.20001594387755103,/home/tbeliere/Projects/DCU/2026-mcm-XAI-skin-lesion/outputs/pilot/xai_maps/shap/ham10000_ISIC_0027402.npy,/home/tbeliere/Projects/DCU/2026-mcm-XAI-skin-lesion/outputs/pilot/pseudo_concepts/npz/ham10000/ISIC_0027402.npz
ham10000,ISIC_0027402,shap,border_default,20,0.003971800218445068,0.00791217485905656,0.0030967144914272817,2.0750721940620265,0.10570949976099571,0.0014947385204081632,0.20001594387755103,/home/tbeliere/Projects/DCU/2026-mcm-XAI-skin-lesion/outputs/pilot/xai_maps/shap/ham10000_ISIC_0027402.npy,/home/tbeliere/Projects/DCU/2026-mcm-XAI-skin-lesion/outputs/pilot/pseudo_concepts/npz/ham10000/ISIC_0027402.npz
ham10000,ISIC_0027402,shap,border_w8_dil2_sigma5,20,0.003971800218445068,0.00791217485905656,0.0030967144914272817,2.0750721940620265,0.10570949976099571,0.0014947385204081632,0.20001594387755103,/home/tbeliere/Projects/DCU/2026-mcm-XAI-skin-lesion/outputs/pilot/xai_maps/shap/ham10000_ISIC_0027402.npy,/home/tbeliere/Projects/DCU/2026-mcm-XAI-skin-lesion/outputs/pilot/pseudo_concepts/npz/ham10000/ISIC_0027402.npz
ham10000,ISIC_0027402,shap,border_w12_dil4_sigma8,20,0.008025364113734246,0.015922940829549908,0.006032535480644573,2.2006375535346505,0.12897463883264274,0.0027503188775510204,0.20001594387755103,/home/tbeliere/Projects/DCU/2026-mcm-XAI-skin-lesion/outputs/pilot/xai_maps/shap/ham10000_ISIC_0027402.npy,/home/tbeliere/Projects/DCU/2026-mcm-XAI-skin-lesion/outputs/pilot/pseudo_concepts/npz/ham10000/ISIC_0027402.npz
ham10000,ISIC_0027402,shap,border_w16_dil6_sigma10,20,0.012839506172826825,0.02535348610431462,0.00954995969418704,2.199485928622635,0.1500061556762292,0.004364636479591837,0.20001594387755103,/home/tbeliere/Projects/DCU/2026-mcm-XAI-skin-lesion/outputs/pilot/xai_maps/shap/ham10000_ISIC_0027402.npy,/home/tbeliere/Projects/DCU/2026-mcm-XAI-skin-lesion/outputs/pilot/pseudo_concepts/npz/ham10000/ISIC_0027402.npz
ham10000,ISIC_0027402,shap,border_w16_dil6_sigma10_dist,20,0.010390895596229202,0.020568070519078777,0.007693886952881522,2.228117905805581,0.1383460383502479,0.0034677933673469387,0.20001594387755103,/home/tbeliere/Projects/DCU/2026-mcm-XAI-skin-lesion/outputs/pilot/xai_maps/shap/ham10000_ISIC_0027402.npy,/home/tbeliere/Projects/DCU/2026-mcm-XAI-skin-lesion/outputs/pilot/pseudo_concepts/npz/ham10000/ISIC_0027402.npz
ham10000,ISIC_0027402,shap,colour_heterogeneity,20,0.05983480599302743,0.11291345718159228,0.04373991504637349,2.251637290688656,0.3729733722731598,0.019909917091836735,0.20001594387755103,/home/tbeliere/Projects/DCU/2026-mcm-XAI-skin-lesion/outputs/pilot/xai_maps/shap/ham10000_ISIC_0027402.npy,/home/tbeliere/Projects/DCU/2026-mcm-XAI-skin-lesion/outputs/pilot/pseudo_concepts/npz/ham10000/ISIC_0027402.npz
ham10000,ISIC_0033004,gradcam,asymmetry,20,0.027858386535090075,0.054206662902271344,0.011477680491143042,0.25848211133489485,-0.054160845337982017,0.04298867984693878,0.20408163265306123,/home/tbeliere/Projects/DCU/2026-mcm-XAI-skin-lesion/outputs/pilot/xai_maps/gradcam/ham10000_ISIC_0033004.npy,/home/tbeliere/Projects/DCU/2026-mcm-XAI-skin-lesion/outputs/pilot/pseudo_concepts/npz/ham10000/ISIC_0033004.npz
ham10000,ISIC_0033004,gradcam,border_default,20,0.0027016595908889406,0.005388760585060249,0.0009453422726498302,0.31141141040903453,-0.04304889420147309,0.0030293367346938774,0.20408163265306123,/home/tbeliere/Projects/DCU/2026-mcm-XAI-skin-lesion/outputs/pilot/xai_maps/gradcam/ham10000_ISIC_0033004.npy,/home/tbeliere/Projects/DCU/2026-mcm-XAI-skin-lesion/outputs/pilot/pseudo_concepts/npz/ham10000/ISIC_0033004.npz
ham10000,ISIC_0033004,gradcam,border_w8_dil2_sigma5,20,0.0027016595908889406,0.005388760585060249,0.0009453422726498302,0.31141141040903453,-0.04304889420147309,0.0030293367346938774,0.20408163265306123,/home/tbeliere/Projects/DCU/2026-mcm-XAI-skin-lesion/outputs/pilot/xai_maps/gradcam/ham10000_ISIC_0033004.npy,/home/tbeliere/Projects/DCU/2026-mcm-XAI-skin-lesion/outputs/pilot/pseudo_concepts/npz/ham10000/ISIC_0033004.npz
ham10000,ISIC_0033004,gradcam,border_w12_dil4_sigma8,20,0.003515773470160095,0.007006912224214556,0.0013455093929810365,0.20925462120362517,-0.05557325927893946,0.006397480867346939,0.20408163265306123,/home/tbeliere/Projects/DCU/2026-mcm-XAI-skin-lesion/outputs/pilot/xai_maps/gradcam/ham10000_ISIC_0033004.npy,/home/tbeliere/Projects/DCU/2026-mcm-XAI-skin-lesion/outputs/pilot/pseudo_concepts/npz/ham10000/ISIC_0033004.npz
ham10000,ISIC_0033004,gradcam,border_w16_dil6_sigma10,20,0.00047528517110220975,0.0009501187648447029,0.0008661815494314536,0.1517618219191624,-0.06353538845032142,0.00568000637755102,0.20408163265306123,/home/tbeliere/Projects/DCU/2026-mcm-XAI-skin-lesion/outputs/pilot/xai_maps/gradcam/ham10000_ISIC_0033004.npy,/home/tbeliere/Projects/DCU/2026-mcm-XAI-skin-lesion/outputs/pilot/pseudo_concepts/npz/ham10000/ISIC_0033004.npz
ham10000,ISIC_0033004,gradcam,border_w16_dil6_sigma10_dist,20,0.0001909672491165941,0.000381861575178633,0.000692373413156239,0.14724158073371957,-0.06072971474160984,0.004683514030612245,0.20408163265306123,/home/tbeliere/Projects/DCU/2026-mcm-XAI-skin-lesion/outputs/pilot/xai_maps/gradcam/ham10000_ISIC_0033004.npy,/home/tbeliere/Projects/DCU/2026-mcm-XAI-skin-lesion/outputs/pilot/pseudo_concepts/npz/ham10000/ISIC_0033004.npz
ham10000,ISIC_0033004,gradcam,colour_heterogeneity,20,0.1653859710961118,0.2838303792872277,0.18567945212053527,1.5906138046555056,0.2985001005314149,0.12537866709183673,0.20408163265306123,/home/tbeliere/Projects/DCU/2026-mcm-XAI-skin-lesion/outputs/pilot/xai_maps/gradcam/ham10000_ISIC_0033004.npy,/home/tbeliere/Projects/DCU/2026-mcm-XAI-skin-lesion/outputs/pilot/pseudo_concepts/npz/ham10000/ISIC_0033004.npz
ham10000,ISIC_0033004,lime,asymmetry,20,0.047733454215764345,0.09111755289229198,0.048236329917746006,1.128257195915677,0.0499843022274698,0.04298867984693878,0.878288424744898,/home/tbeliere/Projects/DCU/2026-mcm-XAI-skin-lesion/outputs/pilot/xai_maps/lime/ham10000_ISIC_0033004.npy,/home/tbeliere/Projects/DCU/2026-mcm-XAI-skin-lesion/outputs/pilot/pseudo_concepts/npz/ham10000/ISIC_0033004.npz
ham10000,ISIC_0033004,lime,border_default,20,0.0034491365812694985,0.006874561859748338,0.0037839761721882308,1.2500566314927508,0.05979829784691445,0.0030293367346938774,0.878288424744898,/home/tbeliere/Projects/DCU/2026-mcm-XAI-skin-lesion/outputs/pilot/xai_maps/lime/ham10000_ISIC_0033004.npy,/home/tbeliere/Projects/DCU/2026-mcm-XAI-skin-lesion/outputs/pilot/pseudo_concepts/npz/ham10000/ISIC_0033004.npz
ham10000,ISIC_0033004,lime,border_w8_dil2_sigma5,20,0.0034491365812694985,0.006874561859748338,0.0037839761721882308,1.2500566314927508,0.05979829784691445,0.0030293367346938774,0.878288424744898,/home/tbeliere/Projects/DCU/2026-mcm-XAI-skin-lesion/outputs/pilot/xai_maps/lime/ham10000_ISIC_0033004.npy,/home/tbeliere/Projects/DCU/2026-mcm-XAI-skin-lesion/outputs/pilot/pseudo_concepts/npz/ham10000/ISIC_0033004.npz
ham10000,ISIC_0033004,lime,border_w12_dil4_sigma8,20,0.007284031859128348,0.014462716828111183,0.007867673229302262,1.2316304657508557,0.06271538249637532,0.006397480867346939,0.878288424744898,/home/tbeliere/Projects/DCU/2026-mcm-XAI-skin-lesion/outputs/pilot/xai_maps/lime/ham10000_ISIC_0033004.npy,/home/tbeliere/Projects/DCU/2026-mcm-XAI-skin-lesion/outputs/pilot/pseudo_concepts/npz/ham10000/ISIC_0033004.npz
ham10000,ISIC_0033004,lime,border_w16_dil6_sigma10,20,0.006467131089880309,0.012851152094509436,0.007286964014758523,1.284991505871963,0.060352917701093,0.00568000637755102,0.878288424744898,/home/tbeliere/Projects/DCU/2026-mcm-XAI-skin-lesion/outputs/pilot/xai_maps/lime/ham10000_ISIC_0033004.npy,/home/tbeliere/Projects/DCU/2026-mcm-XAI-skin-lesion/outputs/pilot/pseudo_concepts/npz/ham10000/ISIC_0033004.npz
ham10000,ISIC_0033004,lime,border_w16_dil6_sigma10_dist,20,0.005332546688146922,0.0106085229324642,0.006013150253823872,1.2856145338468474,0.06183426242087065,0.004683514030612245,0.878288424744898,/home/tbeliere/Projects/DCU/2026-mcm-XAI-skin-lesion/outputs/pilot/xai_maps/lime/ham10000_ISIC_0033004.npy,/home/tbeliere/Projects/DCU/2026-mcm-XAI-skin-lesion/outputs/pilot/pseudo_concepts/npz/ham10000/ISIC_0033004.npz
ham10000,ISIC_0033004,lime,colour_heterogeneity,20,0.08935949295894582,0.1640587768069571,0.09370024164992836,0.7212158973107479,-0.3534010938027803,0.12537866709183673,0.878288424744898,/home/tbeliere/Projects/DCU/2026-mcm-XAI-skin-lesion/outputs/pilot/xai_maps/lime/ham10000_ISIC_0033004.npy,/home/tbeliere/Projects/DCU/2026-mcm-XAI-skin-lesion/outputs/pilot/pseudo_concepts/npz/ham10000/ISIC_0033004.npz
ham10000,ISIC_0033004,shap,asymmetry,20,0.02024935151868442,0.03969490691377044,0.031168357984159165,0.7161903691252542,-0.040554109112131836,0.04298867984693878,0.20001594387755103,/home/tbeliere/Projects/DCU/2026-mcm-XAI-skin-lesion/outputs/pilot/xai_maps/shap/ham10000_ISIC_0033004.npy,/home/tbeliere/Projects/DCU/2026-mcm-XAI-skin-lesion/outputs/pilot/pseudo_concepts/npz/ham10000/ISIC_0033004.npz
ham10000,ISIC_0033004,shap,border_default,20,9.816432708344147e-05,0.00019630938358834282,0.001724217353310724,0.5684289399486793,-0.0456434647492466,0.0030293367346938774,0.20001594387755103,/home/tbeliere/Projects/DCU/2026-mcm-XAI-skin-lesion/outputs/pilot/xai_maps/shap/ham10000_ISIC_0033004.npy,/home/tbeliere/Projects/DCU/2026-mcm-XAI-skin-lesion/outputs/pilot/pseudo_concepts/npz/ham10000/ISIC_0033004.npz
ham10000,ISIC_0033004,shap,border_w8_dil2_sigma5,20,9.816432708344147e-05,0.00019630938358834282,0.001724217353310724,0.5684289399486793,-0.0456434647492466,0.0030293367346938774,0.20001594387755103,/home/tbeliere/Projects/DCU/2026-mcm-XAI-skin-lesion/outputs/pilot/xai_maps/shap/ham10000_ISIC_0033004.npy,/home/tbeliere/Projects/DCU/2026-mcm-XAI-skin-lesion/outputs/pilot/pseudo_concepts/npz/ham10000/ISIC_0033004.npz
ham10000,ISIC_0033004,shap,border_w12_dil4_sigma8,20,0.0018378796672452718,0.0036690161243567933,0.0037584694712995514,0.5859357580777135,-0.05348060824919994,0.006397480867346939,0.20001594387755103,/home/tbeliere/Projects/DCU/2026-mcm-XAI-skin-lesion/outputs/pilot/xai_maps/shap/ham10000_ISIC_0033004.npy,/home/tbeliere/Projects/DCU/2026-mcm-XAI-skin-lesion/outputs/pilot/pseudo_concepts/npz/ham10000/ISIC_0033004.npz
ham10000,ISIC_0033004,shap,border_w16_dil6_sigma10,20,0.0023307759541591425,0.004650712140291976,0.003683298054210228,0.6471675086493899,-0.05441912830956445,0.00568000637755102,0.20001594387755103,/home/tbeliere/Projects/DCU/2026-mcm-XAI-skin-lesion/outputs/pilot/xai_maps/shap/ham10000_ISIC_0033004.npy,/home/tbeliere/Projects/DCU/2026-mcm-XAI-skin-lesion/outputs/pilot/pseudo_concepts/npz/ham10000/ISIC_0033004.npz
ham10000,ISIC_0033004,shap,border_w16_dil6_sigma10_dist,20,0.0015602145294962844,0.0031155681043684978,0.0028456484865981096,0.6064683378208147,-0.05430019139163873,0.004683514030612245,0.20001594387755103,/home/tbeliere/Projects/DCU/2026-mcm-XAI-skin-lesion/outputs/pilot/xai_maps/shap/ham10000_ISIC_0033004.npy,/home/tbeliere/Projects/DCU/2026-mcm-XAI-skin-lesion/outputs/pilot/pseudo_concepts/npz/ham10000/ISIC_0033004.npz
ham10000,ISIC_0033004,shap,colour_heterogeneity,20,0.11045364891511225,0.19893428063930976,0.16358850792919688,1.3643604799085183,0.3482857628129814,0.12537866709183673,0.20001594387755103,/home/tbeliere/Projects/DCU/2026-mcm-XAI-skin-lesion/outputs/pilot/xai_maps/shap/ham10000_ISIC_0033004.npy,/home/tbeliere/Projects/DCU/2026-mcm-XAI-skin-lesion/outputs/pilot/pseudo_concepts/npz/ham10000/ISIC_0033004.npz
ham10000,ISIC_0025524,gradcam,asymmetry,20,0.0,0.0,0.0025679217321422274,0.021206719383252998,-0.18766025507887243,0.10825892857142858,0.20408163265306123,/home/tbeliere/Projects/DCU/2026-mcm-XAI-skin-lesion/outputs/pilot/xai_maps/gradcam/ham10000_ISIC_0025524.npy,/home/tbeliere/Projects/DCU/2026-mcm-XAI-skin-lesion/outputs/pilot/pseudo_concepts/npz/ham10000/ISIC_0025524.npz
ham10000,ISIC_0025524,gradcam,border_default,20,0.0,0.0,2.3511946028986996e-05,0.013084966686039012,-0.06381631525833997,0.001793686224489796,0.20408163265306123,/home/tbeliere/Projects/DCU/2026-mcm-XAI-skin-lesion/outputs/pilot/xai_maps/gradcam/ham10000_ISIC_0025524.npy,/home/tbeliere/Projects/DCU/2026-mcm-XAI-skin-lesion/outputs/pilot/pseudo_concepts/npz/ham10000/ISIC_0025524.npz
ham10000,ISIC_0025524,gradcam,border_w8_dil2_sigma5,20,0.0,0.0,2.3511946028986996e-05,0.013084966686039012,-0.06381631525833997,0.001793686224489796,0.20408163265306123,/home/tbeliere/Projects/DCU/2026-mcm-XAI-skin-lesion/outputs/pilot/xai_maps/gradcam/ham10000_ISIC_0025524.npy,/home/tbeliere/Projects/DCU/2026-mcm-XAI-skin-lesion/outputs/pilot/pseudo_concepts/npz/ham10000/ISIC_0025524.npz
ham10000,ISIC_0025524,gradcam,border_w12_dil4_sigma8,20,0.0,0.0,5.2947806483364086e-05,0.010660154230470413,-0.08265878472949953,0.004942602040816327,0.20408163265306123,/home/tbeliere/Projects/DCU/2026-mcm-XAI-skin-lesion/outputs/pilot/xai_maps/gradcam/ham10000_ISIC_0025524.npy,/home/tbeliere/Projects/DCU/2026-mcm-XAI-skin-lesion/outputs/pilot/pseudo_concepts/npz/ham10000/ISIC_0025524.npz
ham10000,ISIC_0025524,gradcam,border_w16_dil6_sigma10,20,0.0,0.0,1.824674631309328e-05,0.006210089782238506,-0.0916788627424157,0.0029296875,0.20408163265306123,/home/tbeliere/Projects/DCU/2026-mcm-XAI-skin-lesion/outputs/pilot/xai_maps/gradcam/ham10000_ISIC_0025524.npy,/home/tbeliere/Projects/DCU/2026-mcm-XAI-skin-lesion/outputs/pilot/pseudo_concepts/npz/ham10000/ISIC_0025524.npz
ham10000,ISIC_0025524,gradcam,border_w16_dil6_sigma10_dist,20,0.0,0.0,1.3287308010559058e-05,0.005993134516398681,-0.08439893797808432,0.0022122130102040817,0.20408163265306123,/home/tbeliere/Projects/DCU/2026-mcm-XAI-skin-lesion/outputs/pilot/xai_maps/gradcam/ham10000_ISIC_0025524.npy,/home/tbeliere/Projects/DCU/2026-mcm-XAI-skin-lesion/outputs/pilot/pseudo_concepts/npz/ham10000/ISIC_0025524.npz
ham10000,ISIC_0025524,gradcam,colour_heterogeneity,20,0.04155629139070554,0.07979653473211476,0.07120019498753236,0.3688886018741249,-0.08082914142004842,0.17205436862244897,0.20408163265306123,/home/tbeliere/Projects/DCU/2026-mcm-XAI-skin-lesion/outputs/pilot/xai_maps/gradcam/ham10000_ISIC_0025524.npy,/home/tbeliere/Projects/DCU/2026-mcm-XAI-skin-lesion/outputs/pilot/pseudo_concepts/npz/ham10000/ISIC_0025524.npz
ham10000,ISIC_0025524,lime,asymmetry,20,0.10379061371834909,0.18806214227299642,0.1149378997051678,1.0697062986596868,0.05653733382079466,0.10825892857142858,0.25735411352040816,/home/tbeliere/Projects/DCU/2026-mcm-XAI-skin-lesion/outputs/pilot/xai_maps/lime/ham10000_ISIC_0025524.npy,/home/tbeliere/Projects/DCU/2026-mcm-XAI-skin-lesion/outputs/pilot/pseudo_concepts/npz/ham10000/ISIC_0025524.npz
ham10000,ISIC_0025524,lime,border_default,20,0.005801361386134126,0.01153579943089169,0.0026579892713879025,1.483142722241424,0.11630708876303378,0.001793686224489796,0.25735411352040816,/home/tbeliere/Projects/DCU/2026-mcm-XAI-skin-lesion/outputs/pilot/xai_maps/lime/ham10000_ISIC_0025524.npy,/home/tbeliere/Projects/DCU/2026-mcm-XAI-skin-lesion/outputs/pilot/pseudo_concepts/npz/ham10000/ISIC_0025524.npz
ham10000,ISIC_0025524,lime,border_w8_dil2_sigma5,20,0.005801361386134126,0.01153579943089169,0.0026579892713879025,1.483142722241424,0.11630708876303378,0.001793686224489796,0.25735411352040816,/home/tbeliere/Projects/DCU/2026-mcm-XAI-skin-lesion/outputs/pilot/xai_maps/lime/ham10000_ISIC_0025524.npy,/home/tbeliere/Projects/DCU/2026-mcm-XAI-skin-lesion/outputs/pilot/pseudo_concepts/npz/ham10000/ISIC_0025524.npz
ham10000,ISIC_0025524,lime,border_w12_dil4_sigma8,20,0.012151042067205912,0.024010333561261293,0.00654026451020296,1.3253711230294423,0.1274989942473583,0.004942602040816327,0.25735411352040816,/home/tbeliere/Projects/DCU/2026-mcm-XAI-skin-lesion/outputs/pilot/xai_maps/lime/ham10000_ISIC_0025524.npy,/home/tbeliere/Projects/DCU/2026-mcm-XAI-skin-lesion/outputs/pilot/pseudo_concepts/npz/ham10000/ISIC_0025524.npz
ham10000,ISIC_0025524,lime,border_w16_dil6_sigma10,20,0.004306367271605424,0.00857580398161671,0.00327013225510148,1.1165863909991847,0.11820921626235921,0.0029296875,0.25735411352040816,/home/tbeliere/Projects/DCU/2026-mcm-XAI-skin-lesion/outputs/pilot/xai_maps/lime/ham10000_ISIC_0025524.npy,/home/tbeliere/Projects/DCU/2026-mcm-XAI-skin-lesion/outputs/pilot/pseudo_concepts/npz/ham10000/ISIC_0025524.npz
ham10000,ISIC_0025524,lime,border_w16_dil6_sigma10_dist,20,0.0030034655371559463,0.00598894348893889,0.0024163538830799117,1.0925025107326534,0.11133657730107889,0.0022122130102040817,0.25735411352040816,/home/tbeliere/Projects/DCU/2026-mcm-XAI-skin-lesion/outputs/pilot/xai_maps/lime/ham10000_ISIC_0025524.npy,/home/tbeliere/Projects/DCU/2026-mcm-XAI-skin-lesion/outputs/pilot/pseudo_concepts/npz/ham10000/ISIC_0025524.npz
ham10000,ISIC_0025524,lime,colour_heterogeneity,20,0.11464045525084601,0.20569943376951372,0.1747507128243392,1.0189899512455896,-0.05290590628846301,0.17205436862244897,0.25735411352040816,/home/tbeliere/Projects/DCU/2026-mcm-XAI-skin-lesion/outputs/pilot/xai_maps/lime/ham10000_ISIC_0025524.npy,/home/tbeliere/Projects/DCU/2026-mcm-XAI-skin-lesion/outputs/pilot/pseudo_concepts/npz/ham10000/ISIC_0025524.npz
ham10000,ISIC_0025524,shap,asymmetry,20,0.013431173425923192,0.026506335660701767,0.04823474903276508,0.41745065294796807,-0.19228406380507965,0.10825892857142858,0.20001594387755103,/home/tbeliere/Projects/DCU/2026-mcm-XAI-skin-lesion/outputs/pilot/xai_maps/shap/ham10000_ISIC_0025524.npy,/home/tbeliere/Projects/DCU/2026-mcm-XAI-skin-lesion/outputs/pilot/pseudo_concepts/npz/ham10000/ISIC_0025524.npz
ham10000,ISIC_0025524,shap,border_default,20,9.876543209866788e-05,0.00019751135690282686,0.0006344938713239549,0.353327020425478,-0.08232594805401458,0.001793686224489796,0.20001594387755103,/home/tbeliere/Projects/DCU/2026-mcm-XAI-skin-lesion/outputs/pilot/xai_maps/shap/ham10000_ISIC_0025524.npy,/home/tbeliere/Projects/DCU/2026-mcm-XAI-skin-lesion/outputs/pilot/pseudo_concepts/npz/ham10000/ISIC_0025524.npz
ham10000,ISIC_0025524,shap,border_w8_dil2_sigma5,20,9.876543209866788e-05,0.00019751135690282686,0.0006344938713239549,0.353327020425478,-0.08232594805401458,0.001793686224489796,0.20001594387755103,/home/tbeliere/Projects/DCU/2026-mcm-XAI-skin-lesion/outputs/pilot/xai_maps/shap/ham10000_ISIC_0025524.npy,/home/tbeliere/Projects/DCU/2026-mcm-XAI-skin-lesion/outputs/pilot/pseudo_concepts/npz/ham10000/ISIC_0025524.npz
ham10000,ISIC_0025524,shap,border_w12_dil4_sigma8,20,9.724788485840974e-05,0.00019447685725379766,0.0013500726155156757,0.2721674843671843,-0.10461280276252881,0.004942602040816327,0.20001594387755103,/home/tbeliere/Projects/DCU/2026-mcm-XAI-skin-lesion/outputs/pilot/xai_maps/shap/ham10000_ISIC_0025524.npy,/home/tbeliere/Projects/DCU/2026-mcm-XAI-skin-lesion/outputs/pilot/pseudo_concepts/npz/ham10000/ISIC_0025524.npz
ham10000,ISIC_0025524,shap,border_w16_dil6_sigma10,20,0.0,0.0,0.0005673764796504007,0.19320670459861106,-0.11243572689960317,0.0029296875,0.20001594387755103,/home/tbeliere/Projects/DCU/2026-mcm-XAI-skin-lesion/outputs/pilot/xai_maps/shap/ham10000_ISIC_0025524.npy,/home/tbeliere/Projects/DCU/2026-mcm-XAI-skin-lesion/outputs/pilot/pseudo_concepts/npz/ham10000/ISIC_0025524.npz
ham10000,ISIC_0025524,shap,border_w16_dil6_sigma10_dist,20,0.0,0.0,0.0004199996340961035,0.1895145298223558,-0.10632829408021117,0.0022122130102040817,0.20001594387755103,/home/tbeliere/Projects/DCU/2026-mcm-XAI-skin-lesion/outputs/pilot/xai_maps/shap/ham10000_ISIC_0025524.npy,/home/tbeliere/Projects/DCU/2026-mcm-XAI-skin-lesion/outputs/pilot/pseudo_concepts/npz/ham10000/ISIC_0025524.npz
ham10000,ISIC_0025524,shap,colour_heterogeneity,20,0.03309169387414471,0.06406342064381378,0.09354769481184058,0.4966199473561284,-0.11558175569806042,0.17205436862244897,0.20001594387755103,/home/tbeliere/Projects/DCU/2026-mcm-XAI-skin-lesion/outputs/pilot/xai_maps/shap/ham10000_ISIC_0025524.npy,/home/tbeliere/Projects/DCU/2026-mcm-XAI-skin-lesion/outputs/pilot/pseudo_concepts/npz/ham10000/ISIC_0025524.npz
ham10000,ISIC_0025550,gradcam,asymmetry,20,0.034986543637029036,0.06760772659726262,0.02055592131622705,1.9734448319350468,0.024899503318499473,0.010522959183673469,0.20408163265306123,/home/tbeliere/Projects/DCU/2026-mcm-XAI-skin-lesion/outputs/pilot/xai_maps/gradcam/ham10000_ISIC_0025550.npy,/home/tbeliere/Projects/DCU/2026-mcm-XAI-skin-lesion/outputs/pilot/pseudo_concepts/npz/ham10000/ISIC_0025550.npz
ham10000,ISIC_0025550,gradcam,border_default,20,0.0022441213776931953,0.004478193146413086,0.0007014624427966751,1.0999628877164054,0.022142572513683987,0.0006377551020408163,0.20408163265306123,/home/tbeliere/Projects/DCU/2026-mcm-XAI-skin-lesion/outputs/pilot/xai_maps/gradcam/ham10000_ISIC_0025550.npy,/home/tbeliere/Projects/DCU/2026-mcm-XAI-skin-lesion/outputs/pilot/pseudo_concepts/npz/ham10000/ISIC_0025550.npz
ham10000,ISIC_0025550,gradcam,border_w8_dil2_sigma5,20,0.0022441213776931953,0.004478193146413086,0.0007014624427966751,1.0999628877164054,0.022142572513683987,0.0006377551020408163,0.20408163265306123,/home/tbeliere/Projects/DCU/2026-mcm-XAI-skin-lesion/outputs/pilot/xai_maps/gradcam/ham10000_ISIC_0025550.npy,/home/tbeliere/Projects/DCU/2026-mcm-XAI-skin-lesion/outputs/pilot/pseudo_concepts/npz/ham10000/ISIC_0025550.npz
ham10000,ISIC_0025550,gradcam,border_w12_dil4_sigma8,20,0.004099560761342997,0.008165645960913613,0.001373840023529766,1.4673181302149787,0.02945368172338021,0.0009367028061224489,0.20408163265306123,/home/tbeliere/Projects/DCU/2026-mcm-XAI-skin-lesion/outputs/pilot/xai_maps/gradcam/ham10000_ISIC_0025550.npy,/home/tbeliere/Projects/DCU/2026-mcm-XAI-skin-lesion/outputs/pilot/pseudo_concepts/npz/ham10000/ISIC_0025550.npz
ham10000,ISIC_0025550,gradcam,border_w16_dil6_sigma10,20,0.008005467148288582,0.015883777239694058,0.003311114464651957,1.9577408277493404,0.037059099427051316,0.0016940369897959183,0.20408163265306123,/home/tbeliere/Projects/DCU/2026-mcm-XAI-skin-lesion/outputs/pilot/xai_maps/gradcam/ham10000_ISIC_0025550.npy,/home/tbeliere/Projects/DCU/2026-mcm-XAI-skin-lesion/outputs/pilot/pseudo_concepts/npz/ham10000/ISIC_0025550.npz
ham10000,ISIC_0025550,gradcam,border_w16_dil6_sigma10_dist,20,0.007224445963089695,0.01434525540368872,0.0029939042409086597,1.9537919296933306,0.0327598584506355,0.0015345982142857143,0.20408163265306123,/home/tbeliere/Projects/DCU/2026-mcm-XAI-skin-lesion/outputs/pilot/xai_maps/gradcam/ham10000_ISIC_0025550.npy,/home/tbeliere/Projects/DCU/2026-mcm-XAI-skin-lesion/outputs/pilot/pseudo_concepts/npz/ham10000/ISIC_0025550.npz
ham10000,ISIC_0025550,gradcam,colour_heterogeneity,20,0.02655731302477391,0.0517405364275711,0.13366947713681523,28.1006161123999,0.6700503238121824,0.00546077806122449,0.20408163265306123,/home/tbeliere/Projects/DCU/2026-mcm-XAI-skin-lesion/outputs/pilot/xai_maps/gradcam/ham10000_ISIC_0025550.npy,/home/tbeliere/Projects/DCU/2026-mcm-XAI-skin-lesion/outputs/pilot/pseudo_concepts/npz/ham10000/ISIC_0025550.npz
ham10000,ISIC_0025550,lime,asymmetry,20,0.008393742846236554,0.01664774877032624,0.010235573269642147,0.9724072282557205,-0.007317061144572761,0.010522959183673469,0.30552455357142855,/home/tbeliere/Projects/DCU/2026-mcm-XAI-skin-lesion/outputs/pilot/xai_maps/lime/ham10000_ISIC_0025550.npy,/home/tbeliere/Projects/DCU/2026-mcm-XAI-skin-lesion/outputs/pilot/pseudo_concepts/npz/ham10000/ISIC_0025550.npz
ham10000,ISIC_0025550,lime,border_default,20,0.00032558442404094186,0.0006509569066523558,0.0005738124408738779,0.899680345450983,-0.02016046894454081,0.0006377551020408163,0.30552455357142855,/home/tbeliere/Projects/DCU/2026-mcm-XAI-skin-lesion/outputs/pilot/xai_maps/lime/ham10000_ISIC_0025550.npy,/home/tbeliere/Projects/DCU/2026-mcm-XAI-skin-lesion/outputs/pilot/pseudo_concepts/npz/ham10000/ISIC_0025550.npz
ham10000,ISIC_0025550,lime,border_w8_dil2_sigma5,20,0.00032558442404094186,0.0006509569066523558,0.0005738124408738779,0.899680345450983,-0.02016046894454081,0.0006377551020408163,0.30552455357142855,/home/tbeliere/Projects/DCU/2026-mcm-XAI-skin-lesion/outputs/pilot/xai_maps/lime/ham10000_ISIC_0025550.npy,/home/tbeliere/Projects/DCU/2026-mcm-XAI-skin-lesion/outputs/pilot/pseudo_concepts/npz/ham10000/ISIC_0025550.npz
ham10000,ISIC_0025550,lime,border_w12_dil4_sigma8,20,0.00013008130081292352,0.00026012876373788114,0.0007599137730491897,0.8111209976329681,-0.02668566357856423,0.0009367028061224489,0.30552455357142855,/home/tbeliere/Projects/DCU/2026-mcm-XAI-skin-lesion/outputs/pilot/xai_maps/lime/ham10000_ISIC_0025550.npy,/home/tbeliere/Projects/DCU/2026-mcm-XAI-skin-lesion/outputs/pilot/pseudo_concepts/npz/ham10000/ISIC_0025550.npz
ham10000,ISIC_0025550,lime,border_w16_dil6_sigma10,20,0.0,0.0,0.001318217769575125,0.7778588408589007,-0.02994509411709081,0.0016940369897959183,0.30552455357142855,/home/tbeliere/Projects/DCU/2026-mcm-XAI-skin-lesion/outputs/pilot/xai_maps/lime/ham10000_ISIC_0025550.npy,/home/tbeliere/Projects/DCU/2026-mcm-XAI-skin-lesion/outputs/pilot/pseudo_concepts/npz/ham10000/ISIC_0025550.npz
ham10000,ISIC_0025550,lime,border_w16_dil6_sigma10_dist,20,0.0,0.0,0.0011941502147915838,0.7778864673598183,-0.0301696251005399,0.0015345982142857143,0.30552455357142855,/home/tbeliere/Projects/DCU/2026-mcm-XAI-skin-lesion/outputs/pilot/xai_maps/lime/ham10000_ISIC_0025550.npy,/home/tbeliere/Projects/DCU/2026-mcm-XAI-skin-lesion/outputs/pilot/pseudo_concepts/npz/ham10000/ISIC_0025550.npz
ham10000,ISIC_0025550,lime,colour_heterogeneity,20,0.017143602111976308,0.033709305306310104,0.0083280346148452,1.529473212516014,0.16485530873372886,0.00546077806122449,0.30552455357142855,/home/tbeliere/Projects/DCU/2026-mcm-XAI-skin-lesion/outputs/pilot/xai_maps/lime/ham10000_ISIC_0025550.npy,/home/tbeliere/Projects/DCU/2026-mcm-XAI-skin-lesion/outputs/pilot/pseudo_concepts/npz/ham10000/ISIC_0025550.npz
ham10000,ISIC_0025550,shap,asymmetry,20,0.027126883811349412,0.0528209011737478,0.017966485725323788,1.7203014976821895,0.08345831210557383,0.010522959183673469,0.20001594387755103,/home/tbeliere/Projects/DCU/2026-mcm-XAI-skin-lesion/outputs/pilot/xai_maps/shap/ham10000_ISIC_0025550.npy,/home/tbeliere/Projects/DCU/2026-mcm-XAI-skin-lesion/outputs/pilot/pseudo_concepts/npz/ham10000/ISIC_0025550.npz
ham10000,ISIC_0025550,shap,border_default,20,0.002289696366349139,0.004568931267377265,0.0012821735789244344,2.011744955888786,0.0846346250904009,0.0006377551020408163,0.20001594387755103,/home/tbeliere/Projects/DCU/2026-mcm-XAI-skin-lesion/outputs/pilot/xai_maps/shap/ham10000_ISIC_0025550.npy,/home/tbeliere/Projects/DCU/2026-mcm-XAI-skin-lesion/outputs/pilot/pseudo_concepts/npz/ham10000/ISIC_0025550.npz
ham10000,ISIC_0025550,shap,border_w8_dil2_sigma5,20,0.002289696366349139,0.004568931267377265,0.0012821735789244344,2.011744955888786,0.0846346250904009,0.0006377551020408163,0.20001594387755103,/home/tbeliere/Projects/DCU/2026-mcm-XAI-skin-lesion/outputs/pilot/xai_maps/shap/ham10000_ISIC_0025550.npy,/home/tbeliere/Projects/DCU/2026-mcm-XAI-skin-lesion/outputs/pilot/pseudo_concepts/npz/ham10000/ISIC_0025550.npz
ham10000,ISIC_0025550,shap,border_w12_dil4_sigma8,20,0.0028844241098041727,0.005752256272928937,0.0017061056575031226,1.8227982075327052,0.1034633610606073,0.0009367028061224489,0.20001594387755103,/home/tbeliere/Projects/DCU/2026-mcm-XAI-skin-lesion/outputs/pilot/xai_maps/shap/ham10000_ISIC_0025550.npy,/home/tbeliere/Projects/DCU/2026-mcm-XAI-skin-lesion/outputs/pilot/pseudo_concepts/npz/ham10000/ISIC_0025550.npz
ham10000,ISIC_0025550,shap,border_w16_dil6_sigma10,20,0.004964750273056335,0.009880446596176385,0.0030150794821696006,1.7821772427120286,0.12437623024460848,0.0016940369897959183,0.20001594387755103,/home/tbeliere/Projects/DCU/2026-mcm-XAI-skin-lesion/outputs/pilot/xai_maps/shap/ham10000_ISIC_0025550.npy,/home/tbeliere/Projects/DCU/2026-mcm-XAI-skin-lesion/outputs/pilot/pseudo_concepts/npz/ham10000/ISIC_0025550.npz
ham10000,ISIC_0025550,shap,border_w16_dil6_sigma10_dist,20,0.004270109235348291,0.008503905863731332,0.0026193823453172106,1.7087409705343433,0.1142401797036215,0.0015345982142857143,0.20001594387755103,/home/tbeliere/Projects/DCU/2026-mcm-XAI-skin-lesion/outputs/pilot/xai_maps/shap/ham10000_ISIC_0025550.npy,/home/tbeliere/Projects/DCU/2026-mcm-XAI-skin-lesion/outputs/pilot/pseudo_concepts/npz/ham10000/ISIC_0025550.npz
ham10000,ISIC_0025550,shap,colour_heterogeneity,20,0.024240015895068308,0.04733268671188425,0.020833386562579114,3.874990045598725,0.413659074242043,0.00546077806122449,0.20001594387755103,/home/tbeliere/Projects/DCU/2026-mcm-XAI-skin-lesion/outputs/pilot/xai_maps/shap/ham10000_ISIC_0025550.npy,/home/tbeliere/Projects/DCU/2026-mcm-XAI-skin-lesion/outputs/pilot/pseudo_concepts/npz/ham10000/ISIC_0025550.npz
ham10000,ISIC_0033068,gradcam,asymmetry,20,0.04679505070234738,0.08940632776387361,0.08768756115459624,4.669398941456875,0.1796939731119874,0.020169005102040817,0.20408163265306123,/home/tbeliere/Projects/DCU/2026-mcm-XAI-skin-lesion/outputs/pilot/xai_maps/gradcam/ham10000_ISIC_0033068.npy,/home/tbeliere/Projects/DCU/2026-mcm-XAI-skin-lesion/outputs/pilot/pseudo_concepts/npz/ham10000/ISIC_0033068.npz
ham10000,ISIC_0033068,gradcam,border_default,20,0.0038857586943813038,0.007741436036377258,0.005840038027707097,3.1297751993822587,0.12762539356307315,0.0018734056122448979,0.20408163265306123,/home/tbeliere/Projects/DCU/2026-mcm-XAI-skin-lesion/outputs/pilot/xai_maps/gradcam/ham10000_ISIC_0033068.npy,/home/tbeliere/Projects/DCU/2026-mcm-XAI-skin-lesion/outputs/pilot/pseudo_concepts/npz/ham10000/ISIC_0033068.npz
ham10000,ISIC_0033068,gradcam,border_w8_dil2_sigma5,20,0.0038857586943813038,0.007741436036377258,0.005840038027707097,3.1297751993822587,0.12762539356307315,0.0018734056122448979,0.20408163265306123,/home/tbeliere/Projects/DCU/2026-mcm-XAI-skin-lesion/outputs/pilot/xai_maps/gradcam/ham10000_ISIC_0033068.npy,/home/tbeliere/Projects/DCU/2026-mcm-XAI-skin-lesion/outputs/pilot/pseudo_concepts/npz/ham10000/ISIC_0033068.npz
ham10000,ISIC_0033068,gradcam,border_w12_dil4_sigma8,20,0.006196746707972311,0.012317167051566283,0.010332450516986235,3.435965393280829,0.17075537362889878,0.0030293367346938774,0.20408163265306123,/home/tbeliere/Projects/DCU/2026-mcm-XAI-skin-lesion/outputs/pilot/xai_maps/gradcam/ham10000_ISIC_0033068.npy,/home/tbeliere/Projects/DCU/2026-mcm-XAI-skin-lesion/outputs/pilot/pseudo_concepts/npz/ham10000/ISIC_0033068.npz
ham10000,ISIC_0033068,gradcam,border_w16_dil6_sigma10,20,0.010144511436491392,0.02008526764564653,0.02185584946091862,3.536837921139101,0.20788669777416305,0.006277901785714286,0.20408163265306123,/home/tbeliere/Projects/DCU/2026-mcm-XAI-skin-lesion/outputs/pilot/xai_maps/gradcam/ham10000_ISIC_0033068.npy,/home/tbeliere/Projects/DCU/2026-mcm-XAI-skin-lesion/outputs/pilot/pseudo_concepts/npz/ham10000/ISIC_0033068.npz
ham10000,ISIC_0033068,gradcam,border_w16_dil6_sigma10_dist,20,0.007886890449160442,0.01565034831566404,0.01695264867588209,3.603193618482284,0.19054980311106035,0.004763233418367347,0.20408163265306123,/home/tbeliere/Projects/DCU/2026-mcm-XAI-skin-lesion/outputs/pilot/xai_maps/gradcam/ham10000_ISIC_0033068.npy,/home/tbeliere/Projects/DCU/2026-mcm-XAI-skin-lesion/outputs/pilot/pseudo_concepts/npz/ham10000/ISIC_0033068.npz
ham10000,ISIC_0033068,gradcam,colour_heterogeneity,20,0.09886222392188654,0.17993561298165844,0.18028092150481992,8.587100997431342,0.5612961652361338,0.024972098214285716,0.20408163265306123,/home/tbeliere/Projects/DCU/2026-mcm-XAI-skin-lesion/outputs/pilot/xai_maps/gradcam/ham10000_ISIC_0033068.npy,/home/tbeliere/Projects/DCU/2026-mcm-XAI-skin-lesion/outputs/pilot/pseudo_concepts/npz/ham10000/ISIC_0033068.npz
ham10000,ISIC_0033068,lime,asymmetry,20,0.036102262517327365,0.06968860859277123,0.022595013396582556,1.1230646193480798,0.03883708837585814,0.020169005102040817,0.23264110331632654,/home/tbeliere/Projects/DCU/2026-mcm-XAI-skin-lesion/outputs/pilot/xai_maps/lime/ham10000_ISIC_0033068.npy,/home/tbeliere/Projects/DCU/2026-mcm-XAI-skin-lesion/outputs/pilot/pseudo_concepts/npz/ham10000/ISIC_0033068.npz
ham10000,ISIC_0033068,lime,border_default,20,0.002470608280795305,0.004929038837422513,0.0020990835708305546,1.1207173774538077,0.02575151320363327,0.0018734056122448979,0.23264110331632654,/home/tbeliere/Projects/DCU/2026-mcm-XAI-skin-lesion/outputs/pilot/xai_maps/lime/ham10000_ISIC_0033068.npy,/home/tbeliere/Projects/DCU/2026-mcm-XAI-skin-lesion/outputs/pilot/pseudo_concepts/npz/ham10000/ISIC_0033068.npz
ham10000,ISIC_0033068,lime,border_w8_dil2_sigma5,20,0.002470608280795305,0.004929038837422513,0.0020990835708305546,1.1207173774538077,0.02575151320363327,0.0018734056122448979,0.23264110331632654,/home/tbeliere/Projects/DCU/2026-mcm-XAI-skin-lesion/outputs/pilot/xai_maps/lime/ham10000_ISIC_0033068.npy,/home/tbeliere/Projects/DCU/2026-mcm-XAI-skin-lesion/outputs/pilot/pseudo_concepts/npz/ham10000/ISIC_0033068.npz
ham10000,ISIC_0033068,lime,border_w12_dil4_sigma8,20,0.004672897196257712,0.009302325581387482,0.0034814068979628714,1.1497520232907632,0.03265095975975402,0.0030293367346938774,0.23264110331632654,/home/tbeliere/Projects/DCU/2026-mcm-XAI-skin-lesion/outputs/pilot/xai_maps/lime/ham10000_ISIC_0033068.npy,/home/tbeliere/Projects/DCU/2026-mcm-XAI-skin-lesion/outputs/pilot/pseudo_concepts/npz/ham10000/ISIC_0033068.npz
ham10000,ISIC_0033068,lime,border_w16_dil6_sigma10,20,0.008411843876170581,0.016683350016669433,0.005955936310730599,0.9484071490904032,0.04259512860027444,0.006277901785714286,0.23264110331632654,/home/tbeliere/Projects/DCU/2026-mcm-XAI-skin-lesion/outputs/pilot/xai_maps/lime/ham10000_ISIC_0033068.npy,/home/tbeliere/Projects/DCU/2026-mcm-XAI-skin-lesion/outputs/pilot/pseudo_concepts/npz/ham10000/ISIC_0033068.npz
ham10000,ISIC_0033068,lime,border_w16_dil6_sigma10_dist,20,0.006676244401245097,0.013263935527188327,0.004641875863950495,0.974403248748707,0.03136097740076707,0.004763233418367347,0.23264110331632654,/home/tbeliere/Projects/DCU/2026-mcm-XAI-skin-lesion/outputs/pilot/xai_maps/lime/ham10000_ISIC_0033068.npy,/home/tbeliere/Projects/DCU/2026-mcm-XAI-skin-lesion/outputs/pilot/pseudo_concepts/npz/ham10000/ISIC_0033068.npz
ham10000,ISIC_0033068,lime,colour_heterogeneity,20,0.07189650883151845,0.13414822837681095,0.03585507790499996,1.4520125243047282,0.22878718543592394,0.024972098214285716,0.23264110331632654,/home/tbeliere/Projects/DCU/2026-mcm-XAI-skin-lesion/outputs/pilot/xai_maps/lime/ham10000_ISIC_0033068.npy,/home/tbeliere/Projects/DCU/2026-mcm-XAI-skin-lesion/outputs/pilot/pseudo_concepts/npz/ham10000/ISIC_0033068.npz
ham10000,ISIC_0033068,shap,asymmetry,20,0.05419847328239103,0.10282404055023277,0.04153473986485757,2.1052405248497195,0.14791208689701185,0.020169005102040817,0.20001594387755103,/home/tbeliere/Projects/DCU/2026-mcm-XAI-skin-lesion/outputs/pilot/xai_maps/shap/ham10000_ISIC_0033068.npy,/home/tbeliere/Projects/DCU/2026-mcm-XAI-skin-lesion/outputs/pilot/pseudo_concepts/npz/ham10000/ISIC_0033068.npz
ham10000,ISIC_0033068,shap,border_default,20,0.0033676703644974566,0.006712734452115781,0.002719343506329144,1.4527817262579557,0.07431726063261444,0.0018734056122448979,0.20001594387755103,/home/tbeliere/Projects/DCU/2026-mcm-XAI-skin-lesion/outputs/pilot/xai_maps/shap/ham10000_ISIC_0033068.npy,/home/tbeliere/Projects/DCU/2026-mcm-XAI-skin-lesion/outputs/pilot/pseudo_concepts/npz/ham10000/ISIC_0033068.npz
ham10000,ISIC_0033068,shap,border_w8_dil2_sigma5,20,0.0033676703644974566,0.006712734452115781,0.002719343506329144,1.4527817262579557,0.07431726063261444,0.0018734056122448979,0.20001594387755103,/home/tbeliere/Projects/DCU/2026-mcm-XAI-skin-lesion/outputs/pilot/xai_maps/shap/ham10000_ISIC_0033068.npy,/home/tbeliere/Projects/DCU/2026-mcm-XAI-skin-lesion/outputs/pilot/pseudo_concepts/npz/ham10000/ISIC_0033068.npz
ham10000,ISIC_0033068,shap,border_w12_dil4_sigma8,20,0.005626295528570105,0.01118963486453554,0.004058335109904252,1.3410615129051127,0.11150743914415585,0.0030293367346938774,0.20001594387755103,/home/tbeliere/Projects/DCU/2026-mcm-XAI-skin-lesion/outputs/pilot/xai_maps/shap/ham10000_ISIC_0033068.npy,/home/tbeliere/Projects/DCU/2026-mcm-XAI-skin-lesion/outputs/pilot/pseudo_concepts/npz/ham10000/ISIC_0033068.npz
ham10000,ISIC_0033068,shap,border_w16_dil6_sigma10,20,0.013016245840660582,0.025698000193193217,0.009034155042903428,1.4430426569970307,0.1546101448359616,0.006277901785714286,0.20001594387755103,/home/tbeliere/Projects/DCU/2026-mcm-XAI-skin-lesion/outputs/pilot/xai_maps/shap/ham10000_ISIC_0033068.npy,/home/tbeliere/Projects/DCU/2026-mcm-XAI-skin-lesion/outputs/pilot/pseudo_concepts/npz/ham10000/ISIC_0033068.npz
ham10000,ISIC_0033068,shap,border_w16_dil6_sigma10_dist,20,0.009927265578916917,0.019659367396574538,0.0067511571097868765,1.4201839899956716,0.13138305192410182,0.004763233418367347,0.20001594387755103,/home/tbeliere/Projects/DCU/2026-mcm-XAI-skin-lesion/outputs/pilot/xai_maps/shap/ham10000_ISIC_0033068.npy,/home/tbeliere/Projects/DCU/2026-mcm-XAI-skin-lesion/outputs/pilot/pseudo_concepts/npz/ham10000/ISIC_0033068.npz
ham10000,ISIC_0033068,shap,colour_heterogeneity,20,0.07853253081104564,0.14562848790845456,0.06247953701514274,2.602069657579694,0.4140024020404874,0.024972098214285716,0.20001594387755103,/home/tbeliere/Projects/DCU/2026-mcm-XAI-skin-lesion/outputs/pilot/xai_maps/shap/ham10000_ISIC_0033068.npy,/home/tbeliere/Projects/DCU/2026-mcm-XAI-skin-lesion/outputs/pilot/pseudo_concepts/npz/ham10000/ISIC_0033068.npz
ham10000,ISIC_0024932,gradcam,asymmetry,20,0.03277572456717295,0.06347113664180858,0.014673687043259501,1.956694798693439,0.025865362154726,0.007553411989795918,0.20408163265306123,/home/tbeliere/Projects/DCU/2026-mcm-XAI-skin-lesion/outputs/pilot/xai_maps/gradcam/ham10000_ISIC_0024932.npy,/home/tbeliere/Projects/DCU/2026-mcm-XAI-skin-lesion/outputs/pilot/pseudo_concepts/npz/ham10000/ISIC_0024932.npz
ham10000,ISIC_0024932,gradcam,border_default,20,0.006241466744678913,0.012405504942806352,0.003013020590464576,1.9410572367334753,0.056247533881712865,0.0015545280612244898,0.20408163265306123,/home/tbeliere/Projects/DCU/2026-mcm-XAI-skin-lesion/outputs/pilot/xai_maps/gradcam/ham10000_ISIC_0024932.npy,/home/tbeliere/Projects/DCU/2026-mcm-XAI-skin-lesion/outputs/pilot/pseudo_concepts/npz/ham10000/ISIC_0024932.npz
ham10000,ISIC_0024932,gradcam,border_w8_dil2_sigma5,20,0.006241466744678913,0.012405504942806352,0.003013020590464576,1.9410572367334753,0.056247533881712865,0.0015545280612244898,0.20408163265306123,/home/tbeliere/Projects/DCU/2026-mcm-XAI-skin-lesion/outputs/pilot/xai_maps/gradcam/ham10000_ISIC_0024932.npy,/home/tbeliere/Projects/DCU/2026-mcm-XAI-skin-lesion/outputs/pilot/pseudo_concepts/npz/ham10000/ISIC_0024932.npz
ham10000,ISIC_0024932,gradcam,border_w12_dil4_sigma8,20,0.008081004770705792,0.016032451226563615,0.001925876840069597,0.847362040379691,0.06905186264753894,0.002272002551020408,0.20408163265306123,/home/tbeliere/Projects/DCU/2026-mcm-XAI-skin-lesion/outputs/pilot/xai_maps/gradcam/ham10000_ISIC_0024932.npy,/home/tbeliere/Projects/DCU/2026-mcm-XAI-skin-lesion/outputs/pilot/pseudo_concepts/npz/ham10000/ISIC_0024932.npz
ham10000,ISIC_0024932,gradcam,border_w16_dil6_sigma10,20,0.021939617512841528,0.042937209081368916,0.013264746908320836,2.3367981140057896,0.10595229738703851,0.005719866071428571,0.20408163265306123,/home/tbeliere/Projects/DCU/2026-mcm-XAI-skin-lesion/outputs/pilot/xai_maps/gradcam/ham10000_ISIC_0024932.npy,/home/tbeliere/Projects/DCU/2026-mcm-XAI-skin-lesion/outputs/pilot/pseudo_concepts/npz/ham10000/ISIC_0024932.npz
ham10000,ISIC_0024932,gradcam,border_w16_dil6_sigma10_dist,20,0.01749441150741812,0.034387238513674284,0.00918162095983071,2.0211530665991635,0.09185100906179143,0.0045639349489795915,0.20408163265306123,/home/tbeliere/Projects/DCU/2026-mcm-XAI-skin-lesion/outputs/pilot/xai_maps/gradcam/ham10000_ISIC_0024932.npy,/home/tbeliere/Projects/DCU/2026-mcm-XAI-skin-lesion/outputs/pilot/pseudo_concepts/npz/ham10000/ISIC_0024932.npz
ham10000,ISIC_0024932,gradcam,colour_heterogeneity,20,0.0921318090113439,0.16871921182251168,0.1487007108212339,7.595265493353519,0.5891336280790986,0.022480867346938774,0.20408163265306123,/home/tbeliere/Projects/DCU/2026-mcm-XAI-skin-lesion/outputs/pilot/xai_maps/gradcam/ham10000_ISIC_0024932.npy,/home/tbeliere/Projects/DCU/2026-mcm-XAI-skin-lesion/outputs/pilot/pseudo_concepts/npz/ham10000/ISIC_0024932.npz
ham10000,ISIC_0024932,lime,asymmetry,20,0.016314131413132135,0.03210450570129962,0.016396223214781253,2.1902192271309153,0.07535708865289946,0.007553411989795918,0.35249920280612246,/home/tbeliere/Projects/DCU/2026-mcm-XAI-skin-lesion/outputs/pilot/xai_maps/lime/ham10000_ISIC_0024932.npy,/home/tbeliere/Projects/DCU/2026-mcm-XAI-skin-lesion/outputs/pilot/pseudo_concepts/npz/ham10000/ISIC_0024932.npz
ham10000,ISIC_0024932,lime,border_default,20,0.002879078694816033,0.005741626794255141,0.0028834737377718754,1.8573590583991675,0.08218406061164177,0.0015545280612244898,0.35249920280612246,/home/tbeliere/Projects/DCU/2026-mcm-XAI-skin-lesion/outputs/pilot/xai_maps/lime/ham10000_ISIC_0024932.npy,/home/tbeliere/Projects/DCU/2026-mcm-XAI-skin-lesion/outputs/pilot/pseudo_concepts/npz/ham10000/ISIC_0024932.npz
ham10000,ISIC_0024932,lime,border_w8_dil2_sigma5,20,0.002879078694816033,0.005741626794255141,0.0028834737377718754,1.8573590583991675,0.08218406061164177,0.0015545280612244898,0.35249920280612246,/home/tbeliere/Projects/DCU/2026-mcm-XAI-skin-lesion/outputs/pilot/xai_maps/lime/ham10000_ISIC_0024932.npy,/home/tbeliere/Projects/DCU/2026-mcm-XAI-skin-lesion/outputs/pilot/pseudo_concepts/npz/ham10000/ISIC_0024932.npz
ham10000,ISIC_0024932,lime,border_w12_dil4_sigma8,20,0.004231073000110441,0.008426492893652925,0.004240402555546876,1.8700616813829745,0.10715237663261369,0.002272002551020408,0.35249920280612246,/home/tbeliere/Projects/DCU/2026-mcm-XAI-skin-lesion/outputs/pilot/xai_maps/lime/ham10000_ISIC_0024932.npy,/home/tbeliere/Projects/DCU/2026-mcm-XAI-skin-lesion/outputs/pilot/pseudo_concepts/npz/ham10000/ISIC_0024932.npz
ham10000,ISIC_0024932,lime,border_w16_dil6_sigma10,20,0.011024862189216432,0.02180928007120184,0.011081585345162502,1.9478894947757066,0.12072150571133847,0.005719866071428571,0.35249920280612246,/home/tbeliere/Projects/DCU/2026-mcm-XAI-skin-lesion/outputs/pilot/xai_maps/lime/ham10000_ISIC_0024932.npy,/home/tbeliere/Projects/DCU/2026-mcm-XAI-skin-lesion/outputs/pilot/pseudo_concepts/npz/ham10000/ISIC_0024932.npz
ham10000,ISIC_0024932,lime,border_w16_dil6_sigma10_dist,20,0.008726986093120474,0.0173029694128057,0.008763498614796876,1.9282980252752822,0.11551222006813512,0.0045639349489795915,0.35249920280612246,/home/tbeliere/Projects/DCU/2026-mcm-XAI-skin-lesion/outputs/pilot/xai_maps/lime/ham10000_ISIC_0024932.npy,/home/tbeliere/Projects/DCU/2026-mcm-XAI-skin-lesion/outputs/pilot/pseudo_concepts/npz/ham10000/ISIC_0024932.npz
ham10000,ISIC_0024932,lime,colour_heterogeneity,20,0.034359538207787595,0.06643635397285866,0.035336687962890634,1.5928038405908558,0.13709495532346072,0.022480867346938774,0.35249920280612246,/home/tbeliere/Projects/DCU/2026-mcm-XAI-skin-lesion/outputs/pilot/xai_maps/lime/ham10000_ISIC_0024932.npy,/home/tbeliere/Projects/DCU/2026-mcm-XAI-skin-lesion/outputs/pilot/pseudo_concepts/npz/ham10000/ISIC_0024932.npz
ham10000,ISIC_0024932,shap,asymmetry,20,0.01908023483364082,0.03744599135858142,0.014447778512547655,1.9261289491089222,0.07483127140114826,0.007553411989795918,0.20001594387755103,/home/tbeliere/Projects/DCU/2026-mcm-XAI-skin-lesion/outputs/pilot/xai_maps/shap/ham10000_ISIC_0024932.npy,/home/tbeliere/Projects/DCU/2026-mcm-XAI-skin-lesion/outputs/pilot/pseudo_concepts/npz/ham10000/ISIC_0024932.npz
ham10000,ISIC_0024932,shap,border_default,20,0.00397061743100658,0.007909827961234022,0.0028164474894463907,1.8140626537148472,0.09575426650945236,0.0015545280612244898,0.20001594387755103,/home/tbeliere/Projects/DCU/2026-mcm-XAI-skin-lesion/outputs/pilot/xai_maps/shap/ham10000_ISIC_0024932.npy,/home/tbeliere/Projects/DCU/2026-mcm-XAI-skin-lesion/outputs/pilot/pseudo_concepts/npz/ham10000/ISIC_0024932.npz
ham10000,ISIC_0024932,shap,border_w8_dil2_sigma5,20,0.00397061743100658,0.007909827961234022,0.0028164474894463907,1.8140626537148472,0.09575426650945236,0.0015545280612244898,0.20001594387755103,/home/tbeliere/Projects/DCU/2026-mcm-XAI-skin-lesion/outputs/pilot/xai_maps/shap/ham10000_ISIC_0024932.npy,/home/tbeliere/Projects/DCU/2026-mcm-XAI-skin-lesion/outputs/pilot/pseudo_concepts/npz/ham10000/ISIC_0024932.npz
ham10000,ISIC_0024932,shap,border_w12_dil4_sigma8,20,0.005348652931848902,0.010640394088659466,0.0040626178146362085,1.7913365152949385,0.111322886893024,0.002272002551020408,0.20001594387755103,/home/tbeliere/Projects/DCU/2026-mcm-XAI-skin-lesion/outputs/pilot/xai_maps/shap/ham10000_ISIC_0024932.npy,/home/tbeliere/Projects/DCU/2026-mcm-XAI-skin-lesion/outputs/pilot/pseudo_concepts/npz/ham10000/ISIC_0024932.npz
ham10000,ISIC_0024932,shap,border_w16_dil6_sigma10,20,0.01424641383374509,0.028092608737742813,0.010766563520341119,1.8919128925649404,0.12465693961506076,0.005719866071428571,0.20001594387755103,/home/tbeliere/Projects/DCU/2026-mcm-XAI-skin-lesion/outputs/pilot/xai_maps/shap/ham10000_ISIC_0024932.npy,/home/tbeliere/Projects/DCU/2026-mcm-XAI-skin-lesion/outputs/pilot/pseudo_concepts/npz/ham10000/ISIC_0024932.npz
ham10000,ISIC_0024932,shap,border_w16_dil6_sigma10_dist,20,0.01172876010249189,0.023185582074989587,0.008746217268002603,1.9244618023059237,0.12061901948408128,0.0045639349489795915,0.20001594387755103,/home/tbeliere/Projects/DCU/2026-mcm-XAI-skin-lesion/outputs/pilot/xai_maps/shap/ham10000_ISIC_0024932.npy,/home/tbeliere/Projects/DCU/2026-mcm-XAI-skin-lesion/outputs/pilot/pseudo_concepts/npz/ham10000/ISIC_0024932.npz
ham10000,ISIC_0024932,shap,colour_heterogeneity,20,0.06659023597968225,0.12486563955560294,0.054882453750690306,2.5249909248013696,0.2884068474785797,0.022480867346938774,0.20001594387755103,/home/tbeliere/Projects/DCU/2026-mcm-XAI-skin-lesion/outputs/pilot/xai_maps/shap/ham10000_ISIC_0024932.npy,/home/tbeliere/Projects/DCU/2026-mcm-XAI-skin-lesion/outputs/pilot/pseudo_concepts/npz/ham10000/ISIC_0024932.npz
ham10000,ISIC_0026950,gradcam,asymmetry,20,0.016418012126155446,0.032305630026788,0.0205278437921847,0.20374102565670815,-0.09672573810904467,0.09327168367346939,0.20408163265306123,/home/tbeliere/Projects/DCU/2026-mcm-XAI-skin-lesion/outputs/pilot/xai_maps/gradcam/ham10000_ISIC_0026950.npy,/home/tbeliere/Projects/DCU/2026-mcm-XAI-skin-lesion/outputs/pilot/pseudo_concepts/npz/ham10000/ISIC_0026950.npz
ham10000,ISIC_0026950,gradcam,border_default,20,0.0003873341725569988,0.000774368405768295,0.00012083326889859324,0.06651279587324893,-0.04313780458267039,0.0018136160714285715,0.20408163265306123,/home/tbeliere/Projects/DCU/2026-mcm-XAI-skin-lesion/outputs/pilot/xai_maps/gradcam/ham10000_ISIC_0026950.npy,/home/tbeliere/Projects/DCU/2026-mcm-XAI-skin-lesion/outputs/pilot/pseudo_concepts/npz/ham10000/ISIC_0026950.npz
ham10000,ISIC_0026950,gradcam,border_w8_dil2_sigma5,20,0.0003873341725569988,0.000774368405768295,0.00012083326889859324,0.06651279587324893,-0.04313780458267039,0.0018136160714285715,0.20408163265306123,/home/tbeliere/Projects/DCU/2026-mcm-XAI-skin-lesion/outputs/pilot/xai_maps/gradcam/ham10000_ISIC_0026950.npy,/home/tbeliere/Projects/DCU/2026-mcm-XAI-skin-lesion/outputs/pilot/pseudo_concepts/npz/ham10000/ISIC_0026950.npz
ham10000,ISIC_0026950,gradcam,border_w12_dil4_sigma8,20,0.0009654373431154996,0.0019290123456771517,0.00042587817092725665,0.16658926121102563,-0.05366422959692895,0.002551020408163265,0.20408163265306123,/home/tbeliere/Projects/DCU/2026-mcm-XAI-skin-lesion/outputs/pilot/xai_maps/gradcam/ham10000_ISIC_0026950.npy,/home/tbeliere/Projects/DCU/2026-mcm-XAI-skin-lesion/outputs/pilot/pseudo_concepts/npz/ham10000/ISIC_0026950.npz
ham10000,ISIC_0026950,gradcam,border_w16_dil6_sigma10,20,0.0004810930433941296,0.0009617234083468342,0.0004241945394520759,0.13434405712247657,-0.06388452566324299,0.0031489158163265306,0.20408163265306123,/home/tbeliere/Projects/DCU/2026-mcm-XAI-skin-lesion/outputs/pilot/xai_maps/gradcam/ham10000_ISIC_0026950.npy,/home/tbeliere/Projects/DCU/2026-mcm-XAI-skin-lesion/outputs/pilot/pseudo_concepts/npz/ham10000/ISIC_0026950.npz
ham10000,ISIC_0026950,gradcam,border_w16_dil6_sigma10_dist,20,0.0004822065772972493,0.0009639483323684557,0.00034044726860785624,0.12718254486612846,-0.05996773261387438,0.0026705994897959183,0.20408163265306123,/home/tbeliere/Projects/DCU/2026-mcm-XAI-skin-lesion/outputs/pilot/xai_maps/gradcam/ham10000_ISIC_0026950.npy,/home/tbeliere/Projects/DCU/2026-mcm-XAI-skin-lesion/outputs/pilot/pseudo_concepts/npz/ham10000/ISIC_0026950.npz
ham10000,ISIC_0026950,gradcam,colour_heterogeneity,20,0.1332723948810482,0.23519922568137183,0.11836451632912025,2.9873420866456235,0.20180708464876326,0.04300860969387755,0.20408163265306123,/home/tbeliere/Projects/DCU/2026-mcm-XAI-skin-lesion/outputs/pilot/xai_maps/gradcam/ham10000_ISIC_0026950.npy,/home/tbeliere/Projects/DCU/2026-mcm-XAI-skin-lesion/outputs/pilot/pseudo_concepts/npz/ham10000/ISIC_0026950.npz
ham10000,ISIC_0026950,lime,asymmetry,20,0.025314093792744546,0.04937822262660031,0.08032208091649662,0.8490369031170432,-0.08293929734507269,0.09327168367346939,0.2352718431122449,/home/tbeliere/Projects/DCU/2026-mcm-XAI-skin-lesion/outputs/pilot/xai_maps/lime/ham10000_ISIC_0026950.npy,/home/tbeliere/Projects/DCU/2026-mcm-XAI-skin-lesion/outputs/pilot/pseudo_concepts/npz/ham10000/ISIC_0026950.npz
ham10000,ISIC_0026950,lime,border_default,20,0.0034584563475297692,0.00689307330194444,0.002377778578375769,1.3118119418105,0.028771019508184264,0.0018136160714285715,0.2352718431122449,/home/tbeliere/Projects/DCU/2026-mcm-XAI-skin-lesion/outputs/pilot/xai_maps/lime/ham10000_ISIC_0026950.npy,/home/tbeliere/Projects/DCU/2026-mcm-XAI-skin-lesion/outputs/pilot/pseudo_concepts/npz/ham10000/ISIC_0026950.npz
ham10000,ISIC_0026950,lime,border_w8_dil2_sigma5,20,0.0034584563475297692,0.00689307330194444,0.002377778578375769,1.3118119418105,0.028771019508184264,0.0018136160714285715,0.2352718431122449,/home/tbeliere/Projects/DCU/2026-mcm-XAI-skin-lesion/outputs/pilot/xai_maps/lime/ham10000_ISIC_0026950.npy,/home/tbeliere/Projects/DCU/2026-mcm-XAI-skin-lesion/outputs/pilot/pseudo_concepts/npz/ham10000/ISIC_0026950.npz
ham10000,ISIC_0026950,lime,border_w12_dil4_sigma8,20,0.0066644170743996416,0.013240593312651268,0.0037287891342710922,1.4634132184547357,0.05347966391623251,0.002551020408163265,0.2352718431122449,/home/tbeliere/Projects/DCU/2026-mcm-XAI-skin-lesion/outputs/pilot/xai_maps/lime/ham10000_ISIC_0026950.npy,/home/tbeliere/Projects/DCU/2026-mcm-XAI-skin-lesion/outputs/pilot/pseudo_concepts/npz/ham10000/ISIC_0026950.npz
ham10000,ISIC_0026950,lime,border_w16_dil6_sigma10,20,0.006562894404706299,0.013040207305848832,0.0042511798825506176,1.3515400630334995,0.05757347489049846,0.0031489158163265306,0.2352718431122449,/home/tbeliere/Projects/DCU/2026-mcm-XAI-skin-lesion/outputs/pilot/xai_maps/lime/ham10000_ISIC_0026950.npy,/home/tbeliere/Projects/DCU/2026-mcm-XAI-skin-lesion/outputs/pilot/pseudo_concepts/npz/ham10000/ISIC_0026950.npz
ham10000,ISIC_0026950,lime,border_w16_dil6_sigma10_dist,20,0.005728245303676415,0.011391238797209656,0.0036387217638780707,1.3638351677423677,0.056884780846772176,0.0026705994897959183,0.2352718431122449,/home/tbeliere/Projects/DCU/2026-mcm-XAI-skin-lesion/outputs/pilot/xai_maps/lime/ham10000_ISIC_0026950.npy,/home/tbeliere/Projects/DCU/2026-mcm-XAI-skin-lesion/outputs/pilot/pseudo_concepts/npz/ham10000/ISIC_0026950.npz
ham10000,ISIC_0026950,lime,colour_heterogeneity,20,0.023905551074265667,0.046694836353185776,0.04166516554381177,0.9674053035466106,-0.10225903199136797,0.04300860969387755,0.2352718431122449,/home/tbeliere/Projects/DCU/2026-mcm-XAI-skin-lesion/outputs/pilot/xai_maps/lime/ham10000_ISIC_0026950.npy,/home/tbeliere/Projects/DCU/2026-mcm-XAI-skin-lesion/outputs/pilot/pseudo_concepts/npz/ham10000/ISIC_0026950.npz
ham10000,ISIC_0026950,shap,asymmetry,20,0.04361392809017543,0.08358249524321583,0.07218610414070839,0.756345271979913,-0.06844616272075804,0.09327168367346939,0.20001594387755103,/home/tbeliere/Projects/DCU/2026-mcm-XAI-skin-lesion/outputs/pilot/xai_maps/shap/ham10000_ISIC_0026950.npy,/home/tbeliere/Projects/DCU/2026-mcm-XAI-skin-lesion/outputs/pilot/pseudo_concepts/npz/ham10000/ISIC_0026950.npz
ham10000,ISIC_0026950,shap,border_default,20,0.0010873863187019696,0.0021724103880693467,0.0014979685524161264,0.8256956879392939,-0.020971171564553484,0.0018136160714285715,0.20001594387755103,/home/tbeliere/Projects/DCU/2026-mcm-XAI-skin-lesion/outputs/pilot/xai_maps/shap/ham10000_ISIC_0026950.npy,/home/tbeliere/Projects/DCU/2026-mcm-XAI-skin-lesion/outputs/pilot/pseudo_concepts/npz/ham10000/ISIC_0026950.npz
ham10000,ISIC_0026950,shap,border_w8_dil2_sigma5,20,0.0010873863187019696,0.0021724103880693467,0.0014979685524161264,0.8256956879392939,-0.020971171564553484,0.0018136160714285715,0.20001594387755103,/home/tbeliere/Projects/DCU/2026-mcm-XAI-skin-lesion/outputs/pilot/xai_maps/shap/ham10000_ISIC_0026950.npy,/home/tbeliere/Projects/DCU/2026-mcm-XAI-skin-lesion/outputs/pilot/pseudo_concepts/npz/ham10000/ISIC_0026950.npz
ham10000,ISIC_0026950,shap,border_w12_dil4_sigma8,20,0.0017740981667634789,0.0035419126328182387,0.0023858553985955456,0.9351004818633232,-0.020633090477788853,0.002551020408163265,0.20001594387755103,/home/tbeliere/Projects/DCU/2026-mcm-XAI-skin-lesion/outputs/pilot/xai_maps/shap/ham10000_ISIC_0026950.npy,/home/tbeliere/Projects/DCU/2026-mcm-XAI-skin-lesion/outputs/pilot/pseudo_concepts/npz/ham10000/ISIC_0026950.npz
ham10000,ISIC_0026950,shap,border_w16_dil6_sigma10,20,0.0021627998427033394,0.00431626446929143,0.0028353567421415685,0.9001399347551917,-0.020475096866412808,0.0031489158163265306,0.20001594387755103,/home/tbeliere/Projects/DCU/2026-mcm-XAI-skin-lesion/outputs/pilot/xai_maps/shap/ham10000_ISIC_0026950.npy,/home/tbeliere/Projects/DCU/2026-mcm-XAI-skin-lesion/outputs/pilot/pseudo_concepts/npz/ham10000/ISIC_0026950.npz
ham10000,ISIC_0026950,shap,border_w16_dil6_sigma10_dist,20,0.0016743819560704476,0.0033431661750212946,0.0023600296428199566,0.8834326044872928,-0.020759808094381133,0.0026705994897959183,0.20001594387755103,/home/tbeliere/Projects/DCU/2026-mcm-XAI-skin-lesion/outputs/pilot/xai_maps/shap/ham10000_ISIC_0026950.npy,/home/tbeliere/Projects/DCU/2026-mcm-XAI-skin-lesion/outputs/pilot/pseudo_concepts/npz/ham10000/ISIC_0026950.npz
ham10000,ISIC_0026950,shap,colour_heterogeneity,20,0.15298789712542266,0.26537641462992834,0.12585091215455393,3.2034904691006836,0.5065214878587212,0.04300860969387755,0.20001594387755103,/home/tbeliere/Projects/DCU/2026-mcm-XAI-skin-lesion/outputs/pilot/xai_maps/shap/ham10000_ISIC_0026950.npy,/home/tbeliere/Projects/DCU/2026-mcm-XAI-skin-lesion/outputs/pilot/pseudo_concepts/npz/ham10000/ISIC_0026950.npz
ham10000,ISIC_0031852,gradcam,asymmetry,20,0.04132675930072494,0.07937327823684627,0.02051229457402082,0.7427053966781781,-0.014162941959999635,0.0274234693877551,0.20408163265306123,/home/tbeliere/Projects/DCU/2026-mcm-XAI-skin-lesion/outputs/pilot/xai_maps/gradcam/ham10000_ISIC_0031852.npy,/home/tbeliere/Projects/DCU/2026-mcm-XAI-skin-lesion/outputs/pilot/pseudo_concepts/npz/ham10000/ISIC_0031852.npz
ham10000,ISIC_0031852,gradcam,border_default,20,0.012395893860146816,0.024488234168715813,0.004939219910165864,1.1588700310686935,0.0039800867891100055,0.004264987244897959,0.20408163265306123,/home/tbeliere/Projects/DCU/2026-mcm-XAI-skin-lesion/outputs/pilot/xai_maps/gradcam/ham10000_ISIC_0031852.npy,/home/tbeliere/Projects/DCU/2026-mcm-XAI-skin-lesion/outputs/pilot/pseudo_concepts/npz/ham10000/ISIC_0031852.npz
ham10000,ISIC_0031852,gradcam,border_w8_dil2_sigma5,20,0.012395893860146816,0.024488234168715813,0.004939219910165864,1.1588700310686935,0.0039800867891100055,0.004264987244897959,0.20408163265306123,/home/tbeliere/Projects/DCU/2026-mcm-XAI-skin-lesion/outputs/pilot/xai_maps/gradcam/ham10000_ISIC_0031852.npy,/home/tbeliere/Projects/DCU/2026-mcm-XAI-skin-lesion/outputs/pilot/pseudo_concepts/npz/ham10000/ISIC_0031852.npz
ham10000,ISIC_0031852,gradcam,border_w12_dil4_sigma8,20,0.00867052023120552,0.017191977077347476,0.0036443927858563303,0.7942982261502642,0.007833002908644162,0.004583864795918368,0.20408163265306123,/home/tbeliere/Projects/DCU/2026-mcm-XAI-skin-lesion/outputs/pilot/xai_maps/gradcam/ham10000_ISIC_0031852.npy,/home/tbeliere/Projects/DCU/2026-mcm-XAI-skin-lesion/outputs/pilot/pseudo_concepts/npz/ham10000/ISIC_0031852.npz
ham10000,ISIC_0031852,gradcam,border_w16_dil6_sigma10,20,0.010226512472512446,0.02024597918635738,0.00468460528803887,0.7109327639950735,0.016125303953917838,0.006576849489795918,0.20408163265306123,/home/tbeliere/Projects/DCU/2026-mcm-XAI-skin-lesion/outputs/pilot/xai_maps/gradcam/ham10000_ISIC_0031852.npy,/home/tbeliere/Projects/DCU/2026-mcm-XAI-skin-lesion/outputs/pilot/pseudo_concepts/npz/ham10000/ISIC_0031852.npz
ham10000,ISIC_0031852,gradcam,border_w16_dil6_sigma10_dist,20,0.008350931080813638,0.016563541170855244,0.0038278329249529937,0.7237171765964242,0.009749724876532062,0.00528140943877551,0.20408163265306123,/home/tbeliere/Projects/DCU/2026-mcm-XAI-skin-lesion/outputs/pilot/xai_maps/gradcam/ham10000_ISIC_0031852.npy,/home/tbeliere/Projects/DCU/2026-mcm-XAI-skin-lesion/outputs/pilot/pseudo_concepts/npz/ham10000/ISIC_0031852.npz
ham10000,ISIC_0031852,gradcam,colour_heterogeneity,20,0.0740072202165397,0.13781512605030435,0.07668326619440115,2.427317944502783,0.3935614653040098,0.033083545918367346,0.20408163265306123,/home/tbeliere/Projects/DCU/2026-mcm-XAI-skin-lesion/outputs/pilot/xai_maps/gradcam/ham10000_ISIC_0031852.npy,/home/tbeliere/Projects/DCU/2026-mcm-XAI-skin-lesion/outputs/pilot/pseudo_concepts/npz/ham10000/ISIC_0031852.npz
ham10000,ISIC_0031852,lime,asymmetry,20,0.029339189097405807,0.05700587213264928,0.029328669447049132,1.0715724166527847,0.022940710535983337,0.0274234693877551,0.8787667410714286,/home/tbeliere/Projects/DCU/2026-mcm-XAI-skin-lesion/outputs/pilot/xai_maps/lime/ham10000_ISIC_0031852.npy,/home/tbeliere/Projects/DCU/2026-mcm-XAI-skin-lesion/outputs/pilot/pseudo_concepts/npz/ham10000/ISIC_0031852.npz
ham10000,ISIC_0031852,lime,border_default,20,0.0043750283356747575,0.008711941679642335,0.0042282485441355235,0.9913493860745991,-0.0021522976105999517,0.004264987244897959,0.8787667410714286,/home/tbeliere/Projects/DCU/2026-mcm-XAI-skin-lesion/outputs/pilot/xai_maps/lime/ham10000_ISIC_0031852.npy,/home/tbeliere/Projects/DCU/2026-mcm-XAI-skin-lesion/outputs/pilot/pseudo_concepts/npz/ham10000/ISIC_0031852.npz
ham10000,ISIC_0031852,lime,border_w8_dil2_sigma5,20,0.0043750283356747575,0.008711941679642335,0.0042282485441355235,0.9913493860745991,-0.0021522976105999517,0.004264987244897959,0.8787667410714286,/home/tbeliere/Projects/DCU/2026-mcm-XAI-skin-lesion/outputs/pilot/xai_maps/lime/ham10000_ISIC_0031852.npy,/home/tbeliere/Projects/DCU/2026-mcm-XAI-skin-lesion/outputs/pilot/pseudo_concepts/npz/ham10000/ISIC_0031852.npz
ham10000,ISIC_0031852,lime,border_w12_dil4_sigma8,20,0.00491996553756747,0.009791755973194552,0.005342968614862161,1.1664929998843718,0.017988929440593337,0.004583864795918368,0.8787667410714286,/home/tbeliere/Projects/DCU/2026-mcm-XAI-skin-lesion/outputs/pilot/xai_maps/lime/ham10000_ISIC_0031852.npy,/home/tbeliere/Projects/DCU/2026-mcm-XAI-skin-lesion/outputs/pilot/pseudo_concepts/npz/ham10000/ISIC_0031852.npz
ham10000,ISIC_0031852,lime,border_w16_dil6_sigma10,20,0.007141561621472944,0.014181842739118435,0.008302742595757029,1.2646164299239417,0.02829391083753296,0.006576849489795918,0.8787667410714286,/home/tbeliere/Projects/DCU/2026-mcm-XAI-skin-lesion/outputs/pilot/xai_maps/lime/ham10000_ISIC_0031852.npy,/home/tbeliere/Projects/DCU/2026-mcm-XAI-skin-lesion/outputs/pilot/pseudo_concepts/npz/ham10000/ISIC_0031852.npz
ham10000,ISIC_0031852,lime,border_w16_dil6_sigma10_dist,20,0.005690706690546696,0.01131701158753521,0.006496127308717304,1.2315026584476347,0.030038732349155984,0.00528140943877551,0.8787667410714286,/home/tbeliere/Projects/DCU/2026-mcm-XAI-skin-lesion/outputs/pilot/xai_maps/lime/ham10000_ISIC_0031852.npy,/home/tbeliere/Projects/DCU/2026-mcm-XAI-skin-lesion/outputs/pilot/pseudo_concepts/npz/ham10000/ISIC_0031852.npz
ham10000,ISIC_0031852,lime,colour_heterogeneity,20,0.030333738683954798,0.05888138482721158,0.030712459879675302,0.9260594209599367,-0.18696645268983886,0.033083545918367346,0.8787667410714286,/home/tbeliere/Projects/DCU/2026-mcm-XAI-skin-lesion/outputs/pilot/xai_maps/lime/ham10000_ISIC_0031852.npy,/home/tbeliere/Projects/DCU/2026-mcm-XAI-skin-lesion/outputs/pilot/pseudo_concepts/npz/ham10000/ISIC_0031852.npz
ham10000,ISIC_0031852,shap,asymmetry,20,0.03014984654267002,0.05853487556952459,0.03179719383254112,1.1647260030527111,0.029004412718335808,0.0274234693877551,0.20001594387755103,/home/tbeliere/Projects/DCU/2026-mcm-XAI-skin-lesion/outputs/pilot/xai_maps/shap/ham10000_ISIC_0031852.npy,/home/tbeliere/Projects/DCU/2026-mcm-XAI-skin-lesion/outputs/pilot/pseudo_concepts/npz/ham10000/ISIC_0031852.npz
ham10000,ISIC_0031852,shap,border_default,20,0.005690737833589392,0.011317073170720665,0.005069308984779285,1.189547997864202,0.04321960018060037,0.004264987244897959,0.20001594387755103,/home/tbeliere/Projects/DCU/2026-mcm-XAI-skin-lesion/outputs/pilot/xai_maps/shap/ham10000_ISIC_0031852.npy,/home/tbeliere/Projects/DCU/2026-mcm-XAI-skin-lesion/outputs/pilot/pseudo_concepts/npz/ham10000/ISIC_0031852.npz
ham10000,ISIC_0031852,shap,border_w8_dil2_sigma5,20,0.005690737833589392,0.011317073170720665,0.005069308984779285,1.189547997864202,0.04321960018060037,0.004264987244897959,0.20001594387755103,/home/tbeliere/Projects/DCU/2026-mcm-XAI-skin-lesion/outputs/pilot/xai_maps/shap/ham10000_ISIC_0031852.npy,/home/tbeliere/Projects/DCU/2026-mcm-XAI-skin-lesion/outputs/pilot/pseudo_concepts/npz/ham10000/ISIC_0031852.npz
ham10000,ISIC_0031852,shap,border_w12_dil4_sigma8,20,0.004894283476894191,0.009740892265722051,0.00483649698657213,1.055381051378966,0.040696487018865225,0.004583864795918368,0.20001594387755103,/home/tbeliere/Projects/DCU/2026-mcm-XAI-skin-lesion/outputs/pilot/xai_maps/shap/ham10000_ISIC_0031852.npy,/home/tbeliere/Projects/DCU/2026-mcm-XAI-skin-lesion/outputs/pilot/pseudo_concepts/npz/ham10000/ISIC_0031852.npz
ham10000,ISIC_0031852,shap,border_w16_dil6_sigma10,20,0.007092198581553393,0.014084507042239933,0.007008521573270695,1.066098219902443,0.04217223256872716,0.006576849489795918,0.20001594387755103,/home/tbeliere/Projects/DCU/2026-mcm-XAI-skin-lesion/outputs/pilot/xai_maps/shap/ham10000_ISIC_0031852.npy,/home/tbeliere/Projects/DCU/2026-mcm-XAI-skin-lesion/outputs/pilot/pseudo_concepts/npz/ham10000/ISIC_0031852.npz
ham10000,ISIC_0031852,shap,border_w16_dil6_sigma10_dist,20,0.005858802851278333,0.011649354431597272,0.005610508952451769,1.062664215830008,0.039478641322819356,0.00528140943877551,0.20001594387755103,/home/tbeliere/Projects/DCU/2026-mcm-XAI-skin-lesion/outputs/pilot/xai_maps/shap/ham10000_ISIC_0031852.npy,/home/tbeliere/Projects/DCU/2026-mcm-XAI-skin-lesion/outputs/pilot/pseudo_concepts/npz/ham10000/ISIC_0031852.npz
ham10000,ISIC_0031852,shap,colour_heterogeneity,20,0.05331412103741596,0.10123119015039224,0.04671529153041937,1.4322316190111541,0.2230952301091591,0.033083545918367346,0.20001594387755103,/home/tbeliere/Projects/DCU/2026-mcm-XAI-skin-lesion/outputs/pilot/xai_maps/shap/ham10000_ISIC_0031852.npy,/home/tbeliere/Projects/DCU/2026-mcm-XAI-skin-lesion/outputs/pilot/pseudo_concepts/npz/ham10000/ISIC_0031852.npz
ham10000,ISIC_0027758,gradcam,asymmetry,20,0.014708227040813397,0.028990061672618733,0.0,0.0,-0.017635067066402357,0.014708227040816327,1.0,/home/tbeliere/Projects/DCU/2026-mcm-XAI-skin-lesion/outputs/pilot/xai_maps/gradcam/ham10000_ISIC_0027758.npy,/home/tbeliere/Projects/DCU/2026-mcm-XAI-skin-lesion/outputs/pilot/pseudo_concepts/npz/ham10000/ISIC_0027758.npz
ham10000,ISIC_0027758,gradcam,border_default,20,0.0015943877551017232,0.0031836994587704586,0.0,0.0,-0.01837677658250403,0.0015943877551020409,1.0,/home/tbeliere/Projects/DCU/2026-mcm-XAI-skin-lesion/outputs/pilot/xai_maps/gradcam/ham10000_ISIC_0027758.npy,/home/tbeliere/Projects/DCU/2026-mcm-XAI-skin-lesion/outputs/pilot/pseudo_concepts/npz/ham10000/ISIC_0027758.npz
ham10000,ISIC_0027758,gradcam,border_w8_dil2_sigma5,20,0.0015943877551017232,0.0031836994587704586,0.0,0.0,-0.01837677658250403,0.0015943877551020409,1.0,/home/tbeliere/Projects/DCU/2026-mcm-XAI-skin-lesion/outputs/pilot/xai_maps/gradcam/ham10000_ISIC_0027758.npy,/home/tbeliere/Projects/DCU/2026-mcm-XAI-skin-lesion/outputs/pilot/pseudo_concepts/npz/ham10000/ISIC_0027758.npz
ham10000,ISIC_0027758,gradcam,border_w12_dil4_sigma8,20,0.004623724489794997,0.009204888112996112,0.0,0.0,-0.021106959895285538,0.004623724489795918,1.0,/home/tbeliere/Projects/DCU/2026-mcm-XAI-skin-lesion/outputs/pilot/xai_maps/gradcam/ham10000_ISIC_0027758.npy,/home/tbeliere/Projects/DCU/2026-mcm-XAI-skin-lesion/outputs/pilot/pseudo_concepts/npz/ham10000/ISIC_0027758.npz
ham10000,ISIC_0027758,gradcam,border_w16_dil6_sigma10,20,0.006915656887753724,0.013736318112540084,0.0,0.0,-0.024019032004591975,0.006915656887755102,1.0,/home/tbeliere/Projects/DCU/2026-mcm-XAI-skin-lesion/outputs/pilot/xai_maps/gradcam/ham10000_ISIC_0027758.npy,/home/tbeliere/Projects/DCU/2026-mcm-XAI-skin-lesion/outputs/pilot/pseudo_concepts/npz/ham10000/ISIC_0027758.npz
ham10000,ISIC_0027758,gradcam,border_w16_dil6_sigma10_dist,20,0.0056600765306111175,0.011256440745142439,0.0,0.0,-0.02246808340388856,0.005660076530612245,1.0,/home/tbeliere/Projects/DCU/2026-mcm-XAI-skin-lesion/outputs/pilot/xai_maps/gradcam/ham10000_ISIC_0027758.npy,/home/tbeliere/Projects/DCU/2026-mcm-XAI-skin-lesion/outputs/pilot/pseudo_concepts/npz/ham10000/ISIC_0027758.npz
ham10000,ISIC_0027758,gradcam,colour_heterogeneity,20,0.019411670918363478,0.0380840664711558,0.017578124999828342,0.9038536584441027,0.2750675988228005,0.019411670918367346,1.0,/home/tbeliere/Projects/DCU/2026-mcm-XAI-skin-lesion/outputs/pilot/xai_maps/gradcam/ham10000_ISIC_0027758.npy,/home/tbeliere/Projects/DCU/2026-mcm-XAI-skin-lesion/outputs/pilot/pseudo_concepts/npz/ham10000/ISIC_0027758.npz
ham10000,ISIC_0027758,lime,asymmetry,20,0.01663075049189154,0.03271738629555488,0.01717565246532731,1.1706899584743948,0.0391171520911,0.014708227040816327,0.8502869897959183,/home/tbeliere/Projects/DCU/2026-mcm-XAI-skin-lesion/outputs/pilot/xai_maps/lime/ham10000_ISIC_0027758.npy,/home/tbeliere/Projects/DCU/2026-mcm-XAI-skin-lesion/outputs/pilot/pseudo_concepts/npz/ham10000/ISIC_0027758.npz
ham10000,ISIC_0027758,lime,border_default,20,0.0018751171948242372,0.0037432154220466635,0.0018222948347359463,1.1432042247605765,0.022499672614073457,0.0015943877551020409,0.8502869897959183,/home/tbeliere/Projects/DCU/2026-mcm-XAI-skin-lesion/outputs/pilot/xai_maps/lime/ham10000_ISIC_0027758.npy,/home/tbeliere/Projects/DCU/2026-mcm-XAI-skin-lesion/outputs/pilot/pseudo_concepts/npz/ham10000/ISIC_0027758.npz
ham10000,ISIC_0027758,lime,border_w8_dil2_sigma5,20,0.0018751171948242372,0.0037432154220466635,0.0018222948347359463,1.1432042247605765,0.022499672614073457,0.0015943877551020409,0.8502869897959183,/home/tbeliere/Projects/DCU/2026-mcm-XAI-skin-lesion/outputs/pilot/xai_maps/lime/ham10000_ISIC_0027758.npy,/home/tbeliere/Projects/DCU/2026-mcm-XAI-skin-lesion/outputs/pilot/pseudo_concepts/npz/ham10000/ISIC_0027758.npz
ham10000,ISIC_0027758,lime,border_w12_dil4_sigma8,20,0.005437839864990288,0.010816859380825529,0.00492229064555112,1.0648919748790617,0.022036958385721547,0.004623724489795918,0.8502869897959183,/home/tbeliere/Projects/DCU/2026-mcm-XAI-skin-lesion/outputs/pilot/xai_maps/lime/ham10000_ISIC_0027758.npy,/home/tbeliere/Projects/DCU/2026-mcm-XAI-skin-lesion/outputs/pilot/pseudo_concepts/npz/ham10000/ISIC_0027758.npz
ham10000,ISIC_0027758,lime,border_w16_dil6_sigma10,20,0.008086063844745679,0.016042407756151674,0.0076033681035534316,1.1002045804418308,0.023880025695781012,0.006915656887755102,0.8502869897959183,/home/tbeliere/Projects/DCU/2026-mcm-XAI-skin-lesion/outputs/pilot/xai_maps/lime/ham10000_ISIC_0027758.npy,/home/tbeliere/Projects/DCU/2026-mcm-XAI-skin-lesion/outputs/pilot/pseudo_concepts/npz/ham10000/ISIC_0027758.npz
ham10000,ISIC_0027758,lime,border_w16_dil6_sigma10_dist,20,0.006656666041626042,0.013225295706432612,0.006137153868708417,1.0848085663642888,0.024263362737255243,0.005660076530612245,0.8502869897959183,/home/tbeliere/Projects/DCU/2026-mcm-XAI-skin-lesion/outputs/pilot/xai_maps/lime/ham10000_ISIC_0027758.npy,/home/tbeliere/Projects/DCU/2026-mcm-XAI-skin-lesion/outputs/pilot/pseudo_concepts/npz/ham10000/ISIC_0027758.npz
ham10000,ISIC_0027758,lime,colour_heterogeneity,20,0.01862745098038781,0.03657362848892329,0.018139164676796892,0.9332353037286407,-0.12284178696609256,0.019411670918367346,0.8502869897959183,/home/tbeliere/Projects/DCU/2026-mcm-XAI-skin-lesion/outputs/pilot/xai_maps/lime/ham10000_ISIC_0027758.npy,/home/tbeliere/Projects/DCU/2026-mcm-XAI-skin-lesion/outputs/pilot/pseudo_concepts/npz/ham10000/ISIC_0027758.npz
ham10000,ISIC_0027758,shap,asymmetry,20,0.03327898724462139,0.06441433079630182,0.025791146470655696,1.7734665407229304,0.1012375028623101,0.014708227040816327,0.20001594387755103,/home/tbeliere/Projects/DCU/2026-mcm-XAI-skin-lesion/outputs/pilot/xai_maps/shap/ham10000_ISIC_0027758.npy,/home/tbeliere/Projects/DCU/2026-mcm-XAI-skin-lesion/outputs/pilot/pseudo_concepts/npz/ham10000/ISIC_0027758.npz
ham10000,ISIC_0027758,shap,border_default,20,0.004468275245750702,0.008896797153016115,0.0035905124551652537,2.256480278110721,0.11101648662121474,0.0015943877551020409,0.20001594387755103,/home/tbeliere/Projects/DCU/2026-mcm-XAI-skin-lesion/outputs/pilot/xai_maps/shap/ham10000_ISIC_0027758.npy,/home/tbeliere/Projects/DCU/2026-mcm-XAI-skin-lesion/outputs/pilot/pseudo_concepts/npz/ham10000/ISIC_0027758.npz
ham10000,ISIC_0027758,shap,border_w8_dil2_sigma5,20,0.004468275245750702,0.008896797153016115,0.0035905124551652537,2.256480278110721,0.11101648662121474,0.0015943877551020409,0.20001594387755103,/home/tbeliere/Projects/DCU/2026-mcm-XAI-skin-lesion/outputs/pilot/xai_maps/shap/ham10000_ISIC_0027758.npy,/home/tbeliere/Projects/DCU/2026-mcm-XAI-skin-lesion/outputs/pilot/pseudo_concepts/npz/ham10000/ISIC_0027758.npz
ham10000,ISIC_0027758,shap,border_w12_dil4_sigma8,20,0.010132808657146941,0.020062329567569086,0.009253415450347923,2.0106416442903976,0.13416393635892032,0.004623724489795918,0.20001594387755103,/home/tbeliere/Projects/DCU/2026-mcm-XAI-skin-lesion/outputs/pilot/xai_maps/shap/ham10000_ISIC_0027758.npy,/home/tbeliere/Projects/DCU/2026-mcm-XAI-skin-lesion/outputs/pilot/pseudo_concepts/npz/ham10000/ISIC_0027758.npz
ham10000,ISIC_0027758,shap,border_w16_dil6_sigma10,20,0.016147974163225533,0.0317827217566871,0.013629463073333088,1.9842265976810873,0.15641876572079097,0.006915656887755102,0.20001594387755103,/home/tbeliere/Projects/DCU/2026-mcm-XAI-skin-lesion/outputs/pilot/xai_maps/shap/ham10000_ISIC_0027758.npy,/home/tbeliere/Projects/DCU/2026-mcm-XAI-skin-lesion/outputs/pilot/pseudo_concepts/npz/ham10000/ISIC_0027758.npz
ham10000,ISIC_0027758,shap,border_w16_dil6_sigma10_dist,20,0.012360211889334548,0.02441860465113913,0.011183612713551878,1.9869133797541518,0.14280915731039226,0.005660076530612245,0.20001594387755103,/home/tbeliere/Projects/DCU/2026-mcm-XAI-skin-lesion/outputs/pilot/xai_maps/shap/ham10000_ISIC_0027758.npy,/home/tbeliere/Projects/DCU/2026-mcm-XAI-skin-lesion/outputs/pilot/pseudo_concepts/npz/ham10000/ISIC_0027758.npz
ham10000,ISIC_0027758,shap,colour_heterogeneity,20,0.04320636725408072,0.08283378746586481,0.03209635463160705,1.675125281028416,0.3968936576325437,0.019411670918367346,0.20001594387755103,/home/tbeliere/Projects/DCU/2026-mcm-XAI-skin-lesion/outputs/pilot/xai_maps/shap/ham10000_ISIC_0027758.npy,/home/tbeliere/Projects/DCU/2026-mcm-XAI-skin-lesion/outputs/pilot/pseudo_concepts/npz/ham10000/ISIC_0027758.npz
ham10000,ISIC_0029467,gradcam,asymmetry,20,0.015764508928568288,0.03103969234994584,0.0003419500589800056,0.0213564783141033,-0.021320166666379998,0.015764508928571428,1.0,/home/tbeliere/Projects/DCU/2026-mcm-XAI-skin-lesion/outputs/pilot/xai_maps/gradcam/ham10000_ISIC_0029467.npy,/home/tbeliere/Projects/DCU/2026-mcm-XAI-skin-lesion/outputs/pilot/pseudo_concepts/npz/ham10000/ISIC_0029467.npz
ham10000,ISIC_0029467,gradcam,border_default,20,0.0008171237244896331,0.001632913156898733,0.00010880228595045093,0.13305841438841656,-0.020019478952983002,0.000817123724489796,1.0,/home/tbeliere/Projects/DCU/2026-mcm-XAI-skin-lesion/outputs/pilot/xai_maps/gradcam/ham10000_ISIC_0029467.npy,/home/tbeliere/Projects/DCU/2026-mcm-XAI-skin-lesion/outputs/pilot/pseudo_concepts/npz/ham10000/ISIC_0029467.npz
ham10000,ISIC_0029467,gradcam,border_w8_dil2_sigma5,20,0.0008171237244896331,0.001632913156898733,0.00010880228595045093,0.13305841438841656,-0.020019478952983002,0.000817123724489796,1.0,/home/tbeliere/Projects/DCU/2026-mcm-XAI-skin-lesion/outputs/pilot/xai_maps/gradcam/ham10000_ISIC_0029467.npy,/home/tbeliere/Projects/DCU/2026-mcm-XAI-skin-lesion/outputs/pilot/pseudo_concepts/npz/ham10000/ISIC_0029467.npz
ham10000,ISIC_0029467,gradcam,border_w12_dil4_sigma8,20,0.001215720663265064,0.0024284889623181266,0.00023314774863953096,0.191588868201082,-0.02525651753232702,0.0012157206632653062,1.0,/home/tbeliere/Projects/DCU/2026-mcm-XAI-skin-lesion/outputs/pilot/xai_maps/gradcam/ham10000_ISIC_0029467.npy,/home/tbeliere/Projects/DCU/2026-mcm-XAI-skin-lesion/outputs/pilot/pseudo_concepts/npz/ham10000/ISIC_0029467.npz
ham10000,ISIC_0029467,gradcam,border_w16_dil6_sigma10,20,0.001853475765305753,0.003700093496985478,0.000338064289185372,0.18211819722963393,-0.029093214854945145,0.0018534757653061226,1.0,/home/tbeliere/Projects/DCU/2026-mcm-XAI-skin-lesion/outputs/pilot/xai_maps/gradcam/ham10000_ISIC_0029467.npy,/home/tbeliere/Projects/DCU/2026-mcm-XAI-skin-lesion/outputs/pilot/pseudo_concepts/npz/ham10000/ISIC_0029467.npz
ham10000,ISIC_0029467,gradcam,border_w16_dil6_sigma10_dist,20,0.0016342474489792662,0.0032631620836477255,0.00030697791131809016,0.18759109402842647,-0.027113443060791675,0.001634247448979592,1.0,/home/tbeliere/Projects/DCU/2026-mcm-XAI-skin-lesion/outputs/pilot/xai_maps/gradcam/ham10000_ISIC_0029467.npy,/home/tbeliere/Projects/DCU/2026-mcm-XAI-skin-lesion/outputs/pilot/pseudo_concepts/npz/ham10000/ISIC_0029467.npz
ham10000,ISIC_0029467,gradcam,colour_heterogeneity,20,0.03286431760203427,0.06363724071392887,0.035532866306677055,1.084190078457358,0.24398133759649168,0.03286431760204082,1.0,/home/tbeliere/Projects/DCU/2026-mcm-XAI-skin-lesion/outputs/pilot/xai_maps/gradcam/ham10000_ISIC_0029467.npy,/home/tbeliere/Projects/DCU/2026-mcm-XAI-skin-lesion/outputs/pilot/pseudo_concepts/npz/ham10000/ISIC_0029467.npz
ham10000,ISIC_0029467,lime,asymmetry,20,0.01502950819671737,0.029613933536609228,0.01379076853627636,0.8730476990747486,-0.023372739952161343,0.015764508928571428,0.7554807079081632,/home/tbeliere/Projects/DCU/2026-mcm-XAI-skin-lesion/outputs/pilot/xai_maps/lime/ham10000_ISIC_0029467.npy,/home/tbeliere/Projects/DCU/2026-mcm-XAI-skin-lesion/outputs/pilot/pseudo_concepts/npz/ham10000/ISIC_0029467.npz
ham10000,ISIC_0029467,lime,border_default,20,0.0008175752301076516,0.0016338146937910738,0.0007222661099195476,0.8838288106603293,-0.015106366559903118,0.000817123724489796,0.7554807079081632,/home/tbeliere/Projects/DCU/2026-mcm-XAI-skin-lesion/outputs/pilot/xai_maps/lime/ham10000_ISIC_0029467.npy,/home/tbeliere/Projects/DCU/2026-mcm-XAI-skin-lesion/outputs/pilot/pseudo_concepts/npz/ham10000/ISIC_0029467.npz
ham10000,ISIC_0029467,lime,border_w8_dil2_sigma5,20,0.0008175752301076516,0.0016338146937910738,0.0007222661099195476,0.8838288106603293,-0.015106366559903118,0.000817123724489796,0.7554807079081632,/home/tbeliere/Projects/DCU/2026-mcm-XAI-skin-lesion/outputs/pilot/xai_maps/lime/ham10000_ISIC_0029467.npy,/home/tbeliere/Projects/DCU/2026-mcm-XAI-skin-lesion/outputs/pilot/pseudo_concepts/npz/ham10000/ISIC_0029467.npz
ham10000,ISIC_0029467,lime,border_w12_dil4_sigma8,20,0.001609201466747142,0.0032132321955322344,0.0013768197720341374,1.1326959220723267,-0.019700528676977944,0.0012157206632653062,0.7554807079081632,/home/tbeliere/Projects/DCU/2026-mcm-XAI-skin-lesion/outputs/pilot/xai_maps/lime/ham10000_ISIC_0029467.npy,/home/tbeliere/Projects/DCU/2026-mcm-XAI-skin-lesion/outputs/pilot/pseudo_concepts/npz/ham10000/ISIC_0029467.npz
ham10000,ISIC_0029467,lime,border_w16_dil6_sigma10,20,0.0024533727279915443,0.004894736842103975,0.002099085881953685,1.1327919800072979,-0.019786256148043423,0.0018534757653061226,0.7554807079081632,/home/tbeliere/Projects/DCU/2026-mcm-XAI-skin-lesion/outputs/pilot/xai_maps/lime/ham10000_ISIC_0029467.npy,/home/tbeliere/Projects/DCU/2026-mcm-XAI-skin-lesion/outputs/pilot/pseudo_concepts/npz/ham10000/ISIC_0029467.npz
ham10000,ISIC_0029467,lime,border_w16_dil6_sigma10_dist,20,0.002163188856938781,0.004317039142908654,0.0018508069066688405,1.1327589391342268,-0.012894509835803971,0.001634247448979592,0.7554807079081632,/home/tbeliere/Projects/DCU/2026-mcm-XAI-skin-lesion/outputs/pilot/xai_maps/lime/ham10000_ISIC_0029467.npy,/home/tbeliere/Projects/DCU/2026-mcm-XAI-skin-lesion/outputs/pilot/pseudo_concepts/npz/ham10000/ISIC_0029467.npz
ham10000,ISIC_0029467,lime,colour_heterogeneity,20,0.030533555648178792,0.05925776114873616,0.029454914795156547,0.8931097903141031,-0.21712861547412077,0.03286431760204082,0.7554807079081632,/home/tbeliere/Projects/DCU/2026-mcm-XAI-skin-lesion/outputs/pilot/xai_maps/lime/ham10000_ISIC_0029467.npy,/home/tbeliere/Projects/DCU/2026-mcm-XAI-skin-lesion/outputs/pilot/pseudo_concepts/npz/ham10000/ISIC_0029467.npz
ham10000,ISIC_0029467,shap,asymmetry,20,0.036870331354111406,0.07111850004611515,0.02537429941616779,1.6254544217848481,0.06864391524611992,0.015764508928571428,0.20001594387755103,/home/tbeliere/Projects/DCU/2026-mcm-XAI-skin-lesion/outputs/pilot/xai_maps/shap/ham10000_ISIC_0029467.npy,/home/tbeliere/Projects/DCU/2026-mcm-XAI-skin-lesion/outputs/pilot/pseudo_concepts/npz/ham10000/ISIC_0029467.npz
ham10000,ISIC_0029467,shap,border_default,20,0.000993344591237714,0.0019847176739089165,0.0007940794546583338,0.9717757653929211,0.04746083841870158,0.000817123724489796,0.20001594387755103,/home/tbeliere/Projects/DCU/2026-mcm-XAI-skin-lesion/outputs/pilot/xai_maps/shap/ham10000_ISIC_0029467.npy,/home/tbeliere/Projects/DCU/2026-mcm-XAI-skin-lesion/outputs/pilot/pseudo_concepts/npz/ham10000/ISIC_0029467.npz
ham10000,ISIC_0029467,shap,border_w8_dil2_sigma5,20,0.000993344591237714,0.0019847176739089165,0.0007940794546583338,0.9717757653929211,0.04746083841870158,0.000817123724489796,0.20001594387755103,/home/tbeliere/Projects/DCU/2026-mcm-XAI-skin-lesion/outputs/pilot/xai_maps/shap/ham10000_ISIC_0029467.npy,/home/tbeliere/Projects/DCU/2026-mcm-XAI-skin-lesion/outputs/pilot/pseudo_concepts/npz/ham10000/ISIC_0029467.npz
ham10000,ISIC_0029467,shap,border_w12_dil4_sigma8,20,0.0008921490880244923,0.0017827077349690176,0.0010863734615977883,0.8934886758378918,0.06532623203764595,0.0012157206632653062,0.20001594387755103,/home/tbeliere/Projects/DCU/2026-mcm-XAI-skin-lesion/outputs/pilot/xai_maps/shap/ham10000_ISIC_0029467.npy,/home/tbeliere/Projects/DCU/2026-mcm-XAI-skin-lesion/outputs/pilot/pseudo_concepts/npz/ham10000/ISIC_0029467.npz
ham10000,ISIC_0029467,shap,border_w16_dil6_sigma10,20,0.0012850929221023277,0.002566887155689044,0.0016213508933832855,0.8745589394037317,0.08431107302280832,0.0018534757653061226,0.20001594387755103,/home/tbeliere/Projects/DCU/2026-mcm-XAI-skin-lesion/outputs/pilot/xai_maps/shap/ham10000_ISIC_0029467.npy,/home/tbeliere/Projects/DCU/2026-mcm-XAI-skin-lesion/outputs/pilot/pseudo_concepts/npz/ham10000/ISIC_0029467.npz
ham10000,ISIC_0029467,shap,border_w16_dil6_sigma10_dist,20,0.000989315393746548,0.001976675232257386,0.001424284895398134,0.8713400618948831,0.07276330029812758,0.001634247448979592,0.20001594387755103,/home/tbeliere/Projects/DCU/2026-mcm-XAI-skin-lesion/outputs/pilot/xai_maps/shap/ham10000_ISIC_0029467.npy,/home/tbeliere/Projects/DCU/2026-mcm-XAI-skin-lesion/outputs/pilot/pseudo_concepts/npz/ham10000/ISIC_0029467.npz
ham10000,ISIC_0029467,shap,colour_heterogeneity,20,0.07133033831477828,0.13316217372688646,0.054470126564975074,1.695297226520833,0.42987319361268317,0.03286431760204082,0.20001594387755103,/home/tbeliere/Projects/DCU/2026-mcm-XAI-skin-lesion/outputs/pilot/xai_maps/shap/ham10000_ISIC_0029467.npy,/home/tbeliere/Projects/DCU/2026-mcm-XAI-skin-lesion/outputs/pilot/pseudo_concepts/npz/ham10000/ISIC_0029467.npz
ham10000,ISIC_0025216,gradcam,asymmetry,20,0.02626753826530089,0.0511904299529943,0.0,0.0,0.0,0.02626753826530612,1.0,/home/tbeliere/Projects/DCU/2026-mcm-XAI-skin-lesion/outputs/pilot/xai_maps/gradcam/ham10000_ISIC_0025216.npy,/home/tbeliere/Projects/DCU/2026-mcm-XAI-skin-lesion/outputs/pilot/pseudo_concepts/npz/ham10000/ISIC_0025216.npz
ham10000,ISIC_0025216,gradcam,border_default,20,0.0005779655612243746,0.0011552634199778597,0.0,0.0,0.0,0.0005779655612244898,1.0,/home/tbeliere/Projects/DCU/2026-mcm-XAI-skin-lesion/outputs/pilot/xai_maps/gradcam/ham10000_ISIC_0025216.npy,/home/tbeliere/Projects/DCU/2026-mcm-XAI-skin-lesion/outputs/pilot/pseudo_concepts/npz/ham10000/ISIC_0025216.npz
ham10000,ISIC_0025216,gradcam,border_w8_dil2_sigma5,20,0.0005779655612243746,0.0011552634199778597,0.0,0.0,0.0,0.0005779655612244898,1.0,/home/tbeliere/Projects/DCU/2026-mcm-XAI-skin-lesion/outputs/pilot/xai_maps/gradcam/ham10000_ISIC_0025216.npy,/home/tbeliere/Projects/DCU/2026-mcm-XAI-skin-lesion/outputs/pilot/pseudo_concepts/npz/ham10000/ISIC_0025216.npz
ham10000,ISIC_0025216,gradcam,border_w12_dil4_sigma8,20,0.0009566326530610339,0.0019114367633000337,0.0,0.0,0.0,0.0009566326530612245,1.0,/home/tbeliere/Projects/DCU/2026-mcm-XAI-skin-lesion/outputs/pilot/xai_maps/gradcam/ham10000_ISIC_0025216.npy,/home/tbeliere/Projects/DCU/2026-mcm-XAI-skin-lesion/outputs/pilot/pseudo_concepts/npz/ham10000/ISIC_0025216.npz
ham10000,ISIC_0025216,gradcam,border_w16_dil6_sigma10,20,0.001335299744897693,0.0026670381943748054,0.0,0.0,0.0,0.0013352997448979591,1.0,/home/tbeliere/Projects/DCU/2026-mcm-XAI-skin-lesion/outputs/pilot/xai_maps/gradcam/ham10000_ISIC_0025216.npy,/home/tbeliere/Projects/DCU/2026-mcm-XAI-skin-lesion/outputs/pilot/pseudo_concepts/npz/ham10000/ISIC_0025216.npz
ham10000,ISIC_0025216,gradcam,border_w16_dil6_sigma10_dist,20,0.001175860969387521,0.00234895988852347,0.0,0.0,0.0,0.001175860969387755,1.0,/home/tbeliere/Projects/DCU/2026-mcm-XAI-skin-lesion/outputs/pilot/xai_maps/gradcam/ham10000_ISIC_0025216.npy,/home/tbeliere/Projects/DCU/2026-mcm-XAI-skin-lesion/outputs/pilot/pseudo_concepts/npz/ham10000/ISIC_0025216.npz
ham10000,ISIC_0025216,gradcam,colour_heterogeneity,20,0.024513711734688994,0.04785433606971018,0.0,0.0,0.0,0.02451371173469388,1.0,/home/tbeliere/Projects/DCU/2026-mcm-XAI-skin-lesion/outputs/pilot/xai_maps/gradcam/ham10000_ISIC_0025216.npy,/home/tbeliere/Projects/DCU/2026-mcm-XAI-skin-lesion/outputs/pilot/pseudo_concepts/npz/ham10000/ISIC_0025216.npz
ham10000,ISIC_0025216,lime,asymmetry,20,0.029996915484261262,0.05824661226321823,0.0313230368888845,1.1986852632684228,0.05202493331127174,0.02626753826530612,0.7723413584183674,/home/tbeliere/Projects/DCU/2026-mcm-XAI-skin-lesion/outputs/pilot/xai_maps/lime/ham10000_ISIC_0025216.npy,/home/tbeliere/Projects/DCU/2026-mcm-XAI-skin-lesion/outputs/pilot/pseudo_concepts/npz/ham10000/ISIC_0025216.npz
ham10000,ISIC_0025216,lime,border_default,20,0.000619226998296966,0.0012376875870245894,0.0005782714502563293,1.0005295478178515,0.029124201054601503,0.0005779655612244898,0.7723413584183674,/home/tbeliere/Projects/DCU/2026-mcm-XAI-skin-lesion/outputs/pilot/xai_maps/lime/ham10000_ISIC_0025216.npy,/home/tbeliere/Projects/DCU/2026-mcm-XAI-skin-lesion/outputs/pilot/pseudo_concepts/npz/ham10000/ISIC_0025216.npz
ham10000,ISIC_0025216,lime,border_w8_dil2_sigma5,20,0.000619226998296966,0.0012376875870245894,0.0005782714502563293,1.0005295478178515,0.029124201054601503,0.0005779655612244898,0.7723413584183674,/home/tbeliere/Projects/DCU/2026-mcm-XAI-skin-lesion/outputs/pilot/xai_maps/lime/ham10000_ISIC_0025216.npy,/home/tbeliere/Projects/DCU/2026-mcm-XAI-skin-lesion/outputs/pilot/pseudo_concepts/npz/ham10000/ISIC_0025216.npz
ham10000,ISIC_0025216,lime,border_w12_dil4_sigma8,20,0.0012386137847389266,0.0024741630370344906,0.0011806375442733389,1.2344366226330636,0.03999439778803971,0.0009566326530612245,0.7723413584183674,/home/tbeliere/Projects/DCU/2026-mcm-XAI-skin-lesion/outputs/pilot/xai_maps/lime/ham10000_ISIC_0025216.npy,/home/tbeliere/Projects/DCU/2026-mcm-XAI-skin-lesion/outputs/pilot/pseudo_concepts/npz/ham10000/ISIC_0025216.npz
ham10000,ISIC_0025216,lime,border_w16_dil6_sigma10,20,0.0017288984078647515,0.0034518289541464577,0.0016143411319655859,1.2093107582528717,0.036593933423810475,0.0013352997448979591,0.7723413584183674,/home/tbeliere/Projects/DCU/2026-mcm-XAI-skin-lesion/outputs/pilot/xai_maps/lime/ham10000_ISIC_0025216.npy,/home/tbeliere/Projects/DCU/2026-mcm-XAI-skin-lesion/outputs/pilot/pseudo_concepts/npz/ham10000/ISIC_0025216.npz
ham10000,ISIC_0025216,lime,border_w16_dil6_sigma10_dist,20,0.0015224627770749305,0.003040296815417129,0.0014215839818801429,1.2092703137601484,0.040334863146095246,0.001175860969387755,0.7723413584183674,/home/tbeliere/Projects/DCU/2026-mcm-XAI-skin-lesion/outputs/pilot/xai_maps/lime/ham10000_ISIC_0025216.npy,/home/tbeliere/Projects/DCU/2026-mcm-XAI-skin-lesion/outputs/pilot/pseudo_concepts/npz/ham10000/ISIC_0025216.npz
ham10000,ISIC_0025216,lime,colour_heterogeneity,20,0.023682728250288373,0.0462696646074466,0.025347565236235766,1.034900409750226,-0.35814042024947235,0.02451371173469388,0.7723413584183674,/home/tbeliere/Projects/DCU/2026-mcm-XAI-skin-lesion/outputs/pilot/xai_maps/lime/ham10000_ISIC_0025216.npy,/home/tbeliere/Projects/DCU/2026-mcm-XAI-skin-lesion/outputs/pilot/pseudo_concepts/npz/ham10000/ISIC_0025216.npz
ham10000,ISIC_0025216,shap,asymmetry,20,0.031994182875811676,0.0620045798836868,0.031148230049489713,1.1917802702897498,0.02885402975730215,0.02626753826530612,0.20001594387755103,/home/tbeliere/Projects/DCU/2026-mcm-XAI-skin-lesion/outputs/pilot/xai_maps/shap/ham10000_ISIC_0025216.npy,/home/tbeliere/Projects/DCU/2026-mcm-XAI-skin-lesion/outputs/pilot/pseudo_concepts/npz/ham10000/ISIC_0025216.npz
ham10000,ISIC_0025216,shap,border_default,20,9.936406995220651e-05,0.00019870839542950947,0.00033779138835026817,0.5843084470615618,0.017957865660898117,0.0005779655612244898,0.20001594387755103,/home/tbeliere/Projects/DCU/2026-mcm-XAI-skin-lesion/outputs/pilot/xai_maps/shap/ham10000_ISIC_0025216.npy,/home/tbeliere/Projects/DCU/2026-mcm-XAI-skin-lesion/outputs/pilot/pseudo_concepts/npz/ham10000/ISIC_0025216.npz
ham10000,ISIC_0025216,shap,border_w8_dil2_sigma5,20,9.936406995220651e-05,0.00019870839542950947,0.00033779138835026817,0.5843084470615618,0.017957865660898117,0.0005779655612244898,0.20001594387755103,/home/tbeliere/Projects/DCU/2026-mcm-XAI-skin-lesion/outputs/pilot/xai_maps/shap/ham10000_ISIC_0025216.npy,/home/tbeliere/Projects/DCU/2026-mcm-XAI-skin-lesion/outputs/pilot/pseudo_concepts/npz/ham10000/ISIC_0025216.npz
ham10000,ISIC_0025216,shap,border_w12_dil4_sigma8,20,9.917683229187823e-05,0.00019833399444645146,0.0005447007977581404,0.5691590885164306,0.024557089219599575,0.0009566326530612245,0.20001594387755103,/home/tbeliere/Projects/DCU/2026-mcm-XAI-skin-lesion/outputs/pilot/xai_maps/shap/ham10000_ISIC_0025216.npy,/home/tbeliere/Projects/DCU/2026-mcm-XAI-skin-lesion/outputs/pilot/pseudo_concepts/npz/ham10000/ISIC_0025216.npz
ham10000,ISIC_0025216,shap,border_w16_dil6_sigma10,20,9.899029895060483e-05,0.00019796100168247255,0.0008105841608925204,0.6067239673984791,0.038262343180481384,0.0013352997448979591,0.20001594387755103,/home/tbeliere/Projects/DCU/2026-mcm-XAI-skin-lesion/outputs/pilot/xai_maps/shap/ham10000_ISIC_0025216.npy,/home/tbeliere/Projects/DCU/2026-mcm-XAI-skin-lesion/outputs/pilot/pseudo_concepts/npz/ham10000/ISIC_0025216.npz
ham10000,ISIC_0025216,shap,border_w16_dil6_sigma10_dist,20,9.906875371498011e-05,0.00019811788013848625,0.0006787987694438717,0.5769908204362928,0.03191637794445579,0.001175860969387755,0.20001594387755103,/home/tbeliere/Projects/DCU/2026-mcm-XAI-skin-lesion/outputs/pilot/xai_maps/shap/ham10000_ISIC_0025216.npy,/home/tbeliere/Projects/DCU/2026-mcm-XAI-skin-lesion/outputs/pilot/pseudo_concepts/npz/ham10000/ISIC_0025216.npz
ham10000,ISIC_0025216,shap,colour_heterogeneity,20,0.027732165663174844,0.053967690395833504,0.030303456940671818,1.2435645422254764,0.35595074888102934,0.02451371173469388,0.20001594387755103,/home/tbeliere/Projects/DCU/2026-mcm-XAI-skin-lesion/outputs/pilot/xai_maps/shap/ham10000_ISIC_0025216.npy,/home/tbeliere/Projects/DCU/2026-mcm-XAI-skin-lesion/outputs/pilot/pseudo_concepts/npz/ham10000/ISIC_0025216.npz
ham10000,ISIC_0033225,gradcam,asymmetry,20,0.040305397727236944,0.07748762587465652,0.06285944779049976,2.210051978914747,0.07970267343957393,0.029456313775510203,0.20408163265306123,/home/tbeliere/Projects/DCU/2026-mcm-XAI-skin-lesion/outputs/pilot/xai_maps/gradcam/ham10000_ISIC_0033225.npy,/home/tbeliere/Projects/DCU/2026-mcm-XAI-skin-lesion/outputs/pilot/pseudo_concepts/npz/ham10000/ISIC_0033225.npz
ham10000,ISIC_0033225,gradcam,border_default,20,9.6842920782397e-05,0.0001936670862784994,0.00022667856116493184,0.13053650333963104,0.018607335711601204,0.0017338966836734694,0.20408163265306123,/home/tbeliere/Projects/DCU/2026-mcm-XAI-skin-lesion/outputs/pilot/xai_maps/gradcam/ham10000_ISIC_0033225.npy,/home/tbeliere/Projects/DCU/2026-mcm-XAI-skin-lesion/outputs/pilot/pseudo_concepts/npz/ham10000/ISIC_0033225.npz
ham10000,ISIC_0033225,gradcam,border_w8_dil2_sigma5,20,9.6842920782397e-05,0.0001936670862784994,0.00022667856116493184,0.13053650333963104,0.018607335711601204,0.0017338966836734694,0.20408163265306123,/home/tbeliere/Projects/DCU/2026-mcm-XAI-skin-lesion/outputs/pilot/xai_maps/gradcam/ham10000_ISIC_0033225.npy,/home/tbeliere/Projects/DCU/2026-mcm-XAI-skin-lesion/outputs/pilot/pseudo_concepts/npz/ham10000/ISIC_0033225.npz
ham10000,ISIC_0033225,gradcam,border_w12_dil4_sigma8,20,0.0009659036028195055,0.0019299430666776705,0.0008849496829164485,0.36043592511724404,0.023890879572819993,0.0024513711734693877,0.20408163265306123,/home/tbeliere/Projects/DCU/2026-mcm-XAI-skin-lesion/outputs/pilot/xai_maps/gradcam/ham10000_ISIC_0033225.npy,/home/tbeliere/Projects/DCU/2026-mcm-XAI-skin-lesion/outputs/pilot/pseudo_concepts/npz/ham10000/ISIC_0033225.npz
ham10000,ISIC_0033225,gradcam,border_w16_dil6_sigma10,20,0.0002892960462870884,0.000578424756579024,0.00032241086024171784,0.12135046014369788,0.03619224576713107,0.002650669642857143,0.20408163265306123,/home/tbeliere/Projects/DCU/2026-mcm-XAI-skin-lesion/outputs/pilot/xai_maps/gradcam/ham10000_ISIC_0033225.npy,/home/tbeliere/Projects/DCU/2026-mcm-XAI-skin-lesion/outputs/pilot/pseudo_concepts/npz/ham10000/ISIC_0033225.npz
ham10000,ISIC_0033225,gradcam,border_w16_dil6_sigma10_dist,20,0.00028991109393091427,0.0005796541396960876,0.0003053286962003572,0.13775630517652704,0.029342996283348195,0.0022122130102040817,0.20408163265306123,/home/tbeliere/Projects/DCU/2026-mcm-XAI-skin-lesion/outputs/pilot/xai_maps/gradcam/ham10000_ISIC_0033225.npy,/home/tbeliere/Projects/DCU/2026-mcm-XAI-skin-lesion/outputs/pilot/pseudo_concepts/npz/ham10000/ISIC_0033225.npz
ham10000,ISIC_0033225,gradcam,colour_heterogeneity,20,0.08533546894457614,0.15725178322525435,0.12679423646084906,3.5777525257886995,0.4677473236610046,0.03900271045918367,0.20408163265306123,/home/tbeliere/Projects/DCU/2026-mcm-XAI-skin-lesion/outputs/pilot/xai_maps/gradcam/ham10000_ISIC_0033225.npy,/home/tbeliere/Projects/DCU/2026-mcm-XAI-skin-lesion/outputs/pilot/pseudo_concepts/npz/ham10000/ISIC_0033225.npz
ham10000,ISIC_0033225,lime,asymmetry,20,0.03475572979490745,0.06717668488155397,0.03150898631738714,1.0719524409413848,0.03245665024354018,0.029456313775510203,0.2440808354591837,/home/tbeliere/Projects/DCU/2026-mcm-XAI-skin-lesion/outputs/pilot/xai_maps/lime/ham10000_ISIC_0033225.npy,/home/tbeliere/Projects/DCU/2026-mcm-XAI-skin-lesion/outputs/pilot/pseudo_concepts/npz/ham10000/ISIC_0033225.npz
ham10000,ISIC_0033225,lime,border_default,20,0.004561003420748851,0.009080590238358131,0.0023237674282549567,1.3409918212012664,0.02431648454805183,0.0017338966836734694,0.2440808354591837,/home/tbeliere/Projects/DCU/2026-mcm-XAI-skin-lesion/outputs/pilot/xai_maps/lime/ham10000_ISIC_0033225.npy,/home/tbeliere/Projects/DCU/2026-mcm-XAI-skin-lesion/outputs/pilot/pseudo_concepts/npz/ham10000/ISIC_0033225.npz
ham10000,ISIC_0033225,lime,border_w8_dil2_sigma5,20,0.004561003420748851,0.009080590238358131,0.0023237674282549567,1.3409918212012664,0.02431648454805183,0.0017338966836734694,0.2440808354591837,/home/tbeliere/Projects/DCU/2026-mcm-XAI-skin-lesion/outputs/pilot/xai_maps/lime/ham10000_ISIC_0033225.npy,/home/tbeliere/Projects/DCU/2026-mcm-XAI-skin-lesion/outputs/pilot/pseudo_concepts/npz/ham10000/ISIC_0033225.npz
ham10000,ISIC_0033225,lime,border_w12_dil4_sigma8,20,0.006509357200971106,0.01293451899756432,0.003298774740809484,1.3468296449766208,0.04858485047193342,0.0024513711734693877,0.2440808354591837,/home/tbeliere/Projects/DCU/2026-mcm-XAI-skin-lesion/outputs/pilot/xai_maps/lime/ham10000_ISIC_0033225.npy,/home/tbeliere/Projects/DCU/2026-mcm-XAI-skin-lesion/outputs/pilot/pseudo_concepts/npz/ham10000/ISIC_0033225.npz
ham10000,ISIC_0033225,lime,border_w16_dil6_sigma10,20,0.007733007733001437,0.015347334410326858,0.0037050277877072038,1.399249661388275,0.07000648803943747,0.002650669642857143,0.2440808354591837,/home/tbeliere/Projects/DCU/2026-mcm-XAI-skin-lesion/outputs/pilot/xai_maps/lime/ham10000_ISIC_0033225.npy,/home/tbeliere/Projects/DCU/2026-mcm-XAI-skin-lesion/outputs/pilot/pseudo_concepts/npz/ham10000/ISIC_0033225.npz
ham10000,ISIC_0033225,lime,border_w16_dil6_sigma10_dist,20,0.006515719172498358,0.012947078815331811,0.0031037732782985784,1.4042721619201624,0.059756744763692186,0.0022122130102040817,0.2440808354591837,/home/tbeliere/Projects/DCU/2026-mcm-XAI-skin-lesion/outputs/pilot/xai_maps/lime/ham10000_ISIC_0033225.npy,/home/tbeliere/Projects/DCU/2026-mcm-XAI-skin-lesion/outputs/pilot/pseudo_concepts/npz/ham10000/ISIC_0033225.npz
ham10000,ISIC_0033225,lime,colour_heterogeneity,20,0.10382343798562027,0.1881160236551759,0.053511651337367634,1.3930299140079907,0.35229020169495767,0.03900271045918367,0.2440808354591837,/home/tbeliere/Projects/DCU/2026-mcm-XAI-skin-lesion/outputs/pilot/xai_maps/lime/ham10000_ISIC_0033225.npy,/home/tbeliere/Projects/DCU/2026-mcm-XAI-skin-lesion/outputs/pilot/pseudo_concepts/npz/ham10000/ISIC_0033225.npz
ham10000,ISIC_0033225,shap,asymmetry,20,0.05266044980796063,0.10005211047411841,0.042087051218003595,1.4476346023491833,0.05471178584290485,0.029456313775510203,0.20001594387755103,/home/tbeliere/Projects/DCU/2026-mcm-XAI-skin-lesion/outputs/pilot/xai_maps/shap/ham10000_ISIC_0033225.npy,/home/tbeliere/Projects/DCU/2026-mcm-XAI-skin-lesion/outputs/pilot/pseudo_concepts/npz/ham10000/ISIC_0033225.npz
ham10000,ISIC_0033225,shap,border_default,20,0.0019796100168247253,0.003951397806970313,0.0018164097394219906,1.0476744257954647,0.020902559910387156,0.0017338966836734694,0.20001594387755103,/home/tbeliere/Projects/DCU/2026-mcm-XAI-skin-lesion/outputs/pilot/xai_maps/shap/ham10000_ISIC_0033225.npy,/home/tbeliere/Projects/DCU/2026-mcm-XAI-skin-lesion/outputs/pilot/pseudo_concepts/npz/ham10000/ISIC_0033225.npz
ham10000,ISIC_0033225,shap,border_w8_dil2_sigma5,20,0.0019796100168247253,0.003951397806970313,0.0018164097394219906,1.0476744257954647,0.020902559910387156,0.0017338966836734694,0.20001594387755103,/home/tbeliere/Projects/DCU/2026-mcm-XAI-skin-lesion/outputs/pilot/xai_maps/shap/ham10000_ISIC_0033225.npy,/home/tbeliere/Projects/DCU/2026-mcm-XAI-skin-lesion/outputs/pilot/pseudo_concepts/npz/ham10000/ISIC_0033225.npz
ham10000,ISIC_0033225,shap,border_w12_dil4_sigma8,20,0.0024669429642762315,0.004921744266163085,0.002311607587772431,0.9428528580290696,0.02952755356580588,0.0024513711734693877,0.20001594387755103,/home/tbeliere/Projects/DCU/2026-mcm-XAI-skin-lesion/outputs/pilot/xai_maps/shap/ham10000_ISIC_0033225.npy,/home/tbeliere/Projects/DCU/2026-mcm-XAI-skin-lesion/outputs/pilot/pseudo_concepts/npz/ham10000/ISIC_0033225.npz
ham10000,ISIC_0033225,shap,border_w16_dil6_sigma10,20,0.0014772503446902922,0.0029501425902222927,0.002185248228916835,0.824028779068787,0.043428696135657224,0.002650669642857143,0.20001594387755103,/home/tbeliere/Projects/DCU/2026-mcm-XAI-skin-lesion/outputs/pilot/xai_maps/shap/ham10000_ISIC_0033225.npy,/home/tbeliere/Projects/DCU/2026-mcm-XAI-skin-lesion/outputs/pilot/pseudo_concepts/npz/ham10000/ISIC_0033225.npz
ham10000,ISIC_0033225,shap,border_w16_dil6_sigma10_dist,20,0.0013816243955379634,0.002759436286584449,0.0019004543030097033,0.8588050916110332,0.03511840102961269,0.0022122130102040817,0.20001594387755103,/home/tbeliere/Projects/DCU/2026-mcm-XAI-skin-lesion/outputs/pilot/xai_maps/shap/ham10000_ISIC_0033225.npy,/home/tbeliere/Projects/DCU/2026-mcm-XAI-skin-lesion/outputs/pilot/pseudo_concepts/npz/ham10000/ISIC_0033225.npz
ham10000,ISIC_0033225,shap,colour_heterogeneity,20,0.11087439792505475,0.19961644292487316,0.11330164650502282,3.1483824147988133,0.48397574652284514,0.03900271045918367,0.20001594387755103,/home/tbeliere/Projects/DCU/2026-mcm-XAI-skin-lesion/outputs/pilot/xai_maps/shap/ham10000_ISIC_0033225.npy,/home/tbeliere/Projects/DCU/2026-mcm-XAI-skin-lesion/outputs/pilot/pseudo_concepts/npz/ham10000/ISIC_0033225.npz
ham10000,ISIC_0033468,gradcam,asymmetry,20,0.026777230716051845,0.05215781946660035,0.03032685856983053,0.9215306698282002,-0.005763033022628296,0.03282445790816327,0.20408163265306123,/home/tbeliere/Projects/DCU/2026-mcm-XAI-skin-lesion/outputs/pilot/xai_maps/gradcam/ham10000_ISIC_0033468.npy,/home/tbeliere/Projects/DCU/2026-mcm-XAI-skin-lesion/outputs/pilot/pseudo_concepts/npz/ham10000/ISIC_0033468.npz
ham10000,ISIC_0033468,gradcam,border_default,20,0.00038774718883250505,0.0007751937984488611,0.00019018086601273946,0.1191139008265657,-0.03245994339035208,0.0015943877551020409,0.20408163265306123,/home/tbeliere/Projects/DCU/2026-mcm-XAI-skin-lesion/outputs/pilot/xai_maps/gradcam/ham10000_ISIC_0033468.npy,/home/tbeliere/Projects/DCU/2026-mcm-XAI-skin-lesion/outputs/pilot/pseudo_concepts/npz/ham10000/ISIC_0033468.npz
ham10000,ISIC_0033468,gradcam,border_w8_dil2_sigma5,20,0.00038774718883250505,0.0007751937984488611,0.00019018086601273946,0.1191139008265657,-0.03245994339035208,0.0015943877551020409,0.20408163265306123,/home/tbeliere/Projects/DCU/2026-mcm-XAI-skin-lesion/outputs/pilot/xai_maps/gradcam/ham10000_ISIC_0033468.npy,/home/tbeliere/Projects/DCU/2026-mcm-XAI-skin-lesion/outputs/pilot/pseudo_concepts/npz/ham10000/ISIC_0033468.npz
ham10000,ISIC_0033468,gradcam,border_w12_dil4_sigma8,20,0.0,0.0,0.00013438388110267305,0.08522953113822589,-0.04083625975374863,0.0015744579081632653,0.20408163265306123,/home/tbeliere/Projects/DCU/2026-mcm-XAI-skin-lesion/outputs/pilot/xai_maps/gradcam/ham10000_ISIC_0033468.npy,/home/tbeliere/Projects/DCU/2026-mcm-XAI-skin-lesion/outputs/pilot/pseudo_concepts/npz/ham10000/ISIC_0033468.npz
ham10000,ISIC_0033468,gradcam,border_w16_dil6_sigma10,20,0.0002871637790750577,0.0005741626794252879,0.0003123064333226106,0.0743313104499957,-0.053515778764039144,0.004185267857142857,0.20408163265306123,/home/tbeliere/Projects/DCU/2026-mcm-XAI-skin-lesion/outputs/pilot/xai_maps/gradcam/ham10000_ISIC_0033468.npy,/home/tbeliere/Projects/DCU/2026-mcm-XAI-skin-lesion/outputs/pilot/pseudo_concepts/npz/ham10000/ISIC_0033468.npz
ham10000,ISIC_0033468,gradcam,border_w16_dil6_sigma10_dist,20,0.00028851702250405023,0.0005768676088832066,0.00025869652386820754,0.08038541505402425,-0.05111162955823754,0.003208705357142857,0.20408163265306123,/home/tbeliere/Projects/DCU/2026-mcm-XAI-skin-lesion/outputs/pilot/xai_maps/gradcam/ham10000_ISIC_0033468.npy,/home/tbeliere/Projects/DCU/2026-mcm-XAI-skin-lesion/outputs/pilot/pseudo_concepts/npz/ham10000/ISIC_0033468.npz
ham10000,ISIC_0033468,gradcam,colour_heterogeneity,20,0.11769597097277368,0.21060462599742283,0.18280506099275368,2.2453471629638924,0.3631636392623692,0.09060108418367346,0.20408163265306123,/home/tbeliere/Projects/DCU/2026-mcm-XAI-skin-lesion/outputs/pilot/xai_maps/gradcam/ham10000_ISIC_0033468.npy,/home/tbeliere/Projects/DCU/2026-mcm-XAI-skin-lesion/outputs/pilot/pseudo_concepts/npz/ham10000/ISIC_0033468.npz
ham10000,ISIC_0033468,lime,asymmetry,20,0.04921412007211465,0.09381139489188739,0.03708168120538078,1.1346911586852328,0.058748445409334236,0.03282445790816327,0.29179288903061223,/home/tbeliere/Projects/DCU/2026-mcm-XAI-skin-lesion/outputs/pilot/xai_maps/lime/ham10000_ISIC_0033468.npy,/home/tbeliere/Projects/DCU/2026-mcm-XAI-skin-lesion/outputs/pilot/pseudo_concepts/npz/ham10000/ISIC_0033468.npz
ham10000,ISIC_0033468,lime,border_default,20,0.00422948359369382,0.008423340805646067,0.002252180808881125,1.4134990081488827,0.08074417027376711,0.0015943877551020409,0.29179288903061223,/home/tbeliere/Projects/DCU/2026-mcm-XAI-skin-lesion/outputs/pilot/xai_maps/lime/ham10000_ISIC_0033468.npy,/home/tbeliere/Projects/DCU/2026-mcm-XAI-skin-lesion/outputs/pilot/pseudo_concepts/npz/ham10000/ISIC_0033468.npz
ham10000,ISIC_0033468,lime,border_w8_dil2_sigma5,20,0.00422948359369382,0.008423340805646067,0.002252180808881125,1.4134990081488827,0.08074417027376711,0.0015943877551020409,0.29179288903061223,/home/tbeliere/Projects/DCU/2026-mcm-XAI-skin-lesion/outputs/pilot/xai_maps/lime/ham10000_ISIC_0033468.npy,/home/tbeliere/Projects/DCU/2026-mcm-XAI-skin-lesion/outputs/pilot/pseudo_concepts/npz/ham10000/ISIC_0033468.npz
ham10000,ISIC_0033468,lime,border_w12_dil4_sigma8,20,0.0053958062973803725,0.01073369565216662,0.002505947660586041,1.5931120305730906,0.10053065265222921,0.0015744579081632653,0.29179288903061223,/home/tbeliere/Projects/DCU/2026-mcm-XAI-skin-lesion/outputs/pilot/xai_maps/lime/ham10000_ISIC_0033468.npy,/home/tbeliere/Projects/DCU/2026-mcm-XAI-skin-lesion/outputs/pilot/pseudo_concepts/npz/ham10000/ISIC_0033468.npz
ham10000,ISIC_0033468,lime,border_w16_dil6_sigma10,20,0.009928595715736193,0.019661975624523827,0.005646312450434371,1.351074539065714,0.1060279606619014,0.004185267857142857,0.29179288903061223,/home/tbeliere/Projects/DCU/2026-mcm-XAI-skin-lesion/outputs/pilot/xai_maps/lime/ham10000_ISIC_0033468.npy,/home/tbeliere/Projects/DCU/2026-mcm-XAI-skin-lesion/outputs/pilot/pseudo_concepts/npz/ham10000/ISIC_0033468.npz
ham10000,ISIC_0033468,lime,border_w16_dil6_sigma10_dist,20,0.007761437908491447,0.0154033238751416,0.004361617763678236,1.360881656548039,0.09741918831424859,0.003208705357142857,0.29179288903061223,/home/tbeliere/Projects/DCU/2026-mcm-XAI-skin-lesion/outputs/pilot/xai_maps/lime/ham10000_ISIC_0033468.npy,/home/tbeliere/Projects/DCU/2026-mcm-XAI-skin-lesion/outputs/pilot/pseudo_concepts/npz/ham10000/ISIC_0033468.npz
ham10000,ISIC_0033468,lime,colour_heterogeneity,20,0.1205396250656307,0.2151456715483321,0.10356859635206865,1.1596636511054943,0.19045141346775893,0.09060108418367346,0.29179288903061223,/home/tbeliere/Projects/DCU/2026-mcm-XAI-skin-lesion/outputs/pilot/xai_maps/lime/ham10000_ISIC_0033468.npy,/home/tbeliere/Projects/DCU/2026-mcm-XAI-skin-lesion/outputs/pilot/pseudo_concepts/npz/ham10000/ISIC_0033468.npz
ham10000,ISIC_0033468,shap,asymmetry,20,0.002402402402400341,0.0047932893948431105,0.014239738215511397,0.42563593526104626,-0.083658084267468,0.03282445790816327,0.20001594387755103,/home/tbeliere/Projects/DCU/2026-mcm-XAI-skin-lesion/outputs/pilot/xai_maps/shap/ham10000_ISIC_0033468.npy,/home/tbeliere/Projects/DCU/2026-mcm-XAI-skin-lesion/outputs/pilot/pseudo_concepts/npz/ham10000/ISIC_0033468.npz
ham10000,ISIC_0033468,shap,border_default,20,0.0,0.0,0.000384975807811133,0.24116464393765694,-0.08337983131356598,0.0015943877551020409,0.20001594387755103,/home/tbeliere/Projects/DCU/2026-mcm-XAI-skin-lesion/outputs/pilot/xai_maps/shap/ham10000_ISIC_0033468.npy,/home/tbeliere/Projects/DCU/2026-mcm-XAI-skin-lesion/outputs/pilot/pseudo_concepts/npz/ham10000/ISIC_0033468.npz
ham10000,ISIC_0033468,shap,border_w8_dil2_sigma5,20,0.0,0.0,0.000384975807811133,0.24116464393765694,-0.08337983131356598,0.0015943877551020409,0.20001594387755103,/home/tbeliere/Projects/DCU/2026-mcm-XAI-skin-lesion/outputs/pilot/xai_maps/shap/ham10000_ISIC_0033468.npy,/home/tbeliere/Projects/DCU/2026-mcm-XAI-skin-lesion/outputs/pilot/pseudo_concepts/npz/ham10000/ISIC_0033468.npz
ham10000,ISIC_0033468,shap,border_w12_dil4_sigma8,20,0.0,0.0,0.0003558005312662136,0.22570729590741295,-0.09396937430763648,0.0015744579081632653,0.20001594387755103,/home/tbeliere/Projects/DCU/2026-mcm-XAI-skin-lesion/outputs/pilot/xai_maps/shap/ham10000_ISIC_0033468.npy,/home/tbeliere/Projects/DCU/2026-mcm-XAI-skin-lesion/outputs/pilot/pseudo_concepts/npz/ham10000/ISIC_0033468.npz
ham10000,ISIC_0033468,shap,border_w16_dil6_sigma10,20,0.0,0.0,0.0010733837341364342,0.25566810000351975,-0.10676099411495683,0.004185267857142857,0.20001594387755103,/home/tbeliere/Projects/DCU/2026-mcm-XAI-skin-lesion/outputs/pilot/xai_maps/shap/ham10000_ISIC_0033468.npy,/home/tbeliere/Projects/DCU/2026-mcm-XAI-skin-lesion/outputs/pilot/pseudo_concepts/npz/ham10000/ISIC_0033468.npz
ham10000,ISIC_0033468,shap,border_w16_dil6_sigma10_dist,20,0.0,0.0,0.00075661570223152,0.23522222099357334,-0.1038572727474573,0.003208705357142857,0.20001594387755103,/home/tbeliere/Projects/DCU/2026-mcm-XAI-skin-lesion/outputs/pilot/xai_maps/shap/ham10000_ISIC_0033468.npy,/home/tbeliere/Projects/DCU/2026-mcm-XAI-skin-lesion/outputs/pilot/pseudo_concepts/npz/ham10000/ISIC_0033468.npz
ham10000,ISIC_0033468,shap,colour_heterogeneity,20,0.04793388429748621,0.09148264984220855,0.07570846176847143,0.8221600553630469,0.2762510961717441,0.09060108418367346,0.20001594387755103,/home/tbeliere/Projects/DCU/2026-mcm-XAI-skin-lesion/outputs/pilot/xai_maps/shap/ham10000_ISIC_0033468.npy,/home/tbeliere/Projects/DCU/2026-mcm-XAI-skin-lesion/outputs/pilot/pseudo_concepts/npz/ham10000/ISIC_0033468.npz
ham10000,ISIC_0027585,gradcam,asymmetry,20,0.022181919642852724,0.04340111914834694,0.0,0.0,0.0,0.022181919642857144,1.0,/home/tbeliere/Projects/DCU/2026-mcm-XAI-skin-lesion/outputs/pilot/xai_maps/gradcam/ham10000_ISIC_0027585.npy,/home/tbeliere/Projects/DCU/2026-mcm-XAI-skin-lesion/outputs/pilot/pseudo_concepts/npz/ham10000/ISIC_0027585.npz
ham10000,ISIC_0027585,gradcam,border_default,20,0.0027104591836729294,0.0054062649069793675,0.0,0.0,0.0,0.0027104591836734694,1.0,/home/tbeliere/Projects/DCU/2026-mcm-XAI-skin-lesion/outputs/pilot/xai_maps/gradcam/ham10000_ISIC_0027585.npy,/home/tbeliere/Projects/DCU/2026-mcm-XAI-skin-lesion/outputs/pilot/pseudo_concepts/npz/ham10000/ISIC_0027585.npz
ham10000,ISIC_0027585,gradcam,border_w8_dil2_sigma5,20,0.0027104591836729294,0.0054062649069793675,0.0,0.0,0.0,0.0027104591836734694,1.0,/home/tbeliere/Projects/DCU/2026-mcm-XAI-skin-lesion/outputs/pilot/xai_maps/gradcam/ham10000_ISIC_0027585.npy,/home/tbeliere/Projects/DCU/2026-mcm-XAI-skin-lesion/outputs/pilot/pseudo_concepts/npz/ham10000/ISIC_0027585.npz
ham10000,ISIC_0027585,gradcam,border_w12_dil4_sigma8,20,0.005281409438774458,0.010507325390057592,0.0,0.0,0.0,0.00528140943877551,1.0,/home/tbeliere/Projects/DCU/2026-mcm-XAI-skin-lesion/outputs/pilot/xai_maps/gradcam/ham10000_ISIC_0027585.npy,/home/tbeliere/Projects/DCU/2026-mcm-XAI-skin-lesion/outputs/pilot/pseudo_concepts/npz/ham10000/ISIC_0027585.npz
ham10000,ISIC_0027585,gradcam,border_w16_dil6_sigma10,20,0.00595902423469269,0.011847449232290868,0.0,0.0,0.0,0.0059590242346938774,1.0,/home/tbeliere/Projects/DCU/2026-mcm-XAI-skin-lesion/outputs/pilot/xai_maps/gradcam/ham10000_ISIC_0027585.npy,/home/tbeliere/Projects/DCU/2026-mcm-XAI-skin-lesion/outputs/pilot/pseudo_concepts/npz/ham10000/ISIC_0027585.npz
ham10000,ISIC_0027585,gradcam,border_w16_dil6_sigma10_dist,20,0.004803093112243941,0.009560267370131194,0.0,0.0,0.0,0.004803093112244898,1.0,/home/tbeliere/Projects/DCU/2026-mcm-XAI-skin-lesion/outputs/pilot/xai_maps/gradcam/ham10000_ISIC_0027585.npy,/home/tbeliere/Projects/DCU/2026-mcm-XAI-skin-lesion/outputs/pilot/pseudo_concepts/npz/ham10000/ISIC_0027585.npz
ham10000,ISIC_0027585,gradcam,colour_heterogeneity,20,0.019511320153057336,0.03827582836476625,0.0,0.0,0.0,0.019511320153061226,1.0,/home/tbeliere/Projects/DCU/2026-mcm-XAI-skin-lesion/outputs/pilot/xai_maps/gradcam/ham10000_ISIC_0027585.npy,/home/tbeliere/Projects/DCU/2026-mcm-XAI-skin-lesion/outputs/pilot/pseudo_concepts/npz/ham10000/ISIC_0027585.npz
ham10000,ISIC_0027585,lime,asymmetry,20,0.02041887433769359,0.04002057361188371,0.020504178077372606,0.9227810985918871,-0.01954347503611241,0.022181919642857144,0.7915338010204082,/home/tbeliere/Projects/DCU/2026-mcm-XAI-skin-lesion/outputs/pilot/xai_maps/lime/ham10000_ISIC_0027585.npy,/home/tbeliere/Projects/DCU/2026-mcm-XAI-skin-lesion/outputs/pilot/pseudo_concepts/npz/ham10000/ISIC_0027585.npz
ham10000,ISIC_0027585,lime,border_default,20,0.0019358893777493562,0.0038642979022373122,0.002083187042107491,0.768090393152255,-0.02759540144867663,0.0027104591836734694,0.7915338010204082,/home/tbeliere/Projects/DCU/2026-mcm-XAI-skin-lesion/outputs/pilot/xai_maps/lime/ham10000_ISIC_0027585.npy,/home/tbeliere/Projects/DCU/2026-mcm-XAI-skin-lesion/outputs/pilot/pseudo_concepts/npz/ham10000/ISIC_0027585.npz
ham10000,ISIC_0027585,lime,border_w8_dil2_sigma5,20,0.0019358893777493562,0.0038642979022373122,0.002083187042107491,0.768090393152255,-0.02759540144867663,0.0027104591836734694,0.7915338010204082,/home/tbeliere/Projects/DCU/2026-mcm-XAI-skin-lesion/outputs/pilot/xai_maps/lime/ham10000_ISIC_0027585.npy,/home/tbeliere/Projects/DCU/2026-mcm-XAI-skin-lesion/outputs/pilot/pseudo_concepts/npz/ham10000/ISIC_0027585.npz
ham10000,ISIC_0027585,lime,border_w12_dil4_sigma8,20,0.004673954014322234,0.009304419599307346,0.00479835217564085,0.9080953037030829,-0.022511716886285043,0.00528140943877551,0.7915338010204082,/home/tbeliere/Projects/DCU/2026-mcm-XAI-skin-lesion/outputs/pilot/xai_maps/lime/ham10000_ISIC_0027585.npy,/home/tbeliere/Projects/DCU/2026-mcm-XAI-skin-lesion/outputs/pilot/pseudo_concepts/npz/ham10000/ISIC_0027585.npz
ham10000,ISIC_0027585,lime,border_w16_dil6_sigma10,20,0.00628693574751508,0.012495314257150445,0.0066474732579609825,1.1163035874967013,-0.01978976623150843,0.0059590242346938774,0.7915338010204082,/home/tbeliere/Projects/DCU/2026-mcm-XAI-skin-lesion/outputs/pilot/xai_maps/lime/ham10000_ISIC_0027585.npy,/home/tbeliere/Projects/DCU/2026-mcm-XAI-skin-lesion/outputs/pilot/pseudo_concepts/npz/ham10000/ISIC_0027585.npz
ham10000,ISIC_0027585,lime,border_w16_dil6_sigma10_dist,20,0.00500528195583153,0.009960707760840414,0.0052898906911943025,1.101889786601588,-0.011393563621154693,0.004803093112244898,0.7915338010204082,/home/tbeliere/Projects/DCU/2026-mcm-XAI-skin-lesion/outputs/pilot/xai_maps/lime/ham10000_ISIC_0027585.npy,/home/tbeliere/Projects/DCU/2026-mcm-XAI-skin-lesion/outputs/pilot/pseudo_concepts/npz/ham10000/ISIC_0027585.npz
ham10000,ISIC_0027585,lime,colour_heterogeneity,20,0.01943936471354006,0.038137363312436875,0.019427474662350758,0.9956175563585856,-0.24415050921232168,0.019511320153061226,0.7915338010204082,/home/tbeliere/Projects/DCU/2026-mcm-XAI-skin-lesion/outputs/pilot/xai_maps/lime/ham10000_ISIC_0027585.npy,/home/tbeliere/Projects/DCU/2026-mcm-XAI-skin-lesion/outputs/pilot/pseudo_concepts/npz/ham10000/ISIC_0027585.npz
ham10000,ISIC_0027585,shap,asymmetry,20,0.03943688234193601,0.0758812449546364,0.033414184250431384,1.5238747507002077,0.07239826943799153,0.022181919642857144,0.20001594387755103,/home/tbeliere/Projects/DCU/2026-mcm-XAI-skin-lesion/outputs/pilot/xai_maps/shap/ham10000_ISIC_0027585.npy,/home/tbeliere/Projects/DCU/2026-mcm-XAI-skin-lesion/outputs/pilot/pseudo_concepts/npz/ham10000/ISIC_0027585.npz
ham10000,ISIC_0027585,shap,border_default,20,0.003749753305699872,0.007471490365702446,0.003433114214397469,1.2675353029952465,0.043064393330273766,0.0027104591836734694,0.20001594387755103,/home/tbeliere/Projects/DCU/2026-mcm-XAI-skin-lesion/outputs/pilot/xai_maps/shap/ham10000_ISIC_0027585.npy,/home/tbeliere/Projects/DCU/2026-mcm-XAI-skin-lesion/outputs/pilot/pseudo_concepts/npz/ham10000/ISIC_0027585.npz
ham10000,ISIC_0027585,shap,border_w8_dil2_sigma5,20,0.003749753305699872,0.007471490365702446,0.003433114214397469,1.2675353029952465,0.043064393330273766,0.0027104591836734694,0.20001594387755103,/home/tbeliere/Projects/DCU/2026-mcm-XAI-skin-lesion/outputs/pilot/xai_maps/shap/ham10000_ISIC_0027585.npy,/home/tbeliere/Projects/DCU/2026-mcm-XAI-skin-lesion/outputs/pilot/pseudo_concepts/npz/ham10000/ISIC_0027585.npz
ham10000,ISIC_0027585,shap,border_w12_dil4_sigma8,20,0.007334246039499966,0.01456169303949659,0.00641968849642164,1.2169179843950966,0.048090205277100014,0.00528140943877551,0.20001594387755103,/home/tbeliere/Projects/DCU/2026-mcm-XAI-skin-lesion/outputs/pilot/xai_maps/shap/ham10000_ISIC_0027585.npy,/home/tbeliere/Projects/DCU/2026-mcm-XAI-skin-lesion/outputs/pilot/pseudo_concepts/npz/ham10000/ISIC_0027585.npz
ham10000,ISIC_0027585,shap,border_w16_dil6_sigma10,20,0.007309941520460711,0.014513788098679715,0.007092774445586899,1.1916165621363701,0.051253355309412704,0.0059590242346938774,0.20001594387755103,/home/tbeliere/Projects/DCU/2026-mcm-XAI-skin-lesion/outputs/pilot/xai_maps/shap/ham10000_ISIC_0027585.npy,/home/tbeliere/Projects/DCU/2026-mcm-XAI-skin-lesion/outputs/pilot/pseudo_concepts/npz/ham10000/ISIC_0027585.npz
ham10000,ISIC_0027585,shap,border_w16_dil6_sigma10_dist,20,0.005577299412910393,0.01109273134182048,0.005608559647777782,1.1686430105527057,0.044852394326432676,0.004803093112244898,0.20001594387755103,/home/tbeliere/Projects/DCU/2026-mcm-XAI-skin-lesion/outputs/pilot/xai_maps/shap/ham10000_ISIC_0027585.npy,/home/tbeliere/Projects/DCU/2026-mcm-XAI-skin-lesion/outputs/pilot/pseudo_concepts/npz/ham10000/ISIC_0027585.npz
ham10000,ISIC_0027585,shap,colour_heterogeneity,20,0.028382037158035306,0.05519745801175197,0.025907049612099504,1.336513575949703,0.2330695011934841,0.019511320153061226,0.20001594387755103,/home/tbeliere/Projects/DCU/2026-mcm-XAI-skin-lesion/outputs/pilot/xai_maps/shap/ham10000_ISIC_0027585.npy,/home/tbeliere/Projects/DCU/2026-mcm-XAI-skin-lesion/outputs/pilot/pseudo_concepts/npz/ham10000/ISIC_0027585.npz
ham10000,ISIC_0031833,gradcam,asymmetry,20,0.016980229591833353,0.03339343105745211,0.0,0.0,0.0,0.016980229591836735,1.0,/home/tbeliere/Projects/DCU/2026-mcm-XAI-skin-lesion/outputs/pilot/xai_maps/gradcam/ham10000_ISIC_0031833.npy,/home/tbeliere/Projects/DCU/2026-mcm-XAI-skin-lesion/outputs/pilot/pseudo_concepts/npz/ham10000/ISIC_0031833.npz
ham10000,ISIC_0031833,gradcam,border_default,20,0.00181361607142821,0.0036206656454525594,0.0,0.0,0.0,0.0018136160714285715,1.0,/home/tbeliere/Projects/DCU/2026-mcm-XAI-skin-lesion/outputs/pilot/xai_maps/gradcam/ham10000_ISIC_0031833.npy,/home/tbeliere/Projects/DCU/2026-mcm-XAI-skin-lesion/outputs/pilot/pseudo_concepts/npz/ham10000/ISIC_0031833.npz
ham10000,ISIC_0031833,gradcam,border_w8_dil2_sigma5,20,0.00181361607142821,0.0036206656454525594,0.0,0.0,0.0,0.0018136160714285715,1.0,/home/tbeliere/Projects/DCU/2026-mcm-XAI-skin-lesion/outputs/pilot/xai_maps/gradcam/ham10000_ISIC_0031833.npy,/home/tbeliere/Projects/DCU/2026-mcm-XAI-skin-lesion/outputs/pilot/pseudo_concepts/npz/ham10000/ISIC_0031833.npz
ham10000,ISIC_0031833,gradcam,border_w12_dil4_sigma8,20,0.0014748086734690938,0.00294527363184021,0.0,0.0,0.0,0.0014748086734693877,1.0,/home/tbeliere/Projects/DCU/2026-mcm-XAI-skin-lesion/outputs/pilot/xai_maps/gradcam/ham10000_ISIC_0031833.npy,/home/tbeliere/Projects/DCU/2026-mcm-XAI-skin-lesion/outputs/pilot/pseudo_concepts/npz/ham10000/ISIC_0031833.npz
ham10000,ISIC_0031833,gradcam,border_w16_dil6_sigma10,20,0.0024713010204076707,0.004930417495028841,0.0,0.0,0.0,0.0024713010204081634,1.0,/home/tbeliere/Projects/DCU/2026-mcm-XAI-skin-lesion/outputs/pilot/xai_maps/gradcam/ham10000_ISIC_0031833.npy,/home/tbeliere/Projects/DCU/2026-mcm-XAI-skin-lesion/outputs/pilot/pseudo_concepts/npz/ham10000/ISIC_0031833.npz
ham10000,ISIC_0031833,gradcam,border_w16_dil6_sigma10_dist,20,0.002032844387754697,0.0040574406300958555,0.0,0.0,0.0,0.002032844387755102,1.0,/home/tbeliere/Projects/DCU/2026-mcm-XAI-skin-lesion/outputs/pilot/xai_maps/gradcam/ham10000_ISIC_0031833.npy,/home/tbeliere/Projects/DCU/2026-mcm-XAI-skin-lesion/outputs/pilot/pseudo_concepts/npz/ham10000/ISIC_0031833.npz
ham10000,ISIC_0031833,gradcam,colour_heterogeneity,20,0.07276387117345488,0.13565682649968686,0.0,0.0,0.0,0.07276387117346939,1.0,/home/tbeliere/Projects/DCU/2026-mcm-XAI-skin-lesion/outputs/pilot/xai_maps/gradcam/ham10000_ISIC_0031833.npy,/home/tbeliere/Projects/DCU/2026-mcm-XAI-skin-lesion/outputs/pilot/pseudo_concepts/npz/ham10000/ISIC_0031833.npz
ham10000,ISIC_0031833,lime,asymmetry,20,0.021582550061294038,0.042253168987663514,0.02215892524725944,1.3118951237355891,0.06337338119321854,0.016980229591836735,0.7801538584183674,/home/tbeliere/Projects/DCU/2026-mcm-XAI-skin-lesion/outputs/pilot/xai_maps/lime/ham10000_ISIC_0031833.npy,/home/tbeliere/Projects/DCU/2026-mcm-XAI-skin-lesion/outputs/pilot/pseudo_concepts/npz/ham10000/ISIC_0031833.npz
ham10000,ISIC_0031833,lime,border_default,20,0.0023246902541825716,0.004638597206645775,0.002220378137124175,1.2247813862682682,0.039525138621012534,0.0018136160714285715,0.7801538584183674,/home/tbeliere/Projects/DCU/2026-mcm-XAI-skin-lesion/outputs/pilot/xai_maps/lime/ham10000_ISIC_0031833.npy,/home/tbeliere/Projects/DCU/2026-mcm-XAI-skin-lesion/outputs/pilot/pseudo_concepts/npz/ham10000/ISIC_0031833.npz
ham10000,ISIC_0031833,lime,border_w8_dil2_sigma5,20,0.0023246902541825716,0.004638597206645775,0.002220378137124175,1.2247813862682682,0.039525138621012534,0.0018136160714285715,0.7801538584183674,/home/tbeliere/Projects/DCU/2026-mcm-XAI-skin-lesion/outputs/pilot/xai_maps/lime/ham10000_ISIC_0031833.npy,/home/tbeliere/Projects/DCU/2026-mcm-XAI-skin-lesion/outputs/pilot/pseudo_concepts/npz/ham10000/ISIC_0031833.npz
ham10000,ISIC_0031833,lime,border_w12_dil4_sigma8,20,0.001890407459445168,0.0037736811239440647,0.0016596765873453428,1.12555878021006,0.04326074783184124,0.0014748086734693877,0.7801538584183674,/home/tbeliere/Projects/DCU/2026-mcm-XAI-skin-lesion/outputs/pilot/xai_maps/lime/ham10000_ISIC_0031833.npy,/home/tbeliere/Projects/DCU/2026-mcm-XAI-skin-lesion/outputs/pilot/pseudo_concepts/npz/ham10000/ISIC_0031833.npz
ham10000,ISIC_0031833,lime,border_w16_dil6_sigma10,20,0.0031677097969081192,0.006315414194401102,0.0027810796869030072,1.1257000055272963,0.05703494147978133,0.0024713010204081634,0.7801538584183674,/home/tbeliere/Projects/DCU/2026-mcm-XAI-skin-lesion/outputs/pilot/xai_maps/lime/ham10000_ISIC_0031833.npy,/home/tbeliere/Projects/DCU/2026-mcm-XAI-skin-lesion/outputs/pilot/pseudo_concepts/npz/ham10000/ISIC_0031833.npz
ham10000,ISIC_0031833,lime,border_w16_dil6_sigma10_dist,20,0.0026056967684244207,0.0051978495171592235,0.002287662323097635,1.1256378469172743,0.05184930741941569,0.002032844387755102,0.7801538584183674,/home/tbeliere/Projects/DCU/2026-mcm-XAI-skin-lesion/outputs/pilot/xai_maps/lime/ham10000_ISIC_0031833.npy,/home/tbeliere/Projects/DCU/2026-mcm-XAI-skin-lesion/outputs/pilot/pseudo_concepts/npz/ham10000/ISIC_0031833.npz
ham10000,ISIC_0031833,lime,colour_heterogeneity,20,0.07725224658290905,0.14342461912324905,0.07715253324956729,1.0653561718158402,0.135297844738418,0.07276387117346939,0.7801538584183674,/home/tbeliere/Projects/DCU/2026-mcm-XAI-skin-lesion/outputs/pilot/xai_maps/lime/ham10000_ISIC_0031833.npy,/home/tbeliere/Projects/DCU/2026-mcm-XAI-skin-lesion/outputs/pilot/pseudo_concepts/npz/ham10000/ISIC_0031833.npz
ham10000,ISIC_0031833,shap,asymmetry,20,0.02398194300759524,0.046840558412888644,0.021594188525856768,1.2777224629502897,0.03954575398035849,0.016980229591836735,0.20001594387755103,/home/tbeliere/Projects/DCU/2026-mcm-XAI-skin-lesion/outputs/pilot/xai_maps/shap/ham10000_ISIC_0031833.npy,/home/tbeliere/Projects/DCU/2026-mcm-XAI-skin-lesion/outputs/pilot/pseudo_concepts/npz/ham10000/ISIC_0031833.npz
ham10000,ISIC_0031833,shap,border_default,20,0.002276326207440344,0.004542312629599543,0.002151206605815826,1.1865434698040342,0.050202603083423815,0.0018136160714285715,0.20001594387755103,/home/tbeliere/Projects/DCU/2026-mcm-XAI-skin-lesion/outputs/pilot/xai_maps/shap/ham10000_ISIC_0031833.npy,/home/tbeliere/Projects/DCU/2026-mcm-XAI-skin-lesion/outputs/pilot/pseudo_concepts/npz/ham10000/ISIC_0031833.npz
ham10000,ISIC_0031833,shap,border_w8_dil2_sigma5,20,0.002276326207440344,0.004542312629599543,0.002151206605815826,1.1865434698040342,0.050202603083423815,0.0018136160714285715,0.20001594387755103,/home/tbeliere/Projects/DCU/2026-mcm-XAI-skin-lesion/outputs/pilot/xai_maps/shap/ham10000_ISIC_0031833.npy,/home/tbeliere/Projects/DCU/2026-mcm-XAI-skin-lesion/outputs/pilot/pseudo_concepts/npz/ham10000/ISIC_0031833.npz
ham10000,ISIC_0031833,shap,border_w12_dil4_sigma8,20,0.0009900990099000098,0.0019782393669614457,0.0013413348864570846,0.9093758397557158,0.05587485232405107,0.0014748086734693877,0.20001594387755103,/home/tbeliere/Projects/DCU/2026-mcm-XAI-skin-lesion/outputs/pilot/xai_maps/shap/ham10000_ISIC_0031833.npy,/home/tbeliere/Projects/DCU/2026-mcm-XAI-skin-lesion/outputs/pilot/pseudo_concepts/npz/ham10000/ISIC_0031833.npz
ham10000,ISIC_0031833,shap,border_w16_dil6_sigma10,20,0.0022689158528141767,0.004527559055113654,0.002479067594100842,1.0031503873766414,0.06959414466675269,0.0024713010204081634,0.20001594387755103,/home/tbeliere/Projects/DCU/2026-mcm-XAI-skin-lesion/outputs/pilot/xai_maps/shap/ham10000_ISIC_0031833.npy,/home/tbeliere/Projects/DCU/2026-mcm-XAI-skin-lesion/outputs/pilot/pseudo_concepts/npz/ham10000/ISIC_0031833.npz
ham10000,ISIC_0031833,shap,border_w16_dil6_sigma10_dist,20,0.0017786561264804557,0.003550996251722676,0.0019667579348497852,0.9674264284256592,0.06056307553747493,0.002032844387755102,0.20001594387755103,/home/tbeliere/Projects/DCU/2026-mcm-XAI-skin-lesion/outputs/pilot/xai_maps/shap/ham10000_ISIC_0031833.npy,/home/tbeliere/Projects/DCU/2026-mcm-XAI-skin-lesion/outputs/pilot/pseudo_concepts/npz/ham10000/ISIC_0031833.npz
ham10000,ISIC_0031833,shap,colour_heterogeneity,20,0.1437285869473187,0.25133338204116945,0.12149145618847504,1.7622771367032384,0.442911291853465,0.07276387117346939,0.20001594387755103,/home/tbeliere/Projects/DCU/2026-mcm-XAI-skin-lesion/outputs/pilot/xai_maps/shap/ham10000_ISIC_0031833.npy,/home/tbeliere/Projects/DCU/2026-mcm-XAI-skin-lesion/outputs/pilot/pseudo_concepts/npz/ham10000/ISIC_0031833.npz
ham10000,ISIC_0029007,gradcam,asymmetry,20,0.008370535714284047,0.016602102933034903,0.0,0.0,0.0,0.008370535714285714,1.0,/home/tbeliere/Projects/DCU/2026-mcm-XAI-skin-lesion/outputs/pilot/xai_maps/gradcam/ham10000_ISIC_0029007.npy,/home/tbeliere/Projects/DCU/2026-mcm-XAI-skin-lesion/outputs/pilot/pseudo_concepts/npz/ham10000/ISIC_0029007.npz
ham10000,ISIC_0029007,gradcam,border_default,20,0.001215720663265064,0.0024284889623181266,0.0,0.0,0.0,0.0012157206632653062,1.0,/home/tbeliere/Projects/DCU/2026-mcm-XAI-skin-lesion/outputs/pilot/xai_maps/gradcam/ham10000_ISIC_0029007.npy,/home/tbeliere/Projects/DCU/2026-mcm-XAI-skin-lesion/outputs/pilot/pseudo_concepts/npz/ham10000/ISIC_0029007.npz
ham10000,ISIC_0029007,gradcam,border_w8_dil2_sigma5,20,0.001215720663265064,0.0024284889623181266,0.0,0.0,0.0,0.0012157206632653062,1.0,/home/tbeliere/Projects/DCU/2026-mcm-XAI-skin-lesion/outputs/pilot/xai_maps/gradcam/ham10000_ISIC_0029007.npy,/home/tbeliere/Projects/DCU/2026-mcm-XAI-skin-lesion/outputs/pilot/pseudo_concepts/npz/ham10000/ISIC_0029007.npz
ham10000,ISIC_0029007,gradcam,border_w12_dil4_sigma8,20,0.003069196428570817,0.006119610570235224,0.0,0.0,0.0,0.0030691964285714285,1.0,/home/tbeliere/Projects/DCU/2026-mcm-XAI-skin-lesion/outputs/pilot/xai_maps/gradcam/ham10000_ISIC_0029007.npy,/home/tbeliere/Projects/DCU/2026-mcm-XAI-skin-lesion/outputs/pilot/pseudo_concepts/npz/ham10000/ISIC_0029007.npz
ham10000,ISIC_0029007,gradcam,border_w16_dil6_sigma10,20,0.005899234693876375,0.01172927563797517,0.0,0.0,0.0,0.005899234693877551,1.0,/home/tbeliere/Projects/DCU/2026-mcm-XAI-skin-lesion/outputs/pilot/xai_maps/gradcam/ham10000_ISIC_0029007.npy,/home/tbeliere/Projects/DCU/2026-mcm-XAI-skin-lesion/outputs/pilot/pseudo_concepts/npz/ham10000/ISIC_0029007.npz
ham10000,ISIC_0029007,gradcam,border_w16_dil6_sigma10_dist,20,0.0047433035714276265,0.009441821716188075,0.0,0.0,0.0,0.004743303571428571,1.0,/home/tbeliere/Projects/DCU/2026-mcm-XAI-skin-lesion/outputs/pilot/xai_maps/gradcam/ham10000_ISIC_0029007.npy,/home/tbeliere/Projects/DCU/2026-mcm-XAI-skin-lesion/outputs/pilot/pseudo_concepts/npz/ham10000/ISIC_0029007.npz
ham10000,ISIC_0029007,gradcam,colour_heterogeneity,20,0.02305883290815867,0.04507821479359378,0.0,0.0,0.0,0.023058832908163265,1.0,/home/tbeliere/Projects/DCU/2026-mcm-XAI-skin-lesion/outputs/pilot/xai_maps/gradcam/ham10000_ISIC_0029007.npy,/home/tbeliere/Projects/DCU/2026-mcm-XAI-skin-lesion/outputs/pilot/pseudo_concepts/npz/ham10000/ISIC_0029007.npz
ham10000,ISIC_0029007,lime,asymmetry,20,0.005362595893640517,0.010667983701688933,0.00620414817498134,0.7395731281339276,-0.04039494248166397,0.008370535714285714,0.7986886160714286,/home/tbeliere/Projects/DCU/2026-mcm-XAI-skin-lesion/outputs/pilot/xai_maps/lime/ham10000_ISIC_0029007.npy,/home/tbeliere/Projects/DCU/2026-mcm-XAI-skin-lesion/outputs/pilot/pseudo_concepts/npz/ham10000/ISIC_0029007.npz
ham10000,ISIC_0029007,lime,border_default,20,0.0007979253939754643,0.001594578433326292,0.0009283579385920983,0.7634079898897361,-0.041114968259897904,0.0012157206632653062,0.7986886160714286,/home/tbeliere/Projects/DCU/2026-mcm-XAI-skin-lesion/outputs/pilot/xai_maps/lime/ham10000_ISIC_0029007.npy,/home/tbeliere/Projects/DCU/2026-mcm-XAI-skin-lesion/outputs/pilot/pseudo_concepts/npz/ham10000/ISIC_0029007.npz
ham10000,ISIC_0029007,lime,border_w8_dil2_sigma5,20,0.0007979253939754643,0.001594578433326292,0.0009283579385920983,0.7634079898897361,-0.041114968259897904,0.0012157206632653062,0.7986886160714286,/home/tbeliere/Projects/DCU/2026-mcm-XAI-skin-lesion/outputs/pilot/xai_maps/lime/ham10000_ISIC_0029007.npy,/home/tbeliere/Projects/DCU/2026-mcm-XAI-skin-lesion/outputs/pilot/pseudo_concepts/npz/ham10000/ISIC_0029007.npz
ham10000,ISIC_0029007,lime,border_w12_dil4_sigma8,20,0.002242208326066359,0.004474384150735918,0.002988859704735536,0.9737463864570619,-0.06659008701521649,0.0030691964285714285,0.7986886160714286,/home/tbeliere/Projects/DCU/2026-mcm-XAI-skin-lesion/outputs/pilot/xai_maps/lime/ham10000_ISIC_0029007.npy,/home/tbeliere/Projects/DCU/2026-mcm-XAI-skin-lesion/outputs/pilot/pseudo_concepts/npz/ham10000/ISIC_0029007.npz
ham10000,ISIC_0029007,lime,border_w16_dil6_sigma10,20,0.004128839696554128,0.008223724951076709,0.0054342903722464295,0.9207549913371517,-0.0976508616184511,0.005899234693877551,0.7986886160714286,/home/tbeliere/Projects/DCU/2026-mcm-XAI-skin-lesion/outputs/pilot/xai_maps/lime/ham10000_ISIC_0029007.npy,/home/tbeliere/Projects/DCU/2026-mcm-XAI-skin-lesion/outputs/pilot/pseudo_concepts/npz/ham10000/ISIC_0029007.npz
ham10000,ISIC_0029007,lime,border_w16_dil6_sigma10_dist,20,0.003509907398186919,0.006995262074267112,0.004732361199164599,0.9976820641118077,-0.08178781744670485,0.004743303571428571,0.7986886160714286,/home/tbeliere/Projects/DCU/2026-mcm-XAI-skin-lesion/outputs/pilot/xai_maps/lime/ham10000_ISIC_0029007.npy,/home/tbeliere/Projects/DCU/2026-mcm-XAI-skin-lesion/outputs/pilot/pseudo_concepts/npz/ham10000/ISIC_0029007.npz
ham10000,ISIC_0029007,lime,colour_heterogeneity,20,0.007378451013924413,0.01464881645323665,0.007743863780451162,0.3306472895914203,-0.3520509845816563,0.023058832908163265,0.7986886160714286,/home/tbeliere/Projects/DCU/2026-mcm-XAI-skin-lesion/outputs/pilot/xai_maps/lime/ham10000_ISIC_0029007.npy,/home/tbeliere/Projects/DCU/2026-mcm-XAI-skin-lesion/outputs/pilot/pseudo_concepts/npz/ham10000/ISIC_0029007.npz
ham10000,ISIC_0029007,shap,asymmetry,20,0.016922777669697603,0.03328232593722907,0.012320090159095335,1.4777256243390706,0.056841954377433015,0.008370535714285714,0.20001594387755103,/home/tbeliere/Projects/DCU/2026-mcm-XAI-skin-lesion/outputs/pilot/xai_maps/shap/ham10000_ISIC_0029007.npy,/home/tbeliere/Projects/DCU/2026-mcm-XAI-skin-lesion/outputs/pilot/pseudo_concepts/npz/ham10000/ISIC_0029007.npz
ham10000,ISIC_0029007,shap,border_default,20,0.0014878000396731919,0.002971179558281696,0.0014635481046174385,1.2041508933614242,0.06333767477003903,0.0012157206632653062,0.20001594387755103,/home/tbeliere/Projects/DCU/2026-mcm-XAI-skin-lesion/outputs/pilot/xai_maps/shap/ham10000_ISIC_0029007.npy,/home/tbeliere/Projects/DCU/2026-mcm-XAI-skin-lesion/outputs/pilot/pseudo_concepts/npz/ham10000/ISIC_0029007.npz
ham10000,ISIC_0029007,shap,border_w8_dil2_sigma5,20,0.0014878000396731919,0.002971179558281696,0.0014635481046174385,1.2041508933614242,0.06333767477003903,0.0012157206632653062,0.20001594387755103,/home/tbeliere/Projects/DCU/2026-mcm-XAI-skin-lesion/outputs/pilot/xai_maps/shap/ham10000_ISIC_0029007.npy,/home/tbeliere/Projects/DCU/2026-mcm-XAI-skin-lesion/outputs/pilot/pseudo_concepts/npz/ham10000/ISIC_0029007.npz
ham10000,ISIC_0029007,shap,border_w12_dil4_sigma8,20,0.004138746551040462,0.008243375858676894,0.0036855215129711003,1.2015527527347254,0.07228510707755958,0.0030691964285714285,0.20001594387755103,/home/tbeliere/Projects/DCU/2026-mcm-XAI-skin-lesion/outputs/pilot/xai_maps/shap/ham10000_ISIC_0029007.npy,/home/tbeliere/Projects/DCU/2026-mcm-XAI-skin-lesion/outputs/pilot/pseudo_concepts/npz/ham10000/ISIC_0029007.npz
ham10000,ISIC_0029007,shap,border_w16_dil6_sigma10,20,0.00918148075795157,0.01819589624465912,0.007608334973047701,1.2919367369961225,0.08573456590484038,0.005899234693877551,0.20001594387755103,/home/tbeliere/Projects/DCU/2026-mcm-XAI-skin-lesion/outputs/pilot/xai_maps/shap/ham10000_ISIC_0029007.npy,/home/tbeliere/Projects/DCU/2026-mcm-XAI-skin-lesion/outputs/pilot/pseudo_concepts/npz/ham10000/ISIC_0029007.npz
ham10000,ISIC_0029007,shap,border_w16_dil6_sigma10_dist,20,0.007156161160663507,0.014210628771642777,0.00600897236693379,1.2684458648382684,0.07800308004248964,0.004743303571428571,0.20001594387755103,/home/tbeliere/Projects/DCU/2026-mcm-XAI-skin-lesion/outputs/pilot/xai_maps/shap/ham10000_ISIC_0029007.npy,/home/tbeliere/Projects/DCU/2026-mcm-XAI-skin-lesion/outputs/pilot/pseudo_concepts/npz/ham10000/ISIC_0029007.npz
ham10000,ISIC_0029007,shap,colour_heterogeneity,20,0.052468265162150945,0.0997051728758155,0.03905070864145258,1.721708038183146,0.27720779230017045,0.023058832908163265,0.20001594387755103,/home/tbeliere/Projects/DCU/2026-mcm-XAI-skin-lesion/outputs/pilot/xai_maps/shap/ham10000_ISIC_0029007.npy,/home/tbeliere/Projects/DCU/2026-mcm-XAI-skin-lesion/outputs/pilot/pseudo_concepts/npz/ham10000/ISIC_0029007.npz
ham10000,ISIC_0030549,gradcam,asymmetry,20,0.00544084821428463,0.010822811155818585,0.027764088844190658,5.220061928412741,0.0629695213494017,0.005440848214285714,1.0,/home/tbeliere/Projects/DCU/2026-mcm-XAI-skin-lesion/outputs/pilot/xai_maps/gradcam/ham10000_ISIC_0030549.npy,/home/tbeliere/Projects/DCU/2026-mcm-XAI-skin-lesion/outputs/pilot/pseudo_concepts/npz/ham10000/ISIC_0030549.npz
ham10000,ISIC_0030549,gradcam,border_default,20,0.000996492346938577,0.0019910006769398338,0.0,0.0,0.06228790018947097,0.0009964923469387755,1.0,/home/tbeliere/Projects/DCU/2026-mcm-XAI-skin-lesion/outputs/pilot/xai_maps/gradcam/ham10000_ISIC_0030549.npy,/home/tbeliere/Projects/DCU/2026-mcm-XAI-skin-lesion/outputs/pilot/pseudo_concepts/npz/ham10000/ISIC_0030549.npz
ham10000,ISIC_0030549,gradcam,border_w8_dil2_sigma5,20,0.000996492346938577,0.0019910006769398338,0.0,0.0,0.06228790018947097,0.0009964923469387755,1.0,/home/tbeliere/Projects/DCU/2026-mcm-XAI-skin-lesion/outputs/pilot/xai_maps/gradcam/ham10000_ISIC_0030549.npy,/home/tbeliere/Projects/DCU/2026-mcm-XAI-skin-lesion/outputs/pilot/pseudo_concepts/npz/ham10000/ISIC_0030549.npz
ham10000,ISIC_0030549,gradcam,border_w12_dil4_sigma8,20,0.005341198979590772,0.010625644278802113,0.008593646547011394,1.6142137117010413,0.07892704910532956,0.005341198979591837,1.0,/home/tbeliere/Projects/DCU/2026-mcm-XAI-skin-lesion/outputs/pilot/xai_maps/gradcam/ham10000_ISIC_0030549.npy,/home/tbeliere/Projects/DCU/2026-mcm-XAI-skin-lesion/outputs/pilot/pseudo_concepts/npz/ham10000/ISIC_0030549.npz
ham10000,ISIC_0030549,gradcam,border_w16_dil6_sigma10,20,0.005161830357141828,0.010270645385147166,0.0,0.0,0.07371568702327154,0.005161830357142857,1.0,/home/tbeliere/Projects/DCU/2026-mcm-XAI-skin-lesion/outputs/pilot/xai_maps/gradcam/ham10000_ISIC_0030549.npy,/home/tbeliere/Projects/DCU/2026-mcm-XAI-skin-lesion/outputs/pilot/pseudo_concepts/npz/ham10000/ISIC_0030549.npz
ham10000,ISIC_0030549,gradcam,border_w16_dil6_sigma10_dist,20,0.0042051977040807945,0.008375176136700265,0.0,0.0,0.0674510503466584,0.004205197704081632,1.0,/home/tbeliere/Projects/DCU/2026-mcm-XAI-skin-lesion/outputs/pilot/xai_maps/gradcam/ham10000_ISIC_0030549.npy,/home/tbeliere/Projects/DCU/2026-mcm-XAI-skin-lesion/outputs/pilot/pseudo_concepts/npz/ham10000/ISIC_0030549.npz
ham10000,ISIC_0030549,gradcam,colour_heterogeneity,20,0.013691804846936047,0.027013742799279043,0.07800386865748804,6.094510414679283,0.27624728786900504,0.013691804846938776,1.0,/home/tbeliere/Projects/DCU/2026-mcm-XAI-skin-lesion/outputs/pilot/xai_maps/gradcam/ham10000_ISIC_0030549.npy,/home/tbeliere/Projects/DCU/2026-mcm-XAI-skin-lesion/outputs/pilot/pseudo_concepts/npz/ham10000/ISIC_0030549.npz
ham10000,ISIC_0030549,lime,asymmetry,20,0.003523946820437951,0.007023144453310183,0.004225383768231306,0.7756559191957203,-0.023568581881947073,0.005440848214285714,0.7437220982142857,/home/tbeliere/Projects/DCU/2026-mcm-XAI-skin-lesion/outputs/pilot/xai_maps/lime/ham10000_ISIC_0030549.npy,/home/tbeliere/Projects/DCU/2026-mcm-XAI-skin-lesion/outputs/pilot/pseudo_concepts/npz/ham10000/ISIC_0030549.npz
ham10000,ISIC_0030549,lime,border_default,20,0.0008034925141278615,0.0016056948644521624,0.0009439687141793343,0.9472416017029454,-0.05258987106920626,0.0009964923469387755,0.7437220982142857,/home/tbeliere/Projects/DCU/2026-mcm-XAI-skin-lesion/outputs/pilot/xai_maps/lime/ham10000_ISIC_0030549.npy,/home/tbeliere/Projects/DCU/2026-mcm-XAI-skin-lesion/outputs/pilot/pseudo_concepts/npz/ham10000/ISIC_0030549.npz
ham10000,ISIC_0030549,lime,border_w8_dil2_sigma5,20,0.0008034925141278615,0.0016056948644521624,0.0009439687141793343,0.9472416017029454,-0.05258987106920626,0.0009964923469387755,0.7437220982142857,/home/tbeliere/Projects/DCU/2026-mcm-XAI-skin-lesion/outputs/pilot/xai_maps/lime/ham10000_ISIC_0030549.npy,/home/tbeliere/Projects/DCU/2026-mcm-XAI-skin-lesion/outputs/pilot/pseudo_concepts/npz/ham10000/ISIC_0030549.npz
ham10000,ISIC_0030549,lime,border_w12_dil4_sigma8,20,0.004409406734365471,0.008780098443525668,0.0049445980266536555,0.9253778178404513,-0.05716640762425726,0.005341198979591837,0.7437220982142857,/home/tbeliere/Projects/DCU/2026-mcm-XAI-skin-lesion/outputs/pilot/xai_maps/lime/ham10000_ISIC_0030549.npy,/home/tbeliere/Projects/DCU/2026-mcm-XAI-skin-lesion/outputs/pilot/pseudo_concepts/npz/ham10000/ISIC_0030549.npz
ham10000,ISIC_0030549,lime,border_w16_dil6_sigma10,20,0.005485536913648154,0.010911219927610467,0.006383026543498356,1.2381017927600055,-0.051545339394868626,0.005161830357142857,0.7437220982142857,/home/tbeliere/Projects/DCU/2026-mcm-XAI-skin-lesion/outputs/pilot/xai_maps/lime/ham10000_ISIC_0030549.npy,/home/tbeliere/Projects/DCU/2026-mcm-XAI-skin-lesion/outputs/pilot/pseudo_concepts/npz/ham10000/ISIC_0030549.npz
ham10000,ISIC_0030549,lime,border_w16_dil6_sigma10_dist,20,0.004416133608113798,0.008793434235768283,0.005214303373562037,1.2412240929350566,-0.047492698790504904,0.004205197704081632,0.7437220982142857,/home/tbeliere/Projects/DCU/2026-mcm-XAI-skin-lesion/outputs/pilot/xai_maps/lime/ham10000_ISIC_0030549.npy,/home/tbeliere/Projects/DCU/2026-mcm-XAI-skin-lesion/outputs/pilot/pseudo_concepts/npz/ham10000/ISIC_0030549.npz
ham10000,ISIC_0030549,lime,colour_heterogeneity,20,0.018382549975878026,0.03610146300388483,0.015418155664929127,1.1280608610527239,-0.06868440896876409,0.013691804846938776,0.7437220982142857,/home/tbeliere/Projects/DCU/2026-mcm-XAI-skin-lesion/outputs/pilot/xai_maps/lime/ham10000_ISIC_0030549.npy,/home/tbeliere/Projects/DCU/2026-mcm-XAI-skin-lesion/outputs/pilot/pseudo_concepts/npz/ham10000/ISIC_0030549.npz
ham10000,ISIC_0030549,shap,asymmetry,20,0.012174766813930118,0.02405664952951396,0.009108139097038852,1.6802246148963809,0.04879298629285354,0.005440848214285714,0.20001594387755103,/home/tbeliere/Projects/DCU/2026-mcm-XAI-skin-lesion/outputs/pilot/xai_maps/shap/ham10000_ISIC_0030549.npy,/home/tbeliere/Projects/DCU/2026-mcm-XAI-skin-lesion/outputs/pilot/pseudo_concepts/npz/ham10000/ISIC_0030549.npz
ham10000,ISIC_0030549,shap,border_default,20,0.0032826022082927653,0.006543723973818616,0.002398988183751254,2.4108167142287242,0.12131354021978191,0.0009964923469387755,0.20001594387755103,/home/tbeliere/Projects/DCU/2026-mcm-XAI-skin-lesion/outputs/pilot/xai_maps/shap/ham10000_ISIC_0030549.npy,/home/tbeliere/Projects/DCU/2026-mcm-XAI-skin-lesion/outputs/pilot/pseudo_concepts/npz/ham10000/ISIC_0030549.npz
ham10000,ISIC_0030549,shap,border_w8_dil2_sigma5,20,0.0032826022082927653,0.006543723973818616,0.002398988183751254,2.4108167142287242,0.12131354021978191,0.0009964923469387755,0.20001594387755103,/home/tbeliere/Projects/DCU/2026-mcm-XAI-skin-lesion/outputs/pilot/xai_maps/shap/ham10000_ISIC_0030549.npy,/home/tbeliere/Projects/DCU/2026-mcm-XAI-skin-lesion/outputs/pilot/pseudo_concepts/npz/ham10000/ISIC_0030549.npz
ham10000,ISIC_0030549,shap,border_w12_dil4_sigma8,20,0.012877224024365598,0.025427018633515694,0.009717908297599222,1.8274654561867538,0.13275629537726755,0.005341198979591837,0.20001594387755103,/home/tbeliere/Projects/DCU/2026-mcm-XAI-skin-lesion/outputs/pilot/xai_maps/shap/ham10000_ISIC_0030549.npy,/home/tbeliere/Projects/DCU/2026-mcm-XAI-skin-lesion/outputs/pilot/pseudo_concepts/npz/ham10000/ISIC_0030549.npz
ham10000,ISIC_0030549,shap,border_w16_dil6_sigma10,20,0.01089945011782119,0.02156386595432582,0.008145526130538752,1.5827773308352018,0.14177872840836897,0.005161830357142857,0.20001594387755103,/home/tbeliere/Projects/DCU/2026-mcm-XAI-skin-lesion/outputs/pilot/xai_maps/shap/ham10000_ISIC_0030549.npy,/home/tbeliere/Projects/DCU/2026-mcm-XAI-skin-lesion/outputs/pilot/pseudo_concepts/npz/ham10000/ISIC_0030549.npz
ham10000,ISIC_0030549,shap,border_w16_dil6_sigma10_dist,20,0.008562992125975824,0.016980579681841534,0.006376091050787521,1.5195530437098708,0.13153388874952804,0.004205197704081632,0.20001594387755103,/home/tbeliere/Projects/DCU/2026-mcm-XAI-skin-lesion/outputs/pilot/xai_maps/shap/ham10000_ISIC_0030549.npy,/home/tbeliere/Projects/DCU/2026-mcm-XAI-skin-lesion/outputs/pilot/pseudo_concepts/npz/ham10000/ISIC_0030549.npz
ham10000,ISIC_0030549,shap,colour_heterogeneity,20,0.04624841447941628,0.0884080947495212,0.03410712130142378,2.543712121297099,0.32333153030541667,0.013691804846938776,0.20001594387755103,/home/tbeliere/Projects/DCU/2026-mcm-XAI-skin-lesion/outputs/pilot/xai_maps/shap/ham10000_ISIC_0030549.npy,/home/tbeliere/Projects/DCU/2026-mcm-XAI-skin-lesion/outputs/pilot/pseudo_concepts/npz/ham10000/ISIC_0030549.npz
ham10000,ISIC_0033128,gradcam,asymmetry,20,0.019710618622445053,0.03865923971464113,0.001450855456943159,0.07226178982605451,-0.0321364262955559,0.01971061862244898,1.0,/home/tbeliere/Projects/DCU/2026-mcm-XAI-skin-lesion/outputs/pilot/xai_maps/gradcam/ham10000_ISIC_0033128.npy,/home/tbeliere/Projects/DCU/2026-mcm-XAI-skin-lesion/outputs/pilot/pseudo_concepts/npz/ham10000/ISIC_0033128.npz
ham10000,ISIC_0033128,gradcam,border_default,20,0.0029496173469381877,0.005881885382718806,0.003022615418221184,1.0248232700321622,-0.009146904540351277,0.0029496173469387753,1.0,/home/tbeliere/Projects/DCU/2026-mcm-XAI-skin-lesion/outputs/pilot/xai_maps/gradcam/ham10000_ISIC_0033128.npy,/home/tbeliere/Projects/DCU/2026-mcm-XAI-skin-lesion/outputs/pilot/pseudo_concepts/npz/ham10000/ISIC_0033128.npz
ham10000,ISIC_0033128,gradcam,border_w8_dil2_sigma5,20,0.0029496173469381877,0.005881885382718806,0.003022615418221184,1.0248232700321622,-0.009146904540351277,0.0029496173469387753,1.0,/home/tbeliere/Projects/DCU/2026-mcm-XAI-skin-lesion/outputs/pilot/xai_maps/gradcam/ham10000_ISIC_0033128.npy,/home/tbeliere/Projects/DCU/2026-mcm-XAI-skin-lesion/outputs/pilot/pseudo_concepts/npz/ham10000/ISIC_0033128.npz
ham10000,ISIC_0033128,gradcam,border_w12_dil4_sigma8,20,0.0047632334183663975,0.009481305167111083,0.005077993779999974,1.0664183993145249,-0.01170120068412998,0.004763233418367347,1.0,/home/tbeliere/Projects/DCU/2026-mcm-XAI-skin-lesion/outputs/pilot/xai_maps/gradcam/ham10000_ISIC_0033128.npy,/home/tbeliere/Projects/DCU/2026-mcm-XAI-skin-lesion/outputs/pilot/pseudo_concepts/npz/ham10000/ISIC_0033128.npz
ham10000,ISIC_0033128,gradcam,border_w16_dil6_sigma10,20,0.00673628826530478,0.01338242863364347,0.007496086931987692,1.113643461350216,-0.012735238583348596,0.0067362882653061226,1.0,/home/tbeliere/Projects/DCU/2026-mcm-XAI-skin-lesion/outputs/pilot/xai_maps/gradcam/ham10000_ISIC_0033128.npy,/home/tbeliere/Projects/DCU/2026-mcm-XAI-skin-lesion/outputs/pilot/pseudo_concepts/npz/ham10000/ISIC_0033128.npz
ham10000,ISIC_0033128,gradcam,border_w16_dil6_sigma10_dist,20,0.005520567602039716,0.010980516520323672,0.006287040355993832,1.139717670239724,-0.011773299016063976,0.005520567602040816,1.0,/home/tbeliere/Projects/DCU/2026-mcm-XAI-skin-lesion/outputs/pilot/xai_maps/gradcam/ham10000_ISIC_0033128.npy,/home/tbeliere/Projects/DCU/2026-mcm-XAI-skin-lesion/outputs/pilot/pseudo_concepts/npz/ham10000/ISIC_0033128.npz
ham10000,ISIC_0033128,gradcam,colour_heterogeneity,20,0.04245057397958338,0.08144381141741265,0.048350639989869285,1.1460480316367165,0.16075242756174254,0.04245057397959184,1.0,/home/tbeliere/Projects/DCU/2026-mcm-XAI-skin-lesion/outputs/pilot/xai_maps/gradcam/ham10000_ISIC_0033128.npy,/home/tbeliere/Projects/DCU/2026-mcm-XAI-skin-lesion/outputs/pilot/pseudo_concepts/npz/ham10000/ISIC_0033128.npz
ham10000,ISIC_0033128,lime,asymmetry,20,0.02039985633903498,0.03998404392612338,0.021631142512212143,1.0995902557040025,0.023595585516728412,0.01971061862244898,0.8296396683673469,/home/tbeliere/Projects/DCU/2026-mcm-XAI-skin-lesion/outputs/pilot/xai_maps/lime/ham10000_ISIC_0033128.npy,/home/tbeliere/Projects/DCU/2026-mcm-XAI-skin-lesion/outputs/pilot/pseudo_concepts/npz/ham10000/ISIC_0033128.npz
ham10000,ISIC_0033128,lime,border_default,20,0.003555299317766034,0.007085407889695738,0.003977913673334529,1.3500126702966126,0.05069426359503874,0.0029496173469387753,0.8296396683673469,/home/tbeliere/Projects/DCU/2026-mcm-XAI-skin-lesion/outputs/pilot/xai_maps/lime/ham10000_ISIC_0033128.npy,/home/tbeliere/Projects/DCU/2026-mcm-XAI-skin-lesion/outputs/pilot/pseudo_concepts/npz/ham10000/ISIC_0033128.npz
ham10000,ISIC_0033128,lime,border_w8_dil2_sigma5,20,0.003555299317766034,0.007085407889695738,0.003977913673334529,1.3500126702966126,0.05069426359503874,0.0029496173469387753,0.8296396683673469,/home/tbeliere/Projects/DCU/2026-mcm-XAI-skin-lesion/outputs/pilot/xai_maps/lime/ham10000_ISIC_0033128.npy,/home/tbeliere/Projects/DCU/2026-mcm-XAI-skin-lesion/outputs/pilot/pseudo_concepts/npz/ham10000/ISIC_0033128.npz
ham10000,ISIC_0033128,lime,border_w12_dil4_sigma8,20,0.00562054139744779,0.011178254950196772,0.006590274891643773,1.386116221295851,0.04517559687726879,0.004763233418367347,0.8296396683673469,/home/tbeliere/Projects/DCU/2026-mcm-XAI-skin-lesion/outputs/pilot/xai_maps/lime/ham10000_ISIC_0033128.npy,/home/tbeliere/Projects/DCU/2026-mcm-XAI-skin-lesion/outputs/pilot/pseudo_concepts/npz/ham10000/ISIC_0033128.npz
ham10000,ISIC_0033128,lime,border_w16_dil6_sigma10,20,0.007466090505339704,0.014821522184622118,0.00888598626530947,1.3219831512579727,0.024529833075875758,0.0067362882653061226,0.8296396683673469,/home/tbeliere/Projects/DCU/2026-mcm-XAI-skin-lesion/outputs/pilot/xai_maps/lime/ham10000_ISIC_0033128.npy,/home/tbeliere/Projects/DCU/2026-mcm-XAI-skin-lesion/outputs/pilot/pseudo_concepts/npz/ham10000/ISIC_0033128.npz
ham10000,ISIC_0033128,lime,border_w16_dil6_sigma10_dist,20,0.006412411739275083,0.012743109414148015,0.007540224425574406,1.3686216198653969,0.03386392248087931,0.005520567602040816,0.8296396683673469,/home/tbeliere/Projects/DCU/2026-mcm-XAI-skin-lesion/outputs/pilot/xai_maps/lime/ham10000_ISIC_0033128.npy,/home/tbeliere/Projects/DCU/2026-mcm-XAI-skin-lesion/outputs/pilot/pseudo_concepts/npz/ham10000/ISIC_0033128.npz
ham10000,ISIC_0033128,lime,colour_heterogeneity,20,0.04569134445346134,0.08738973444853801,0.04850679807633299,1.1499383570517907,-0.10146782974462273,0.04245057397959184,0.8296396683673469,/home/tbeliere/Projects/DCU/2026-mcm-XAI-skin-lesion/outputs/pilot/xai_maps/lime/ham10000_ISIC_0033128.npy,/home/tbeliere/Projects/DCU/2026-mcm-XAI-skin-lesion/outputs/pilot/pseudo_concepts/npz/ham10000/ISIC_0033128.npz
ham10000,ISIC_0033128,shap,asymmetry,20,0.043836394622189134,0.08399092970513923,0.029542248884083563,1.5139824840355862,0.05009845076946489,0.01971061862244898,0.20001594387755103,/home/tbeliere/Projects/DCU/2026-mcm-XAI-skin-lesion/outputs/pilot/xai_maps/shap/ham10000_ISIC_0033128.npy,/home/tbeliere/Projects/DCU/2026-mcm-XAI-skin-lesion/outputs/pilot/pseudo_concepts/npz/ham10000/ISIC_0033128.npz
ham10000,ISIC_0033128,shap,border_default,20,0.003745318352056233,0.007462686567156851,0.0031411788598600795,1.0651489142005777,0.021438814141604225,0.0029496173469387753,0.20001594387755103,/home/tbeliere/Projects/DCU/2026-mcm-XAI-skin-lesion/outputs/pilot/xai_maps/shap/ham10000_ISIC_0033128.npy,/home/tbeliere/Projects/DCU/2026-mcm-XAI-skin-lesion/outputs/pilot/pseudo_concepts/npz/ham10000/ISIC_0033128.npz
ham10000,ISIC_0033128,shap,border_w8_dil2_sigma5,20,0.003745318352056233,0.007462686567156851,0.0031411788598600795,1.0651489142005777,0.021438814141604225,0.0029496173469387753,0.20001594387755103,/home/tbeliere/Projects/DCU/2026-mcm-XAI-skin-lesion/outputs/pilot/xai_maps/shap/ham10000_ISIC_0033128.npy,/home/tbeliere/Projects/DCU/2026-mcm-XAI-skin-lesion/outputs/pilot/pseudo_concepts/npz/ham10000/ISIC_0033128.npz
ham10000,ISIC_0033128,shap,border_w12_dil4_sigma8,20,0.0067607289829445805,0.013430656934293498,0.005188209970064827,1.0896851856695677,0.039339251182841095,0.004763233418367347,0.20001594387755103,/home/tbeliere/Projects/DCU/2026-mcm-XAI-skin-lesion/outputs/pilot/xai_maps/shap/ham10000_ISIC_0033128.npy,/home/tbeliere/Projects/DCU/2026-mcm-XAI-skin-lesion/outputs/pilot/pseudo_concepts/npz/ham10000/ISIC_0033128.npz
ham10000,ISIC_0033128,shap,border_w16_dil6_sigma10,20,0.011406844106452756,0.022556390977421865,0.008165646527256449,1.213934416780465,0.06243996890755966,0.0067362882653061226,0.20001594387755103,/home/tbeliere/Projects/DCU/2026-mcm-XAI-skin-lesion/outputs/pilot/xai_maps/shap/ham10000_ISIC_0033128.npy,/home/tbeliere/Projects/DCU/2026-mcm-XAI-skin-lesion/outputs/pilot/pseudo_concepts/npz/ham10000/ISIC_0033128.npz
ham10000,ISIC_0033128,shap,border_w16_dil6_sigma10_dist,20,0.008310520140781862,0.016484049258201797,0.006438534719404683,1.167358528146645,0.05178392901271057,0.005520567602040816,0.20001594387755103,/home/tbeliere/Projects/DCU/2026-mcm-XAI-skin-lesion/outputs/pilot/xai_maps/shap/ham10000_ISIC_0033128.npy,/home/tbeliere/Projects/DCU/2026-mcm-XAI-skin-lesion/outputs/pilot/pseudo_concepts/npz/ham10000/ISIC_0033128.npz
ham10000,ISIC_0033128,shap,colour_heterogeneity,20,0.08654103777789895,0.15929639980259797,0.07466374350003677,1.8200682740986613,0.4260769523826643,0.04245057397959184,0.20001594387755103,/home/tbeliere/Projects/DCU/2026-mcm-XAI-skin-lesion/outputs/pilot/xai_maps/shap/ham10000_ISIC_0033128.npy,/home/tbeliere/Projects/DCU/2026-mcm-XAI-skin-lesion/outputs/pilot/pseudo_concepts/npz/ham10000/ISIC_0033128.npz
ham10000,ISIC_0026912,gradcam,asymmetry,20,0.024130231218019067,0.047123364748876684,0.02718532311270683,0.3245358822951627,-0.0884792791619521,0.07928093112244898,0.20408163265306123,/home/tbeliere/Projects/DCU/2026-mcm-XAI-skin-lesion/outputs/pilot/xai_maps/gradcam/ham10000_ISIC_0026912.npy,/home/tbeliere/Projects/DCU/2026-mcm-XAI-skin-lesion/outputs/pilot/pseudo_concepts/npz/ham10000/ISIC_0026912.npz
ham10000,ISIC_0026912,gradcam,border_default,20,0.00019381723035159044,0.00038755934502433136,0.0002607794402678393,0.1613228689668802,-0.035706829359509064,0.0016143176020408164,0.20408163265306123,/home/tbeliere/Projects/DCU/2026-mcm-XAI-skin-lesion/outputs/pilot/xai_maps/gradcam/ham10000_ISIC_0026912.npy,/home/tbeliere/Projects/DCU/2026-mcm-XAI-skin-lesion/outputs/pilot/pseudo_concepts/npz/ham10000/ISIC_0026912.npz
ham10000,ISIC_0026912,gradcam,border_w8_dil2_sigma5,20,0.00019381723035159044,0.00038755934502433136,0.0002607794402678393,0.1613228689668802,-0.035706829359509064,0.0016143176020408164,0.20408163265306123,/home/tbeliere/Projects/DCU/2026-mcm-XAI-skin-lesion/outputs/pilot/xai_maps/gradcam/ham10000_ISIC_0026912.npy,/home/tbeliere/Projects/DCU/2026-mcm-XAI-skin-lesion/outputs/pilot/pseudo_concepts/npz/ham10000/ISIC_0026912.npz
ham10000,ISIC_0026912,gradcam,border_w12_dil4_sigma8,20,0.0,0.0,8.926925232979127e-05,0.039552966194152724,-0.043719371324093724,0.0022520727040816328,0.20408163265306123,/home/tbeliere/Projects/DCU/2026-mcm-XAI-skin-lesion/outputs/pilot/xai_maps/gradcam/ham10000_ISIC_0026912.npy,/home/tbeliere/Projects/DCU/2026-mcm-XAI-skin-lesion/outputs/pilot/pseudo_concepts/npz/ham10000/ISIC_0026912.npz
ham10000,ISIC_0026912,gradcam,border_w16_dil6_sigma10,20,0.0,0.0,1.750322341646178e-05,0.013923083429074537,-0.04288194371402664,0.0012555803571428572,0.20408163265306123,/home/tbeliere/Projects/DCU/2026-mcm-XAI-skin-lesion/outputs/pilot/xai_maps/gradcam/ham10000_ISIC_0026912.npy,/home/tbeliere/Projects/DCU/2026-mcm-XAI-skin-lesion/outputs/pilot/pseudo_concepts/npz/ham10000/ISIC_0026912.npz
ham10000,ISIC_0026912,gradcam,border_w16_dil6_sigma10_dist,20,0.0,0.0,1.5444020082751454e-05,0.014887076217687733,-0.04108523564218605,0.0010363520408163266,0.20408163265306123,/home/tbeliere/Projects/DCU/2026-mcm-XAI-skin-lesion/outputs/pilot/xai_maps/gradcam/ham10000_ISIC_0026912.npy,/home/tbeliere/Projects/DCU/2026-mcm-XAI-skin-lesion/outputs/pilot/pseudo_concepts/npz/ham10000/ISIC_0026912.npz
ham10000,ISIC_0026912,gradcam,colour_heterogeneity,20,0.0842719390648373,0.15544428667502022,0.1032611390844818,1.7243447411227018,0.2013602875610324,0.06259964923469388,0.20408163265306123,/home/tbeliere/Projects/DCU/2026-mcm-XAI-skin-lesion/outputs/pilot/xai_maps/gradcam/ham10000_ISIC_0026912.npy,/home/tbeliere/Projects/DCU/2026-mcm-XAI-skin-lesion/outputs/pilot/pseudo_concepts/npz/ham10000/ISIC_0026912.npz
ham10000,ISIC_0026912,lime,asymmetry,20,0.08731690419633628,0.1606098532255864,0.10000825832021636,1.2904932533506985,0.12157745929009227,0.07928093112244898,0.7965361926020408,/home/tbeliere/Projects/DCU/2026-mcm-XAI-skin-lesion/outputs/pilot/xai_maps/lime/ham10000_ISIC_0026912.npy,/home/tbeliere/Projects/DCU/2026-mcm-XAI-skin-lesion/outputs/pilot/pseudo_concepts/npz/ham10000/ISIC_0026912.npz
ham10000,ISIC_0026912,lime,border_default,20,0.002026672004403126,0.004045145825008979,0.002209100668923029,1.3692581989654855,0.05359354848724342,0.0016143176020408164,0.7965361926020408,/home/tbeliere/Projects/DCU/2026-mcm-XAI-skin-lesion/outputs/pilot/xai_maps/lime/ham10000_ISIC_0026912.npy,/home/tbeliere/Projects/DCU/2026-mcm-XAI-skin-lesion/outputs/pilot/pseudo_concepts/npz/ham10000/ISIC_0026912.npz
ham10000,ISIC_0026912,lime,border_w8_dil2_sigma5,20,0.002026672004403126,0.004045145825008979,0.002209100668923029,1.3692581989654855,0.05359354848724342,0.0016143176020408164,0.7965361926020408,/home/tbeliere/Projects/DCU/2026-mcm-XAI-skin-lesion/outputs/pilot/xai_maps/lime/ham10000_ISIC_0026912.npy,/home/tbeliere/Projects/DCU/2026-mcm-XAI-skin-lesion/outputs/pilot/pseudo_concepts/npz/ham10000/ISIC_0026912.npz
ham10000,ISIC_0026912,lime,border_w12_dil4_sigma8,20,0.0028273325493525093,0.005638722554888813,0.0026633082830941185,1.1830907925409277,0.06100657142672694,0.0022520727040816328,0.7965361926020408,/home/tbeliere/Projects/DCU/2026-mcm-XAI-skin-lesion/outputs/pilot/xai_maps/lime/ham10000_ISIC_0026912.npy,/home/tbeliere/Projects/DCU/2026-mcm-XAI-skin-lesion/outputs/pilot/pseudo_concepts/npz/ham10000/ISIC_0026912.npz
ham10000,ISIC_0026912,lime,border_w16_dil6_sigma10,20,0.001576300447869098,0.0031476392705463035,0.0013006854405808487,1.0359704836732537,0.05019735977525459,0.0012555803571428572,0.7965361926020408,/home/tbeliere/Projects/DCU/2026-mcm-XAI-skin-lesion/outputs/pilot/xai_maps/lime/ham10000_ISIC_0026912.npy,/home/tbeliere/Projects/DCU/2026-mcm-XAI-skin-lesion/outputs/pilot/pseudo_concepts/npz/ham10000/ISIC_0026912.npz
ham10000,ISIC_0026912,lime,border_w16_dil6_sigma10_dist,20,0.0013010733855427475,0.0025987655863458363,0.0010735816334953036,1.0359622956059287,0.04639385867891645,0.0010363520408163266,0.7965361926020408,/home/tbeliere/Projects/DCU/2026-mcm-XAI-skin-lesion/outputs/pilot/xai_maps/lime/ham10000_ISIC_0026912.npy,/home/tbeliere/Projects/DCU/2026-mcm-XAI-skin-lesion/outputs/pilot/pseudo_concepts/npz/ham10000/ISIC_0026912.npz
ham10000,ISIC_0026912,lime,colour_heterogeneity,20,0.04918830773722852,0.09376449846893993,0.05318358245930581,0.8411336524431129,-0.20310975729984243,0.06259964923469388,0.7965361926020408,/home/tbeliere/Projects/DCU/2026-mcm-XAI-skin-lesion/outputs/pilot/xai_maps/lime/ham10000_ISIC_0026912.npy,/home/tbeliere/Projects/DCU/2026-mcm-XAI-skin-lesion/outputs/pilot/pseudo_concepts/npz/ham10000/ISIC_0026912.npz
ham10000,ISIC_0026912,shap,asymmetry,20,0.048716605552608906,0.0929070929070266,0.07260748198414281,0.9092349508336814,-0.032901209520420034,0.07928093112244898,0.20001594387755103,/home/tbeliere/Projects/DCU/2026-mcm-XAI-skin-lesion/outputs/pilot/xai_maps/shap/ham10000_ISIC_0026912.npy,/home/tbeliere/Projects/DCU/2026-mcm-XAI-skin-lesion/outputs/pilot/pseudo_concepts/npz/ham10000/ISIC_0026912.npz
ham10000,ISIC_0026912,shap,border_default,20,0.0013857270117773079,0.00276761885934292,0.0014617224750492984,0.9053355057410557,-0.023023592787778404,0.0016143176020408164,0.20001594387755103,/home/tbeliere/Projects/DCU/2026-mcm-XAI-skin-lesion/outputs/pilot/xai_maps/shap/ham10000_ISIC_0026912.npy,/home/tbeliere/Projects/DCU/2026-mcm-XAI-skin-lesion/outputs/pilot/pseudo_concepts/npz/ham10000/ISIC_0026912.npz
ham10000,ISIC_0026912,shap,border_w8_dil2_sigma5,20,0.0013857270117773079,0.00276761885934292,0.0014617224750492984,0.9053355057410557,-0.023023592787778404,0.0016143176020408164,0.20001594387755103,/home/tbeliere/Projects/DCU/2026-mcm-XAI-skin-lesion/outputs/pilot/xai_maps/shap/ham10000_ISIC_0026912.npy,/home/tbeliere/Projects/DCU/2026-mcm-XAI-skin-lesion/outputs/pilot/pseudo_concepts/npz/ham10000/ISIC_0026912.npz
ham10000,ISIC_0026912,shap,border_w12_dil4_sigma8,20,0.0015789993091862439,0.0031530200019675306,0.0016133563428744476,0.7159289636011824,-0.02743408625878852,0.0022520727040816328,0.20001594387755103,/home/tbeliere/Projects/DCU/2026-mcm-XAI-skin-lesion/outputs/pilot/xai_maps/shap/ham10000_ISIC_0026912.npy,/home/tbeliere/Projects/DCU/2026-mcm-XAI-skin-lesion/outputs/pilot/pseudo_concepts/npz/ham10000/ISIC_0026912.npz
ham10000,ISIC_0026912,shap,border_w16_dil6_sigma10,20,9.90295107941186e-05,0.00019803940984236255,0.0004659513389281325,0.37081113415327455,-0.03696708068241227,0.0012555803571428572,0.20001594387755103,/home/tbeliere/Projects/DCU/2026-mcm-XAI-skin-lesion/outputs/pilot/xai_maps/shap/ham10000_ISIC_0026912.npy,/home/tbeliere/Projects/DCU/2026-mcm-XAI-skin-lesion/outputs/pilot/pseudo_concepts/npz/ham10000/ISIC_0026912.npz
ham10000,ISIC_0026912,shap,border_w16_dil6_sigma10_dist,20,9.91375037175581e-05,0.00019825535289433161,0.0003540723442993654,0.3414193473405014,-0.03887327978079984,0.0010363520408163266,0.20001594387755103,/home/tbeliere/Projects/DCU/2026-mcm-XAI-skin-lesion/outputs/pilot/xai_maps/shap/ham10000_ISIC_0026912.npy,/home/tbeliere/Projects/DCU/2026-mcm-XAI-skin-lesion/outputs/pilot/pseudo_concepts/npz/ham10000/ISIC_0026912.npz
ham10000,ISIC_0026912,shap,colour_heterogeneity,20,0.08712152462660909,0.1602792744933139,0.08281877013892357,1.3521559813883066,0.2557587644523945,0.06259964923469388,0.20001594387755103,/home/tbeliere/Projects/DCU/2026-mcm-XAI-skin-lesion/outputs/pilot/xai_maps/shap/ham10000_ISIC_0026912.npy,/home/tbeliere/Projects/DCU/2026-mcm-XAI-skin-lesion/outputs/pilot/pseudo_concepts/npz/ham10000/ISIC_0026912.npz
ham10000,ISIC_0024615,gradcam,asymmetry,20,0.0031887755102034464,0.006357279084550549,0.0,0.0,-0.008783162167713196,0.0031887755102040817,1.0,/home/tbeliere/Projects/DCU/2026-mcm-XAI-skin-lesion/outputs/pilot/xai_maps/gradcam/ham10000_ISIC_0024615.npy,/home/tbeliere/Projects/DCU/2026-mcm-XAI-skin-lesion/outputs/pilot/pseudo_concepts/npz/ham10000/ISIC_0024615.npz
ham10000,ISIC_0024615,gradcam,border_default,20,0.0005978954081631462,0.0011950762857026662,0.0,0.0,-0.013064890619039466,0.0005978954081632653,1.0,/home/tbeliere/Projects/DCU/2026-mcm-XAI-skin-lesion/outputs/pilot/xai_maps/gradcam/ham10000_ISIC_0024615.npy,/home/tbeliere/Projects/DCU/2026-mcm-XAI-skin-lesion/outputs/pilot/pseudo_concepts/npz/ham10000/ISIC_0024615.npz
ham10000,ISIC_0024615,gradcam,border_w8_dil2_sigma5,20,0.0005978954081631462,0.0011950762857026662,0.0,0.0,-0.013064890619039466,0.0005978954081632653,1.0,/home/tbeliere/Projects/DCU/2026-mcm-XAI-skin-lesion/outputs/pilot/xai_maps/gradcam/ham10000_ISIC_0024615.npy,/home/tbeliere/Projects/DCU/2026-mcm-XAI-skin-lesion/outputs/pilot/pseudo_concepts/npz/ham10000/ISIC_0024615.npz
ham10000,ISIC_0024615,gradcam,border_w12_dil4_sigma8,20,0.0025709502551015287,0.0051287148394781575,0.0,0.0,-0.01535950670997745,0.002570950255102041,1.0,/home/tbeliere/Projects/DCU/2026-mcm-XAI-skin-lesion/outputs/pilot/xai_maps/gradcam/ham10000_ISIC_0024615.npy,/home/tbeliere/Projects/DCU/2026-mcm-XAI-skin-lesion/outputs/pilot/pseudo_concepts/npz/ham10000/ISIC_0024615.npz
ham10000,ISIC_0024615,gradcam,border_w16_dil6_sigma10,20,0.005560427295917259,0.011059359825584966,0.0,0.0,-0.017724411580192154,0.005560427295918368,1.0,/home/tbeliere/Projects/DCU/2026-mcm-XAI-skin-lesion/outputs/pilot/xai_maps/gradcam/ham10000_ISIC_0024615.npy,/home/tbeliere/Projects/DCU/2026-mcm-XAI-skin-lesion/outputs/pilot/pseudo_concepts/npz/ham10000/ISIC_0024615.npz
ham10000,ISIC_0024615,gradcam,border_w16_dil6_sigma10_dist,20,0.00466358418367254,0.009283872247568086,0.0,0.0,-0.016862558190713202,0.00466358418367347,1.0,/home/tbeliere/Projects/DCU/2026-mcm-XAI-skin-lesion/outputs/pilot/xai_maps/gradcam/ham10000_ISIC_0024615.npy,/home/tbeliere/Projects/DCU/2026-mcm-XAI-skin-lesion/outputs/pilot/pseudo_concepts/npz/ham10000/ISIC_0024615.npz
ham10000,ISIC_0024615,gradcam,colour_heterogeneity,20,0.006317761479590578,0.012556195908341245,0.0,0.0,-0.02063534544488474,0.006317761479591837,1.0,/home/tbeliere/Projects/DCU/2026-mcm-XAI-skin-lesion/outputs/pilot/xai_maps/gradcam/ham10000_ISIC_0024615.npy,/home/tbeliere/Projects/DCU/2026-mcm-XAI-skin-lesion/outputs/pilot/pseudo_concepts/npz/ham10000/ISIC_0024615.npz
ham10000,ISIC_0024615,lime,asymmetry,20,0.0015793691952285184,0.0031537574431021787,0.0015644298065040903,0.48980701858650194,-0.052719843102165063,0.0031887755102040817,0.8436104910714286,/home/tbeliere/Projects/DCU/2026-mcm-XAI-skin-lesion/outputs/pilot/xai_maps/lime/ham10000_ISIC_0024615.npy,/home/tbeliere/Projects/DCU/2026-mcm-XAI-skin-lesion/outputs/pilot/pseudo_concepts/npz/ham10000/ISIC_0024615.npz
ham10000,ISIC_0024615,lime,border_default,20,0.000401492607812479,0.0008026629523830113,0.00034993824619170444,0.5851381831293815,-0.029222906514193125,0.0005978954081632653,0.8436104910714286,/home/tbeliere/Projects/DCU/2026-mcm-XAI-skin-lesion/outputs/pilot/xai_maps/lime/ham10000_ISIC_0024615.npy,/home/tbeliere/Projects/DCU/2026-mcm-XAI-skin-lesion/outputs/pilot/pseudo_concepts/npz/ham10000/ISIC_0024615.npz
ham10000,ISIC_0024615,lime,border_w8_dil2_sigma5,20,0.000401492607812479,0.0008026629523830113,0.00034993824619170444,0.5851381831293815,-0.029222906514193125,0.0005978954081632653,0.8436104910714286,/home/tbeliere/Projects/DCU/2026-mcm-XAI-skin-lesion/outputs/pilot/xai_maps/lime/ham10000_ISIC_0024615.npy,/home/tbeliere/Projects/DCU/2026-mcm-XAI-skin-lesion/outputs/pilot/pseudo_concepts/npz/ham10000/ISIC_0024615.npz
ham10000,ISIC_0024615,lime,border_w12_dil4_sigma8,20,0.00122624156958892,0.0024494794856087312,0.0011527377521609087,0.44773367454032725,-0.022216206464534177,0.002570950255102041,0.8436104910714286,/home/tbeliere/Projects/DCU/2026-mcm-XAI-skin-lesion/outputs/pilot/xai_maps/lime/ham10000_ISIC_0024615.npy,/home/tbeliere/Projects/DCU/2026-mcm-XAI-skin-lesion/outputs/pilot/pseudo_concepts/npz/ham10000/ISIC_0024615.npz
ham10000,ISIC_0024615,lime,border_w16_dil6_sigma10,20,0.003556539557669276,0.007087870822379111,0.003952243721694544,0.7096329785470881,0.013252149169853416,0.005560427295918368,0.8436104910714286,/home/tbeliere/Projects/DCU/2026-mcm-XAI-skin-lesion/outputs/pilot/xai_maps/lime/ham10000_ISIC_0024615.npy,/home/tbeliere/Projects/DCU/2026-mcm-XAI-skin-lesion/outputs/pilot/pseudo_concepts/npz/ham10000/ISIC_0024615.npz
ham10000,ISIC_0024615,lime,border_w16_dil6_sigma10_dist,20,0.0027564434811283146,0.005497732772594625,0.0028818443804022715,0.6168420700326399,-0.003421934384784901,0.00466358418367347,0.8436104910714286,/home/tbeliere/Projects/DCU/2026-mcm-XAI-skin-lesion/outputs/pilot/xai_maps/lime/ham10000_ISIC_0024615.npy,/home/tbeliere/Projects/DCU/2026-mcm-XAI-skin-lesion/outputs/pilot/pseudo_concepts/npz/ham10000/ISIC_0024615.npz
ham10000,ISIC_0024615,lime,colour_heterogeneity,20,0.004002260099820134,0.007972611733806695,0.005104981473855453,0.8070514156118168,0.06431063478956436,0.006317761479591837,0.8436104910714286,/home/tbeliere/Projects/DCU/2026-mcm-XAI-skin-lesion/outputs/pilot/xai_maps/lime/ham10000_ISIC_0024615.npy,/home/tbeliere/Projects/DCU/2026-mcm-XAI-skin-lesion/outputs/pilot/pseudo_concepts/npz/ham10000/ISIC_0024615.npz
ham10000,ISIC_0024615,shap,asymmetry,20,0.0068134689443993144,0.013534719497829015,0.00544319647090866,1.7108555906643415,0.04298400910129233,0.0031887755102040817,0.20001594387755103,/home/tbeliere/Projects/DCU/2026-mcm-XAI-skin-lesion/outputs/pilot/xai_maps/shap/ham10000_ISIC_0024615.npy,/home/tbeliere/Projects/DCU/2026-mcm-XAI-skin-lesion/outputs/pilot/pseudo_concepts/npz/ham10000/ISIC_0024615.npz
ham10000,ISIC_0024615,shap,border_default,20,0.000994431185360984,0.0019868865487760907,0.0008662331546757774,1.4491927724593565,0.04285622295428663,0.0005978954081632653,0.20001594387755103,/home/tbeliere/Projects/DCU/2026-mcm-XAI-skin-lesion/outputs/pilot/xai_maps/shap/ham10000_ISIC_0024615.npy,/home/tbeliere/Projects/DCU/2026-mcm-XAI-skin-lesion/outputs/pilot/pseudo_concepts/npz/ham10000/ISIC_0024615.npz
ham10000,ISIC_0024615,shap,border_w8_dil2_sigma5,20,0.000994431185360984,0.0019868865487760907,0.0008662331546757774,1.4491927724593565,0.04285622295428663,0.0005978954081632653,0.20001594387755103,/home/tbeliere/Projects/DCU/2026-mcm-XAI-skin-lesion/outputs/pilot/xai_maps/shap/ham10000_ISIC_0024615.npy,/home/tbeliere/Projects/DCU/2026-mcm-XAI-skin-lesion/outputs/pilot/pseudo_concepts/npz/ham10000/ISIC_0024615.npz
ham10000,ISIC_0024615,shap,border_w12_dil4_sigma8,20,0.006037212984950477,0.012001967535649775,0.004765015209453989,1.8574920435929896,0.05053543068512979,0.002570950255102041,0.20001594387755103,/home/tbeliere/Projects/DCU/2026-mcm-XAI-skin-lesion/outputs/pilot/xai_maps/shap/ham10000_ISIC_0024615.npy,/home/tbeliere/Projects/DCU/2026-mcm-XAI-skin-lesion/outputs/pilot/pseudo_concepts/npz/ham10000/ISIC_0024615.npz
ham10000,ISIC_0024615,shap,border_w16_dil6_sigma10,20,0.009888388486381546,0.01958313136207505,0.00839655853413372,1.514375255196036,0.05469184376510709,0.005560427295918368,0.20001594387755103,/home/tbeliere/Projects/DCU/2026-mcm-XAI-skin-lesion/outputs/pilot/xai_maps/shap/ham10000_ISIC_0024615.npy,/home/tbeliere/Projects/DCU/2026-mcm-XAI-skin-lesion/outputs/pilot/pseudo_concepts/npz/ham10000/ISIC_0024615.npz
ham10000,ISIC_0024615,shap,border_w16_dil6_sigma10_dist,20,0.00874177389253635,0.017332035053537163,0.007330945979712666,1.5761789969810531,0.052356259113540804,0.00466358418367347,0.20001594387755103,/home/tbeliere/Projects/DCU/2026-mcm-XAI-skin-lesion/outputs/pilot/xai_maps/shap/ham10000_ISIC_0024615.npy,/home/tbeliere/Projects/DCU/2026-mcm-XAI-skin-lesion/outputs/pilot/pseudo_concepts/npz/ham10000/ISIC_0024615.npz
ham10000,ISIC_0024615,shap,colour_heterogeneity,20,0.015298617240349808,0.03013619240796857,0.011395725200925846,1.813024843839502,0.09899966859180863,0.006317761479591837,0.20001594387755103,/home/tbeliere/Projects/DCU/2026-mcm-XAI-skin-lesion/outputs/pilot/xai_maps/shap/ham10000_ISIC_0024615.npy,/home/tbeliere/Projects/DCU/2026-mcm-XAI-skin-lesion/outputs/pilot/pseudo_concepts/npz/ham10000/ISIC_0024615.npz
ham10000,ISIC_0030700,gradcam,asymmetry,20,0.09241470025508362,0.16919343951249355,0.028583312876563845,0.2889702481588943,-0.03530963669143691,0.09241470025510204,1.0,/home/tbeliere/Projects/DCU/2026-mcm-XAI-skin-lesion/outputs/pilot/xai_maps/gradcam/ham10000_ISIC_0030700.npy,/home/tbeliere/Projects/DCU/2026-mcm-XAI-skin-lesion/outputs/pilot/pseudo_concepts/npz/ham10000/ISIC_0030700.npz
ham10000,ISIC_0030700,gradcam,border_default,20,0.0006776147959182324,0.0013543118900614711,0.00021068195712036118,0.3107716387021082,0.05794990591959481,0.0006776147959183673,1.0,/home/tbeliere/Projects/DCU/2026-mcm-XAI-skin-lesion/outputs/pilot/xai_maps/gradcam/ham10000_ISIC_0030700.npy,/home/tbeliere/Projects/DCU/2026-mcm-XAI-skin-lesion/outputs/pilot/pseudo_concepts/npz/ham10000/ISIC_0030700.npz
ham10000,ISIC_0030700,gradcam,border_w8_dil2_sigma5,20,0.0006776147959182324,0.0013543118900614711,0.00021068195712036118,0.3107716387021082,0.05794990591959481,0.0006776147959183673,1.0,/home/tbeliere/Projects/DCU/2026-mcm-XAI-skin-lesion/outputs/pilot/xai_maps/gradcam/ham10000_ISIC_0030700.npy,/home/tbeliere/Projects/DCU/2026-mcm-XAI-skin-lesion/outputs/pilot/pseudo_concepts/npz/ham10000/ISIC_0030700.npz
ham10000,ISIC_0030700,gradcam,border_w12_dil4_sigma8,20,0.0011957908163262923,0.0023887252169753985,0.0006621433537830361,0.5534324587146126,0.04694728135645637,0.0011957908163265306,1.0,/home/tbeliere/Projects/DCU/2026-mcm-XAI-skin-lesion/outputs/pilot/xai_maps/gradcam/ham10000_ISIC_0030700.npy,/home/tbeliere/Projects/DCU/2026-mcm-XAI-skin-lesion/outputs/pilot/pseudo_concepts/npz/ham10000/ISIC_0030700.npz
ham10000,ISIC_0030700,gradcam,border_w16_dil6_sigma10,20,0.0038464604591829073,0.007663443784866155,0.0036583707593692617,0.9509204315701837,0.03451119713067442,0.0038464604591836736,1.0,/home/tbeliere/Projects/DCU/2026-mcm-XAI-skin-lesion/outputs/pilot/xai_maps/gradcam/ham10000_ISIC_0030700.npy,/home/tbeliere/Projects/DCU/2026-mcm-XAI-skin-lesion/outputs/pilot/pseudo_concepts/npz/ham10000/ISIC_0030700.npz
ham10000,ISIC_0030700,gradcam,border_w16_dil6_sigma10_dist,20,0.003029336734693274,0.006040375139086385,0.002848502654073762,0.9401346513390879,0.030441663377709233,0.0030293367346938774,1.0,/home/tbeliere/Projects/DCU/2026-mcm-XAI-skin-lesion/outputs/pilot/xai_maps/gradcam/ham10000_ISIC_0030700.npy,/home/tbeliere/Projects/DCU/2026-mcm-XAI-skin-lesion/outputs/pilot/pseudo_concepts/npz/ham10000/ISIC_0030700.npz
ham10000,ISIC_0030700,gradcam,colour_heterogeneity,20,0.02551020408162757,0.049751243781084864,0.10953749899949644,4.699052467697731,0.2469333825807238,0.025510204081632654,1.0,/home/tbeliere/Projects/DCU/2026-mcm-XAI-skin-lesion/outputs/pilot/xai_maps/gradcam/ham10000_ISIC_0030700.npy,/home/tbeliere/Projects/DCU/2026-mcm-XAI-skin-lesion/outputs/pilot/pseudo_concepts/npz/ham10000/ISIC_0030700.npz
ham10000,ISIC_0030700,lime,asymmetry,20,0.09612069930380854,0.17538342148790506,0.09694075389289702,1.054232836897679,0.033381889633040764,0.09241470025510204,0.8834901147959183,/home/tbeliere/Projects/DCU/2026-mcm-XAI-skin-lesion/outputs/pilot/xai_maps/lime/ham10000_ISIC_0030700.npy,/home/tbeliere/Projects/DCU/2026-mcm-XAI-skin-lesion/outputs/pilot/pseudo_concepts/npz/ham10000/ISIC_0030700.npz
ham10000,ISIC_0030700,lime,border_default,20,0.0007669749605231747,0.0015327743215216092,0.0006938917120754734,1.0240375429048647,0.031312512271688166,0.0006776147959183673,0.8834901147959183,/home/tbeliere/Projects/DCU/2026-mcm-XAI-skin-lesion/outputs/pilot/xai_maps/lime/ham10000_ISIC_0030700.npy,/home/tbeliere/Projects/DCU/2026-mcm-XAI-skin-lesion/outputs/pilot/pseudo_concepts/npz/ham10000/ISIC_0030700.npz
ham10000,ISIC_0030700,lime,border_w8_dil2_sigma5,20,0.0007669749605231747,0.0015327743215216092,0.0006938917120754734,1.0240375429048647,0.031312512271688166,0.0006776147959183673,0.8834901147959183,/home/tbeliere/Projects/DCU/2026-mcm-XAI-skin-lesion/outputs/pilot/xai_maps/lime/ham10000_ISIC_0030700.npy,/home/tbeliere/Projects/DCU/2026-mcm-XAI-skin-lesion/outputs/pilot/pseudo_concepts/npz/ham10000/ISIC_0030700.npz
ham10000,ISIC_0030700,lime,border_w12_dil4_sigma8,20,0.001353485224452661,0.002703311556656296,0.0012245147860155414,1.0240503565047034,0.036894356947556564,0.0011957908163265306,0.8834901147959183,/home/tbeliere/Projects/DCU/2026-mcm-XAI-skin-lesion/outputs/pilot/xai_maps/lime/ham10000_ISIC_0030700.npy,/home/tbeliere/Projects/DCU/2026-mcm-XAI-skin-lesion/outputs/pilot/pseudo_concepts/npz/ham10000/ISIC_0030700.npz
ham10000,ISIC_0030700,lime,border_w16_dil6_sigma10,20,0.004353710805322727,0.008669676347054631,0.003938855895016658,1.0241158671375372,0.02890814835853458,0.0038464604591836736,0.8834901147959183,/home/tbeliere/Projects/DCU/2026-mcm-XAI-skin-lesion/outputs/pilot/xai_maps/lime/ham10000_ISIC_0030700.npy,/home/tbeliere/Projects/DCU/2026-mcm-XAI-skin-lesion/outputs/pilot/pseudo_concepts/npz/ham10000/ISIC_0030700.npz
ham10000,ISIC_0030700,lime,border_w16_dil6_sigma10_dist,20,0.003428829235280075,0.0068342250798060266,0.0031021041245727046,1.024095612955222,0.029841325197454655,0.0030293367346938774,0.8834901147959183,/home/tbeliere/Projects/DCU/2026-mcm-XAI-skin-lesion/outputs/pilot/xai_maps/lime/ham10000_ISIC_0030700.npy,/home/tbeliere/Projects/DCU/2026-mcm-XAI-skin-lesion/outputs/pilot/pseudo_concepts/npz/ham10000/ISIC_0030700.npz
ham10000,ISIC_0030700,lime,colour_heterogeneity,20,0.023448894872652656,0.04582328436745323,0.025245413171687076,0.9893513493971745,-0.20413056344743105,0.025510204081632654,0.8834901147959183,/home/tbeliere/Projects/DCU/2026-mcm-XAI-skin-lesion/outputs/pilot/xai_maps/lime/ham10000_ISIC_0030700.npy,/home/tbeliere/Projects/DCU/2026-mcm-XAI-skin-lesion/outputs/pilot/pseudo_concepts/npz/ham10000/ISIC_0030700.npz
ham10000,ISIC_0030700,shap,asymmetry,20,0.04560678400908885,0.08723505758870903,0.08169972316585596,0.8737399684156751,-0.033584840190612225,0.09241470025510204,0.20001594387755103,/home/tbeliere/Projects/DCU/2026-mcm-XAI-skin-lesion/outputs/pilot/xai_maps/shap/ham10000_ISIC_0030700.npy,/home/tbeliere/Projects/DCU/2026-mcm-XAI-skin-lesion/outputs/pilot/pseudo_concepts/npz/ham10000/ISIC_0030700.npz
ham10000,ISIC_0030700,shap,border_default,20,9.931472837411926e-05,0.00019860973187666472,0.00032044208358602,0.47272809504825025,-0.031981455830978216,0.0006776147959183673,0.20001594387755103,/home/tbeliere/Projects/DCU/2026-mcm-XAI-skin-lesion/outputs/pilot/xai_maps/shap/ham10000_ISIC_0030700.npy,/home/tbeliere/Projects/DCU/2026-mcm-XAI-skin-lesion/outputs/pilot/pseudo_concepts/npz/ham10000/ISIC_0030700.npz
ham10000,ISIC_0030700,shap,border_w8_dil2_sigma5,20,9.931472837411926e-05,0.00019860973187666472,0.00032044208358602,0.47272809504825025,-0.031981455830978216,0.0006776147959183673,0.20001594387755103,/home/tbeliere/Projects/DCU/2026-mcm-XAI-skin-lesion/outputs/pilot/xai_maps/shap/ham10000_ISIC_0030700.npy,/home/tbeliere/Projects/DCU/2026-mcm-XAI-skin-lesion/outputs/pilot/pseudo_concepts/npz/ham10000/ISIC_0030700.npz
ham10000,ISIC_0030700,shap,border_w12_dil4_sigma8,20,9.905894006924312e-05,0.0001980982567351445,0.0005735758924972715,0.47936374237382323,-0.035851096222510634,0.0011957908163265306,0.20001594387755103,/home/tbeliere/Projects/DCU/2026-mcm-XAI-skin-lesion/outputs/pilot/xai_maps/shap/ham10000_ISIC_0030700.npy,/home/tbeliere/Projects/DCU/2026-mcm-XAI-skin-lesion/outputs/pilot/pseudo_concepts/npz/ham10000/ISIC_0030700.npz
ham10000,ISIC_0030700,shap,border_w16_dil6_sigma10,20,0.0017628048183314436,0.003519405611493284,0.0027171250810456597,0.7055962487797571,-0.036804073982530175,0.0038464604591836736,0.20001594387755103,/home/tbeliere/Projects/DCU/2026-mcm-XAI-skin-lesion/outputs/pilot/xai_maps/shap/ham10000_ISIC_0030700.npy,/home/tbeliere/Projects/DCU/2026-mcm-XAI-skin-lesion/outputs/pilot/pseudo_concepts/npz/ham10000/ISIC_0030700.npz
ham10000,ISIC_0030700,shap,border_w16_dil6_sigma10_dist,20,0.0014744913004998775,0.0029446407538251426,0.002168339242529584,0.7151625179912499,-0.036489284444441515,0.0030293367346938774,0.20001594387755103,/home/tbeliere/Projects/DCU/2026-mcm-XAI-skin-lesion/outputs/pilot/xai_maps/shap/ham10000_ISIC_0030700.npy,/home/tbeliere/Projects/DCU/2026-mcm-XAI-skin-lesion/outputs/pilot/pseudo_concepts/npz/ham10000/ISIC_0030700.npz
ham10000,ISIC_0030700,shap,colour_heterogeneity,20,0.06583780729013296,0.12354188759267978,0.051536271582636094,2.0756571492747047,0.4182569550715689,0.025510204081632654,0.20001594387755103,/home/tbeliere/Projects/DCU/2026-mcm-XAI-skin-lesion/outputs/pilot/xai_maps/shap/ham10000_ISIC_0030700.npy,/home/tbeliere/Projects/DCU/2026-mcm-XAI-skin-lesion/outputs/pilot/pseudo_concepts/npz/ham10000/ISIC_0030700.npz
ham10000,ISIC_0026578,gradcam,asymmetry,20,0.03780691964284961,0.07285925527623283,0.0,0.0,0.0,0.037806919642857144,1.0,/home/tbeliere/Projects/DCU/2026-mcm-XAI-skin-lesion/outputs/pilot/xai_maps/gradcam/ham10000_ISIC_0026578.npy,/home/tbeliere/Projects/DCU/2026-mcm-XAI-skin-lesion/outputs/pilot/pseudo_concepts/npz/ham10000/ISIC_0026578.npz
ham10000,ISIC_0026578,gradcam,border_default,20,0.002032844387754697,0.0040574406300958555,0.0,0.0,0.0,0.002032844387755102,1.0,/home/tbeliere/Projects/DCU/2026-mcm-XAI-skin-lesion/outputs/pilot/xai_maps/gradcam/ham10000_ISIC_0026578.npy,/home/tbeliere/Projects/DCU/2026-mcm-XAI-skin-lesion/outputs/pilot/pseudo_concepts/npz/ham10000/ISIC_0026578.npz
ham10000,ISIC_0026578,gradcam,border_w8_dil2_sigma5,20,0.002032844387754697,0.0040574406300958555,0.0,0.0,0.0,0.002032844387755102,1.0,/home/tbeliere/Projects/DCU/2026-mcm-XAI-skin-lesion/outputs/pilot/xai_maps/gradcam/ham10000_ISIC_0026578.npy,/home/tbeliere/Projects/DCU/2026-mcm-XAI-skin-lesion/outputs/pilot/pseudo_concepts/npz/ham10000/ISIC_0026578.npz
ham10000,ISIC_0026578,gradcam,border_w12_dil4_sigma8,20,0.0019531249999996108,0.003898635477582071,0.0,0.0,0.0,0.001953125,1.0,/home/tbeliere/Projects/DCU/2026-mcm-XAI-skin-lesion/outputs/pilot/xai_maps/gradcam/ham10000_ISIC_0026578.npy,/home/tbeliere/Projects/DCU/2026-mcm-XAI-skin-lesion/outputs/pilot/pseudo_concepts/npz/ham10000/ISIC_0026578.npz
ham10000,ISIC_0026578,gradcam,border_w16_dil6_sigma10,20,0.003148915816325903,0.006278062542216737,0.0,0.0,0.0,0.0031489158163265306,1.0,/home/tbeliere/Projects/DCU/2026-mcm-XAI-skin-lesion/outputs/pilot/xai_maps/gradcam/ham10000_ISIC_0026578.npy,/home/tbeliere/Projects/DCU/2026-mcm-XAI-skin-lesion/outputs/pilot/pseudo_concepts/npz/ham10000/ISIC_0026578.npz
ham10000,ISIC_0026578,gradcam,border_w16_dil6_sigma10_dist,20,0.0025310905612239854,0.005049400632168052,0.0,0.0,0.0,0.00253109056122449,1.0,/home/tbeliere/Projects/DCU/2026-mcm-XAI-skin-lesion/outputs/pilot/xai_maps/gradcam/ham10000_ISIC_0026578.npy,/home/tbeliere/Projects/DCU/2026-mcm-XAI-skin-lesion/outputs/pilot/pseudo_concepts/npz/ham10000/ISIC_0026578.npz
ham10000,ISIC_0026578,gradcam,colour_heterogeneity,20,0.06020806760202882,0.113577833336445,0.0,0.0,0.0,0.06020806760204082,1.0,/home/tbeliere/Projects/DCU/2026-mcm-XAI-skin-lesion/outputs/pilot/xai_maps/gradcam/ham10000_ISIC_0026578.npy,/home/tbeliere/Projects/DCU/2026-mcm-XAI-skin-lesion/outputs/pilot/pseudo_concepts/npz/ham10000/ISIC_0026578.npz
ham10000,ISIC_0026578,lime,asymmetry,20,0.030853128300859553,0.05985940664838321,0.028464097885573268,0.745640460320426,-0.0796272262923646,0.037806919642857144,0.7985491071428571,/home/tbeliere/Projects/DCU/2026-mcm-XAI-skin-lesion/outputs/pilot/xai_maps/lime/ham10000_ISIC_0026578.npy,/home/tbeliere/Projects/DCU/2026-mcm-XAI-skin-lesion/outputs/pilot/pseudo_concepts/npz/ham10000/ISIC_0026578.npz
ham10000,ISIC_0026578,lime,border_default,20,0.0024205824370517755,0.004829474732386152,0.002211012128366551,1.0878387090113655,-0.023734502090107405,0.002032844387755102,0.7985491071428571,/home/tbeliere/Projects/DCU/2026-mcm-XAI-skin-lesion/outputs/pilot/xai_maps/lime/ham10000_ISIC_0026578.npy,/home/tbeliere/Projects/DCU/2026-mcm-XAI-skin-lesion/outputs/pilot/pseudo_concepts/npz/ham10000/ISIC_0026578.npz
ham10000,ISIC_0026578,lime,border_w8_dil2_sigma5,20,0.0024205824370517755,0.004829474732386152,0.002211012128366551,1.0878387090113655,-0.023734502090107405,0.002032844387755102,0.7985491071428571,/home/tbeliere/Projects/DCU/2026-mcm-XAI-skin-lesion/outputs/pilot/xai_maps/lime/ham10000_ISIC_0026578.npy,/home/tbeliere/Projects/DCU/2026-mcm-XAI-skin-lesion/outputs/pilot/pseudo_concepts/npz/ham10000/ISIC_0026578.npz
ham10000,ISIC_0026578,lime,border_w12_dil4_sigma8,20,0.0023707918444754636,0.004730368968778388,0.0020392830310176926,1.0442030603878043,-0.038472612488106316,0.001953125,0.7985491071428571,/home/tbeliere/Projects/DCU/2026-mcm-XAI-skin-lesion/outputs/pilot/xai_maps/lime/ham10000_ISIC_0026578.npy,/home/tbeliere/Projects/DCU/2026-mcm-XAI-skin-lesion/outputs/pilot/pseudo_concepts/npz/ham10000/ISIC_0026578.npz
ham10000,ISIC_0026578,lime,border_w16_dil6_sigma10,20,0.003617674209724404,0.007209267637844377,0.003112589889448057,0.9884279693381752,-0.057320284439634925,0.0031489158163265306,0.7985491071428571,/home/tbeliere/Projects/DCU/2026-mcm-XAI-skin-lesion/outputs/pilot/xai_maps/lime/ham10000_ISIC_0026578.npy,/home/tbeliere/Projects/DCU/2026-mcm-XAI-skin-lesion/outputs/pilot/pseudo_concepts/npz/ham10000/ISIC_0026578.npz
ham10000,ISIC_0026578,lime,border_w16_dil6_sigma10_dist,20,0.002969358219382431,0.005921134469459903,0.0025544703230642677,1.0092606178340442,-0.04658898033778202,0.00253109056122449,0.7985491071428571,/home/tbeliere/Projects/DCU/2026-mcm-XAI-skin-lesion/outputs/pilot/xai_maps/lime/ham10000_ISIC_0026578.npy,/home/tbeliere/Projects/DCU/2026-mcm-XAI-skin-lesion/outputs/pilot/pseudo_concepts/npz/ham10000/ISIC_0026578.npz
ham10000,ISIC_0026578,lime,colour_heterogeneity,20,0.032541755529454715,0.06303232843647728,0.029923795213038562,0.4814906152589587,-0.29487093012146015,0.06020806760204082,0.7985491071428571,/home/tbeliere/Projects/DCU/2026-mcm-XAI-skin-lesion/outputs/pilot/xai_maps/lime/ham10000_ISIC_0026578.npy,/home/tbeliere/Projects/DCU/2026-mcm-XAI-skin-lesion/outputs/pilot/pseudo_concepts/npz/ham10000/ISIC_0026578.npz
ham10000,ISIC_0026578,shap,asymmetry,20,0.05639164305944016,0.10676275873618807,0.04879322773194343,1.3054957970596075,0.05837839139381455,0.037806919642857144,0.20001594387755103,/home/tbeliere/Projects/DCU/2026-mcm-XAI-skin-lesion/outputs/pilot/xai_maps/shap/ham10000_ISIC_0026578.npy,/home/tbeliere/Projects/DCU/2026-mcm-XAI-skin-lesion/outputs/pilot/pseudo_concepts/npz/ham10000/ISIC_0026578.npz
ham10000,ISIC_0026578,shap,border_default,20,0.0026703590149315887,0.005326494377584014,0.002234369232631597,1.0993563241177695,0.03278471978041752,0.002032844387755102,0.20001594387755103,/home/tbeliere/Projects/DCU/2026-mcm-XAI-skin-lesion/outputs/pilot/xai_maps/shap/ham10000_ISIC_0026578.npy,/home/tbeliere/Projects/DCU/2026-mcm-XAI-skin-lesion/outputs/pilot/pseudo_concepts/npz/ham10000/ISIC_0026578.npz
ham10000,ISIC_0026578,shap,border_w8_dil2_sigma5,20,0.0026703590149315887,0.005326494377584014,0.002234369232631597,1.0993563241177695,0.03278471978041752,0.002032844387755102,0.20001594387755103,/home/tbeliere/Projects/DCU/2026-mcm-XAI-skin-lesion/outputs/pilot/xai_maps/shap/ham10000_ISIC_0026578.npy,/home/tbeliere/Projects/DCU/2026-mcm-XAI-skin-lesion/outputs/pilot/pseudo_concepts/npz/ham10000/ISIC_0026578.npz
ham10000,ISIC_0026578,shap,border_w12_dil4_sigma8,20,0.0028698664027680654,0.005723307677120857,0.0022812253720546657,1.1683712701048206,0.03765587373404535,0.001953125,0.20001594387755103,/home/tbeliere/Projects/DCU/2026-mcm-XAI-skin-lesion/outputs/pilot/xai_maps/shap/ham10000_ISIC_0026578.npy,/home/tbeliere/Projects/DCU/2026-mcm-XAI-skin-lesion/outputs/pilot/pseudo_concepts/npz/ham10000/ISIC_0026578.npz
ham10000,ISIC_0026578,shap,border_w16_dil6_sigma10,20,0.00473092844470261,0.009417304296635846,0.0038558831393795145,1.2253802781541083,0.0455171752440317,0.0031489158163265306,0.20001594387755103,/home/tbeliere/Projects/DCU/2026-mcm-XAI-skin-lesion/outputs/pilot/xai_maps/shap/ham10000_ISIC_0026578.npy,/home/tbeliere/Projects/DCU/2026-mcm-XAI-skin-lesion/outputs/pilot/pseudo_concepts/npz/ham10000/ISIC_0026578.npz
ham10000,ISIC_0026578,shap,border_w16_dil6_sigma10_dist,20,0.004050582888753161,0.008068483715430416,0.0031150002037462193,1.231415549322805,0.03993968152388562,0.00253109056122449,0.20001594387755103,/home/tbeliere/Projects/DCU/2026-mcm-XAI-skin-lesion/outputs/pilot/xai_maps/shap/ham10000_ISIC_0026578.npy,/home/tbeliere/Projects/DCU/2026-mcm-XAI-skin-lesion/outputs/pilot/pseudo_concepts/npz/ham10000/ISIC_0026578.npz
ham10000,ISIC_0026578,shap,colour_heterogeneity,20,0.15794608017013306,0.2728038599982593,0.13483960063743147,2.432751414756791,0.46073041931265524,0.06020806760204082,0.20001594387755103,/home/tbeliere/Projects/DCU/2026-mcm-XAI-skin-lesion/outputs/pilot/xai_maps/shap/ham10000_ISIC_0026578.npy,/home/tbeliere/Projects/DCU/2026-mcm-XAI-skin-lesion/outputs/pilot/pseudo_concepts/npz/ham10000/ISIC_0026578.npz
ham10000,ISIC_0033088,gradcam,asymmetry,20,0.05862876524262405,0.11076359752833109,0.03954131218895701,0.6788396588916393,-0.03473692419402149,0.05717873086734694,0.20408163265306123,/home/tbeliere/Projects/DCU/2026-mcm-XAI-skin-lesion/outputs/pilot/xai_maps/gradcam/ham10000_ISIC_0033088.npy,/home/tbeliere/Projects/DCU/2026-mcm-XAI-skin-lesion/outputs/pilot/pseudo_concepts/npz/ham10000/ISIC_0033088.npz
ham10000,ISIC_0033088,gradcam,border_default,20,0.0,0.0,3.8335548706601136e-05,0.05195079726527489,-0.046514078545035,0.0007374043367346938,0.20408163265306123,/home/tbeliere/Projects/DCU/2026-mcm-XAI-skin-lesion/outputs/pilot/xai_maps/gradcam/ham10000_ISIC_0033088.npy,/home/tbeliere/Projects/DCU/2026-mcm-XAI-skin-lesion/outputs/pilot/pseudo_concepts/npz/ham10000/ISIC_0033088.npz
ham10000,ISIC_0033088,gradcam,border_w8_dil2_sigma5,20,0.0,0.0,3.8335548706601136e-05,0.05195079726527489,-0.046514078545035,0.0007374043367346938,0.20408163265306123,/home/tbeliere/Projects/DCU/2026-mcm-XAI-skin-lesion/outputs/pilot/xai_maps/gradcam/ham10000_ISIC_0033088.npy,/home/tbeliere/Projects/DCU/2026-mcm-XAI-skin-lesion/outputs/pilot/pseudo_concepts/npz/ham10000/ISIC_0033088.npz
ham10000,ISIC_0033088,gradcam,border_w12_dil4_sigma8,20,0.0,0.0,0.00010672123578820198,0.05398837665142757,-0.06685229445853376,0.0019730548469387753,0.20408163265306123,/home/tbeliere/Projects/DCU/2026-mcm-XAI-skin-lesion/outputs/pilot/xai_maps/gradcam/ham10000_ISIC_0033088.npy,/home/tbeliere/Projects/DCU/2026-mcm-XAI-skin-lesion/outputs/pilot/pseudo_concepts/npz/ham10000/ISIC_0033088.npz
ham10000,ISIC_0033088,gradcam,border_w16_dil6_sigma10,20,0.0,0.0,0.00020528805725459034,0.05373523691203487,-0.07824763550709743,0.0038066007653061226,0.20408163265306123,/home/tbeliere/Projects/DCU/2026-mcm-XAI-skin-lesion/outputs/pilot/xai_maps/gradcam/ham10000_ISIC_0033088.npy,/home/tbeliere/Projects/DCU/2026-mcm-XAI-skin-lesion/outputs/pilot/pseudo_concepts/npz/ham10000/ISIC_0033088.npz
ham10000,ISIC_0033088,gradcam,border_w16_dil6_sigma10_dist,20,0.0,0.0,0.00016104586740311135,0.0540801211530575,-0.07289417037900067,0.002969547193877551,0.20408163265306123,/home/tbeliere/Projects/DCU/2026-mcm-XAI-skin-lesion/outputs/pilot/xai_maps/gradcam/ham10000_ISIC_0033088.npy,/home/tbeliere/Projects/DCU/2026-mcm-XAI-skin-lesion/outputs/pilot/pseudo_concepts/npz/ham10000/ISIC_0033088.npz
ham10000,ISIC_0033088,gradcam,colour_heterogeneity,20,0.02575926220382751,0.05022477135323963,0.01955618998733352,0.3560205363313732,-0.06683109385362826,0.053053252551020405,0.20408163265306123,/home/tbeliere/Projects/DCU/2026-mcm-XAI-skin-lesion/outputs/pilot/xai_maps/gradcam/ham10000_ISIC_0033088.npy,/home/tbeliere/Projects/DCU/2026-mcm-XAI-skin-lesion/outputs/pilot/pseudo_concepts/npz/ham10000/ISIC_0033088.npz
ham10000,ISIC_0033088,lime,asymmetry,20,0.055239661117568624,0.10469595325684816,0.05754136092693426,1.0067292085427353,0.002961981749865107,0.05717873086734694,0.8637794961734694,/home/tbeliere/Projects/DCU/2026-mcm-XAI-skin-lesion/outputs/pilot/xai_maps/lime/ham10000_ISIC_0033088.npy,/home/tbeliere/Projects/DCU/2026-mcm-XAI-skin-lesion/outputs/pilot/pseudo_concepts/npz/ham10000/ISIC_0033088.npz
ham10000,ISIC_0033088,lime,border_default,20,0.0008536951154793721,0.0017059338835350396,0.0009639407471520611,1.3075043044838208,0.06167556794203928,0.0007374043367346938,0.8637794961734694,/home/tbeliere/Projects/DCU/2026-mcm-XAI-skin-lesion/outputs/pilot/xai_maps/lime/ham10000_ISIC_0033088.npy,/home/tbeliere/Projects/DCU/2026-mcm-XAI-skin-lesion/outputs/pilot/pseudo_concepts/npz/ham10000/ISIC_0033088.npz
ham10000,ISIC_0033088,lime,border_w8_dil2_sigma5,20,0.0008536951154793721,0.0017059338835350396,0.0009639407471520611,1.3075043044838208,0.06167556794203928,0.0007374043367346938,0.8637794961734694,/home/tbeliere/Projects/DCU/2026-mcm-XAI-skin-lesion/outputs/pilot/xai_maps/lime/ham10000_ISIC_0033088.npy,/home/tbeliere/Projects/DCU/2026-mcm-XAI-skin-lesion/outputs/pilot/pseudo_concepts/npz/ham10000/ISIC_0033088.npz
ham10000,ISIC_0033088,lime,border_w12_dil4_sigma8,20,0.002284211254931293,0.0045580110497227076,0.002596738339266777,1.3169233910929397,0.06512904209069312,0.0019730548469387753,0.8637794961734694,/home/tbeliere/Projects/DCU/2026-mcm-XAI-skin-lesion/outputs/pilot/xai_maps/lime/ham10000_ISIC_0033088.npy,/home/tbeliere/Projects/DCU/2026-mcm-XAI-skin-lesion/outputs/pilot/pseudo_concepts/npz/ham10000/ISIC_0033088.npz
ham10000,ISIC_0033088,lime,border_w16_dil6_sigma10,20,0.0044069126231502725,0.008775153909765512,0.0045639643538628195,1.1998727504758022,0.054866710065754526,0.0038066007653061226,0.8637794961734694,/home/tbeliere/Projects/DCU/2026-mcm-XAI-skin-lesion/outputs/pilot/xai_maps/lime/ham10000_ISIC_0033088.npy,/home/tbeliere/Projects/DCU/2026-mcm-XAI-skin-lesion/outputs/pilot/pseudo_concepts/npz/ham10000/ISIC_0033088.npz
ham10000,ISIC_0033088,lime,border_w16_dil6_sigma10_dist,20,0.0034378533028763905,0.006852149919520154,0.0036196958668567192,1.2197339515311483,0.05997626912990268,0.002969547193877551,0.8637794961734694,/home/tbeliere/Projects/DCU/2026-mcm-XAI-skin-lesion/outputs/pilot/xai_maps/lime/ham10000_ISIC_0033088.npy,/home/tbeliere/Projects/DCU/2026-mcm-XAI-skin-lesion/outputs/pilot/pseudo_concepts/npz/ham10000/ISIC_0033088.npz
ham10000,ISIC_0033088,lime,colour_heterogeneity,20,0.05685995221465336,0.10760167815140152,0.05732496606532869,1.085413751415057,-0.143285465763651,0.053053252551020405,0.8637794961734694,/home/tbeliere/Projects/DCU/2026-mcm-XAI-skin-lesion/outputs/pilot/xai_maps/lime/ham10000_ISIC_0033088.npy,/home/tbeliere/Projects/DCU/2026-mcm-XAI-skin-lesion/outputs/pilot/pseudo_concepts/npz/ham10000/ISIC_0033088.npz
ham10000,ISIC_0033088,shap,asymmetry,20,0.023800079333578895,0.04649360712898373,0.04135167885138296,0.7112604687625199,-0.07178284705223294,0.05717873086734694,0.20001594387755103,/home/tbeliere/Projects/DCU/2026-mcm-XAI-skin-lesion/outputs/pilot/xai_maps/shap/ham10000_ISIC_0033088.npy,/home/tbeliere/Projects/DCU/2026-mcm-XAI-skin-lesion/outputs/pilot/pseudo_concepts/npz/ham10000/ISIC_0033088.npz
ham10000,ISIC_0033088,shap,border_default,20,0.001093222023453495,0.0021840563883627675,0.0009259602440759879,1.2559390420167535,-0.036438883713733494,0.0007374043367346938,0.20001594387755103,/home/tbeliere/Projects/DCU/2026-mcm-XAI-skin-lesion/outputs/pilot/xai_maps/shap/ham10000_ISIC_0033088.npy,/home/tbeliere/Projects/DCU/2026-mcm-XAI-skin-lesion/outputs/pilot/pseudo_concepts/npz/ham10000/ISIC_0033088.npz
ham10000,ISIC_0033088,shap,border_w8_dil2_sigma5,20,0.001093222023453495,0.0021840563883627675,0.0009259602440759879,1.2559390420167535,-0.036438883713733494,0.0007374043367346938,0.20001594387755103,/home/tbeliere/Projects/DCU/2026-mcm-XAI-skin-lesion/outputs/pilot/xai_maps/shap/ham10000_ISIC_0033088.npy,/home/tbeliere/Projects/DCU/2026-mcm-XAI-skin-lesion/outputs/pilot/pseudo_concepts/npz/ham10000/ISIC_0033088.npz
ham10000,ISIC_0033088,shap,border_w12_dil4_sigma8,20,0.002472799208701807,0.004933399111983291,0.0023794558375464657,1.2064667050631688,-0.05827433228000649,0.0019730548469387753,0.20001594387755103,/home/tbeliere/Projects/DCU/2026-mcm-XAI-skin-lesion/outputs/pilot/xai_maps/shap/ham10000_ISIC_0033088.npy,/home/tbeliere/Projects/DCU/2026-mcm-XAI-skin-lesion/outputs/pilot/pseudo_concepts/npz/ham10000/ISIC_0033088.npz
ham10000,ISIC_0033088,shap,border_w16_dil6_sigma10,20,0.0034340659340625643,0.00684462696782356,0.0037987526874782244,0.9979304297329922,-0.0724975945986988,0.0038066007653061226,0.20001594387755103,/home/tbeliere/Projects/DCU/2026-mcm-XAI-skin-lesion/outputs/pilot/xai_maps/shap/ham10000_ISIC_0033088.npy,/home/tbeliere/Projects/DCU/2026-mcm-XAI-skin-lesion/outputs/pilot/pseudo_concepts/npz/ham10000/ISIC_0033088.npz
ham10000,ISIC_0033088,shap,border_w16_dil6_sigma10_dist,20,0.0030529840456932703,0.006087383406965059,0.0031611063386796554,1.0647123142021941,-0.06713972079435554,0.002969547193877551,0.20001594387755103,/home/tbeliere/Projects/DCU/2026-mcm-XAI-skin-lesion/outputs/pilot/xai_maps/shap/ham10000_ISIC_0033088.npy,/home/tbeliere/Projects/DCU/2026-mcm-XAI-skin-lesion/outputs/pilot/pseudo_concepts/npz/ham10000/ISIC_0033088.npz
ham10000,ISIC_0033088,shap,colour_heterogeneity,20,0.03185437997722099,0.061742006615166364,0.04825686890066934,0.9050090244909409,0.1633470692392973,0.053053252551020405,0.20001594387755103,/home/tbeliere/Projects/DCU/2026-mcm-XAI-skin-lesion/outputs/pilot/xai_maps/shap/ham10000_ISIC_0033088.npy,/home/tbeliere/Projects/DCU/2026-mcm-XAI-skin-lesion/outputs/pilot/pseudo_concepts/npz/ham10000/ISIC_0033088.npz
ham10000,ISIC_0031843,gradcam,asymmetry,20,0.028519610969382072,0.05545759296218431,0.0,0.0,0.0,0.028519610969387755,1.0,/home/tbeliere/Projects/DCU/2026-mcm-XAI-skin-lesion/outputs/pilot/xai_maps/gradcam/ham10000_ISIC_0031843.npy,/home/tbeliere/Projects/DCU/2026-mcm-XAI-skin-lesion/outputs/pilot/pseudo_concepts/npz/ham10000/ISIC_0031843.npz
ham10000,ISIC_0031843,gradcam,border_default,20,0.00207270408163224,0.004136833731104985,0.0,0.0,0.0,0.002072704081632653,1.0,/home/tbeliere/Projects/DCU/2026-mcm-XAI-skin-lesion/outputs/pilot/xai_maps/gradcam/ham10000_ISIC_0031843.npy,/home/tbeliere/Projects/DCU/2026-mcm-XAI-skin-lesion/outputs/pilot/pseudo_concepts/npz/ham10000/ISIC_0031843.npz
ham10000,ISIC_0031843,gradcam,border_w8_dil2_sigma5,20,0.00207270408163224,0.004136833731104985,0.0,0.0,0.0,0.002072704081632653,1.0,/home/tbeliere/Projects/DCU/2026-mcm-XAI-skin-lesion/outputs/pilot/xai_maps/gradcam/ham10000_ISIC_0031843.npy,/home/tbeliere/Projects/DCU/2026-mcm-XAI-skin-lesion/outputs/pilot/pseudo_concepts/npz/ham10000/ISIC_0031843.npz
ham10000,ISIC_0031843,gradcam,border_w12_dil4_sigma8,20,0.0038663903061216787,0.007702997816158884,0.0,0.0,0.0,0.003866390306122449,1.0,/home/tbeliere/Projects/DCU/2026-mcm-XAI-skin-lesion/outputs/pilot/xai_maps/gradcam/ham10000_ISIC_0031843.npy,/home/tbeliere/Projects/DCU/2026-mcm-XAI-skin-lesion/outputs/pilot/pseudo_concepts/npz/ham10000/ISIC_0031843.npz
ham10000,ISIC_0031843,gradcam,border_w16_dil6_sigma10,20,0.006277901785713035,0.01247747123249441,0.0,0.0,0.0,0.006277901785714286,1.0,/home/tbeliere/Projects/DCU/2026-mcm-XAI-skin-lesion/outputs/pilot/xai_maps/gradcam/ham10000_ISIC_0031843.npy,/home/tbeliere/Projects/DCU/2026-mcm-XAI-skin-lesion/outputs/pilot/pseudo_concepts/npz/ham10000/ISIC_0031843.npz
ham10000,ISIC_0031843,gradcam,border_w16_dil6_sigma10_dist,20,0.005002391581631656,0.009954984432940696,0.0,0.0,0.0,0.005002391581632653,1.0,/home/tbeliere/Projects/DCU/2026-mcm-XAI-skin-lesion/outputs/pilot/xai_maps/gradcam/ham10000_ISIC_0031843.npy,/home/tbeliere/Projects/DCU/2026-mcm-XAI-skin-lesion/outputs/pilot/pseudo_concepts/npz/ham10000/ISIC_0031843.npz
ham10000,ISIC_0031843,gradcam,colour_heterogeneity,20,0.04699457908162329,0.08977043438533336,0.0,0.0,0.0,0.046994579081632654,1.0,/home/tbeliere/Projects/DCU/2026-mcm-XAI-skin-lesion/outputs/pilot/xai_maps/gradcam/ham10000_ISIC_0031843.npy,/home/tbeliere/Projects/DCU/2026-mcm-XAI-skin-lesion/outputs/pilot/pseudo_concepts/npz/ham10000/ISIC_0031843.npz
ham10000,ISIC_0031843,lime,asymmetry,20,0.023991275899665963,0.046858359957388365,0.0218985750209441,0.7626449159552943,-0.052024675983510196,0.028519610969387755,0.6826171875,/home/tbeliere/Projects/DCU/2026-mcm-XAI-skin-lesion/outputs/pilot/xai_maps/lime/ham10000_ISIC_0031843.npy,/home/tbeliere/Projects/DCU/2026-mcm-XAI-skin-lesion/outputs/pilot/pseudo_concepts/npz/ham10000/ISIC_0031843.npz
ham10000,ISIC_0031843,lime,border_default,20,0.0012240258794039508,0.0024450589433845306,0.0011001676445928853,0.5302717629078125,-0.04211422740043637,0.002072704081632653,0.6826171875,/home/tbeliere/Projects/DCU/2026-mcm-XAI-skin-lesion/outputs/pilot/xai_maps/lime/ham10000_ISIC_0031843.npy,/home/tbeliere/Projects/DCU/2026-mcm-XAI-skin-lesion/outputs/pilot/pseudo_concepts/npz/ham10000/ISIC_0031843.npz
ham10000,ISIC_0031843,lime,border_w8_dil2_sigma5,20,0.0012240258794039508,0.0024450589433845306,0.0011001676445928853,0.5302717629078125,-0.04211422740043637,0.002072704081632653,0.6826171875,/home/tbeliere/Projects/DCU/2026-mcm-XAI-skin-lesion/outputs/pilot/xai_maps/lime/ham10000_ISIC_0031843.npy,/home/tbeliere/Projects/DCU/2026-mcm-XAI-skin-lesion/outputs/pilot/pseudo_concepts/npz/ham10000/ISIC_0031843.npz
ham10000,ISIC_0031843,lime,border_w12_dil4_sigma8,20,0.002152977801052587,0.004296704891855336,0.0019383906119017505,0.5003752552365888,-0.060246354498608996,0.003866390306122449,0.6826171875,/home/tbeliere/Projects/DCU/2026-mcm-XAI-skin-lesion/outputs/pilot/xai_maps/lime/ham10000_ISIC_0031843.npy,/home/tbeliere/Projects/DCU/2026-mcm-XAI-skin-lesion/outputs/pilot/pseudo_concepts/npz/ham10000/ISIC_0031843.npz
ham10000,ISIC_0031843,lime,border_w16_dil6_sigma10,20,0.0035128465669898353,0.0070010993461763005,0.003169530595136646,0.5032966967160941,-0.06270895373646874,0.006277901785714286,0.6826171875,/home/tbeliere/Projects/DCU/2026-mcm-XAI-skin-lesion/outputs/pilot/xai_maps/lime/ham10000_ISIC_0031843.npy,/home/tbeliere/Projects/DCU/2026-mcm-XAI-skin-lesion/outputs/pilot/pseudo_concepts/npz/ham10000/ISIC_0031843.npz
ham10000,ISIC_0031843,lime,border_w16_dil6_sigma10_dist,20,0.002877656018369655,0.00573879775085336,0.0025932523051118016,0.517150337161553,-0.06026843050008332,0.005002391581632653,0.6826171875,/home/tbeliere/Projects/DCU/2026-mcm-XAI-skin-lesion/outputs/pilot/xai_maps/lime/ham10000_ISIC_0031843.npy,/home/tbeliere/Projects/DCU/2026-mcm-XAI-skin-lesion/outputs/pilot/pseudo_concepts/npz/ham10000/ISIC_0031843.npz
ham10000,ISIC_0031843,lime,colour_heterogeneity,20,0.029557342932665067,0.05741757491325701,0.027530385582550537,0.574095130462827,-0.13326068016138573,0.046994579081632654,0.6826171875,/home/tbeliere/Projects/DCU/2026-mcm-XAI-skin-lesion/outputs/pilot/xai_maps/lime/ham10000_ISIC_0031843.npy,/home/tbeliere/Projects/DCU/2026-mcm-XAI-skin-lesion/outputs/pilot/pseudo_concepts/npz/ham10000/ISIC_0031843.npz
ham10000,ISIC_0031843,shap,asymmetry,20,0.04702337472603449,0.08982297026241404,0.039694910553699135,1.4080433656288451,0.07707534276105159,0.028519610969387755,0.20001594387755103,/home/tbeliere/Projects/DCU/2026-mcm-XAI-skin-lesion/outputs/pilot/xai_maps/shap/ham10000_ISIC_0031843.npy,/home/tbeliere/Projects/DCU/2026-mcm-XAI-skin-lesion/outputs/pilot/pseudo_concepts/npz/ham10000/ISIC_0031843.npz
ham10000,ISIC_0031843,shap,border_default,20,0.003562945368167495,0.007100591715969328,0.0028442334170453425,1.3732948694167253,0.05564901250621949,0.002072704081632653,0.20001594387755103,/home/tbeliere/Projects/DCU/2026-mcm-XAI-skin-lesion/outputs/pilot/xai_maps/shap/ham10000_ISIC_0031843.npy,/home/tbeliere/Projects/DCU/2026-mcm-XAI-skin-lesion/outputs/pilot/pseudo_concepts/npz/ham10000/ISIC_0031843.npz
ham10000,ISIC_0031843,shap,border_w8_dil2_sigma5,20,0.003562945368167495,0.007100591715969328,0.0028442334170453425,1.3732948694167253,0.05564901250621949,0.002072704081632653,0.20001594387755103,/home/tbeliere/Projects/DCU/2026-mcm-XAI-skin-lesion/outputs/pilot/xai_maps/shap/ham10000_ISIC_0031843.npy,/home/tbeliere/Projects/DCU/2026-mcm-XAI-skin-lesion/outputs/pilot/pseudo_concepts/npz/ham10000/ISIC_0031843.npz
ham10000,ISIC_0031843,shap,border_w12_dil4_sigma8,20,0.005603066941899534,0.011143695014651863,0.0047267809914057005,1.223587495797465,0.0676243644880147,0.003866390306122449,0.20001594387755103,/home/tbeliere/Projects/DCU/2026-mcm-XAI-skin-lesion/outputs/pilot/xai_maps/shap/ham10000_ISIC_0031843.npy,/home/tbeliere/Projects/DCU/2026-mcm-XAI-skin-lesion/outputs/pilot/pseudo_concepts/npz/ham10000/ISIC_0031843.npz
ham10000,ISIC_0031843,shap,border_w16_dil6_sigma10,20,0.009558178094207004,0.018935368563405528,0.008063111507466999,1.2866754015163369,0.08577807513688362,0.006277901785714286,0.20001594387755103,/home/tbeliere/Projects/DCU/2026-mcm-XAI-skin-lesion/outputs/pilot/xai_maps/shap/ham10000_ISIC_0031843.npy,/home/tbeliere/Projects/DCU/2026-mcm-XAI-skin-lesion/outputs/pilot/pseudo_concepts/npz/ham10000/ISIC_0031843.npz
ham10000,ISIC_0031843,shap,border_w16_dil6_sigma10_dist,20,0.007640317367021607,0.015164771070268139,0.006390957806264274,1.2793657116976587,0.07593301169630125,0.005002391581632653,0.20001594387755103,/home/tbeliere/Projects/DCU/2026-mcm-XAI-skin-lesion/outputs/pilot/xai_maps/shap/ham10000_ISIC_0031843.npy,/home/tbeliere/Projects/DCU/2026-mcm-XAI-skin-lesion/outputs/pilot/pseudo_concepts/npz/ham10000/ISIC_0031843.npz
ham10000,ISIC_0031843,shap,colour_heterogeneity,20,0.10799213302332558,0.19493303211215512,0.08891688422887069,1.9791276938110336,0.4251607443718228,0.046994579081632654,0.20001594387755103,/home/tbeliere/Projects/DCU/2026-mcm-XAI-skin-lesion/outputs/pilot/xai_maps/shap/ham10000_ISIC_0031843.npy,/home/tbeliere/Projects/DCU/2026-mcm-XAI-skin-lesion/outputs/pilot/pseudo_concepts/npz/ham10000/ISIC_0031843.npz
ham10000,ISIC_0030000,gradcam,asymmetry,20,0.018315529336731046,0.035972208630974466,0.0,0.0,0.0,0.018315529336734693,1.0,/home/tbeliere/Projects/DCU/2026-mcm-XAI-skin-lesion/outputs/pilot/xai_maps/gradcam/ham10000_ISIC_0030000.npy,/home/tbeliere/Projects/DCU/2026-mcm-XAI-skin-lesion/outputs/pilot/pseudo_concepts/npz/ham10000/ISIC_0030000.npz
ham10000,ISIC_0030000,gradcam,border_default,20,0.0014150191326527794,0.0028260393655336986,0.0,0.0,0.0,0.0014150191326530613,1.0,/home/tbeliere/Projects/DCU/2026-mcm-XAI-skin-lesion/outputs/pilot/xai_maps/gradcam/ham10000_ISIC_0030000.npy,/home/tbeliere/Projects/DCU/2026-mcm-XAI-skin-lesion/outputs/pilot/pseudo_concepts/npz/ham10000/ISIC_0030000.npz
ham10000,ISIC_0030000,gradcam,border_w8_dil2_sigma5,20,0.0014150191326527794,0.0028260393655336986,0.0,0.0,0.0,0.0014150191326530613,1.0,/home/tbeliere/Projects/DCU/2026-mcm-XAI-skin-lesion/outputs/pilot/xai_maps/gradcam/ham10000_ISIC_0030000.npy,/home/tbeliere/Projects/DCU/2026-mcm-XAI-skin-lesion/outputs/pilot/pseudo_concepts/npz/ham10000/ISIC_0030000.npz
ham10000,ISIC_0030000,gradcam,border_w12_dil4_sigma8,20,0.004284917091835881,0.008533269829928254,0.0,0.0,0.0,0.0042849170918367345,1.0,/home/tbeliere/Projects/DCU/2026-mcm-XAI-skin-lesion/outputs/pilot/xai_maps/gradcam/ham10000_ISIC_0030000.npy,/home/tbeliere/Projects/DCU/2026-mcm-XAI-skin-lesion/outputs/pilot/pseudo_concepts/npz/ham10000/ISIC_0030000.npz
ham10000,ISIC_0030000,gradcam,border_w16_dil6_sigma10,20,0.006397480867345664,0.012713626552069883,0.0,0.0,0.0,0.006397480867346939,1.0,/home/tbeliere/Projects/DCU/2026-mcm-XAI-skin-lesion/outputs/pilot/xai_maps/gradcam/ham10000_ISIC_0030000.npy,/home/tbeliere/Projects/DCU/2026-mcm-XAI-skin-lesion/outputs/pilot/pseudo_concepts/npz/ham10000/ISIC_0030000.npz
ham10000,ISIC_0030000,gradcam,border_w16_dil6_sigma10_dist,20,0.0051817602040806,0.010310095963198845,0.0,0.0,0.0,0.005181760204081632,1.0,/home/tbeliere/Projects/DCU/2026-mcm-XAI-skin-lesion/outputs/pilot/xai_maps/gradcam/ham10000_ISIC_0030000.npy,/home/tbeliere/Projects/DCU/2026-mcm-XAI-skin-lesion/outputs/pilot/pseudo_concepts/npz/ham10000/ISIC_0030000.npz
ham10000,ISIC_0030000,gradcam,colour_heterogeneity,20,0.04268973214284864,0.08188386406206624,0.0,0.0,0.0,0.042689732142857144,1.0,/home/tbeliere/Projects/DCU/2026-mcm-XAI-skin-lesion/outputs/pilot/xai_maps/gradcam/ham10000_ISIC_0030000.npy,/home/tbeliere/Projects/DCU/2026-mcm-XAI-skin-lesion/outputs/pilot/pseudo_concepts/npz/ham10000/ISIC_0030000.npz
ham10000,ISIC_0030000,lime,asymmetry,20,0.019005114833010983,0.03730131391170777,0.020225354768742525,1.1064260394159462,0.02467115139226157,0.018315529336734693,0.7916733099489796,/home/tbeliere/Projects/DCU/2026-mcm-XAI-skin-lesion/outputs/pilot/xai_maps/lime/ham10000_ISIC_0030000.npy,/home/tbeliere/Projects/DCU/2026-mcm-XAI-skin-lesion/outputs/pilot/pseudo_concepts/npz/ham10000/ISIC_0030000.npz
ham10000,ISIC_0030000,lime,border_default,20,0.0014344313863649913,0.0028647534804234647,0.0014615058224499262,1.0329004439913563,0.005907447825773685,0.0014150191326530613,0.7916733099489796,/home/tbeliere/Projects/DCU/2026-mcm-XAI-skin-lesion/outputs/pilot/xai_maps/lime/ham10000_ISIC_0030000.npy,/home/tbeliere/Projects/DCU/2026-mcm-XAI-skin-lesion/outputs/pilot/pseudo_concepts/npz/ham10000/ISIC_0030000.npz
ham10000,ISIC_0030000,lime,border_w8_dil2_sigma5,20,0.0014344313863649913,0.0028647534804234647,0.0014615058224499262,1.0329004439913563,0.005907447825773685,0.0014150191326530613,0.7916733099489796,/home/tbeliere/Projects/DCU/2026-mcm-XAI-skin-lesion/outputs/pilot/xai_maps/lime/ham10000_ISIC_0030000.npy,/home/tbeliere/Projects/DCU/2026-mcm-XAI-skin-lesion/outputs/pilot/pseudo_concepts/npz/ham10000/ISIC_0030000.npz
ham10000,ISIC_0030000,lime,border_w12_dil4_sigma8,20,0.004780114722752144,0.00951474785917935,0.005633869218798909,1.3165977289049422,0.018152231806096594,0.0042849170918367345,0.7916733099489796,/home/tbeliere/Projects/DCU/2026-mcm-XAI-skin-lesion/outputs/pilot/xai_maps/lime/ham10000_ISIC_0030000.npy,/home/tbeliere/Projects/DCU/2026-mcm-XAI-skin-lesion/outputs/pilot/pseudo_concepts/npz/ham10000/ISIC_0030000.npz
ham10000,ISIC_0030000,lime,border_w16_dil6_sigma10,20,0.007041545116183724,0.013984616921382984,0.008486162840031829,1.3292793873452937,0.034063222503203025,0.006397480867346939,0.7916733099489796,/home/tbeliere/Projects/DCU/2026-mcm-XAI-skin-lesion/outputs/pilot/xai_maps/lime/ham10000_ISIC_0030000.npy,/home/tbeliere/Projects/DCU/2026-mcm-XAI-skin-lesion/outputs/pilot/pseudo_concepts/npz/ham10000/ISIC_0030000.npz
ham10000,ISIC_0030000,lime,border_w16_dil6_sigma10_dist,20,0.0056086519114674025,0.011154740764822261,0.00676535759746982,1.3076915923180303,0.03250324927152849,0.005181760204081632,0.7916733099489796,/home/tbeliere/Projects/DCU/2026-mcm-XAI-skin-lesion/outputs/pilot/xai_maps/lime/ham10000_ISIC_0030000.npy,/home/tbeliere/Projects/DCU/2026-mcm-XAI-skin-lesion/outputs/pilot/pseudo_concepts/npz/ham10000/ISIC_0030000.npz
ham10000,ISIC_0030000,lime,colour_heterogeneity,20,0.03253095249838886,0.06301206258209412,0.033237471123458,0.7709699771641151,-0.12351103133989724,0.042689732142857144,0.7916733099489796,/home/tbeliere/Projects/DCU/2026-mcm-XAI-skin-lesion/outputs/pilot/xai_maps/lime/ham10000_ISIC_0030000.npy,/home/tbeliere/Projects/DCU/2026-mcm-XAI-skin-lesion/outputs/pilot/pseudo_concepts/npz/ham10000/ISIC_0030000.npz
ham10000,ISIC_0030000,shap,asymmetry,20,0.02144522144520145,0.04198995892282794,0.020717705499694573,1.1339294870778276,0.016996433370596843,0.018315529336734693,0.20001594387755103,/home/tbeliere/Projects/DCU/2026-mcm-XAI-skin-lesion/outputs/pilot/xai_maps/shap/ham10000_ISIC_0030000.npy,/home/tbeliere/Projects/DCU/2026-mcm-XAI-skin-lesion/outputs/pilot/pseudo_concepts/npz/ham10000/ISIC_0030000.npz
ham10000,ISIC_0030000,shap,border_default,20,0.0006930693069300068,0.001385178589095295,0.0012967827101074477,0.9163330452232854,0.01983137265272256,0.0014150191326530613,0.20001594387755103,/home/tbeliere/Projects/DCU/2026-mcm-XAI-skin-lesion/outputs/pilot/xai_maps/shap/ham10000_ISIC_0030000.npy,/home/tbeliere/Projects/DCU/2026-mcm-XAI-skin-lesion/outputs/pilot/pseudo_concepts/npz/ham10000/ISIC_0030000.npz
ham10000,ISIC_0030000,shap,border_w8_dil2_sigma5,20,0.0006930693069300068,0.001385178589095295,0.0012967827101074477,0.9163330452232854,0.01983137265272256,0.0014150191326530613,0.20001594387755103,/home/tbeliere/Projects/DCU/2026-mcm-XAI-skin-lesion/outputs/pilot/xai_maps/shap/ham10000_ISIC_0030000.npy,/home/tbeliere/Projects/DCU/2026-mcm-XAI-skin-lesion/outputs/pilot/pseudo_concepts/npz/ham10000/ISIC_0030000.npz
ham10000,ISIC_0030000,shap,border_w12_dil4_sigma8,20,0.003033268101758284,0.006048190420440885,0.004037547335333728,0.9420353940441849,0.0335636220539139,0.0042849170918367345,0.20001594387755103,/home/tbeliere/Projects/DCU/2026-mcm-XAI-skin-lesion/outputs/pilot/xai_maps/shap/ham10000_ISIC_0030000.npy,/home/tbeliere/Projects/DCU/2026-mcm-XAI-skin-lesion/outputs/pilot/pseudo_concepts/npz/ham10000/ISIC_0030000.npz
ham10000,ISIC_0030000,shap,border_w16_dil6_sigma10,20,0.004558680892333114,0.009075987254987856,0.005931193677684524,0.9266787787583117,0.03063252153798637,0.006397480867346939,0.20001594387755103,/home/tbeliere/Projects/DCU/2026-mcm-XAI-skin-lesion/outputs/pilot/xai_maps/shap/ham10000_ISIC_0030000.npy,/home/tbeliere/Projects/DCU/2026-mcm-XAI-skin-lesion/outputs/pilot/pseudo_concepts/npz/ham10000/ISIC_0030000.npz
ham10000,ISIC_0030000,shap,border_w16_dil6_sigma10_dist,20,0.003704425813995219,0.0073815073815002115,0.004933107876170509,0.9517758432365055,0.027371113538094023,0.005181760204081632,0.20001594387755103,/home/tbeliere/Projects/DCU/2026-mcm-XAI-skin-lesion/outputs/pilot/xai_maps/shap/ham10000_ISIC_0030000.npy,/home/tbeliere/Projects/DCU/2026-mcm-XAI-skin-lesion/outputs/pilot/pseudo_concepts/npz/ham10000/ISIC_0030000.npz
ham10000,ISIC_0030000,shap,colour_heterogeneity,20,0.06768367525857646,0.12678600755450256,0.06400638371702441,1.533485178984978,0.1956267353437977,0.042689732142857144,0.20001594387755103,/home/tbeliere/Projects/DCU/2026-mcm-XAI-skin-lesion/outputs/pilot/xai_maps/shap/ham10000_ISIC_0030000.npy,/home/tbeliere/Projects/DCU/2026-mcm-XAI-skin-lesion/outputs/pilot/pseudo_concepts/npz/ham10000/ISIC_0030000.npz
ham10000,ISIC_0027932,gradcam,asymmetry,20,0.10095713691210906,0.18339885092214742,0.09998114500508226,1.7543547345225194,0.06355999998561329,0.05955038265306122,0.20408163265306123,/home/tbeliere/Projects/DCU/2026-mcm-XAI-skin-lesion/outputs/pilot/xai_maps/gradcam/ham10000_ISIC_0027932.npy,/home/tbeliere/Projects/DCU/2026-mcm-XAI-skin-lesion/outputs/pilot/pseudo_concepts/npz/ham10000/ISIC_0027932.npz
ham10000,ISIC_0027932,gradcam,border_default,20,0.00385022620078559,0.007670917633514554,0.0025509635998543258,0.6764080334413937,-0.002849150071525617,0.0037667410714285715,0.20408163265306123,/home/tbeliere/Projects/DCU/2026-mcm-XAI-skin-lesion/outputs/pilot/xai_maps/gradcam/ham10000_ISIC_0027932.npy,/home/tbeliere/Projects/DCU/2026-mcm-XAI-skin-lesion/outputs/pilot/pseudo_concepts/npz/ham10000/ISIC_0027932.npz
ham10000,ISIC_0027932,gradcam,border_w8_dil2_sigma5,20,0.00385022620078559,0.007670917633514554,0.0025509635998543258,0.6764080334413937,-0.002849150071525617,0.0037667410714285715,0.20408163265306123,/home/tbeliere/Projects/DCU/2026-mcm-XAI-skin-lesion/outputs/pilot/xai_maps/gradcam/ham10000_ISIC_0027932.npy,/home/tbeliere/Projects/DCU/2026-mcm-XAI-skin-lesion/outputs/pilot/pseudo_concepts/npz/ham10000/ISIC_0027932.npz
ham10000,ISIC_0027932,gradcam,border_w12_dil4_sigma8,20,0.008188035834690117,0.01624307280716965,0.0032733155312315732,0.7258364295451937,0.013301749130921484,0.0045041454081632655,0.20408163265306123,/home/tbeliere/Projects/DCU/2026-mcm-XAI-skin-lesion/outputs/pilot/xai_maps/gradcam/ham10000_ISIC_0027932.npy,/home/tbeliere/Projects/DCU/2026-mcm-XAI-skin-lesion/outputs/pilot/pseudo_concepts/npz/ham10000/ISIC_0027932.npz
ham10000,ISIC_0027932,gradcam,border_w16_dil6_sigma10,20,0.0091346153846066,0.01810385898044964,0.0023992063787360482,0.4708188303082829,0.01368070821289979,0.005082110969387755,0.20408163265306123,/home/tbeliere/Projects/DCU/2026-mcm-XAI-skin-lesion/outputs/pilot/xai_maps/gradcam/ham10000_ISIC_0027932.npy,/home/tbeliere/Projects/DCU/2026-mcm-XAI-skin-lesion/outputs/pilot/pseudo_concepts/npz/ham10000/ISIC_0027932.npz
ham10000,ISIC_0027932,gradcam,border_w16_dil6_sigma10_dist,20,0.006751543209870031,0.013412531136220145,0.0017970308785587108,0.454412526725048,0.010523029894449736,0.003946109693877551,0.20408163265306123,/home/tbeliere/Projects/DCU/2026-mcm-XAI-skin-lesion/outputs/pilot/xai_maps/gradcam/ham10000_ISIC_0027932.npy,/home/tbeliere/Projects/DCU/2026-mcm-XAI-skin-lesion/outputs/pilot/pseudo_concepts/npz/ham10000/ISIC_0027932.npz
ham10000,ISIC_0027932,gradcam,colour_heterogeneity,20,0.043340212732145306,0.08307973219713703,0.05114680910753281,0.8774590579911802,0.15341842668596528,0.05787627551020408,0.20408163265306123,/home/tbeliere/Projects/DCU/2026-mcm-XAI-skin-lesion/outputs/pilot/xai_maps/gradcam/ham10000_ISIC_0027932.npy,/home/tbeliere/Projects/DCU/2026-mcm-XAI-skin-lesion/outputs/pilot/pseudo_concepts/npz/ham10000/ISIC_0027932.npz
ham10000,ISIC_0027932,lime,asymmetry,20,0.07077701895981882,0.1321974934213166,0.07117245111964857,1.21011828931872,0.09657914677573426,0.05955038265306122,0.8341438137755102,/home/tbeliere/Projects/DCU/2026-mcm-XAI-skin-lesion/outputs/pilot/xai_maps/lime/ham10000_ISIC_0027932.npy,/home/tbeliere/Projects/DCU/2026-mcm-XAI-skin-lesion/outputs/pilot/pseudo_concepts/npz/ham10000/ISIC_0027932.npz
ham10000,ISIC_0027932,lime,border_default,20,0.004515697424378909,0.00899079513830864,0.004577949168976128,1.216351105083066,0.06313907653239031,0.0037667410714285715,0.8341438137755102,/home/tbeliere/Projects/DCU/2026-mcm-XAI-skin-lesion/outputs/pilot/xai_maps/lime/ham10000_ISIC_0027932.npy,/home/tbeliere/Projects/DCU/2026-mcm-XAI-skin-lesion/outputs/pilot/pseudo_concepts/npz/ham10000/ISIC_0027932.npz
ham10000,ISIC_0027932,lime,border_w8_dil2_sigma5,20,0.004515697424378909,0.00899079513830864,0.004577949168976128,1.216351105083066,0.06313907653239031,0.0037667410714285715,0.8341438137755102,/home/tbeliere/Projects/DCU/2026-mcm-XAI-skin-lesion/outputs/pilot/xai_maps/lime/ham10000_ISIC_0027932.npy,/home/tbeliere/Projects/DCU/2026-mcm-XAI-skin-lesion/outputs/pilot/pseudo_concepts/npz/ham10000/ISIC_0027932.npz
ham10000,ISIC_0027932,lime,border_w12_dil4_sigma8,20,0.005399722846082717,0.0107414448669176,0.0055251110660056715,1.2279317785414428,0.08369230662554955,0.0045041454081632655,0.8341438137755102,/home/tbeliere/Projects/DCU/2026-mcm-XAI-skin-lesion/outputs/pilot/xai_maps/lime/ham10000_ISIC_0027932.npy,/home/tbeliere/Projects/DCU/2026-mcm-XAI-skin-lesion/outputs/pilot/pseudo_concepts/npz/ham10000/ISIC_0027932.npz
ham10000,ISIC_0027932,lime,border_w16_dil6_sigma10,20,0.006092607636066782,0.012111425111018521,0.006404618541818819,1.2619054761935007,0.09858777076966233,0.005082110969387755,0.8341438137755102,/home/tbeliere/Projects/DCU/2026-mcm-XAI-skin-lesion/outputs/pilot/xai_maps/lime/ham10000_ISIC_0027932.npy,/home/tbeliere/Projects/DCU/2026-mcm-XAI-skin-lesion/outputs/pilot/pseudo_concepts/npz/ham10000/ISIC_0027932.npz
ham10000,ISIC_0027932,lime,border_w16_dil6_sigma10_dist,20,0.004730730635063619,0.009416912394176398,0.0049387727487969066,1.2528033769494782,0.0898681590475822,0.003946109693877551,0.8341438137755102,/home/tbeliere/Projects/DCU/2026-mcm-XAI-skin-lesion/outputs/pilot/xai_maps/lime/ham10000_ISIC_0027932.npy,/home/tbeliere/Projects/DCU/2026-mcm-XAI-skin-lesion/outputs/pilot/pseudo_concepts/npz/ham10000/ISIC_0027932.npz
ham10000,ISIC_0027932,lime,colour_heterogeneity,20,0.06625056578600991,0.12426828723353943,0.06745145795274679,1.1774087775635569,-0.14593774089325465,0.05787627551020408,0.8341438137755102,/home/tbeliere/Projects/DCU/2026-mcm-XAI-skin-lesion/outputs/pilot/xai_maps/lime/ham10000_ISIC_0027932.npy,/home/tbeliere/Projects/DCU/2026-mcm-XAI-skin-lesion/outputs/pilot/pseudo_concepts/npz/ham10000/ISIC_0027932.npz
ham10000,ISIC_0027932,shap,asymmetry,20,0.01702327034201388,0.03347665847663277,0.03902860357660842,0.6413917985963347,-0.07151581515238302,0.05955038265306122,0.20001594387755103,/home/tbeliere/Projects/DCU/2026-mcm-XAI-skin-lesion/outputs/pilot/xai_maps/shap/ham10000_ISIC_0027932.npy,/home/tbeliere/Projects/DCU/2026-mcm-XAI-skin-lesion/outputs/pilot/pseudo_concepts/npz/ham10000/ISIC_0027932.npz
ham10000,ISIC_0027932,shap,border_default,20,0.0007830087109711431,0.0015647921760375894,0.0022142146909395677,0.586918084112971,-0.06405846050074517,0.0037667410714285715,0.20001594387755103,/home/tbeliere/Projects/DCU/2026-mcm-XAI-skin-lesion/outputs/pilot/xai_maps/shap/ham10000_ISIC_0027932.npy,/home/tbeliere/Projects/DCU/2026-mcm-XAI-skin-lesion/outputs/pilot/pseudo_concepts/npz/ham10000/ISIC_0027932.npz
ham10000,ISIC_0027932,shap,border_w8_dil2_sigma5,20,0.0007830087109711431,0.0015647921760375894,0.0022142146909395677,0.586918084112971,-0.06405846050074517,0.0037667410714285715,0.20001594387755103,/home/tbeliere/Projects/DCU/2026-mcm-XAI-skin-lesion/outputs/pilot/xai_maps/shap/ham10000_ISIC_0027932.npy,/home/tbeliere/Projects/DCU/2026-mcm-XAI-skin-lesion/outputs/pilot/pseudo_concepts/npz/ham10000/ISIC_0027932.npz
ham10000,ISIC_0027932,shap,border_w12_dil4_sigma8,20,0.001268416430870067,0.002533619177545767,0.0027746540018204636,0.6149536855485993,-0.071750801647666,0.0045041454081632655,0.20001594387755103,/home/tbeliere/Projects/DCU/2026-mcm-XAI-skin-lesion/outputs/pilot/xai_maps/shap/ham10000_ISIC_0027932.npy,/home/tbeliere/Projects/DCU/2026-mcm-XAI-skin-lesion/outputs/pilot/pseudo_concepts/npz/ham10000/ISIC_0027932.npz
ham10000,ISIC_0027932,shap,border_w16_dil6_sigma10,20,0.0013622652525042693,0.00272082402098657,0.0031604640337978564,0.6206812170467823,-0.07435859308447411,0.005082110969387755,0.20001594387755103,/home/tbeliere/Projects/DCU/2026-mcm-XAI-skin-lesion/outputs/pilot/xai_maps/shap/ham10000_ISIC_0027932.npy,/home/tbeliere/Projects/DCU/2026-mcm-XAI-skin-lesion/outputs/pilot/pseudo_concepts/npz/ham10000/ISIC_0027932.npz
ham10000,ISIC_0027932,shap,border_w16_dil6_sigma10_dist,20,0.000880195599021144,0.0017588430721108472,0.002346491730020138,0.593680545779376,-0.07237875936946186,0.003946109693877551,0.20001594387755103,/home/tbeliere/Projects/DCU/2026-mcm-XAI-skin-lesion/outputs/pilot/xai_maps/shap/ham10000_ISIC_0027932.npy,/home/tbeliere/Projects/DCU/2026-mcm-XAI-skin-lesion/outputs/pilot/pseudo_concepts/npz/ham10000/ISIC_0027932.npz
ham10000,ISIC_0027932,shap,colour_heterogeneity,20,0.014106583072089257,0.027820710973703384,0.04010097523534727,0.6800433244212232,0.21427968462539485,0.05787627551020408,0.20001594387755103,/home/tbeliere/Projects/DCU/2026-mcm-XAI-skin-lesion/outputs/pilot/xai_maps/shap/ham10000_ISIC_0027932.npy,/home/tbeliere/Projects/DCU/2026-mcm-XAI-skin-lesion/outputs/pilot/pseudo_concepts/npz/ham10000/ISIC_0027932.npz
ham10000,ISIC_0029437,gradcam,asymmetry,20,0.02393574617346462,0.046752437861290706,0.044357960329965564,1.8928126618930328,0.036493142499916476,0.02393574617346939,1.0,/home/tbeliere/Projects/DCU/2026-mcm-XAI-skin-lesion/outputs/pilot/xai_maps/gradcam/ham10000_ISIC_0029437.npy,/home/tbeliere/Projects/DCU/2026-mcm-XAI-skin-lesion/outputs/pilot/pseudo_concepts/npz/ham10000/ISIC_0029437.npz
ham10000,ISIC_0029437,gradcam,border_default,20,0.0013751594387752361,0.0027465419444715404,0.0031571876925962352,2.299973967276544,0.06932310905575782,0.0013751594387755102,1.0,/home/tbeliere/Projects/DCU/2026-mcm-XAI-skin-lesion/outputs/pilot/xai_maps/gradcam/ham10000_ISIC_0029437.npy,/home/tbeliere/Projects/DCU/2026-mcm-XAI-skin-lesion/outputs/pilot/pseudo_concepts/npz/ham10000/ISIC_0029437.npz
ham10000,ISIC_0029437,gradcam,border_w8_dil2_sigma5,20,0.0013751594387752361,0.0027465419444715404,0.0031571876925962352,2.299973967276544,0.06932310905575782,0.0013751594387755102,1.0,/home/tbeliere/Projects/DCU/2026-mcm-XAI-skin-lesion/outputs/pilot/xai_maps/gradcam/ham10000_ISIC_0029437.npy,/home/tbeliere/Projects/DCU/2026-mcm-XAI-skin-lesion/outputs/pilot/pseudo_concepts/npz/ham10000/ISIC_0029437.npz
ham10000,ISIC_0029437,gradcam,border_w12_dil4_sigma8,20,0.0029496173469381877,0.005881885382718806,0.010589446841617991,3.6178286356407168,0.12283891181854811,0.0029496173469387753,1.0,/home/tbeliere/Projects/DCU/2026-mcm-XAI-skin-lesion/outputs/pilot/xai_maps/gradcam/ham10000_ISIC_0029437.npy,/home/tbeliere/Projects/DCU/2026-mcm-XAI-skin-lesion/outputs/pilot/pseudo_concepts/npz/ham10000/ISIC_0029437.npz
ham10000,ISIC_0029437,gradcam,border_w16_dil6_sigma10,20,0.005341198979590772,0.010625644278802113,0.02181822358710739,4.153699611795296,0.14741498436167688,0.005341198979591837,1.0,/home/tbeliere/Projects/DCU/2026-mcm-XAI-skin-lesion/outputs/pilot/xai_maps/gradcam/ham10000_ISIC_0029437.npy,/home/tbeliere/Projects/DCU/2026-mcm-XAI-skin-lesion/outputs/pilot/pseudo_concepts/npz/ham10000/ISIC_0029437.npz
ham10000,ISIC_0029437,gradcam,border_w16_dil6_sigma10_dist,20,0.004165338010203252,0.008296119876945857,0.016889376893193545,4.10722096983455,0.1374817591722978,0.004165338010204082,1.0,/home/tbeliere/Projects/DCU/2026-mcm-XAI-skin-lesion/outputs/pilot/xai_maps/gradcam/ham10000_ISIC_0029437.npy,/home/tbeliere/Projects/DCU/2026-mcm-XAI-skin-lesion/outputs/pilot/pseudo_concepts/npz/ham10000/ISIC_0029437.npz
ham10000,ISIC_0029437,gradcam,colour_heterogeneity,20,0.030094068877545024,0.058429748868154156,0.09633708842566888,3.4358611738090126,0.13760127765934477,0.03009406887755102,1.0,/home/tbeliere/Projects/DCU/2026-mcm-XAI-skin-lesion/outputs/pilot/xai_maps/gradcam/ham10000_ISIC_0029437.npy,/home/tbeliere/Projects/DCU/2026-mcm-XAI-skin-lesion/outputs/pilot/pseudo_concepts/npz/ham10000/ISIC_0029437.npz
ham10000,ISIC_0029437,lime,asymmetry,20,0.02810480302501325,0.054673031275255066,0.02518020182603307,1.0533344552590742,0.011935207778410563,0.02393574617346939,0.7401147959183674,/home/tbeliere/Projects/DCU/2026-mcm-XAI-skin-lesion/outputs/pilot/xai_maps/lime/ham10000_ISIC_0029437.npy,/home/tbeliere/Projects/DCU/2026-mcm-XAI-skin-lesion/outputs/pilot/pseudo_concepts/npz/ham10000/ISIC_0029437.npz
ham10000,ISIC_0029437,lime,border_default,20,0.0013726651235394917,0.002741566993682908,0.001225372417106571,0.890942982544123,-0.024025118895276365,0.0013751594387755102,0.7401147959183674,/home/tbeliere/Projects/DCU/2026-mcm-XAI-skin-lesion/outputs/pilot/xai_maps/lime/ham10000_ISIC_0029437.npy,/home/tbeliere/Projects/DCU/2026-mcm-XAI-skin-lesion/outputs/pilot/pseudo_concepts/npz/ham10000/ISIC_0029437.npz
ham10000,ISIC_0029437,lime,border_w8_dil2_sigma5,20,0.0013726651235394917,0.002741566993682908,0.001225372417106571,0.890942982544123,-0.024025118895276365,0.0013751594387755102,0.7401147959183674,/home/tbeliere/Projects/DCU/2026-mcm-XAI-skin-lesion/outputs/pilot/xai_maps/lime/ham10000_ISIC_0029437.npy,/home/tbeliere/Projects/DCU/2026-mcm-XAI-skin-lesion/outputs/pilot/pseudo_concepts/npz/ham10000/ISIC_0029437.npz
ham10000,ISIC_0029437,lime,border_w12_dil4_sigma8,20,0.0031479538300096463,0.00627615062761338,0.0028111484863033104,0.9529228982279688,-0.035592081036369266,0.0029496173469387753,0.7401147959183674,/home/tbeliere/Projects/DCU/2026-mcm-XAI-skin-lesion/outputs/pilot/xai_maps/lime/ham10000_ISIC_0029437.npy,/home/tbeliere/Projects/DCU/2026-mcm-XAI-skin-lesion/outputs/pilot/pseudo_concepts/npz/ham10000/ISIC_0029437.npz
ham10000,ISIC_0029437,lime,border_w16_dil6_sigma10,20,0.006078863844207306,0.012084269062129163,0.005430081691491864,1.0167318409889532,-0.0326660391856561,0.005341198979591837,0.7401147959183674,/home/tbeliere/Projects/DCU/2026-mcm-XAI-skin-lesion/outputs/pilot/xai_maps/lime/ham10000_ISIC_0029437.npy,/home/tbeliere/Projects/DCU/2026-mcm-XAI-skin-lesion/outputs/pilot/pseudo_concepts/npz/ham10000/ISIC_0029437.npz
ham10000,ISIC_0029437,lime,border_w16_dil6_sigma10_dist,20,0.004897344132603693,0.009746954076848375,0.004372897645360705,1.0500490350545248,-0.02901136137465489,0.004165338010204082,0.7401147959183674,/home/tbeliere/Projects/DCU/2026-mcm-XAI-skin-lesion/outputs/pilot/xai_maps/lime/ham10000_ISIC_0029437.npy,/home/tbeliere/Projects/DCU/2026-mcm-XAI-skin-lesion/outputs/pilot/pseudo_concepts/npz/ham10000/ISIC_0029437.npz
ham10000,ISIC_0029437,lime,colour_heterogeneity,20,0.02885895319737265,0.05609894943847848,0.026045170591049473,0.8618607177111229,-0.2077507882067303,0.03009406887755102,0.7401147959183674,/home/tbeliere/Projects/DCU/2026-mcm-XAI-skin-lesion/outputs/pilot/xai_maps/lime/ham10000_ISIC_0029437.npy,/home/tbeliere/Projects/DCU/2026-mcm-XAI-skin-lesion/outputs/pilot/pseudo_concepts/npz/ham10000/ISIC_0029437.npz
ham10000,ISIC_0029437,shap,asymmetry,20,0.027523774689075048,0.05357301770930535,0.025875459812784284,1.0831907483119934,0.012549263044854465,0.02393574617346939,0.20001594387755103,/home/tbeliere/Projects/DCU/2026-mcm-XAI-skin-lesion/outputs/pilot/xai_maps/shap/ham10000_ISIC_0029437.npy,/home/tbeliere/Projects/DCU/2026-mcm-XAI-skin-lesion/outputs/pilot/pseudo_concepts/npz/ham10000/ISIC_0029437.npz
ham10000,ISIC_0029437,shap,border_default,20,0.0012881490289325325,0.0025729836714472308,0.0012076385990977313,0.8780332512276428,0.008559894406516437,0.0013751594387755102,0.20001594387755103,/home/tbeliere/Projects/DCU/2026-mcm-XAI-skin-lesion/outputs/pilot/xai_maps/shap/ham10000_ISIC_0029437.npy,/home/tbeliere/Projects/DCU/2026-mcm-XAI-skin-lesion/outputs/pilot/pseudo_concepts/npz/ham10000/ISIC_0029437.npz
ham10000,ISIC_0029437,shap,border_w8_dil2_sigma5,20,0.0012881490289325325,0.0025729836714472308,0.0012076385990977313,0.8780332512276428,0.008559894406516437,0.0013751594387755102,0.20001594387755103,/home/tbeliere/Projects/DCU/2026-mcm-XAI-skin-lesion/outputs/pilot/xai_maps/shap/ham10000_ISIC_0029437.npy,/home/tbeliere/Projects/DCU/2026-mcm-XAI-skin-lesion/outputs/pilot/pseudo_concepts/npz/ham10000/ISIC_0029437.npz
ham10000,ISIC_0029437,shap,border_w12_dil4_sigma8,20,0.0026582652357953545,0.005302435192453552,0.0028066744517116107,0.9514019028555345,0.01967901577431064,0.0029496173469387753,0.20001594387755103,/home/tbeliere/Projects/DCU/2026-mcm-XAI-skin-lesion/outputs/pilot/xai_maps/shap/ham10000_ISIC_0029437.npy,/home/tbeliere/Projects/DCU/2026-mcm-XAI-skin-lesion/outputs/pilot/pseudo_concepts/npz/ham10000/ISIC_0029437.npz
ham10000,ISIC_0029437,shap,border_w16_dil6_sigma10,20,0.005072181037841326,0.010093167701853558,0.005325180968536214,0.9969848083765538,0.032440468044250936,0.005341198979591837,0.20001594387755103,/home/tbeliere/Projects/DCU/2026-mcm-XAI-skin-lesion/outputs/pilot/xai_maps/shap/ham10000_ISIC_0029437.npy,/home/tbeliere/Projects/DCU/2026-mcm-XAI-skin-lesion/outputs/pilot/pseudo_concepts/npz/ham10000/ISIC_0029437.npz
ham10000,ISIC_0029437,shap,border_w16_dil6_sigma10_dist,20,0.00332974243462606,0.006637384089793423,0.003884891742925527,0.9324086455130124,0.024954634785728083,0.004165338010204082,0.20001594387755103,/home/tbeliere/Projects/DCU/2026-mcm-XAI-skin-lesion/outputs/pilot/xai_maps/shap/ham10000_ISIC_0029437.npy,/home/tbeliere/Projects/DCU/2026-mcm-XAI-skin-lesion/outputs/pilot/pseudo_concepts/npz/ham10000/ISIC_0029437.npz
ham10000,ISIC_0029437,shap,colour_heterogeneity,20,0.030708801999615506,0.05958773601242024,0.032023324921226594,1.0662281356143308,0.35308867109945785,0.03009406887755102,0.20001594387755103,/home/tbeliere/Projects/DCU/2026-mcm-XAI-skin-lesion/outputs/pilot/xai_maps/shap/ham10000_ISIC_0029437.npy,/home/tbeliere/Projects/DCU/2026-mcm-XAI-skin-lesion/outputs/pilot/pseudo_concepts/npz/ham10000/ISIC_0029437.npz
ham10000,ISIC_0030509,gradcam,asymmetry,20,0.0128148915816301,0.02530549597590954,0.0,0.0,-0.01644513911634283,0.012814891581632654,1.0,/home/tbeliere/Projects/DCU/2026-mcm-XAI-skin-lesion/outputs/pilot/xai_maps/gradcam/ham10000_ISIC_0030509.npy,/home/tbeliere/Projects/DCU/2026-mcm-XAI-skin-lesion/outputs/pilot/pseudo_concepts/npz/ham10000/ISIC_0030509.npz
ham10000,ISIC_0030509,gradcam,border_default,20,0.0011160714285712062,0.0022296544035670034,0.0,0.0,-0.019382928124077978,0.0011160714285714285,1.0,/home/tbeliere/Projects/DCU/2026-mcm-XAI-skin-lesion/outputs/pilot/xai_maps/gradcam/ham10000_ISIC_0030509.npy,/home/tbeliere/Projects/DCU/2026-mcm-XAI-skin-lesion/outputs/pilot/pseudo_concepts/npz/ham10000/ISIC_0030509.npz
ham10000,ISIC_0030509,gradcam,border_w8_dil2_sigma5,20,0.0011160714285712062,0.0022296544035670034,0.0,0.0,-0.019382928124077978,0.0011160714285714285,1.0,/home/tbeliere/Projects/DCU/2026-mcm-XAI-skin-lesion/outputs/pilot/xai_maps/gradcam/ham10000_ISIC_0030509.npy,/home/tbeliere/Projects/DCU/2026-mcm-XAI-skin-lesion/outputs/pilot/pseudo_concepts/npz/ham10000/ISIC_0030509.npz
ham10000,ISIC_0030509,gradcam,border_w12_dil4_sigma8,20,0.0030492665816320456,0.006079993641835506,0.0,0.0,-0.024408856701239906,0.003049266581632653,1.0,/home/tbeliere/Projects/DCU/2026-mcm-XAI-skin-lesion/outputs/pilot/xai_maps/gradcam/ham10000_ISIC_0030509.npy,/home/tbeliere/Projects/DCU/2026-mcm-XAI-skin-lesion/outputs/pilot/pseudo_concepts/npz/ham10000/ISIC_0030509.npz
ham10000,ISIC_0030509,gradcam,border_w16_dil6_sigma10,20,0.006517059948978293,0.012949725758863247,0.0,0.0,-0.0279933697814429,0.0065170599489795915,1.0,/home/tbeliere/Projects/DCU/2026-mcm-XAI-skin-lesion/outputs/pilot/xai_maps/gradcam/ham10000_ISIC_0030509.npy,/home/tbeliere/Projects/DCU/2026-mcm-XAI-skin-lesion/outputs/pilot/pseudo_concepts/npz/ham10000/ISIC_0030509.npz
ham10000,ISIC_0030509,gradcam,border_w16_dil6_sigma10_dist,20,0.005201690051019372,0.010349544976899825,0.0,0.0,-0.026054073768335878,0.0052016900510204085,1.0,/home/tbeliere/Projects/DCU/2026-mcm-XAI-skin-lesion/outputs/pilot/xai_maps/gradcam/ham10000_ISIC_0030509.npy,/home/tbeliere/Projects/DCU/2026-mcm-XAI-skin-lesion/outputs/pilot/pseudo_concepts/npz/ham10000/ISIC_0030509.npz
ham10000,ISIC_0030509,gradcam,colour_heterogeneity,20,0.043706154336725984,0.0837518379193638,0.0,0.0,-0.05343550933218641,0.04370615433673469,1.0,/home/tbeliere/Projects/DCU/2026-mcm-XAI-skin-lesion/outputs/pilot/xai_maps/gradcam/ham10000_ISIC_0030509.npy,/home/tbeliere/Projects/DCU/2026-mcm-XAI-skin-lesion/outputs/pilot/pseudo_concepts/npz/ham10000/ISIC_0030509.npz
ham10000,ISIC_0030509,lime,asymmetry,20,0.013585798816564833,0.026807397720897908,0.012734928622773858,0.9936796451065083,-0.0012852120530681315,0.012814891581632654,0.8406608737244898,/home/tbeliere/Projects/DCU/2026-mcm-XAI-skin-lesion/outputs/pilot/xai_maps/lime/ham10000_ISIC_0030509.npy,/home/tbeliere/Projects/DCU/2026-mcm-XAI-skin-lesion/outputs/pilot/pseudo_concepts/npz/ham10000/ISIC_0030509.npz
ham10000,ISIC_0030509,lime,border_default,20,0.0013276119579902499,0.0026517034827277857,0.0014583547293821675,1.307133784585225,0.012916850658409527,0.0011160714285714285,0.8406608737244898,/home/tbeliere/Projects/DCU/2026-mcm-XAI-skin-lesion/outputs/pilot/xai_maps/lime/ham10000_ISIC_0030509.npy,/home/tbeliere/Projects/DCU/2026-mcm-XAI-skin-lesion/outputs/pilot/pseudo_concepts/npz/ham10000/ISIC_0030509.npz
ham10000,ISIC_0030509,lime,border_w8_dil2_sigma5,20,0.0013276119579902499,0.0026517034827277857,0.0014583547293821675,1.307133784585225,0.012916850658409527,0.0011160714285714285,0.8406608737244898,/home/tbeliere/Projects/DCU/2026-mcm-XAI-skin-lesion/outputs/pilot/xai_maps/lime/ham10000_ISIC_0030509.npy,/home/tbeliere/Projects/DCU/2026-mcm-XAI-skin-lesion/outputs/pilot/pseudo_concepts/npz/ham10000/ISIC_0030509.npz
ham10000,ISIC_0030509,lime,border_w12_dil4_sigma8,20,0.003627225528080504,0.007228232626256147,0.0038204785868321575,1.2538871732765937,0.018768820900187996,0.003049266581632653,0.8406608737244898,/home/tbeliere/Projects/DCU/2026-mcm-XAI-skin-lesion/outputs/pilot/xai_maps/lime/ham10000_ISIC_0030509.npy,/home/tbeliere/Projects/DCU/2026-mcm-XAI-skin-lesion/outputs/pilot/pseudo_concepts/npz/ham10000/ISIC_0030509.npz
ham10000,ISIC_0030509,lime,border_w16_dil6_sigma10,20,0.0072269743857054656,0.014350239954828656,0.00708637157234997,1.087980526994405,0.019986963564143513,0.0065170599489795915,0.8406608737244898,/home/tbeliere/Projects/DCU/2026-mcm-XAI-skin-lesion/outputs/pilot/xai_maps/lime/ham10000_ISIC_0030509.npy,/home/tbeliere/Projects/DCU/2026-mcm-XAI-skin-lesion/outputs/pilot/pseudo_concepts/npz/ham10000/ISIC_0030509.npz
ham10000,ISIC_0030509,lime,border_w16_dil6_sigma10_dist,20,0.005829936486869412,0.011592290655480045,0.005689637465336062,1.094342257937412,0.0179288759689346,0.0052016900510204085,0.8406608737244898,/home/tbeliere/Projects/DCU/2026-mcm-XAI-skin-lesion/outputs/pilot/xai_maps/lime/ham10000_ISIC_0030509.npy,/home/tbeliere/Projects/DCU/2026-mcm-XAI-skin-lesion/outputs/pilot/pseudo_concepts/npz/ham10000/ISIC_0030509.npz
ham10000,ISIC_0030509,lime,colour_heterogeneity,20,0.04377484534141468,0.08387794654525536,0.04333983773234329,0.9912389240957064,0.01012952009477491,0.04370615433673469,0.8406608737244898,/home/tbeliere/Projects/DCU/2026-mcm-XAI-skin-lesion/outputs/pilot/xai_maps/lime/ham10000_ISIC_0030509.npy,/home/tbeliere/Projects/DCU/2026-mcm-XAI-skin-lesion/outputs/pilot/pseudo_concepts/npz/ham10000/ISIC_0030509.npz
ham10000,ISIC_0030509,shap,asymmetry,20,0.026037663335870445,0.050753815900317675,0.02010839140943811,1.5808218236206328,0.07813125411174787,0.012814891581632654,0.20001594387755103,/home/tbeliere/Projects/DCU/2026-mcm-XAI-skin-lesion/outputs/pilot/xai_maps/shap/ham10000_ISIC_0030509.npy,/home/tbeliere/Projects/DCU/2026-mcm-XAI-skin-lesion/outputs/pilot/pseudo_concepts/npz/ham10000/ISIC_0030509.npz
ham10000,ISIC_0030509,shap,border_default,20,0.0016873449131496899,0.003369005152592777,0.001397933690768139,1.252901967731774,0.07982362043840655,0.0011160714285714285,0.20001594387755103,/home/tbeliere/Projects/DCU/2026-mcm-XAI-skin-lesion/outputs/pilot/xai_maps/shap/ham10000_ISIC_0030509.npy,/home/tbeliere/Projects/DCU/2026-mcm-XAI-skin-lesion/outputs/pilot/pseudo_concepts/npz/ham10000/ISIC_0030509.npz
ham10000,ISIC_0030509,shap,border_w8_dil2_sigma5,20,0.0016873449131496899,0.003369005152592777,0.001397933690768139,1.252901967731774,0.07982362043840655,0.0011160714285714285,0.20001594387755103,/home/tbeliere/Projects/DCU/2026-mcm-XAI-skin-lesion/outputs/pilot/xai_maps/shap/ham10000_ISIC_0030509.npy,/home/tbeliere/Projects/DCU/2026-mcm-XAI-skin-lesion/outputs/pilot/pseudo_concepts/npz/ham10000/ISIC_0030509.npz
ham10000,ISIC_0030509,shap,border_w12_dil4_sigma8,20,0.004139154429876673,0.008244184905281927,0.0036132815605810415,1.1856380284095693,0.08037467617678903,0.003049266581632653,0.20001594387755103,/home/tbeliere/Projects/DCU/2026-mcm-XAI-skin-lesion/outputs/pilot/xai_maps/shap/ham10000_ISIC_0030509.npy,/home/tbeliere/Projects/DCU/2026-mcm-XAI-skin-lesion/outputs/pilot/pseudo_concepts/npz/ham10000/ISIC_0030509.npz
ham10000,ISIC_0030509,shap,border_w16_dil6_sigma10,20,0.009350345767985437,0.018527453440105635,0.007903639930128893,1.214456466369032,0.09027879485203094,0.0065170599489795915,0.20001594387755103,/home/tbeliere/Projects/DCU/2026-mcm-XAI-skin-lesion/outputs/pilot/xai_maps/shap/ham10000_ISIC_0030509.npy,/home/tbeliere/Projects/DCU/2026-mcm-XAI-skin-lesion/outputs/pilot/pseudo_concepts/npz/ham10000/ISIC_0030509.npz
ham10000,ISIC_0030509,shap,border_w16_dil6_sigma10_dist,20,0.007632840786762273,0.015150043702034426,0.006402498137384509,1.2323370039265489,0.08400513327043196,0.0052016900510204085,0.20001594387755103,/home/tbeliere/Projects/DCU/2026-mcm-XAI-skin-lesion/outputs/pilot/xai_maps/shap/ham10000_ISIC_0030509.npy,/home/tbeliere/Projects/DCU/2026-mcm-XAI-skin-lesion/outputs/pilot/pseudo_concepts/npz/ham10000/ISIC_0030509.npz
ham10000,ISIC_0030509,shap,colour_heterogeneity,20,0.08297910024788967,0.15324229291016989,0.06939174937559268,1.6315097916628194,0.23647394901627383,0.04370615433673469,0.20001594387755103,/home/tbeliere/Projects/DCU/2026-mcm-XAI-skin-lesion/outputs/pilot/xai_maps/shap/ham10000_ISIC_0030509.npy,/home/tbeliere/Projects/DCU/2026-mcm-XAI-skin-lesion/outputs/pilot/pseudo_concepts/npz/ham10000/ISIC_0030509.npz
ham10000,ISIC_0024596,gradcam,asymmetry,20,0.0015092329545441146,0.003013917205918789,0.002939574079246017,0.13915639367111154,-0.04919823730527284,0.020746970663265307,0.20408163265306123,/home/tbeliere/Projects/DCU/2026-mcm-XAI-skin-lesion/outputs/pilot/xai_maps/gradcam/ham10000_ISIC_0024596.npy,/home/tbeliere/Projects/DCU/2026-mcm-XAI-skin-lesion/outputs/pilot/pseudo_concepts/npz/ham10000/ISIC_0024596.npz
ham10000,ISIC_0024596,gradcam,border_default,20,0.000674828882675528,0.0013487475915208585,0.001556547652004774,0.5571773907637799,-0.04707204342393564,0.0027901785714285715,0.20408163265306123,/home/tbeliere/Projects/DCU/2026-mcm-XAI-skin-lesion/outputs/pilot/xai_maps/gradcam/ham10000_ISIC_0024596.npy,/home/tbeliere/Projects/DCU/2026-mcm-XAI-skin-lesion/outputs/pilot/pseudo_concepts/npz/ham10000/ISIC_0024596.npz
ham10000,ISIC_0024596,gradcam,border_w8_dil2_sigma5,20,0.000674828882675528,0.0013487475915208585,0.001556547652004774,0.5571773907637799,-0.04707204342393564,0.0027901785714285715,0.20408163265306123,/home/tbeliere/Projects/DCU/2026-mcm-XAI-skin-lesion/outputs/pilot/xai_maps/gradcam/ham10000_ISIC_0024596.npy,/home/tbeliere/Projects/DCU/2026-mcm-XAI-skin-lesion/outputs/pilot/pseudo_concepts/npz/ham10000/ISIC_0024596.npz
ham10000,ISIC_0024596,gradcam,border_w12_dil4_sigma8,20,0.0013470605215035627,0.0026904967810101946,0.0023658835869836688,0.7101560045504515,-0.05730508643789975,0.00332828443877551,0.20408163265306123,/home/tbeliere/Projects/DCU/2026-mcm-XAI-skin-lesion/outputs/pilot/xai_maps/gradcam/ham10000_ISIC_0024596.npy,/home/tbeliere/Projects/DCU/2026-mcm-XAI-skin-lesion/outputs/pilot/pseudo_concepts/npz/ham10000/ISIC_0024596.npz
ham10000,ISIC_0024596,gradcam,border_w16_dil6_sigma10,20,0.0013302926643849009,0.0026570506737496136,0.002272482228386828,0.3812249647072852,-0.06756955397626431,0.005939094387755102,0.20408163265306123,/home/tbeliere/Projects/DCU/2026-mcm-XAI-skin-lesion/outputs/pilot/xai_maps/gradcam/ham10000_ISIC_0024596.npy,/home/tbeliere/Projects/DCU/2026-mcm-XAI-skin-lesion/outputs/pilot/pseudo_concepts/npz/ham10000/ISIC_0024596.npz
ham10000,ISIC_0024596,gradcam,border_w16_dil6_sigma10_dist,20,0.0016215185043860914,0.00323778687743716,0.002939574079246017,0.5638369252499618,-0.06150685053443039,0.0052016900510204085,0.20408163265306123,/home/tbeliere/Projects/DCU/2026-mcm-XAI-skin-lesion/outputs/pilot/xai_maps/gradcam/ham10000_ISIC_0024596.npy,/home/tbeliere/Projects/DCU/2026-mcm-XAI-skin-lesion/outputs/pilot/pseudo_concepts/npz/ham10000/ISIC_0024596.npz
ham10000,ISIC_0024596,gradcam,colour_heterogeneity,20,0.0011990407673852454,0.002395209580836636,0.002939574079246017,0.03445527899585003,-0.16172542991446992,0.07882254464285714,0.20408163265306123,/home/tbeliere/Projects/DCU/2026-mcm-XAI-skin-lesion/outputs/pilot/xai_maps/gradcam/ham10000_ISIC_0024596.npy,/home/tbeliere/Projects/DCU/2026-mcm-XAI-skin-lesion/outputs/pilot/pseudo_concepts/npz/ham10000/ISIC_0024596.npz
ham10000,ISIC_0024596,lime,asymmetry,20,0.02119733344951828,0.04151466666665781,0.020456863888071823,0.9857248398738898,-0.0043815051883488,0.020746970663265307,0.9134646045918368,/home/tbeliere/Projects/DCU/2026-mcm-XAI-skin-lesion/outputs/pilot/xai_maps/lime/ham10000_ISIC_0024596.npy,/home/tbeliere/Projects/DCU/2026-mcm-XAI-skin-lesion/outputs/pilot/pseudo_concepts/npz/ham10000/ISIC_0024596.npz
ham10000,ISIC_0024596,lime,border_default,20,0.00248582642825938,0.004959324835775665,0.0022406004080434854,0.8025888656234812,-0.015160241189191398,0.0027901785714285715,0.9134646045918368,/home/tbeliere/Projects/DCU/2026-mcm-XAI-skin-lesion/outputs/pilot/xai_maps/lime/ham10000_ISIC_0024596.npy,/home/tbeliere/Projects/DCU/2026-mcm-XAI-skin-lesion/outputs/pilot/pseudo_concepts/npz/ham10000/ISIC_0024596.npz
ham10000,ISIC_0024596,lime,border_w8_dil2_sigma5,20,0.00248582642825938,0.004959324835775665,0.0022406004080434854,0.8025888656234812,-0.015160241189191398,0.0027901785714285715,0.9134646045918368,/home/tbeliere/Projects/DCU/2026-mcm-XAI-skin-lesion/outputs/pilot/xai_maps/lime/ham10000_ISIC_0024596.npy,/home/tbeliere/Projects/DCU/2026-mcm-XAI-skin-lesion/outputs/pilot/pseudo_concepts/npz/ham10000/ISIC_0024596.npz
ham10000,ISIC_0024596,lime,border_w12_dil4_sigma8,20,0.0032714662711820306,0.006521597356577788,0.0032060623724849877,0.9631597062819065,0.002082929476098723,0.00332828443877551,0.9134646045918368,/home/tbeliere/Projects/DCU/2026-mcm-XAI-skin-lesion/outputs/pilot/xai_maps/lime/ham10000_ISIC_0024596.npy,/home/tbeliere/Projects/DCU/2026-mcm-XAI-skin-lesion/outputs/pilot/pseudo_concepts/npz/ham10000/ISIC_0024596.npz
ham10000,ISIC_0024596,lime,border_w16_dil6_sigma10,20,0.005953029939596164,0.011835602185031685,0.005792771786649011,0.9752192474033152,0.022465019901163317,0.005939094387755102,0.9134646045918368,/home/tbeliere/Projects/DCU/2026-mcm-XAI-skin-lesion/outputs/pilot/xai_maps/lime/ham10000_ISIC_0024596.npy,/home/tbeliere/Projects/DCU/2026-mcm-XAI-skin-lesion/outputs/pilot/pseudo_concepts/npz/ham10000/ISIC_0024596.npz
ham10000,ISIC_0024596,lime,border_w16_dil6_sigma10_dist,20,0.005124291321411879,0.010196333658746027,0.0049366074030876795,0.9487862839028722,0.011193376164869914,0.0052016900510204085,0.9134646045918368,/home/tbeliere/Projects/DCU/2026-mcm-XAI-skin-lesion/outputs/pilot/xai_maps/lime/ham10000_ISIC_0024596.npy,/home/tbeliere/Projects/DCU/2026-mcm-XAI-skin-lesion/outputs/pilot/pseudo_concepts/npz/ham10000/ISIC_0024596.npz
ham10000,ISIC_0024596,lime,colour_heterogeneity,20,0.08253429869760996,0.15248348028677972,0.07894928592244281,1.00174575445226,0.09669329707439062,0.07882254464285714,0.9134646045918368,/home/tbeliere/Projects/DCU/2026-mcm-XAI-skin-lesion/outputs/pilot/xai_maps/lime/ham10000_ISIC_0024596.npy,/home/tbeliere/Projects/DCU/2026-mcm-XAI-skin-lesion/outputs/pilot/pseudo_concepts/npz/ham10000/ISIC_0024596.npz
ham10000,ISIC_0024596,shap,asymmetry,20,0.01904323827045166,0.03737474045315756,0.021094824318686353,1.0171276142369818,0.002282148938720505,0.020746970663265307,0.20001594387755103,/home/tbeliere/Projects/DCU/2026-mcm-XAI-skin-lesion/outputs/pilot/xai_maps/shap/ham10000_ISIC_0024596.npy,/home/tbeliere/Projects/DCU/2026-mcm-XAI-skin-lesion/outputs/pilot/pseudo_concepts/npz/ham10000/ISIC_0024596.npz
ham10000,ISIC_0024596,shap,border_default,20,0.0037482738212628246,0.007468553459112157,0.0031999865604489465,1.1473463876257648,0.019554915024107295,0.0027901785714285715,0.20001594387755103,/home/tbeliere/Projects/DCU/2026-mcm-XAI-skin-lesion/outputs/pilot/xai_maps/shap/ham10000_ISIC_0024596.npy,/home/tbeliere/Projects/DCU/2026-mcm-XAI-skin-lesion/outputs/pilot/pseudo_concepts/npz/ham10000/ISIC_0024596.npz
ham10000,ISIC_0024596,shap,border_w8_dil2_sigma5,20,0.0037482738212628246,0.007468553459112157,0.0031999865604489465,1.1473463876257648,0.019554915024107295,0.0027901785714285715,0.20001594387755103,/home/tbeliere/Projects/DCU/2026-mcm-XAI-skin-lesion/outputs/pilot/xai_maps/shap/ham10000_ISIC_0024596.npy,/home/tbeliere/Projects/DCU/2026-mcm-XAI-skin-lesion/outputs/pilot/pseudo_concepts/npz/ham10000/ISIC_0024596.npz
ham10000,ISIC_0024596,shap,border_w12_dil4_sigma8,20,0.005221674876842146,0.010389101244721758,0.004151200493976063,1.2482795939515283,0.020240529039589804,0.00332828443877551,0.20001594387755103,/home/tbeliere/Projects/DCU/2026-mcm-XAI-skin-lesion/outputs/pilot/xai_maps/shap/ham10000_ISIC_0024596.npy,/home/tbeliere/Projects/DCU/2026-mcm-XAI-skin-lesion/outputs/pilot/pseudo_concepts/npz/ham10000/ISIC_0024596.npz
ham10000,ISIC_0024596,shap,border_w16_dil6_sigma10,20,0.008096771046719249,0.01606347977548281,0.0070133099812870435,1.1821492144776407,0.016332964995106936,0.005939094387755102,0.20001594387755103,/home/tbeliere/Projects/DCU/2026-mcm-XAI-skin-lesion/outputs/pilot/xai_maps/shap/ham10000_ISIC_0024596.npy,/home/tbeliere/Projects/DCU/2026-mcm-XAI-skin-lesion/outputs/pilot/pseudo_concepts/npz/ham10000/ISIC_0024596.npz
ham10000,ISIC_0024596,shap,border_w16_dil6_sigma10_dist,20,0.0072385796732786474,0.014373118383981379,0.006207762416476114,1.1946204192725205,0.018718406135022177,0.0052016900510204085,0.20001594387755103,/home/tbeliere/Projects/DCU/2026-mcm-XAI-skin-lesion/outputs/pilot/xai_maps/shap/ham10000_ISIC_0024596.npy,/home/tbeliere/Projects/DCU/2026-mcm-XAI-skin-lesion/outputs/pilot/pseudo_concepts/npz/ham10000/ISIC_0024596.npz
ham10000,ISIC_0024596,shap,colour_heterogeneity,20,0.18017714044691674,0.3053391465940209,0.1745082999180254,2.470564409258005,0.39789336157706084,0.07882254464285714,0.20001594387755103,/home/tbeliere/Projects/DCU/2026-mcm-XAI-skin-lesion/outputs/pilot/xai_maps/shap/ham10000_ISIC_0024596.npy,/home/tbeliere/Projects/DCU/2026-mcm-XAI-skin-lesion/outputs/pilot/pseudo_concepts/npz/ham10000/ISIC_0024596.npz
ham10000,ISIC_0032773,gradcam,asymmetry,20,0.013856251519314597,0.02733375959077099,0.02758987121696806,0.5982237200462476,-0.05816192000924715,0.04528061224489796,0.20408163265306123,/home/tbeliere/Projects/DCU/2026-mcm-XAI-skin-lesion/outputs/pilot/xai_maps/gradcam/ham10000_ISIC_0032773.npy,/home/tbeliere/Projects/DCU/2026-mcm-XAI-skin-lesion/outputs/pilot/pseudo_concepts/npz/ham10000/ISIC_0032773.npz
ham10000,ISIC_0032773,gradcam,border_default,20,0.00185438219792909,0.0037018996590319512,0.002536035301685865,5.1003223735965175,0.06444155189713409,0.0004982461734693878,0.20408163265306123,/home/tbeliere/Projects/DCU/2026-mcm-XAI-skin-lesion/outputs/pilot/xai_maps/gradcam/ham10000_ISIC_0032773.npy,/home/tbeliere/Projects/DCU/2026-mcm-XAI-skin-lesion/outputs/pilot/pseudo_concepts/npz/ham10000/ISIC_0032773.npz
ham10000,ISIC_0032773,gradcam,border_w8_dil2_sigma5,20,0.00185438219792909,0.0037018996590319512,0.002536035301685865,5.1003223735965175,0.06444155189713409,0.0004982461734693878,0.20408163265306123,/home/tbeliere/Projects/DCU/2026-mcm-XAI-skin-lesion/outputs/pilot/xai_maps/gradcam/ham10000_ISIC_0032773.npy,/home/tbeliere/Projects/DCU/2026-mcm-XAI-skin-lesion/outputs/pilot/pseudo_concepts/npz/ham10000/ISIC_0032773.npz
ham10000,ISIC_0032773,gradcam,border_w12_dil4_sigma8,20,0.003702260327354148,0.007377208309059039,0.004950600801224653,4.021430672502589,0.0820612413271645,0.0012356505102040817,0.20408163265306123,/home/tbeliere/Projects/DCU/2026-mcm-XAI-skin-lesion/outputs/pilot/xai_maps/gradcam/ham10000_ISIC_0032773.npy,/home/tbeliere/Projects/DCU/2026-mcm-XAI-skin-lesion/outputs/pilot/pseudo_concepts/npz/ham10000/ISIC_0032773.npz
ham10000,ISIC_0032773,gradcam,border_w16_dil6_sigma10,20,0.006300891818528207,0.012522878335408416,0.008597351764605955,3.0772967726676956,0.09160327826040338,0.002810108418367347,0.20408163265306123,/home/tbeliere/Projects/DCU/2026-mcm-XAI-skin-lesion/outputs/pilot/xai_maps/gradcam/ham10000_ISIC_0032773.npy,/home/tbeliere/Projects/DCU/2026-mcm-XAI-skin-lesion/outputs/pilot/pseudo_concepts/npz/ham10000/ISIC_0032773.npz
ham10000,ISIC_0032773,gradcam,border_w16_dil6_sigma10_dist,20,0.005048543689315487,0.01004636785161317,0.006882492036074833,3.097794265783993,0.08312126067524907,0.002232142857142857,0.20408163265306123,/home/tbeliere/Projects/DCU/2026-mcm-XAI-skin-lesion/outputs/pilot/xai_maps/gradcam/ham10000_ISIC_0032773.npy,/home/tbeliere/Projects/DCU/2026-mcm-XAI-skin-lesion/outputs/pilot/pseudo_concepts/npz/ham10000/ISIC_0032773.npz
ham10000,ISIC_0032773,gradcam,colour_heterogeneity,20,0.030099009900966256,0.05843906189922457,0.05172291689362889,0.9352586644067052,0.002957117948776157,0.05510602678571429,0.20408163265306123,/home/tbeliere/Projects/DCU/2026-mcm-XAI-skin-lesion/outputs/pilot/xai_maps/gradcam/ham10000_ISIC_0032773.npy,/home/tbeliere/Projects/DCU/2026-mcm-XAI-skin-lesion/outputs/pilot/pseudo_concepts/npz/ham10000/ISIC_0032773.npz
ham10000,ISIC_0032773,lime,asymmetry,20,0.04662139382554385,0.08908931940543714,0.04449317253063112,0.9817999905263664,-0.006328646957210712,0.04528061224489796,0.8209103954081632,/home/tbeliere/Projects/DCU/2026-mcm-XAI-skin-lesion/outputs/pilot/xai_maps/lime/ham10000_ISIC_0032773.npy,/home/tbeliere/Projects/DCU/2026-mcm-XAI-skin-lesion/outputs/pilot/pseudo_concepts/npz/ham10000/ISIC_0032773.npz
ham10000,ISIC_0032773,lime,border_default,20,0.000606943432871909,0.0012131505519832068,0.0004983554270904023,1.0002193732068223,0.0023351491355570403,0.0004982461734693878,0.8209103954081632,/home/tbeliere/Projects/DCU/2026-mcm-XAI-skin-lesion/outputs/pilot/xai_maps/lime/ham10000_ISIC_0032773.npy,/home/tbeliere/Projects/DCU/2026-mcm-XAI-skin-lesion/outputs/pilot/pseudo_concepts/npz/ham10000/ISIC_0032773.npz
ham10000,ISIC_0032773,lime,border_w8_dil2_sigma5,20,0.000606943432871909,0.0012131505519832068,0.0004983554270904023,1.0002193732068223,0.0023351491355570403,0.0004982461734693878,0.8209103954081632,/home/tbeliere/Projects/DCU/2026-mcm-XAI-skin-lesion/outputs/pilot/xai_maps/lime/ham10000_ISIC_0032773.npy,/home/tbeliere/Projects/DCU/2026-mcm-XAI-skin-lesion/outputs/pilot/pseudo_concepts/npz/ham10000/ISIC_0032773.npz
ham10000,ISIC_0032773,lime,border_w12_dil4_sigma8,20,0.0015052197135223344,0.0030059148647331026,0.0012359214591841977,1.0002195520992514,0.006825715619602939,0.0012356505102040817,0.8209103954081632,/home/tbeliere/Projects/DCU/2026-mcm-XAI-skin-lesion/outputs/pilot/xai_maps/lime/ham10000_ISIC_0032773.npy,/home/tbeliere/Projects/DCU/2026-mcm-XAI-skin-lesion/outputs/pilot/pseudo_concepts/npz/ham10000/ISIC_0032773.npz
ham10000,ISIC_0032773,lime,border_w16_dil6_sigma10,20,0.0034231609613975668,0.006822965812584544,0.002810724608789869,1.0002198502534416,0.017586207730476047,0.002810108418367347,0.8209103954081632,/home/tbeliere/Projects/DCU/2026-mcm-XAI-skin-lesion/outputs/pilot/xai_maps/lime/ham10000_ISIC_0032773.npy,/home/tbeliere/Projects/DCU/2026-mcm-XAI-skin-lesion/outputs/pilot/pseudo_concepts/npz/ham10000/ISIC_0032773.npz
ham10000,ISIC_0032773,lime,border_w16_dil6_sigma10_dist,20,0.002719106579266152,0.005423466175970795,0.0022326323133650024,1.0002197309917442,0.014180068938169716,0.002232142857142857,0.8209103954081632,/home/tbeliere/Projects/DCU/2026-mcm-XAI-skin-lesion/outputs/pilot/xai_maps/lime/ham10000_ISIC_0032773.npy,/home/tbeliere/Projects/DCU/2026-mcm-XAI-skin-lesion/outputs/pilot/pseudo_concepts/npz/ham10000/ISIC_0032773.npz
ham10000,ISIC_0032773,lime,colour_heterogeneity,20,0.057754782817938215,0.10920259356157225,0.05101166151697358,0.9217063347579857,0.14277158264968112,0.05510602678571429,0.8209103954081632,/home/tbeliere/Projects/DCU/2026-mcm-XAI-skin-lesion/outputs/pilot/xai_maps/lime/ham10000_ISIC_0032773.npy,/home/tbeliere/Projects/DCU/2026-mcm-XAI-skin-lesion/outputs/pilot/pseudo_concepts/npz/ham10000/ISIC_0032773.npz
ham10000,ISIC_0032773,shap,asymmetry,20,0.024300932090525713,0.047448813779616954,0.038549893212108145,0.8453952263309632,-0.02514064737929011,0.04528061224489796,0.20001594387755103,/home/tbeliere/Projects/DCU/2026-mcm-XAI-skin-lesion/outputs/pilot/xai_maps/shap/ham10000_ISIC_0032773.npy,/home/tbeliere/Projects/DCU/2026-mcm-XAI-skin-lesion/outputs/pilot/pseudo_concepts/npz/ham10000/ISIC_0032773.npz
ham10000,ISIC_0032773,shap,border_default,20,0.0,0.0,0.00025151646775817315,0.50467899560545,-0.04639984033265767,0.0004982461734693878,0.20001594387755103,/home/tbeliere/Projects/DCU/2026-mcm-XAI-skin-lesion/outputs/pilot/xai_maps/shap/ham10000_ISIC_0032773.npy,/home/tbeliere/Projects/DCU/2026-mcm-XAI-skin-lesion/outputs/pilot/pseudo_concepts/npz/ham10000/ISIC_0032773.npz
ham10000,ISIC_0032773,shap,border_w8_dil2_sigma5,20,0.0,0.0,0.00025151646775817315,0.50467899560545,-0.04639984033265767,0.0004982461734693878,0.20001594387755103,/home/tbeliere/Projects/DCU/2026-mcm-XAI-skin-lesion/outputs/pilot/xai_maps/shap/ham10000_ISIC_0032773.npy,/home/tbeliere/Projects/DCU/2026-mcm-XAI-skin-lesion/outputs/pilot/pseudo_concepts/npz/ham10000/ISIC_0032773.npz
ham10000,ISIC_0032773,shap,border_w12_dil4_sigma8,20,0.0,0.0,0.0005766558605529719,0.4663742218704985,-0.04543415413628729,0.0012356505102040817,0.20001594387755103,/home/tbeliere/Projects/DCU/2026-mcm-XAI-skin-lesion/outputs/pilot/xai_maps/shap/ham10000_ISIC_0032773.npy,/home/tbeliere/Projects/DCU/2026-mcm-XAI-skin-lesion/outputs/pilot/pseudo_concepts/npz/ham10000/ISIC_0032773.npz
ham10000,ISIC_0032773,shap,border_w16_dil6_sigma10,20,0.00039319768013330067,0.0007860862729676859,0.0015254834127071144,0.5421571788424562,-0.030597132541650075,0.002810108418367347,0.20001594387755103,/home/tbeliere/Projects/DCU/2026-mcm-XAI-skin-lesion/outputs/pilot/xai_maps/shap/ham10000_ISIC_0032773.npy,/home/tbeliere/Projects/DCU/2026-mcm-XAI-skin-lesion/outputs/pilot/pseudo_concepts/npz/ham10000/ISIC_0032773.npz
ham10000,ISIC_0032773,shap,border_w16_dil6_sigma10_dist,20,0.0,0.0,0.0010308181941829611,0.46125110651308954,-0.04019384378124336,0.002232142857142857,0.20001594387755103,/home/tbeliere/Projects/DCU/2026-mcm-XAI-skin-lesion/outputs/pilot/xai_maps/shap/ham10000_ISIC_0032773.npy,/home/tbeliere/Projects/DCU/2026-mcm-XAI-skin-lesion/outputs/pilot/pseudo_concepts/npz/ham10000/ISIC_0032773.npz
ham10000,ISIC_0032773,shap,colour_heterogeneity,20,0.012256840107534195,0.024216858057945302,0.03373724033970367,0.5986847912616425,0.18020256585368832,0.05510602678571429,0.20001594387755103,/home/tbeliere/Projects/DCU/2026-mcm-XAI-skin-lesion/outputs/pilot/xai_maps/shap/ham10000_ISIC_0032773.npy,/home/tbeliere/Projects/DCU/2026-mcm-XAI-skin-lesion/outputs/pilot/pseudo_concepts/npz/ham10000/ISIC_0032773.npz
ham10000,ISIC_0026778,gradcam,asymmetry,20,0.06542968749998697,0.12282309807513743,0.32078357564432536,6.7459154265878905,0.2075856246945026,0.0654296875,1.0,/home/tbeliere/Projects/DCU/2026-mcm-XAI-skin-lesion/outputs/pilot/xai_maps/gradcam/ham10000_ISIC_0026778.npy,/home/tbeliere/Projects/DCU/2026-mcm-XAI-skin-lesion/outputs/pilot/pseudo_concepts/npz/ham10000/ISIC_0026778.npz
ham10000,ISIC_0026778,gradcam,border_default,20,0.0019531249999996108,0.003898635477582071,0.004159870976987399,2.1345729895461925,0.011801819931985943,0.001953125,1.0,/home/tbeliere/Projects/DCU/2026-mcm-XAI-skin-lesion/outputs/pilot/xai_maps/gradcam/ham10000_ISIC_0026778.npy,/home/tbeliere/Projects/DCU/2026-mcm-XAI-skin-lesion/outputs/pilot/pseudo_concepts/npz/ham10000/ISIC_0026778.npz
ham10000,ISIC_0026778,gradcam,border_w8_dil2_sigma5,20,0.0019531249999996108,0.003898635477582071,0.004159870976987399,2.1345729895461925,0.011801819931985943,0.001953125,1.0,/home/tbeliere/Projects/DCU/2026-mcm-XAI-skin-lesion/outputs/pilot/xai_maps/gradcam/ham10000_ISIC_0026778.npy,/home/tbeliere/Projects/DCU/2026-mcm-XAI-skin-lesion/outputs/pilot/pseudo_concepts/npz/ham10000/ISIC_0026778.npz
ham10000,ISIC_0026778,gradcam,border_w12_dil4_sigma8,20,0.0018734056122445247,0.0037398050527145932,0.0,0.0,0.028313445444788872,0.0018734056122448979,1.0,/home/tbeliere/Projects/DCU/2026-mcm-XAI-skin-lesion/outputs/pilot/xai_maps/gradcam/ham10000_ISIC_0026778.npy,/home/tbeliere/Projects/DCU/2026-mcm-XAI-skin-lesion/outputs/pilot/pseudo_concepts/npz/ham10000/ISIC_0026778.npz
ham10000,ISIC_0026778,gradcam,border_w16_dil6_sigma10,20,0.0020527742346934685,0.004097137970125879,0.0,0.0,0.03552117798207406,0.0020527742346938774,1.0,/home/tbeliere/Projects/DCU/2026-mcm-XAI-skin-lesion/outputs/pilot/xai_maps/gradcam/ham10000_ISIC_0026778.npy,/home/tbeliere/Projects/DCU/2026-mcm-XAI-skin-lesion/outputs/pilot/pseudo_concepts/npz/ham10000/ISIC_0026778.npz
ham10000,ISIC_0026778,gradcam,border_w16_dil6_sigma10_dist,20,0.001694036989795581,0.003382344163466031,0.0,0.0,0.030153714157524845,0.0016940369897959183,1.0,/home/tbeliere/Projects/DCU/2026-mcm-XAI-skin-lesion/outputs/pilot/xai_maps/gradcam/ham10000_ISIC_0026778.npy,/home/tbeliere/Projects/DCU/2026-mcm-XAI-skin-lesion/outputs/pilot/pseudo_concepts/npz/ham10000/ISIC_0026778.npz
ham10000,ISIC_0026778,gradcam,colour_heterogeneity,20,0.021584024234689577,0.042255994069325925,0.13000910809934643,6.774076019794812,0.23738998512625573,0.02158402423469388,1.0,/home/tbeliere/Projects/DCU/2026-mcm-XAI-skin-lesion/outputs/pilot/xai_maps/gradcam/ham10000_ISIC_0026778.npy,/home/tbeliere/Projects/DCU/2026-mcm-XAI-skin-lesion/outputs/pilot/pseudo_concepts/npz/ham10000/ISIC_0026778.npz
ham10000,ISIC_0026778,lime,asymmetry,20,0.06128653354520803,0.11549479166664162,0.061748195669580286,0.9400305720612079,-0.0300755348095122,0.0654296875,0.8529376594387755,/home/tbeliere/Projects/DCU/2026-mcm-XAI-skin-lesion/outputs/pilot/xai_maps/lime/ham10000_ISIC_0026778.npy,/home/tbeliere/Projects/DCU/2026-mcm-XAI-skin-lesion/outputs/pilot/pseudo_concepts/npz/ham10000/ISIC_0026778.npz
ham10000,ISIC_0026778,lime,border_default,20,0.0022898801317844035,0.0045692971208754945,0.002600836602439324,1.3324930828241843,0.06686529313362563,0.001953125,0.8529376594387755,/home/tbeliere/Projects/DCU/2026-mcm-XAI-skin-lesion/outputs/pilot/xai_maps/lime/ham10000_ISIC_0026778.npy,/home/tbeliere/Projects/DCU/2026-mcm-XAI-skin-lesion/outputs/pilot/pseudo_concepts/npz/ham10000/ISIC_0026778.npz
ham10000,ISIC_0026778,lime,border_w8_dil2_sigma5,20,0.0022898801317844035,0.0045692971208754945,0.002600836602439324,1.3324930828241843,0.06686529313362563,0.001953125,0.8529376594387755,/home/tbeliere/Projects/DCU/2026-mcm-XAI-skin-lesion/outputs/pilot/xai_maps/lime/ham10000_ISIC_0026778.npy,/home/tbeliere/Projects/DCU/2026-mcm-XAI-skin-lesion/outputs/pilot/pseudo_concepts/npz/ham10000/ISIC_0026778.npz
ham10000,ISIC_0026778,lime,border_w12_dil4_sigma8,20,0.0021964156366095296,0.0043832039355565545,0.0024491211339636968,1.3080640559431735,0.07965557723162311,0.0018734056122448979,0.8529376594387755,/home/tbeliere/Projects/DCU/2026-mcm-XAI-skin-lesion/outputs/pilot/xai_maps/lime/ham10000_ISIC_0026778.npy,/home/tbeliere/Projects/DCU/2026-mcm-XAI-skin-lesion/outputs/pilot/pseudo_concepts/npz/ham10000/ISIC_0026778.npz
ham10000,ISIC_0026778,lime,border_w16_dil6_sigma10,20,0.002406710750752995,0.0048018648018636825,0.002232384750427087,1.087692245530875,0.06950661862610141,0.0020527742346938774,0.8529376594387755,/home/tbeliere/Projects/DCU/2026-mcm-XAI-skin-lesion/outputs/pilot/xai_maps/lime/ham10000_ISIC_0026778.npy,/home/tbeliere/Projects/DCU/2026-mcm-XAI-skin-lesion/outputs/pilot/pseudo_concepts/npz/ham10000/ISIC_0026778.npz
ham10000,ISIC_0026778,lime,border_w16_dil6_sigma10_dist,20,0.001986120522466064,0.003964367333612247,0.001842259260061188,1.0876579754795854,0.06962736277473652,0.0016940369897959183,0.8529376594387755,/home/tbeliere/Projects/DCU/2026-mcm-XAI-skin-lesion/outputs/pilot/xai_maps/lime/ham10000_ISIC_0026778.npy,/home/tbeliere/Projects/DCU/2026-mcm-XAI-skin-lesion/outputs/pilot/pseudo_concepts/npz/ham10000/ISIC_0026778.npz
ham10000,ISIC_0026778,lime,colour_heterogeneity,20,0.010477835348299257,0.020738377392884973,0.010620082793293907,0.48658187209489234,-0.11192995558347714,0.02158402423469388,0.8529376594387755,/home/tbeliere/Projects/DCU/2026-mcm-XAI-skin-lesion/outputs/pilot/xai_maps/lime/ham10000_ISIC_0026778.npy,/home/tbeliere/Projects/DCU/2026-mcm-XAI-skin-lesion/outputs/pilot/pseudo_concepts/npz/ham10000/ISIC_0026778.npz
ham10000,ISIC_0026778,shap,asymmetry,20,0.07986054807841748,0.14790900217722958,0.085298223064436,1.3319794256217647,0.08543080091690719,0.0654296875,0.20001594387755103,/home/tbeliere/Projects/DCU/2026-mcm-XAI-skin-lesion/outputs/pilot/xai_maps/shap/ham10000_ISIC_0026778.npy,/home/tbeliere/Projects/DCU/2026-mcm-XAI-skin-lesion/outputs/pilot/pseudo_concepts/npz/ham10000/ISIC_0026778.npz
ham10000,ISIC_0026778,shap,border_default,20,0.0005924170616107894,0.001184132622852591,0.001469702358078018,0.7521231295534994,0.013368521000889812,0.001953125,0.20001594387755103,/home/tbeliere/Projects/DCU/2026-mcm-XAI-skin-lesion/outputs/pilot/xai_maps/shap/ham10000_ISIC_0026778.npy,/home/tbeliere/Projects/DCU/2026-mcm-XAI-skin-lesion/outputs/pilot/pseudo_concepts/npz/ham10000/ISIC_0026778.npz
ham10000,ISIC_0026778,shap,border_w8_dil2_sigma5,20,0.0005924170616107894,0.001184132622852591,0.001469702358078018,0.7521231295534994,0.013368521000889812,0.001953125,0.20001594387755103,/home/tbeliere/Projects/DCU/2026-mcm-XAI-skin-lesion/outputs/pilot/xai_maps/shap/ham10000_ISIC_0026778.npy,/home/tbeliere/Projects/DCU/2026-mcm-XAI-skin-lesion/outputs/pilot/pseudo_concepts/npz/ham10000/ISIC_0026778.npz
ham10000,ISIC_0026778,shap,border_w12_dil4_sigma8,20,0.0007903576368298849,0.0015794669299095956,0.0014671493487435293,0.7828268600021436,0.009775549375204194,0.0018734056122448979,0.20001594387755103,/home/tbeliere/Projects/DCU/2026-mcm-XAI-skin-lesion/outputs/pilot/xai_maps/shap/ham10000_ISIC_0026778.npy,/home/tbeliere/Projects/DCU/2026-mcm-XAI-skin-lesion/outputs/pilot/pseudo_concepts/npz/ham10000/ISIC_0026778.npz
ham10000,ISIC_0026778,shap,border_w16_dil6_sigma10,20,0.0012838238198683745,0.0025643554591157267,0.0019394686544387967,0.9446962627735891,0.014225263516460045,0.0020527742346938774,0.20001594387755103,/home/tbeliere/Projects/DCU/2026-mcm-XAI-skin-lesion/outputs/pilot/xai_maps/shap/ham10000_ISIC_0026778.npy,/home/tbeliere/Projects/DCU/2026-mcm-XAI-skin-lesion/outputs/pilot/pseudo_concepts/npz/ham10000/ISIC_0026778.npz
ham10000,ISIC_0026778,shap,border_w16_dil6_sigma10_dist,20,0.001088031651828795,0.0021736982511588046,0.0015669807045395807,0.9248800403292091,0.01174164144220416,0.0016940369897959183,0.20001594387755103,/home/tbeliere/Projects/DCU/2026-mcm-XAI-skin-lesion/outputs/pilot/xai_maps/shap/ham10000_ISIC_0026778.npy,/home/tbeliere/Projects/DCU/2026-mcm-XAI-skin-lesion/outputs/pilot/pseudo_concepts/npz/ham10000/ISIC_0026778.npz
ham10000,ISIC_0026778,shap,colour_heterogeneity,20,0.04344969969965892,0.08328087058181195,0.033940117762996824,1.5925766704601036,0.19831700751254144,0.02158402423469388,0.20001594387755103,/home/tbeliere/Projects/DCU/2026-mcm-XAI-skin-lesion/outputs/pilot/xai_maps/shap/ham10000_ISIC_0026778.npy,/home/tbeliere/Projects/DCU/2026-mcm-XAI-skin-lesion/outputs/pilot/pseudo_concepts/npz/ham10000/ISIC_0026778.npz
ham10000,ISIC_0031468,gradcam,asymmetry,20,0.013385978428338418,0.02641832177133287,0.02913008101269394,5.2897335630304445,0.09356764508992793,0.00564014668367347,0.20408163265306123,/home/tbeliere/Projects/DCU/2026-mcm-XAI-skin-lesion/outputs/pilot/xai_maps/gradcam/ham10000_ISIC_0031468.npy,/home/tbeliere/Projects/DCU/2026-mcm-XAI-skin-lesion/outputs/pilot/pseudo_concepts/npz/ham10000/ISIC_0031468.npz
ham10000,ISIC_0031468,gradcam,border_default,20,0.006618649016929512,0.013150261071346788,0.016252479678681677,8.110508008543373,0.16850531269176258,0.002032844387755102,0.20408163265306123,/home/tbeliere/Projects/DCU/2026-mcm-XAI-skin-lesion/outputs/pilot/xai_maps/gradcam/ham10000_ISIC_0031468.npy,/home/tbeliere/Projects/DCU/2026-mcm-XAI-skin-lesion/outputs/pilot/pseudo_concepts/npz/ham10000/ISIC_0031468.npz
ham10000,ISIC_0031468,gradcam,border_w8_dil2_sigma5,20,0.006618649016929512,0.013150261071346788,0.016252479678681677,8.110508008543373,0.16850531269176258,0.002032844387755102,0.20408163265306123,/home/tbeliere/Projects/DCU/2026-mcm-XAI-skin-lesion/outputs/pilot/xai_maps/gradcam/ham10000_ISIC_0031468.npy,/home/tbeliere/Projects/DCU/2026-mcm-XAI-skin-lesion/outputs/pilot/pseudo_concepts/npz/ham10000/ISIC_0031468.npz
ham10000,ISIC_0031468,gradcam,border_w12_dil4_sigma8,20,0.006790842064409399,0.013490075158977172,0.014986014487478739,5.516512157849948,0.17076669403185532,0.0027503188775510204,0.20408163265306123,/home/tbeliere/Projects/DCU/2026-mcm-XAI-skin-lesion/outputs/pilot/xai_maps/gradcam/ham10000_ISIC_0031468.npy,/home/tbeliere/Projects/DCU/2026-mcm-XAI-skin-lesion/outputs/pilot/pseudo_concepts/npz/ham10000/ISIC_0031468.npz
ham10000,ISIC_0031468,gradcam,border_w16_dil6_sigma10,20,0.012169209967150695,0.02404580152669461,0.027067970262146815,5.788627494913261,0.19896581385669898,0.0047831632653061226,0.20408163265306123,/home/tbeliere/Projects/DCU/2026-mcm-XAI-skin-lesion/outputs/pilot/xai_maps/gradcam/ham10000_ISIC_0031468.npy,/home/tbeliere/Projects/DCU/2026-mcm-XAI-skin-lesion/outputs/pilot/pseudo_concepts/npz/ham10000/ISIC_0031468.npz
ham10000,ISIC_0031468,gradcam,border_w16_dil6_sigma10_dist,20,0.011118630958125186,0.0219927328360853,0.024523351050627317,5.761179830053449,0.1853350274949513,0.004344706632653061,0.20408163265306123,/home/tbeliere/Projects/DCU/2026-mcm-XAI-skin-lesion/outputs/pilot/xai_maps/gradcam/ham10000_ISIC_0031468.npy,/home/tbeliere/Projects/DCU/2026-mcm-XAI-skin-lesion/outputs/pilot/pseudo_concepts/npz/ham10000/ISIC_0031468.npz
ham10000,ISIC_0031468,gradcam,colour_heterogeneity,20,0.010439024390233717,0.020662353963482993,0.031235097314646965,13.794969186842161,0.4332395389592235,0.002331792091836735,0.20408163265306123,/home/tbeliere/Projects/DCU/2026-mcm-XAI-skin-lesion/outputs/pilot/xai_maps/gradcam/ham10000_ISIC_0031468.npy,/home/tbeliere/Projects/DCU/2026-mcm-XAI-skin-lesion/outputs/pilot/pseudo_concepts/npz/ham10000/ISIC_0031468.npz
ham10000,ISIC_0031468,lime,asymmetry,20,0.00181457466369839,0.003622575892964083,0.0016672594700330484,0.2944292990060325,-0.09577033661347664,0.00564014668367347,0.8195950255102041,/home/tbeliere/Projects/DCU/2026-mcm-XAI-skin-lesion/outputs/pilot/xai_maps/lime/ham10000_ISIC_0031468.npy,/home/tbeliere/Projects/DCU/2026-mcm-XAI-skin-lesion/outputs/pilot/pseudo_concepts/npz/ham10000/ISIC_0031468.npz
ham10000,ISIC_0031468,lime,border_default,20,0.0005824959953398907,0.0011643137825641187,0.0005335230304105755,0.262057776081671,-0.12329947654774129,0.002032844387755102,0.8195950255102041,/home/tbeliere/Projects/DCU/2026-mcm-XAI-skin-lesion/outputs/pilot/xai_maps/lime/ham10000_ISIC_0031468.npy,/home/tbeliere/Projects/DCU/2026-mcm-XAI-skin-lesion/outputs/pilot/pseudo_concepts/npz/ham10000/ISIC_0031468.npz
ham10000,ISIC_0031468,lime,border_w8_dil2_sigma5,20,0.0005824959953398907,0.0011643137825641187,0.0005335230304105755,0.262057776081671,-0.12329947654774129,0.002032844387755102,0.8195950255102041,/home/tbeliere/Projects/DCU/2026-mcm-XAI-skin-lesion/outputs/pilot/xai_maps/lime/ham10000_ISIC_0031468.npy,/home/tbeliere/Projects/DCU/2026-mcm-XAI-skin-lesion/outputs/pilot/pseudo_concepts/npz/ham10000/ISIC_0031468.npz
ham10000,ISIC_0031468,lime,border_w12_dil4_sigma8,20,0.0009460737937556835,0.001890359168241508,0.0008669749244171852,0.3146328359514258,-0.14161004784057557,0.0027503188775510204,0.8195950255102041,/home/tbeliere/Projects/DCU/2026-mcm-XAI-skin-lesion/outputs/pilot/xai_maps/lime/ham10000_ISIC_0031468.npy,/home/tbeliere/Projects/DCU/2026-mcm-XAI-skin-lesion/outputs/pilot/pseudo_concepts/npz/ham10000/ISIC_0031468.npz
ham10000,ISIC_0031468,lime,border_w16_dil6_sigma10,20,0.0015981403457790697,0.0031911807368718717,0.0014671883336290826,0.3057215292639776,-0.16291369371459663,0.0047831632653061226,0.8195950255102041,/home/tbeliere/Projects/DCU/2026-mcm-XAI-skin-lesion/outputs/pilot/xai_maps/lime/ham10000_ISIC_0031468.npy,/home/tbeliere/Projects/DCU/2026-mcm-XAI-skin-lesion/outputs/pilot/pseudo_concepts/npz/ham10000/ISIC_0031468.npz
ham10000,ISIC_0031468,lime,border_w16_dil6_sigma10_dist,20,0.0015504627162164955,0.0030961250060463704,0.001422728081094868,0.3265041716669494,-0.1538919255838689,0.004344706632653061,0.8195950255102041,/home/tbeliere/Projects/DCU/2026-mcm-XAI-skin-lesion/outputs/pilot/xai_maps/lime/ham10000_ISIC_0031468.npy,/home/tbeliere/Projects/DCU/2026-mcm-XAI-skin-lesion/outputs/pilot/pseudo_concepts/npz/ham10000/ISIC_0031468.npz
ham10000,ISIC_0031468,lime,colour_heterogeneity,20,0.0,0.0,0.0,0.0,-0.251961059998449,0.002331792091836735,0.8195950255102041,/home/tbeliere/Projects/DCU/2026-mcm-XAI-skin-lesion/outputs/pilot/xai_maps/lime/ham10000_ISIC_0031468.npy,/home/tbeliere/Projects/DCU/2026-mcm-XAI-skin-lesion/outputs/pilot/pseudo_concepts/npz/ham10000/ISIC_0031468.npz
ham10000,ISIC_0031468,shap,asymmetry,20,0.019361849254154535,0.03798817714891173,0.015347347871073015,2.747915606646852,0.12213514023018475,0.00564014668367347,0.20001594387755103,/home/tbeliere/Projects/DCU/2026-mcm-XAI-skin-lesion/outputs/pilot/xai_maps/shap/ham10000_ISIC_0031468.npy,/home/tbeliere/Projects/DCU/2026-mcm-XAI-skin-lesion/outputs/pilot/pseudo_concepts/npz/ham10000/ISIC_0031468.npz
ham10000,ISIC_0031468,shap,border_default,20,0.006053388905422195,0.012033931741949068,0.005160673490596505,2.5466278601153176,0.1508143538193251,0.002032844387755102,0.20001594387755103,/home/tbeliere/Projects/DCU/2026-mcm-XAI-skin-lesion/outputs/pilot/xai_maps/shap/ham10000_ISIC_0031468.npy,/home/tbeliere/Projects/DCU/2026-mcm-XAI-skin-lesion/outputs/pilot/pseudo_concepts/npz/ham10000/ISIC_0031468.npz
ham10000,ISIC_0031468,shap,border_w8_dil2_sigma5,20,0.006053388905422195,0.012033931741949068,0.005160673490596505,2.5466278601153176,0.1508143538193251,0.002032844387755102,0.20001594387755103,/home/tbeliere/Projects/DCU/2026-mcm-XAI-skin-lesion/outputs/pilot/xai_maps/shap/ham10000_ISIC_0031468.npy,/home/tbeliere/Projects/DCU/2026-mcm-XAI-skin-lesion/outputs/pilot/pseudo_concepts/npz/ham10000/ISIC_0031468.npz
ham10000,ISIC_0031468,shap,border_w12_dil4_sigma8,20,0.00872496529842482,0.017298997444449283,0.007393343315255644,2.700750756504073,0.16970086353274946,0.0027503188775510204,0.20001594387755103,/home/tbeliere/Projects/DCU/2026-mcm-XAI-skin-lesion/outputs/pilot/xai_maps/shap/ham10000_ISIC_0031468.npy,/home/tbeliere/Projects/DCU/2026-mcm-XAI-skin-lesion/outputs/pilot/pseudo_concepts/npz/ham10000/ISIC_0031468.npz
ham10000,ISIC_0031468,shap,border_w16_dil6_sigma10,20,0.015415019762830617,0.03036200856361389,0.012430465350574045,2.618919496075446,0.19641277635587281,0.0047831632653061226,0.20001594387755103,/home/tbeliere/Projects/DCU/2026-mcm-XAI-skin-lesion/outputs/pilot/xai_maps/shap/ham10000_ISIC_0031468.npy,/home/tbeliere/Projects/DCU/2026-mcm-XAI-skin-lesion/outputs/pilot/pseudo_concepts/npz/ham10000/ISIC_0031468.npz
ham10000,ISIC_0031468,shap,border_w16_dil6_sigma10_dist,20,0.0141430125605636,0.027891554515283894,0.011641511984724632,2.6992516585930697,0.18867164454272922,0.004344706632653061,0.20001594387755103,/home/tbeliere/Projects/DCU/2026-mcm-XAI-skin-lesion/outputs/pilot/xai_maps/shap/ham10000_ISIC_0031468.npy,/home/tbeliere/Projects/DCU/2026-mcm-XAI-skin-lesion/outputs/pilot/pseudo_concepts/npz/ham10000/ISIC_0031468.npz
ham10000,ISIC_0031468,shap,colour_heterogeneity,20,0.005645800316951618,0.011228208411295943,0.0038134808753504464,1.6378614139469891,0.22212811995117857,0.002331792091836735,0.20001594387755103,/home/tbeliere/Projects/DCU/2026-mcm-XAI-skin-lesion/outputs/pilot/xai_maps/shap/ham10000_ISIC_0031468.npy,/home/tbeliere/Projects/DCU/2026-mcm-XAI-skin-lesion/outputs/pilot/pseudo_concepts/npz/ham10000/ISIC_0031468.npz
isic2018,ISIC_0013398,gradcam,asymmetry,20,0.0,0.0,0.0,0.0,-0.01874510526434389,0.0019331951530612245,0.20408163265306123,/home/tbeliere/Projects/DCU/2026-mcm-XAI-skin-lesion/outputs/pilot/xai_maps/gradcam/isic2018_ISIC_0013398.npy,/home/tbeliere/Projects/DCU/2026-mcm-XAI-skin-lesion/outputs/pilot/pseudo_concepts/npz/isic2018/ISIC_0013398.npz
isic2018,ISIC_0013398,gradcam,border_default,20,0.0,0.0,0.0,0.0,-0.024556003474733707,0.0009765625,0.20408163265306123,/home/tbeliere/Projects/DCU/2026-mcm-XAI-skin-lesion/outputs/pilot/xai_maps/gradcam/isic2018_ISIC_0013398.npy,/home/tbeliere/Projects/DCU/2026-mcm-XAI-skin-lesion/outputs/pilot/pseudo_concepts/npz/isic2018/ISIC_0013398.npz
isic2018,ISIC_0013398,gradcam,border_w8_dil2_sigma5,20,0.0,0.0,0.0,0.0,-0.024556003474733707,0.0009765625,0.20408163265306123,/home/tbeliere/Projects/DCU/2026-mcm-XAI-skin-lesion/outputs/pilot/xai_maps/gradcam/isic2018_ISIC_0013398.npy,/home/tbeliere/Projects/DCU/2026-mcm-XAI-skin-lesion/outputs/pilot/pseudo_concepts/npz/isic2018/ISIC_0013398.npz
isic2018,ISIC_0013398,gradcam,border_w12_dil4_sigma8,20,0.0,0.0,0.0,0.0,-0.030002166643842542,0.0018534757653061226,0.20408163265306123,/home/tbeliere/Projects/DCU/2026-mcm-XAI-skin-lesion/outputs/pilot/xai_maps/gradcam/isic2018_ISIC_0013398.npy,/home/tbeliere/Projects/DCU/2026-mcm-XAI-skin-lesion/outputs/pilot/pseudo_concepts/npz/isic2018/ISIC_0013398.npz
isic2018,ISIC_0013398,gradcam,border_w16_dil6_sigma10,20,0.0,0.0,0.0,0.0,-0.032589270892639584,0.0027901785714285715,0.20408163265306123,/home/tbeliere/Projects/DCU/2026-mcm-XAI-skin-lesion/outputs/pilot/xai_maps/gradcam/isic2018_ISIC_0013398.npy,/home/tbeliere/Projects/DCU/2026-mcm-XAI-skin-lesion/outputs/pilot/pseudo_concepts/npz/isic2018/ISIC_0013398.npz
isic2018,ISIC_0013398,gradcam,border_w16_dil6_sigma10_dist,20,0.0,0.0,0.0,0.0,-0.03128613725032787,0.002311862244897959,0.20408163265306123,/home/tbeliere/Projects/DCU/2026-mcm-XAI-skin-lesion/outputs/pilot/xai_maps/gradcam/isic2018_ISIC_0013398.npy,/home/tbeliere/Projects/DCU/2026-mcm-XAI-skin-lesion/outputs/pilot/pseudo_concepts/npz/isic2018/ISIC_0013398.npz
isic2018,ISIC_0013398,gradcam,colour_heterogeneity,20,0.0,0.0,0.0,0.0,-0.036262914001227935,0.0042849170918367345,0.20408163265306123,/home/tbeliere/Projects/DCU/2026-mcm-XAI-skin-lesion/outputs/pilot/xai_maps/gradcam/isic2018_ISIC_0013398.npy,/home/tbeliere/Projects/DCU/2026-mcm-XAI-skin-lesion/outputs/pilot/pseudo_concepts/npz/isic2018/ISIC_0013398.npz
isic2018,ISIC_0013398,lime,asymmetry,20,0.001729134702028268,0.0034522999124760646,0.0014958390392914797,0.7734261868567267,-0.01698779894806882,0.0019331951530612245,0.8178212691326531,/home/tbeliere/Projects/DCU/2026-mcm-XAI-skin-lesion/outputs/pilot/xai_maps/lime/isic2018_ISIC_0013398.npy,/home/tbeliere/Projects/DCU/2026-mcm-XAI-skin-lesion/outputs/pilot/pseudo_concepts/npz/isic2018/ISIC_0013398.npz
isic2018,ISIC_0013398,lime,border_default,20,0.0008526395283683275,0.0017038263070777667,0.0007373854419042505,0.7549019510036342,-0.015160011225263368,0.0009765625,0.8178212691326531,/home/tbeliere/Projects/DCU/2026-mcm-XAI-skin-lesion/outputs/pilot/xai_maps/lime/isic2018_ISIC_0013398.npy,/home/tbeliere/Projects/DCU/2026-mcm-XAI-skin-lesion/outputs/pilot/pseudo_concepts/npz/isic2018/ISIC_0013398.npz
isic2018,ISIC_0013398,lime,border_w8_dil2_sigma5,20,0.0008526395283683275,0.0017038263070777667,0.0007373854419042505,0.7549019510036342,-0.015160011225263368,0.0009765625,0.8178212691326531,/home/tbeliere/Projects/DCU/2026-mcm-XAI-skin-lesion/outputs/pilot/xai_maps/lime/isic2018_ISIC_0013398.npy,/home/tbeliere/Projects/DCU/2026-mcm-XAI-skin-lesion/outputs/pilot/pseudo_concepts/npz/isic2018/ISIC_0013398.npz
isic2018,ISIC_0013398,lime,border_w12_dil4_sigma8,20,0.0017293031638936775,0.0034526356739925474,0.0014958390392914797,0.8067562612645749,-0.013135495372549046,0.0018534757653061226,0.8178212691326531,/home/tbeliere/Projects/DCU/2026-mcm-XAI-skin-lesion/outputs/pilot/xai_maps/lime/isic2018_ISIC_0013398.npy,/home/tbeliere/Projects/DCU/2026-mcm-XAI-skin-lesion/outputs/pilot/pseudo_concepts/npz/isic2018/ISIC_0013398.npz
isic2018,ISIC_0013398,lime,border_w16_dil6_sigma10,20,0.0027763571272003177,0.005537340619306488,0.002401769725059559,0.8604590706261215,-0.012626408839046003,0.0027901785714285715,0.8178212691326531,/home/tbeliere/Projects/DCU/2026-mcm-XAI-skin-lesion/outputs/pilot/xai_maps/lime/isic2018_ISIC_0013398.npy,/home/tbeliere/Projects/DCU/2026-mcm-XAI-skin-lesion/outputs/pilot/pseudo_concepts/npz/isic2018/ISIC_0013398.npz
isic2018,ISIC_0013398,lime,border_w16_dil6_sigma10_dist,20,0.0021918608898949875,0.004374134285921515,0.0018961339934680727,0.8198344400293027,-0.014754832932068593,0.002311862244897959,0.8178212691326531,/home/tbeliere/Projects/DCU/2026-mcm-XAI-skin-lesion/outputs/pilot/xai_maps/lime/isic2018_ISIC_0013398.npy,/home/tbeliere/Projects/DCU/2026-mcm-XAI-skin-lesion/outputs/pilot/pseudo_concepts/npz/isic2018/ISIC_0013398.npz
isic2018,ISIC_0013398,lime,colour_heterogeneity,20,0.004896587005772396,0.009745454545452184,0.004234699252078696,0.9882304269649892,-0.004415708170325886,0.0042849170918367345,0.8178212691326531,/home/tbeliere/Projects/DCU/2026-mcm-XAI-skin-lesion/outputs/pilot/xai_maps/lime/isic2018_ISIC_0013398.npy,/home/tbeliere/Projects/DCU/2026-mcm-XAI-skin-lesion/outputs/pilot/pseudo_concepts/npz/isic2018/ISIC_0013398.npz
isic2018,ISIC_0013398,shap,asymmetry,20,0.006056393963457052,0.01203986973254511,0.004034818588577814,2.0915280529692133,0.05598987840625753,0.0019331951530612245,0.20001594387755103,/home/tbeliere/Projects/DCU/2026-mcm-XAI-skin-lesion/outputs/pilot/xai_maps/shap/isic2018_ISIC_0013398.npy,/home/tbeliere/Projects/DCU/2026-mcm-XAI-skin-lesion/outputs/pilot/pseudo_concepts/npz/isic2018/ISIC_0013398.npz
isic2018,ISIC_0013398,shap,border_default,20,0.0034825870646731515,0.006941001487350579,0.0024838115348837014,2.5472660464863073,0.087835564740379,0.0009765625,0.20001594387755103,/home/tbeliere/Projects/DCU/2026-mcm-XAI-skin-lesion/outputs/pilot/xai_maps/shap/isic2018_ISIC_0013398.npy,/home/tbeliere/Projects/DCU/2026-mcm-XAI-skin-lesion/outputs/pilot/pseudo_concepts/npz/isic2018/ISIC_0013398.npz
isic2018,ISIC_0013398,shap,border_w8_dil2_sigma5,20,0.0034825870646731515,0.006941001487350579,0.0024838115348837014,2.5472660464863073,0.087835564740379,0.0009765625,0.20001594387755103,/home/tbeliere/Projects/DCU/2026-mcm-XAI-skin-lesion/outputs/pilot/xai_maps/shap/isic2018_ISIC_0013398.npy,/home/tbeliere/Projects/DCU/2026-mcm-XAI-skin-lesion/outputs/pilot/pseudo_concepts/npz/isic2018/ISIC_0013398.npz
isic2018,ISIC_0013398,shap,border_w12_dil4_sigma8,20,0.0062586926286446855,0.012439530062185369,0.004432860494871333,2.3978435662448954,0.10629124549637821,0.0018534757653061226,0.20001594387755103,/home/tbeliere/Projects/DCU/2026-mcm-XAI-skin-lesion/outputs/pilot/xai_maps/shap/isic2018_ISIC_0013398.npy,/home/tbeliere/Projects/DCU/2026-mcm-XAI-skin-lesion/outputs/pilot/pseudo_concepts/npz/isic2018/ISIC_0013398.npz
isic2018,ISIC_0013398,shap,border_w16_dil6_sigma10,20,0.009023301933555753,0.017885220125768587,0.006545475697929076,2.35476599614582,0.11664091184268169,0.0027901785714285715,0.20001594387755103,/home/tbeliere/Projects/DCU/2026-mcm-XAI-skin-lesion/outputs/pilot/xai_maps/shap/isic2018_ISIC_0013398.npy,/home/tbeliere/Projects/DCU/2026-mcm-XAI-skin-lesion/outputs/pilot/pseudo_concepts/npz/isic2018/ISIC_0013398.npz
isic2018,ISIC_0013398,shap,border_w16_dil6_sigma10_dist,20,0.007542675664938921,0.014972419227723627,0.005423540978326237,2.3533017033749757,0.10964504963215149,0.002311862244897959,0.20001594387755103,/home/tbeliere/Projects/DCU/2026-mcm-XAI-skin-lesion/outputs/pilot/xai_maps/shap/isic2018_ISIC_0013398.npy,/home/tbeliere/Projects/DCU/2026-mcm-XAI-skin-lesion/outputs/pilot/pseudo_concepts/npz/isic2018/ISIC_0013398.npz
isic2018,ISIC_0013398,shap,colour_heterogeneity,20,0.015151515151500147,0.029850746268627593,0.010209053755462752,2.396815676798806,0.13953714225024724,0.0042849170918367345,0.20001594387755103,/home/tbeliere/Projects/DCU/2026-mcm-XAI-skin-lesion/outputs/pilot/xai_maps/shap/isic2018_ISIC_0013398.npy,/home/tbeliere/Projects/DCU/2026-mcm-XAI-skin-lesion/outputs/pilot/pseudo_concepts/npz/isic2018/ISIC_0013398.npz
isic2018,ISIC_0014299,gradcam,asymmetry,20,0.004296874999995803,0.008556981719167097,0.009637016543306886,11.08690654067456,0.08082945805293387,0.0008769132653061224,0.20408163265306123,/home/tbeliere/Projects/DCU/2026-mcm-XAI-skin-lesion/outputs/pilot/xai_maps/gradcam/isic2018_ISIC_0014299.npy,/home/tbeliere/Projects/DCU/2026-mcm-XAI-skin-lesion/outputs/pilot/pseudo_concepts/npz/isic2018/ISIC_0014299.npz
isic2018,ISIC_0014299,gradcam,border_default,20,0.009374999999990844,0.018575851393170882,0.01830821494274072,9.728901777490778,0.16339701685766705,0.001913265306122449,0.20408163265306123,/home/tbeliere/Projects/DCU/2026-mcm-XAI-skin-lesion/outputs/pilot/xai_maps/gradcam/isic2018_ISIC_0014299.npy,/home/tbeliere/Projects/DCU/2026-mcm-XAI-skin-lesion/outputs/pilot/pseudo_concepts/npz/isic2018/ISIC_0014299.npz
isic2018,ISIC_0014299,gradcam,border_w8_dil2_sigma5,20,0.009374999999990844,0.018575851393170882,0.01830821494274072,9.728901777490778,0.16339701685766705,0.001913265306122449,0.20408163265306123,/home/tbeliere/Projects/DCU/2026-mcm-XAI-skin-lesion/outputs/pilot/xai_maps/gradcam/isic2018_ISIC_0014299.npy,/home/tbeliere/Projects/DCU/2026-mcm-XAI-skin-lesion/outputs/pilot/pseudo_concepts/npz/isic2018/ISIC_0014299.npz
isic2018,ISIC_0014299,gradcam,border_w12_dil4_sigma8,20,0.013867187499986456,0.027355037564990022,0.025873280905956003,9.358641636148501,0.18606306629465186,0.0028300382653061226,0.20408163265306123,/home/tbeliere/Projects/DCU/2026-mcm-XAI-skin-lesion/outputs/pilot/xai_maps/gradcam/isic2018_ISIC_0014299.npy,/home/tbeliere/Projects/DCU/2026-mcm-XAI-skin-lesion/outputs/pilot/pseudo_concepts/npz/isic2018/ISIC_0014299.npz
isic2018,ISIC_0014299,gradcam,border_w16_dil6_sigma10,20,0.014746093749985598,0.029063612741767813,0.0261596041085973,8.899249828755162,0.18473784618853317,0.003009406887755102,0.20408163265306123,/home/tbeliere/Projects/DCU/2026-mcm-XAI-skin-lesion/outputs/pilot/xai_maps/gradcam/isic2018_ISIC_0014299.npy,/home/tbeliere/Projects/DCU/2026-mcm-XAI-skin-lesion/outputs/pilot/pseudo_concepts/npz/isic2018/ISIC_0014299.npz
isic2018,ISIC_0014299,gradcam,border_w16_dil6_sigma10_dist,20,0.010937499999989319,0.021638330757320672,0.019122314364616456,8.714308999012228,0.17612733721579046,0.002232142857142857,0.20408163265306123,/home/tbeliere/Projects/DCU/2026-mcm-XAI-skin-lesion/outputs/pilot/xai_maps/gradcam/isic2018_ISIC_0014299.npy,/home/tbeliere/Projects/DCU/2026-mcm-XAI-skin-lesion/outputs/pilot/pseudo_concepts/npz/isic2018/ISIC_0014299.npz
isic2018,ISIC_0014299,gradcam,colour_heterogeneity,20,0.01835937499998207,0.03605677023395085,0.0480823091446575,13.430548531383765,0.2653334491539648,0.0037468112244897957,0.20408163265306123,/home/tbeliere/Projects/DCU/2026-mcm-XAI-skin-lesion/outputs/pilot/xai_maps/gradcam/isic2018_ISIC_0014299.npy,/home/tbeliere/Projects/DCU/2026-mcm-XAI-skin-lesion/outputs/pilot/pseudo_concepts/npz/isic2018/ISIC_0014299.npz
isic2018,ISIC_0014299,lime,asymmetry,20,0.0007904936760503901,0.00157973857874447,0.0007639607669176578,0.8710945632827792,-0.006742288580596512,0.0008769132653061224,0.7813097895408163,/home/tbeliere/Projects/DCU/2026-mcm-XAI-skin-lesion/outputs/pilot/xai_maps/lime/isic2018_ISIC_0014299.npy,/home/tbeliere/Projects/DCU/2026-mcm-XAI-skin-lesion/outputs/pilot/pseudo_concepts/npz/isic2018/ISIC_0014299.npz
isic2018,ISIC_0014299,lime,border_default,20,0.0014270060902577717,0.0028499452912280595,0.0013800581595931883,0.7209251953283398,-0.02086149427937904,0.001913265306122449,0.7813097895408163,/home/tbeliere/Projects/DCU/2026-mcm-XAI-skin-lesion/outputs/pilot/xai_maps/lime/isic2018_ISIC_0014299.npy,/home/tbeliere/Projects/DCU/2026-mcm-XAI-skin-lesion/outputs/pilot/pseudo_concepts/npz/isic2018/ISIC_0014299.npz
isic2018,ISIC_0014299,lime,border_w8_dil2_sigma5,20,0.0014270060902577717,0.0028499452912280595,0.0013800581595931883,0.7209251953283398,-0.02086149427937904,0.001913265306122449,0.7813097895408163,/home/tbeliere/Projects/DCU/2026-mcm-XAI-skin-lesion/outputs/pilot/xai_maps/lime/isic2018_ISIC_0014299.npy,/home/tbeliere/Projects/DCU/2026-mcm-XAI-skin-lesion/outputs/pilot/pseudo_concepts/npz/isic2018/ISIC_0014299.npz
isic2018,ISIC_0014299,lime,border_w12_dil4_sigma8,20,0.002190580503832958,0.004371584699452441,0.002119375030803825,0.7483522710222026,-0.020670215454496915,0.0028300382653061226,0.7813097895408163,/home/tbeliere/Projects/DCU/2026-mcm-XAI-skin-lesion/outputs/pilot/xai_maps/lime/isic2018_ISIC_0014299.npy,/home/tbeliere/Projects/DCU/2026-mcm-XAI-skin-lesion/outputs/pilot/pseudo_concepts/npz/isic2018/ISIC_0014299.npz
isic2018,ISIC_0014299,lime,border_w16_dil6_sigma10,20,0.0023687628944748305,0.004726330233266066,0.0022918823007529736,0.7610250072594927,-0.020242253553874413,0.003009406887755102,0.7813097895408163,/home/tbeliere/Projects/DCU/2026-mcm-XAI-skin-lesion/outputs/pilot/xai_maps/lime/isic2018_ISIC_0014299.npy,/home/tbeliere/Projects/DCU/2026-mcm-XAI-skin-lesion/outputs/pilot/pseudo_concepts/npz/isic2018/ISIC_0014299.npz
isic2018,ISIC_0014299,lime,border_w16_dil6_sigma10_dist,20,0.0015284677111192134,0.0030522701259053666,0.0014786337424212731,0.6619279778066266,-0.022903606795870435,0.002232142857142857,0.7813097895408163,/home/tbeliere/Projects/DCU/2026-mcm-XAI-skin-lesion/outputs/pilot/xai_maps/lime/isic2018_ISIC_0014299.npy,/home/tbeliere/Projects/DCU/2026-mcm-XAI-skin-lesion/outputs/pilot/pseudo_concepts/npz/isic2018/ISIC_0014299.npz
isic2018,ISIC_0014299,lime,colour_heterogeneity,20,0.004257597389352372,0.008479094209335005,0.004115530583072543,1.0988154432405548,0.009924350104025375,0.0037468112244897957,0.7813097895408163,/home/tbeliere/Projects/DCU/2026-mcm-XAI-skin-lesion/outputs/pilot/xai_maps/lime/isic2018_ISIC_0014299.npy,/home/tbeliere/Projects/DCU/2026-mcm-XAI-skin-lesion/outputs/pilot/pseudo_concepts/npz/isic2018/ISIC_0014299.npz
isic2018,ISIC_0014299,shap,asymmetry,20,0.0029850746268627014,0.005952380952375047,0.002509574979340819,2.866511486556705,0.05553385354266806,0.0008769132653061224,0.20001594387755103,/home/tbeliere/Projects/DCU/2026-mcm-XAI-skin-lesion/outputs/pilot/xai_maps/shap/isic2018_ISIC_0014299.npy,/home/tbeliere/Projects/DCU/2026-mcm-XAI-skin-lesion/outputs/pilot/pseudo_concepts/npz/isic2018/ISIC_0014299.npz
isic2018,ISIC_0014299,shap,border_default,20,0.007257182622519875,0.014409790761928137,0.006691117878567638,3.5140452527995114,0.19335034363771753,0.001913265306122449,0.20001594387755103,/home/tbeliere/Projects/DCU/2026-mcm-XAI-skin-lesion/outputs/pilot/xai_maps/shap/isic2018_ISIC_0014299.npy,/home/tbeliere/Projects/DCU/2026-mcm-XAI-skin-lesion/outputs/pilot/pseudo_concepts/npz/isic2018/ISIC_0014299.npz
isic2018,ISIC_0014299,shap,border_w8_dil2_sigma5,20,0.007257182622519875,0.014409790761928137,0.006691117878567638,3.5140452527995114,0.19335034363771753,0.001913265306122449,0.20001594387755103,/home/tbeliere/Projects/DCU/2026-mcm-XAI-skin-lesion/outputs/pilot/xai_maps/shap/isic2018_ISIC_0014299.npy,/home/tbeliere/Projects/DCU/2026-mcm-XAI-skin-lesion/outputs/pilot/pseudo_concepts/npz/isic2018/ISIC_0014299.npz
isic2018,ISIC_0014299,shap,border_w12_dil4_sigma8,20,0.011327503974551541,0.022401257614440555,0.010554897653517501,3.75871176522746,0.23755402217097243,0.0028300382653061226,0.20001594387755103,/home/tbeliere/Projects/DCU/2026-mcm-XAI-skin-lesion/outputs/pilot/xai_maps/shap/isic2018_ISIC_0014299.npy,/home/tbeliere/Projects/DCU/2026-mcm-XAI-skin-lesion/outputs/pilot/pseudo_concepts/npz/isic2018/ISIC_0014299.npz
isic2018,ISIC_0014299,shap,border_w16_dil6_sigma10,20,0.012121212121200077,0.02395209580835972,0.011928159367014031,3.999400866272014,0.25829419788797625,0.003009406887755102,0.20001594387755103,/home/tbeliere/Projects/DCU/2026-mcm-XAI-skin-lesion/outputs/pilot/xai_maps/shap/isic2018_ISIC_0014299.npy,/home/tbeliere/Projects/DCU/2026-mcm-XAI-skin-lesion/outputs/pilot/pseudo_concepts/npz/isic2018/ISIC_0014299.npz
isic2018,ISIC_0014299,shap,border_w16_dil6_sigma10_dist,20,0.008547008547000051,0.01694915254235618,0.007540124426070984,3.396040893745185,0.23079170144425298,0.002232142857142857,0.20001594387755103,/home/tbeliere/Projects/DCU/2026-mcm-XAI-skin-lesion/outputs/pilot/xai_maps/shap/isic2018_ISIC_0014299.npy,/home/tbeliere/Projects/DCU/2026-mcm-XAI-skin-lesion/outputs/pilot/pseudo_concepts/npz/isic2018/ISIC_0014299.npz
isic2018,ISIC_0014299,shap,colour_heterogeneity,20,0.015595510082432108,0.03071205007821722,0.018116261234907123,4.905872371377927,0.32367508094697245,0.0037468112244897957,0.20001594387755103,/home/tbeliere/Projects/DCU/2026-mcm-XAI-skin-lesion/outputs/pilot/xai_maps/shap/isic2018_ISIC_0014299.npy,/home/tbeliere/Projects/DCU/2026-mcm-XAI-skin-lesion/outputs/pilot/pseudo_concepts/npz/isic2018/ISIC_0014299.npz
isic2018,ISIC_0013369,gradcam,asymmetry,20,0.0010164221938773485,0.002030780257629954,0.0,0.0,-0.008812762026301565,0.001016422193877551,1.0,/home/tbeliere/Projects/DCU/2026-mcm-XAI-skin-lesion/outputs/pilot/xai_maps/gradcam/isic2018_ISIC_0013369.npy,/home/tbeliere/Projects/DCU/2026-mcm-XAI-skin-lesion/outputs/pilot/pseudo_concepts/npz/isic2018/ISIC_0013369.npz
isic2018,ISIC_0013369,gradcam,border_default,20,0.0008569834183671762,0.0017124992532703334,0.0,0.0,-0.014942595079205248,0.0008569834183673469,1.0,/home/tbeliere/Projects/DCU/2026-mcm-XAI-skin-lesion/outputs/pilot/xai_maps/gradcam/isic2018_ISIC_0013369.npy,/home/tbeliere/Projects/DCU/2026-mcm-XAI-skin-lesion/outputs/pilot/pseudo_concepts/npz/isic2018/ISIC_0013369.npz
isic2018,ISIC_0013369,gradcam,border_w8_dil2_sigma5,20,0.0008569834183671762,0.0017124992532703334,0.0,0.0,-0.014942595079205248,0.0008569834183673469,1.0,/home/tbeliere/Projects/DCU/2026-mcm-XAI-skin-lesion/outputs/pilot/xai_maps/gradcam/isic2018_ISIC_0013369.npy,/home/tbeliere/Projects/DCU/2026-mcm-XAI-skin-lesion/outputs/pilot/pseudo_concepts/npz/isic2018/ISIC_0013369.npz
isic2018,ISIC_0013369,gradcam,border_w12_dil4_sigma8,20,0.001733896683673124,0.0034617909794474144,0.0,0.0,-0.01727225080310334,0.0017338966836734694,1.0,/home/tbeliere/Projects/DCU/2026-mcm-XAI-skin-lesion/outputs/pilot/xai_maps/gradcam/isic2018_ISIC_0013369.npy,/home/tbeliere/Projects/DCU/2026-mcm-XAI-skin-lesion/outputs/pilot/pseudo_concepts/npz/isic2018/ISIC_0013369.npz
isic2018,ISIC_0013369,gradcam,border_w16_dil6_sigma10,20,0.0,0.0,0.0,0.0,0.0,0.0,1.0,/home/tbeliere/Projects/DCU/2026-mcm-XAI-skin-lesion/outputs/pilot/xai_maps/gradcam/isic2018_ISIC_0013369.npy,/home/tbeliere/Projects/DCU/2026-mcm-XAI-skin-lesion/outputs/pilot/pseudo_concepts/npz/isic2018/ISIC_0013369.npz
isic2018,ISIC_0013369,gradcam,border_w16_dil6_sigma10_dist,20,0.0,0.0,0.0,0.0,0.0,0.0,1.0,/home/tbeliere/Projects/DCU/2026-mcm-XAI-skin-lesion/outputs/pilot/xai_maps/gradcam/isic2018_ISIC_0013369.npy,/home/tbeliere/Projects/DCU/2026-mcm-XAI-skin-lesion/outputs/pilot/pseudo_concepts/npz/isic2018/ISIC_0013369.npz
isic2018,ISIC_0013369,gradcam,colour_heterogeneity,20,0.0025709502551015287,0.0051287148394781575,0.0,0.0,-0.02138483467287472,0.002570950255102041,1.0,/home/tbeliere/Projects/DCU/2026-mcm-XAI-skin-lesion/outputs/pilot/xai_maps/gradcam/isic2018_ISIC_0013369.npy,/home/tbeliere/Projects/DCU/2026-mcm-XAI-skin-lesion/outputs/pilot/pseudo_concepts/npz/isic2018/ISIC_0013369.npz
isic2018,ISIC_0013369,lime,asymmetry,20,0.0010439899397330604,0.0020858023228248197,0.0009158652845423105,0.9009770750948807,-0.005751164061326418,0.001016422193877551,0.8398238201530612,/home/tbeliere/Projects/DCU/2026-mcm-XAI-skin-lesion/outputs/pilot/xai_maps/lime/isic2018_ISIC_0013369.npy,/home/tbeliere/Projects/DCU/2026-mcm-XAI-skin-lesion/outputs/pilot/pseudo_concepts/npz/isic2018/ISIC_0013369.npz
isic2018,ISIC_0013369,lime,border_default,20,0.0009016704631736661,0.001801716371911763,0.0007909745639229045,0.9229143739061103,-0.016285134782854514,0.0008569834183673469,0.8398238201530612,/home/tbeliere/Projects/DCU/2026-mcm-XAI-skin-lesion/outputs/pilot/xai_maps/lime/isic2018_ISIC_0013369.npy,/home/tbeliere/Projects/DCU/2026-mcm-XAI-skin-lesion/outputs/pilot/pseudo_concepts/npz/isic2018/ISIC_0013369.npz
isic2018,ISIC_0013369,lime,border_w8_dil2_sigma5,20,0.0009016704631736661,0.001801716371911763,0.0007909745639229045,0.9229143739061103,-0.016285134782854514,0.0008569834183673469,0.8398238201530612,/home/tbeliere/Projects/DCU/2026-mcm-XAI-skin-lesion/outputs/pilot/xai_maps/lime/isic2018_ISIC_0013369.npy,/home/tbeliere/Projects/DCU/2026-mcm-XAI-skin-lesion/outputs/pilot/pseudo_concepts/npz/isic2018/ISIC_0013369.npz
isic2018,ISIC_0013369,lime,border_w12_dil4_sigma8,20,0.0017793172166729666,0.0035523137403487065,0.0015611340077425746,0.9002057888772148,-0.029338552414741474,0.0017338966836734694,0.8398238201530612,/home/tbeliere/Projects/DCU/2026-mcm-XAI-skin-lesion/outputs/pilot/xai_maps/lime/isic2018_ISIC_0013369.npy,/home/tbeliere/Projects/DCU/2026-mcm-XAI-skin-lesion/outputs/pilot/pseudo_concepts/npz/isic2018/ISIC_0013369.npz
isic2018,ISIC_0013369,lime,border_w16_dil6_sigma10,20,0.0,0.0,0.0,0.0,0.0,0.0,0.8398238201530612,/home/tbeliere/Projects/DCU/2026-mcm-XAI-skin-lesion/outputs/pilot/xai_maps/lime/isic2018_ISIC_0013369.npy,/home/tbeliere/Projects/DCU/2026-mcm-XAI-skin-lesion/outputs/pilot/pseudo_concepts/npz/isic2018/ISIC_0013369.npz
isic2018,ISIC_0013369,lime,border_w16_dil6_sigma10_dist,20,0.0,0.0,0.0,0.0,0.0,0.0,0.8398238201530612,/home/tbeliere/Projects/DCU/2026-mcm-XAI-skin-lesion/outputs/pilot/xai_maps/lime/isic2018_ISIC_0013369.npy,/home/tbeliere/Projects/DCU/2026-mcm-XAI-skin-lesion/outputs/pilot/pseudo_concepts/npz/isic2018/ISIC_0013369.npz
isic2018,ISIC_0013369,lime,colour_heterogeneity,20,0.0018962738219394388,0.0037853695467011013,0.0016652096082587463,0.6471143545085968,-0.06670079007047153,0.002570950255102041,0.8398238201530612,/home/tbeliere/Projects/DCU/2026-mcm-XAI-skin-lesion/outputs/pilot/xai_maps/lime/isic2018_ISIC_0013369.npy,/home/tbeliere/Projects/DCU/2026-mcm-XAI-skin-lesion/outputs/pilot/pseudo_concepts/npz/isic2018/ISIC_0013369.npz
isic2018,ISIC_0013369,shap,asymmetry,20,0.0035817331608759507,0.007137900267664183,0.0023934445224753557,2.3580236966645214,0.03906812829793963,0.001016422193877551,0.20001594387755103,/home/tbeliere/Projects/DCU/2026-mcm-XAI-skin-lesion/outputs/pilot/xai_maps/shap/isic2018_ISIC_0013369.npy,/home/tbeliere/Projects/DCU/2026-mcm-XAI-skin-lesion/outputs/pilot/pseudo_concepts/npz/isic2018/ISIC_0013369.npz
isic2018,ISIC_0013369,shap,border_default,20,0.0025862926489579365,0.0051592419882873705,0.001905416521095181,2.2257345830579505,0.07154676575996075,0.0008569834183673469,0.20001594387755103,/home/tbeliere/Projects/DCU/2026-mcm-XAI-skin-lesion/outputs/pilot/xai_maps/shap/isic2018_ISIC_0013369.npy,/home/tbeliere/Projects/DCU/2026-mcm-XAI-skin-lesion/outputs/pilot/pseudo_concepts/npz/isic2018/ISIC_0013369.npz
isic2018,ISIC_0013369,shap,border_w8_dil2_sigma5,20,0.0025862926489579365,0.0051592419882873705,0.001905416521095181,2.2257345830579505,0.07154676575996075,0.0008569834183673469,0.20001594387755103,/home/tbeliere/Projects/DCU/2026-mcm-XAI-skin-lesion/outputs/pilot/xai_maps/shap/isic2018_ISIC_0013369.npy,/home/tbeliere/Projects/DCU/2026-mcm-XAI-skin-lesion/outputs/pilot/pseudo_concepts/npz/isic2018/ISIC_0013369.npz
isic2018,ISIC_0013369,shap,border_w12_dil4_sigma8,20,0.005562729710931198,0.011063913859516878,0.00411242287630595,2.377445004077423,0.08938514636407971,0.0017338966836734694,0.20001594387755103,/home/tbeliere/Projects/DCU/2026-mcm-XAI-skin-lesion/outputs/pilot/xai_maps/shap/isic2018_ISIC_0013369.npy,/home/tbeliere/Projects/DCU/2026-mcm-XAI-skin-lesion/outputs/pilot/pseudo_concepts/npz/isic2018/ISIC_0013369.npz
isic2018,ISIC_0013369,shap,border_w16_dil6_sigma10,20,0.0,0.0,0.0,0.0,0.0,0.0,0.20001594387755103,/home/tbeliere/Projects/DCU/2026-mcm-XAI-skin-lesion/outputs/pilot/xai_maps/shap/isic2018_ISIC_0013369.npy,/home/tbeliere/Projects/DCU/2026-mcm-XAI-skin-lesion/outputs/pilot/pseudo_concepts/npz/isic2018/ISIC_0013369.npz
isic2018,ISIC_0013369,shap,border_w16_dil6_sigma10_dist,20,0.0,0.0,0.0,0.0,0.0,0.0,0.20001594387755103,/home/tbeliere/Projects/DCU/2026-mcm-XAI-skin-lesion/outputs/pilot/xai_maps/shap/isic2018_ISIC_0013369.npy,/home/tbeliere/Projects/DCU/2026-mcm-XAI-skin-lesion/outputs/pilot/pseudo_concepts/npz/isic2018/ISIC_0013369.npz
isic2018,ISIC_0013369,shap,colour_heterogeneity,20,0.010035771065172857,0.019872110181977497,0.007969147366949751,3.116556231090304,0.14712858066450693,0.002570950255102041,0.20001594387755103,/home/tbeliere/Projects/DCU/2026-mcm-XAI-skin-lesion/outputs/pilot/xai_maps/shap/isic2018_ISIC_0013369.npy,/home/tbeliere/Projects/DCU/2026-mcm-XAI-skin-lesion/outputs/pilot/pseudo_concepts/npz/isic2018/ISIC_0013369.npz
isic2018,ISIC_0014547,gradcam,asymmetry,20,0.0005580357142856031,0.0011154489682094822,0.0,0.0,-0.008234380748712225,0.0005580357142857143,1.0,/home/tbeliere/Projects/DCU/2026-mcm-XAI-skin-lesion/outputs/pilot/xai_maps/gradcam/isic2018_ISIC_0014547.npy,/home/tbeliere/Projects/DCU/2026-mcm-XAI-skin-lesion/outputs/pilot/pseudo_concepts/npz/isic2018/ISIC_0014547.npz
isic2018,ISIC_0014547,gradcam,border_default,20,0.0015744579081629516,0.0031439657745491708,0.0,0.0,-0.020802603116172106,0.0015744579081632653,1.0,/home/tbeliere/Projects/DCU/2026-mcm-XAI-skin-lesion/outputs/pilot/xai_maps/gradcam/isic2018_ISIC_0014547.npy,/home/tbeliere/Projects/DCU/2026-mcm-XAI-skin-lesion/outputs/pilot/pseudo_concepts/npz/isic2018/ISIC_0014547.npz
isic2018,ISIC_0014547,gradcam,border_w8_dil2_sigma5,20,0.0015744579081629516,0.0031439657745491708,0.0,0.0,-0.020802603116172106,0.0015744579081632653,1.0,/home/tbeliere/Projects/DCU/2026-mcm-XAI-skin-lesion/outputs/pilot/xai_maps/gradcam/isic2018_ISIC_0014547.npy,/home/tbeliere/Projects/DCU/2026-mcm-XAI-skin-lesion/outputs/pilot/pseudo_concepts/npz/isic2018/ISIC_0014547.npz
isic2018,ISIC_0014547,gradcam,border_w12_dil4_sigma8,20,0.002032844387754697,0.0040574406300958555,0.0,0.0,-0.02215066871353779,0.002032844387755102,1.0,/home/tbeliere/Projects/DCU/2026-mcm-XAI-skin-lesion/outputs/pilot/xai_maps/gradcam/isic2018_ISIC_0014547.npy,/home/tbeliere/Projects/DCU/2026-mcm-XAI-skin-lesion/outputs/pilot/pseudo_concepts/npz/isic2018/ISIC_0014547.npz
isic2018,ISIC_0014547,gradcam,border_w16_dil6_sigma10,20,0.0,0.0,0.0,0.0,0.0,0.0,1.0,/home/tbeliere/Projects/DCU/2026-mcm-XAI-skin-lesion/outputs/pilot/xai_maps/gradcam/isic2018_ISIC_0014547.npy,/home/tbeliere/Projects/DCU/2026-mcm-XAI-skin-lesion/outputs/pilot/pseudo_concepts/npz/isic2018/ISIC_0014547.npz
isic2018,ISIC_0014547,gradcam,border_w16_dil6_sigma10_dist,20,0.0,0.0,0.0,0.0,0.0,0.0,1.0,/home/tbeliere/Projects/DCU/2026-mcm-XAI-skin-lesion/outputs/pilot/xai_maps/gradcam/isic2018_ISIC_0014547.npy,/home/tbeliere/Projects/DCU/2026-mcm-XAI-skin-lesion/outputs/pilot/pseudo_concepts/npz/isic2018/ISIC_0014547.npz
isic2018,ISIC_0014547,gradcam,colour_heterogeneity,20,0.001992984693877154,0.0039780412125061705,0.0,0.0,-0.025721732955535773,0.001992984693877551,1.0,/home/tbeliere/Projects/DCU/2026-mcm-XAI-skin-lesion/outputs/pilot/xai_maps/gradcam/isic2018_ISIC_0014547.npy,/home/tbeliere/Projects/DCU/2026-mcm-XAI-skin-lesion/outputs/pilot/pseudo_concepts/npz/isic2018/ISIC_0014547.npz
isic2018,ISIC_0014547,lime,asymmetry,20,0.0010442046641132576,0.0020862308762151544,0.000658273677281113,1.1797447643022636,0.011440870192580914,0.0005580357142857143,0.22871492346938777,/home/tbeliere/Projects/DCU/2026-mcm-XAI-skin-lesion/outputs/pilot/xai_maps/lime/isic2018_ISIC_0014547.npy,/home/tbeliere/Projects/DCU/2026-mcm-XAI-skin-lesion/outputs/pilot/pseudo_concepts/npz/isic2018/ISIC_0014547.npz
isic2018,ISIC_0014547,lime,border_default,20,0.0023421235253276,0.0046733016010344665,0.0017444252447949495,1.108141537030351,0.022957737179630382,0.0015744579081632653,0.22871492346938777,/home/tbeliere/Projects/DCU/2026-mcm-XAI-skin-lesion/outputs/pilot/xai_maps/lime/isic2018_ISIC_0014547.npy,/home/tbeliere/Projects/DCU/2026-mcm-XAI-skin-lesion/outputs/pilot/pseudo_concepts/npz/isic2018/ISIC_0014547.npz
isic2018,ISIC_0014547,lime,border_w8_dil2_sigma5,20,0.0023421235253276,0.0046733016010344665,0.0017444252447949495,1.108141537030351,0.022957737179630382,0.0015744579081632653,0.22871492346938777,/home/tbeliere/Projects/DCU/2026-mcm-XAI-skin-lesion/outputs/pilot/xai_maps/lime/isic2018_ISIC_0014547.npy,/home/tbeliere/Projects/DCU/2026-mcm-XAI-skin-lesion/outputs/pilot/pseudo_concepts/npz/isic2018/ISIC_0014547.npz
isic2018,ISIC_0014547,lime,border_w12_dil4_sigma8,20,0.0026846800034617782,0.005354983589561793,0.002188759976959701,1.0768664497656608,0.031361902420260594,0.002032844387755102,0.22871492346938777,/home/tbeliere/Projects/DCU/2026-mcm-XAI-skin-lesion/outputs/pilot/xai_maps/lime/isic2018_ISIC_0014547.npy,/home/tbeliere/Projects/DCU/2026-mcm-XAI-skin-lesion/outputs/pilot/pseudo_concepts/npz/isic2018/ISIC_0014547.npz
isic2018,ISIC_0014547,lime,border_w16_dil6_sigma10,20,0.0,0.0,0.0,0.0,0.0,0.0,0.22871492346938777,/home/tbeliere/Projects/DCU/2026-mcm-XAI-skin-lesion/outputs/pilot/xai_maps/lime/isic2018_ISIC_0014547.npy,/home/tbeliere/Projects/DCU/2026-mcm-XAI-skin-lesion/outputs/pilot/pseudo_concepts/npz/isic2018/ISIC_0014547.npz
isic2018,ISIC_0014547,lime,border_w16_dil6_sigma10_dist,20,0.0,0.0,0.0,0.0,0.0,0.0,0.22871492346938777,/home/tbeliere/Projects/DCU/2026-mcm-XAI-skin-lesion/outputs/pilot/xai_maps/lime/isic2018_ISIC_0014547.npy,/home/tbeliere/Projects/DCU/2026-mcm-XAI-skin-lesion/outputs/pilot/pseudo_concepts/npz/isic2018/ISIC_0014547.npz
isic2018,ISIC_0014547,lime,colour_heterogeneity,20,0.005035596457713982,0.010020732550095005,0.0026001810252603967,1.305461117716553,0.07131163481899343,0.001992984693877551,0.22871492346938777,/home/tbeliere/Projects/DCU/2026-mcm-XAI-skin-lesion/outputs/pilot/xai_maps/lime/isic2018_ISIC_0014547.npy,/home/tbeliere/Projects/DCU/2026-mcm-XAI-skin-lesion/outputs/pilot/pseudo_concepts/npz/isic2018/ISIC_0014547.npz
isic2018,ISIC_0014547,shap,asymmetry,20,0.0018914883026362453,0.0037758346581838473,0.001308216147396271,2.346083944969341,0.035889674624350325,0.0005580357142857143,0.20001594387755103,/home/tbeliere/Projects/DCU/2026-mcm-XAI-skin-lesion/outputs/pilot/xai_maps/shap/isic2018_ISIC_0014547.npy,/home/tbeliere/Projects/DCU/2026-mcm-XAI-skin-lesion/outputs/pilot/pseudo_concepts/npz/isic2018/ISIC_0014547.npz
isic2018,ISIC_0014547,shap,border_default,20,0.004668255860146337,0.00929312901630322,0.003763382978763591,2.395523584857701,0.11100762760501497,0.0015744579081632653,0.20001594387755103,/home/tbeliere/Projects/DCU/2026-mcm-XAI-skin-lesion/outputs/pilot/xai_maps/shap/isic2018_ISIC_0014547.npy,/home/tbeliere/Projects/DCU/2026-mcm-XAI-skin-lesion/outputs/pilot/pseudo_concepts/npz/isic2018/ISIC_0014547.npz
isic2018,ISIC_0014547,shap,border_w8_dil2_sigma5,20,0.004668255860146337,0.00929312901630322,0.003763382978763591,2.395523584857701,0.11100762760501497,0.0015744579081632653,0.20001594387755103,/home/tbeliere/Projects/DCU/2026-mcm-XAI-skin-lesion/outputs/pilot/xai_maps/shap/isic2018_ISIC_0014547.npy,/home/tbeliere/Projects/DCU/2026-mcm-XAI-skin-lesion/outputs/pilot/pseudo_concepts/npz/isic2018/ISIC_0014547.npz
isic2018,ISIC_0014547,shap,border_w12_dil4_sigma8,20,0.006652765365895489,0.01321759715918996,0.005123105135328561,2.527993586507235,0.12109273288419506,0.002032844387755102,0.20001594387755103,/home/tbeliere/Projects/DCU/2026-mcm-XAI-skin-lesion/outputs/pilot/xai_maps/shap/isic2018_ISIC_0014547.npy,/home/tbeliere/Projects/DCU/2026-mcm-XAI-skin-lesion/outputs/pilot/pseudo_concepts/npz/isic2018/ISIC_0014547.npz
isic2018,ISIC_0014547,shap,border_w16_dil6_sigma10,20,0.0,0.0,0.0,0.0,0.0,0.0,0.20001594387755103,/home/tbeliere/Projects/DCU/2026-mcm-XAI-skin-lesion/outputs/pilot/xai_maps/shap/isic2018_ISIC_0014547.npy,/home/tbeliere/Projects/DCU/2026-mcm-XAI-skin-lesion/outputs/pilot/pseudo_concepts/npz/isic2018/ISIC_0014547.npz
isic2018,ISIC_0014547,shap,border_w16_dil6_sigma10_dist,20,0.0,0.0,0.0,0.0,0.0,0.0,0.20001594387755103,/home/tbeliere/Projects/DCU/2026-mcm-XAI-skin-lesion/outputs/pilot/xai_maps/shap/isic2018_ISIC_0014547.npy,/home/tbeliere/Projects/DCU/2026-mcm-XAI-skin-lesion/outputs/pilot/pseudo_concepts/npz/isic2018/ISIC_0014547.npz
isic2018,ISIC_0014547,shap,colour_heterogeneity,20,0.006054590570713593,0.012036306235189387,0.004983134110111719,2.5078507271372357,0.1546185246440987,0.001992984693877551,0.20001594387755103,/home/tbeliere/Projects/DCU/2026-mcm-XAI-skin-lesion/outputs/pilot/xai_maps/shap/isic2018_ISIC_0014547.npy,/home/tbeliere/Projects/DCU/2026-mcm-XAI-skin-lesion/outputs/pilot/pseudo_concepts/npz/isic2018/ISIC_0014547.npz
isic2018,ISIC_0013302,gradcam,asymmetry,20,0.0011360012755099777,0.0022694244819138278,0.0,0.0,-0.006470780349330496,0.001136001275510204,1.0,/home/tbeliere/Projects/DCU/2026-mcm-XAI-skin-lesion/outputs/pilot/xai_maps/gradcam/isic2018_ISIC_0013302.npy,/home/tbeliere/Projects/DCU/2026-mcm-XAI-skin-lesion/outputs/pilot/pseudo_concepts/npz/isic2018/ISIC_0013302.npz
isic2018,ISIC_0013302,gradcam,border_default,20,0.001215720663265064,0.0024284889623181266,0.0,0.0,-0.011827939991697175,0.0012157206632653062,1.0,/home/tbeliere/Projects/DCU/2026-mcm-XAI-skin-lesion/outputs/pilot/xai_maps/gradcam/isic2018_ISIC_0013302.npy,/home/tbeliere/Projects/DCU/2026-mcm-XAI-skin-lesion/outputs/pilot/pseudo_concepts/npz/isic2018/ISIC_0013302.npz
isic2018,ISIC_0013302,gradcam,border_w8_dil2_sigma5,20,0.001215720663265064,0.0024284889623181266,0.0,0.0,-0.011827939991697175,0.0012157206632653062,1.0,/home/tbeliere/Projects/DCU/2026-mcm-XAI-skin-lesion/outputs/pilot/xai_maps/gradcam/isic2018_ISIC_0013302.npy,/home/tbeliere/Projects/DCU/2026-mcm-XAI-skin-lesion/outputs/pilot/pseudo_concepts/npz/isic2018/ISIC_0013302.npz
isic2018,ISIC_0013302,gradcam,border_w12_dil4_sigma8,20,0.0022720025510199553,0.0045337045138189435,0.0,0.0,-0.014153737411626134,0.002272002551020408,1.0,/home/tbeliere/Projects/DCU/2026-mcm-XAI-skin-lesion/outputs/pilot/xai_maps/gradcam/isic2018_ISIC_0013302.npy,/home/tbeliere/Projects/DCU/2026-mcm-XAI-skin-lesion/outputs/pilot/pseudo_concepts/npz/isic2018/ISIC_0013302.npz
isic2018,ISIC_0013302,gradcam,border_w16_dil6_sigma10,20,0.0,0.0,0.0,0.0,0.0,0.0,1.0,/home/tbeliere/Projects/DCU/2026-mcm-XAI-skin-lesion/outputs/pilot/xai_maps/gradcam/isic2018_ISIC_0013302.npy,/home/tbeliere/Projects/DCU/2026-mcm-XAI-skin-lesion/outputs/pilot/pseudo_concepts/npz/isic2018/ISIC_0013302.npz
isic2018,ISIC_0013302,gradcam,border_w16_dil6_sigma10_dist,20,0.0,0.0,0.0,0.0,0.0,0.0,1.0,/home/tbeliere/Projects/DCU/2026-mcm-XAI-skin-lesion/outputs/pilot/xai_maps/gradcam/isic2018_ISIC_0013302.npy,/home/tbeliere/Projects/DCU/2026-mcm-XAI-skin-lesion/outputs/pilot/pseudo_concepts/npz/isic2018/ISIC_0013302.npz
isic2018,ISIC_0013302,gradcam,colour_heterogeneity,20,0.0010961415816324346,0.002189882741732757,0.0,0.0,-0.014850687432109905,0.001096141581632653,1.0,/home/tbeliere/Projects/DCU/2026-mcm-XAI-skin-lesion/outputs/pilot/xai_maps/gradcam/isic2018_ISIC_0013302.npy,/home/tbeliere/Projects/DCU/2026-mcm-XAI-skin-lesion/outputs/pilot/pseudo_concepts/npz/isic2018/ISIC_0013302.npz
isic2018,ISIC_0013302,lime,asymmetry,20,0.0006218905472635384,0.001243008079552231,0.0005626172119189153,0.49497694459302405,-0.034307597359089545,0.001136001275510204,0.8646763392857143,/home/tbeliere/Projects/DCU/2026-mcm-XAI-skin-lesion/outputs/pilot/xai_maps/lime/isic2018_ISIC_0013302.npy,/home/tbeliere/Projects/DCU/2026-mcm-XAI-skin-lesion/outputs/pilot/pseudo_concepts/npz/isic2018/ISIC_0013302.npz
isic2018,ISIC_0013302,lime,border_default,20,0.000783175546495109,0.001565125325108393,0.000708480933527523,0.5824703925827468,-0.05302790318539634,0.0012157206632653062,0.8646763392857143,/home/tbeliere/Projects/DCU/2026-mcm-XAI-skin-lesion/outputs/pilot/xai_maps/lime/isic2018_ISIC_0013302.npy,/home/tbeliere/Projects/DCU/2026-mcm-XAI-skin-lesion/outputs/pilot/pseudo_concepts/npz/isic2018/ISIC_0013302.npz
isic2018,ISIC_0013302,lime,border_w8_dil2_sigma5,20,0.000783175546495109,0.001565125325108393,0.000708480933527523,0.5824703925827468,-0.05302790318539634,0.0012157206632653062,0.8646763392857143,/home/tbeliere/Projects/DCU/2026-mcm-XAI-skin-lesion/outputs/pilot/xai_maps/lime/isic2018_ISIC_0013302.npy,/home/tbeliere/Projects/DCU/2026-mcm-XAI-skin-lesion/outputs/pilot/pseudo_concepts/npz/isic2018/ISIC_0013302.npz
isic2018,ISIC_0013302,lime,border_w12_dil4_sigma8,20,0.001450376407210109,0.002896551724137265,0.001312773494477469,0.5772495794538506,-0.05484426434932804,0.002272002551020408,0.8646763392857143,/home/tbeliere/Projects/DCU/2026-mcm-XAI-skin-lesion/outputs/pilot/xai_maps/lime/isic2018_ISIC_0013302.npy,/home/tbeliere/Projects/DCU/2026-mcm-XAI-skin-lesion/outputs/pilot/pseudo_concepts/npz/isic2018/ISIC_0013302.npz
isic2018,ISIC_0013302,lime,border_w16_dil6_sigma10,20,0.0,0.0,0.0,0.0,0.0,0.0,0.8646763392857143,/home/tbeliere/Projects/DCU/2026-mcm-XAI-skin-lesion/outputs/pilot/xai_maps/lime/isic2018_ISIC_0013302.npy,/home/tbeliere/Projects/DCU/2026-mcm-XAI-skin-lesion/outputs/pilot/pseudo_concepts/npz/isic2018/ISIC_0013302.npz
isic2018,ISIC_0013302,lime,border_w16_dil6_sigma10_dist,20,0.0,0.0,0.0,0.0,0.0,0.0,0.8646763392857143,/home/tbeliere/Projects/DCU/2026-mcm-XAI-skin-lesion/outputs/pilot/xai_maps/lime/isic2018_ISIC_0013302.npy,/home/tbeliere/Projects/DCU/2026-mcm-XAI-skin-lesion/outputs/pilot/pseudo_concepts/npz/isic2018/ISIC_0013302.npz
isic2018,ISIC_0013302,lime,colour_heterogeneity,20,0.0009216377502820393,0.0018415782325448674,0.0008335069806206153,0.7602009696464986,-0.04380353127164535,0.001096141581632653,0.8646763392857143,/home/tbeliere/Projects/DCU/2026-mcm-XAI-skin-lesion/outputs/pilot/xai_maps/lime/isic2018_ISIC_0013302.npy,/home/tbeliere/Projects/DCU/2026-mcm-XAI-skin-lesion/outputs/pilot/pseudo_concepts/npz/isic2018/ISIC_0013302.npz
isic2018,ISIC_0013302,shap,asymmetry,20,0.0031805983500614444,0.006341028435543108,0.0024584130082788125,2.166961882840684,0.044050220369361466,0.001136001275510204,0.20001594387755103,/home/tbeliere/Projects/DCU/2026-mcm-XAI-skin-lesion/outputs/pilot/xai_maps/shap/isic2018_ISIC_0013302.npy,/home/tbeliere/Projects/DCU/2026-mcm-XAI-skin-lesion/outputs/pilot/pseudo_concepts/npz/isic2018/ISIC_0013302.npz
isic2018,ISIC_0013302,shap,border_default,20,0.003977329223422514,0.00792314548875119,0.0028252528073579534,2.3276829272397466,0.08174573287510699,0.0012157206632653062,0.20001594387755103,/home/tbeliere/Projects/DCU/2026-mcm-XAI-skin-lesion/outputs/pilot/xai_maps/shap/isic2018_ISIC_0013302.npy,/home/tbeliere/Projects/DCU/2026-mcm-XAI-skin-lesion/outputs/pilot/pseudo_concepts/npz/isic2018/ISIC_0013302.npz
isic2018,ISIC_0013302,shap,border_w8_dil2_sigma5,20,0.003977329223422514,0.00792314548875119,0.0028252528073579534,2.3276829272397466,0.08174573287510699,0.0012157206632653062,0.20001594387755103,/home/tbeliere/Projects/DCU/2026-mcm-XAI-skin-lesion/outputs/pilot/xai_maps/shap/isic2018_ISIC_0013302.npy,/home/tbeliere/Projects/DCU/2026-mcm-XAI-skin-lesion/outputs/pilot/pseudo_concepts/npz/isic2018/ISIC_0013302.npz
isic2018,ISIC_0013302,shap,border_w12_dil4_sigma8,20,0.008044492998303659,0.0159605911329892,0.005553557090482683,2.45240999233478,0.10417869966282851,0.002272002551020408,0.20001594387755103,/home/tbeliere/Projects/DCU/2026-mcm-XAI-skin-lesion/outputs/pilot/xai_maps/shap/isic2018_ISIC_0013302.npy,/home/tbeliere/Projects/DCU/2026-mcm-XAI-skin-lesion/outputs/pilot/pseudo_concepts/npz/isic2018/ISIC_0013302.npz
isic2018,ISIC_0013302,shap,border_w16_dil6_sigma10,20,0.0,0.0,0.0,0.0,0.0,0.0,0.20001594387755103,/home/tbeliere/Projects/DCU/2026-mcm-XAI-skin-lesion/outputs/pilot/xai_maps/shap/isic2018_ISIC_0013302.npy,/home/tbeliere/Projects/DCU/2026-mcm-XAI-skin-lesion/outputs/pilot/pseudo_concepts/npz/isic2018/ISIC_0013302.npz
isic2018,ISIC_0013302,shap,border_w16_dil6_sigma10_dist,20,0.0,0.0,0.0,0.0,0.0,0.0,0.20001594387755103,/home/tbeliere/Projects/DCU/2026-mcm-XAI-skin-lesion/outputs/pilot/xai_maps/shap/isic2018_ISIC_0013302.npy,/home/tbeliere/Projects/DCU/2026-mcm-XAI-skin-lesion/outputs/pilot/pseudo_concepts/npz/isic2018/ISIC_0013302.npz
isic2018,ISIC_0013302,shap,colour_heterogeneity,20,0.0035803083043226447,0.00713507085521045,0.0031801465713515486,2.907283613025178,0.12238533615397768,0.001096141581632653,0.20001594387755103,/home/tbeliere/Projects/DCU/2026-mcm-XAI-skin-lesion/outputs/pilot/xai_maps/shap/isic2018_ISIC_0013302.npy,/home/tbeliere/Projects/DCU/2026-mcm-XAI-skin-lesion/outputs/pilot/pseudo_concepts/npz/isic2018/ISIC_0013302.npz
isic2018,ISIC_0014187,gradcam,asymmetry,20,0.0,0.0,0.0,0.0,-0.009556217939057922,0.000896843112244898,0.20408163265306123,/home/tbeliere/Projects/DCU/2026-mcm-XAI-skin-lesion/outputs/pilot/xai_maps/gradcam/isic2018_ISIC_0014187.npy,/home/tbeliere/Projects/DCU/2026-mcm-XAI-skin-lesion/outputs/pilot/pseudo_concepts/npz/isic2018/ISIC_0014187.npz
isic2018,ISIC_0014187,gradcam,border_default,20,0.0,0.0,0.0,0.0,-0.017339680519419254,0.0014349489795918368,0.20408163265306123,/home/tbeliere/Projects/DCU/2026-mcm-XAI-skin-lesion/outputs/pilot/xai_maps/gradcam/isic2018_ISIC_0014187.npy,/home/tbeliere/Projects/DCU/2026-mcm-XAI-skin-lesion/outputs/pilot/pseudo_concepts/npz/isic2018/ISIC_0014187.npz
isic2018,ISIC_0014187,gradcam,border_w8_dil2_sigma5,20,0.0,0.0,0.0,0.0,-0.017339680519419254,0.0014349489795918368,0.20408163265306123,/home/tbeliere/Projects/DCU/2026-mcm-XAI-skin-lesion/outputs/pilot/xai_maps/gradcam/isic2018_ISIC_0014187.npy,/home/tbeliere/Projects/DCU/2026-mcm-XAI-skin-lesion/outputs/pilot/pseudo_concepts/npz/isic2018/ISIC_0014187.npz
isic2018,ISIC_0014187,gradcam,border_w12_dil4_sigma8,20,0.0,0.0,0.0,0.0,-0.020962907156059855,0.0021324936224489796,0.20408163265306123,/home/tbeliere/Projects/DCU/2026-mcm-XAI-skin-lesion/outputs/pilot/xai_maps/gradcam/isic2018_ISIC_0014187.npy,/home/tbeliere/Projects/DCU/2026-mcm-XAI-skin-lesion/outputs/pilot/pseudo_concepts/npz/isic2018/ISIC_0014187.npz
isic2018,ISIC_0014187,gradcam,border_w16_dil6_sigma10,20,0.0,0.0,0.0,0.0,0.0,0.0,0.20408163265306123,/home/tbeliere/Projects/DCU/2026-mcm-XAI-skin-lesion/outputs/pilot/xai_maps/gradcam/isic2018_ISIC_0014187.npy,/home/tbeliere/Projects/DCU/2026-mcm-XAI-skin-lesion/outputs/pilot/pseudo_concepts/npz/isic2018/ISIC_0014187.npz
isic2018,ISIC_0014187,gradcam,border_w16_dil6_sigma10_dist,20,0.0,0.0,0.0,0.0,0.0,0.0,0.20408163265306123,/home/tbeliere/Projects/DCU/2026-mcm-XAI-skin-lesion/outputs/pilot/xai_maps/gradcam/isic2018_ISIC_0014187.npy,/home/tbeliere/Projects/DCU/2026-mcm-XAI-skin-lesion/outputs/pilot/pseudo_concepts/npz/isic2018/ISIC_0014187.npz
isic2018,ISIC_0014187,gradcam,colour_heterogeneity,20,0.0,0.0,0.0,0.0,-0.024982986860251907,0.0027503188775510204,0.20408163265306123,/home/tbeliere/Projects/DCU/2026-mcm-XAI-skin-lesion/outputs/pilot/xai_maps/gradcam/isic2018_ISIC_0014187.npy,/home/tbeliere/Projects/DCU/2026-mcm-XAI-skin-lesion/outputs/pilot/pseudo_concepts/npz/isic2018/ISIC_0014187.npz
isic2018,ISIC_0014187,lime,asymmetry,20,0.0005755119658528187,0.0011503618846759455,0.0007032039731021389,0.7839361469097382,-0.012054365615245274,0.000896843112244898,0.830695950255102,/home/tbeliere/Projects/DCU/2026-mcm-XAI-skin-lesion/outputs/pilot/xai_maps/lime/isic2018_ISIC_0014187.npy,/home/tbeliere/Projects/DCU/2026-mcm-XAI-skin-lesion/outputs/pilot/pseudo_concepts/npz/isic2018/ISIC_0014187.npz
isic2018,ISIC_0014187,lime,border_default,20,0.0010069286279396307,0.002011831485162261,0.001230606952928743,0.8574208584111832,-0.0031591645738333245,0.0014349489795918368,0.830695950255102,/home/tbeliere/Projects/DCU/2026-mcm-XAI-skin-lesion/outputs/pilot/xai_maps/lime/isic2018_ISIC_0014187.npy,/home/tbeliere/Projects/DCU/2026-mcm-XAI-skin-lesion/outputs/pilot/pseudo_concepts/npz/isic2018/ISIC_0014187.npz
isic2018,ISIC_0014187,lime,border_w8_dil2_sigma5,20,0.0010069286279396307,0.002011831485162261,0.001230606952928743,0.8574208584111832,-0.0031591645738333245,0.0014349489795918368,0.830695950255102,/home/tbeliere/Projects/DCU/2026-mcm-XAI-skin-lesion/outputs/pilot/xai_maps/lime/isic2018_ISIC_0014187.npy,/home/tbeliere/Projects/DCU/2026-mcm-XAI-skin-lesion/outputs/pilot/pseudo_concepts/npz/isic2018/ISIC_0014187.npz
isic2018,ISIC_0014187,lime,border_w12_dil4_sigma8,20,0.001798000623306452,0.003589547238440799,0.002131587043465859,0.99957397156119,0.007783619685733438,0.0021324936224489796,0.830695950255102,/home/tbeliere/Projects/DCU/2026-mcm-XAI-skin-lesion/outputs/pilot/xai_maps/lime/isic2018_ISIC_0014187.npy,/home/tbeliere/Projects/DCU/2026-mcm-XAI-skin-lesion/outputs/pilot/pseudo_concepts/npz/isic2018/ISIC_0014187.npz
isic2018,ISIC_0014187,lime,border_w16_dil6_sigma10,20,0.0,0.0,0.0,0.0,0.0,0.0,0.830695950255102,/home/tbeliere/Projects/DCU/2026-mcm-XAI-skin-lesion/outputs/pilot/xai_maps/lime/isic2018_ISIC_0014187.npy,/home/tbeliere/Projects/DCU/2026-mcm-XAI-skin-lesion/outputs/pilot/pseudo_concepts/npz/isic2018/ISIC_0014187.npz
isic2018,ISIC_0014187,lime,border_w16_dil6_sigma10_dist,20,0.0,0.0,0.0,0.0,0.0,0.0,0.830695950255102,/home/tbeliere/Projects/DCU/2026-mcm-XAI-skin-lesion/outputs/pilot/xai_maps/lime/isic2018_ISIC_0014187.npy,/home/tbeliere/Projects/DCU/2026-mcm-XAI-skin-lesion/outputs/pilot/pseudo_concepts/npz/isic2018/ISIC_0014187.npz
isic2018,ISIC_0014187,lime,colour_heterogeneity,20,0.0026854005322841045,0.005356416939667291,0.002900716389046323,1.054842718928236,0.006334603574925496,0.0027503188775510204,0.830695950255102,/home/tbeliere/Projects/DCU/2026-mcm-XAI-skin-lesion/outputs/pilot/xai_maps/lime/isic2018_ISIC_0014187.npy,/home/tbeliere/Projects/DCU/2026-mcm-XAI-skin-lesion/outputs/pilot/pseudo_concepts/npz/isic2018/ISIC_0014187.npz
isic2018,ISIC_0014187,shap,asymmetry,20,0.0012912197059979228,0.002579109215353061,0.0011531778571710462,1.2861485774904458,0.009305362801330885,0.000896843112244898,0.20001594387755103,/home/tbeliere/Projects/DCU/2026-mcm-XAI-skin-lesion/outputs/pilot/xai_maps/shap/isic2018_ISIC_0014187.npy,/home/tbeliere/Projects/DCU/2026-mcm-XAI-skin-lesion/outputs/pilot/pseudo_concepts/npz/isic2018/ISIC_0014187.npz
isic2018,ISIC_0014187,shap,border_default,20,0.00228061477441519,0.00455085081123412,0.0019186271121160758,1.3377177789073447,0.02580439220760862,0.0014349489795918368,0.20001594387755103,/home/tbeliere/Projects/DCU/2026-mcm-XAI-skin-lesion/outputs/pilot/xai_maps/shap/isic2018_ISIC_0014187.npy,/home/tbeliere/Projects/DCU/2026-mcm-XAI-skin-lesion/outputs/pilot/pseudo_concepts/npz/isic2018/ISIC_0014187.npz
isic2018,ISIC_0014187,shap,border_w8_dil2_sigma5,20,0.00228061477441519,0.00455085081123412,0.0019186271121160758,1.3377177789073447,0.02580439220760862,0.0014349489795918368,0.20001594387755103,/home/tbeliere/Projects/DCU/2026-mcm-XAI-skin-lesion/outputs/pilot/xai_maps/shap/isic2018_ISIC_0014187.npy,/home/tbeliere/Projects/DCU/2026-mcm-XAI-skin-lesion/outputs/pilot/pseudo_concepts/npz/isic2018/ISIC_0014187.npz
isic2018,ISIC_0014187,shap,border_w12_dil4_sigma8,20,0.003760514596730568,0.00749285221334172,0.003038690613543554,1.4262422592712374,0.03541677698390453,0.0021324936224489796,0.20001594387755103,/home/tbeliere/Projects/DCU/2026-mcm-XAI-skin-lesion/outputs/pilot/xai_maps/shap/isic2018_ISIC_0014187.npy,/home/tbeliere/Projects/DCU/2026-mcm-XAI-skin-lesion/outputs/pilot/pseudo_concepts/npz/isic2018/ISIC_0014187.npz
isic2018,ISIC_0014187,shap,border_w16_dil6_sigma10,20,0.0,0.0,0.0,0.0,0.0,0.0,0.20001594387755103,/home/tbeliere/Projects/DCU/2026-mcm-XAI-skin-lesion/outputs/pilot/xai_maps/shap/isic2018_ISIC_0014187.npy,/home/tbeliere/Projects/DCU/2026-mcm-XAI-skin-lesion/outputs/pilot/pseudo_concepts/npz/isic2018/ISIC_0014187.npz
isic2018,ISIC_0014187,shap,border_w16_dil6_sigma10_dist,20,0.0,0.0,0.0,0.0,0.0,0.0,0.20001594387755103,/home/tbeliere/Projects/DCU/2026-mcm-XAI-skin-lesion/outputs/pilot/xai_maps/shap/isic2018_ISIC_0014187.npy,/home/tbeliere/Projects/DCU/2026-mcm-XAI-skin-lesion/outputs/pilot/pseudo_concepts/npz/isic2018/ISIC_0014187.npz
isic2018,ISIC_0014187,shap,colour_heterogeneity,20,0.005236636695973484,0.010418714369952408,0.004417121698109527,1.6087284562657407,0.0487044170506804,0.0027503188775510204,0.20001594387755103,/home/tbeliere/Projects/DCU/2026-mcm-XAI-skin-lesion/outputs/pilot/xai_maps/shap/isic2018_ISIC_0014187.npy,/home/tbeliere/Projects/DCU/2026-mcm-XAI-skin-lesion/outputs/pilot/pseudo_concepts/npz/isic2018/ISIC_0014187.npz
isic2018,ISIC_0012945,gradcam,asymmetry,20,0.0,0.0,0.0,0.0,-0.010247076325546797,0.0007971938775510204,0.20408163265306123,/home/tbeliere/Projects/DCU/2026-mcm-XAI-skin-lesion/outputs/pilot/xai_maps/gradcam/isic2018_ISIC_0012945.npy,/home/tbeliere/Projects/DCU/2026-mcm-XAI-skin-lesion/outputs/pilot/pseudo_concepts/npz/isic2018/ISIC_0012945.npz
isic2018,ISIC_0012945,gradcam,border_default,20,0.0,0.0,0.0,0.0,-0.020101122722840193,0.0011559311224489796,0.20408163265306123,/home/tbeliere/Projects/DCU/2026-mcm-XAI-skin-lesion/outputs/pilot/xai_maps/gradcam/isic2018_ISIC_0012945.npy,/home/tbeliere/Projects/DCU/2026-mcm-XAI-skin-lesion/outputs/pilot/pseudo_concepts/npz/isic2018/ISIC_0012945.npz
isic2018,ISIC_0012945,gradcam,border_w8_dil2_sigma5,20,0.0,0.0,0.0,0.0,-0.020101122722840193,0.0011559311224489796,0.20408163265306123,/home/tbeliere/Projects/DCU/2026-mcm-XAI-skin-lesion/outputs/pilot/xai_maps/gradcam/isic2018_ISIC_0012945.npy,/home/tbeliere/Projects/DCU/2026-mcm-XAI-skin-lesion/outputs/pilot/pseudo_concepts/npz/isic2018/ISIC_0012945.npz
isic2018,ISIC_0012945,gradcam,border_w12_dil4_sigma8,20,0.0,0.0,0.0,0.0,0.0,0.0,0.20408163265306123,/home/tbeliere/Projects/DCU/2026-mcm-XAI-skin-lesion/outputs/pilot/xai_maps/gradcam/isic2018_ISIC_0012945.npy,/home/tbeliere/Projects/DCU/2026-mcm-XAI-skin-lesion/outputs/pilot/pseudo_concepts/npz/isic2018/ISIC_0012945.npz
isic2018,ISIC_0012945,gradcam,border_w16_dil6_sigma10,20,0.0,0.0,0.0,0.0,0.0,0.0,0.20408163265306123,/home/tbeliere/Projects/DCU/2026-mcm-XAI-skin-lesion/outputs/pilot/xai_maps/gradcam/isic2018_ISIC_0012945.npy,/home/tbeliere/Projects/DCU/2026-mcm-XAI-skin-lesion/outputs/pilot/pseudo_concepts/npz/isic2018/ISIC_0012945.npz
isic2018,ISIC_0012945,gradcam,border_w16_dil6_sigma10_dist,20,0.0,0.0,0.0,0.0,0.0,0.0,0.20408163265306123,/home/tbeliere/Projects/DCU/2026-mcm-XAI-skin-lesion/outputs/pilot/xai_maps/gradcam/isic2018_ISIC_0012945.npy,/home/tbeliere/Projects/DCU/2026-mcm-XAI-skin-lesion/outputs/pilot/pseudo_concepts/npz/isic2018/ISIC_0012945.npz
isic2018,ISIC_0012945,gradcam,colour_heterogeneity,20,0.0,0.0,0.0,0.0,-0.02271576739227788,0.0006576849489795918,0.20408163265306123,/home/tbeliere/Projects/DCU/2026-mcm-XAI-skin-lesion/outputs/pilot/xai_maps/gradcam/isic2018_ISIC_0012945.npy,/home/tbeliere/Projects/DCU/2026-mcm-XAI-skin-lesion/outputs/pilot/pseudo_concepts/npz/isic2018/ISIC_0012945.npz
isic2018,ISIC_0012945,lime,asymmetry,20,0.00014380557486275107,0.00028756979558573477,0.00011690892794508518,0.1465507885254763,-0.04105560104492714,0.0007971938775510204,0.8308553890306123,/home/tbeliere/Projects/DCU/2026-mcm-XAI-skin-lesion/outputs/pilot/xai_maps/lime/isic2018_ISIC_0012945.npy,/home/tbeliere/Projects/DCU/2026-mcm-XAI-skin-lesion/outputs/pilot/pseudo_concepts/npz/isic2018/ISIC_0012945.npz
isic2018,ISIC_0012945,lime,border_default,20,0.0003354659382262633,0.0006707068771407118,0.0002727874985385321,0.23578092184197458,-0.05725139035088094,0.0011559311224489796,0.8308553890306123,/home/tbeliere/Projects/DCU/2026-mcm-XAI-skin-lesion/outputs/pilot/xai_maps/lime/isic2018_ISIC_0012945.npy,/home/tbeliere/Projects/DCU/2026-mcm-XAI-skin-lesion/outputs/pilot/pseudo_concepts/npz/isic2018/ISIC_0012945.npz
isic2018,ISIC_0012945,lime,border_w8_dil2_sigma5,20,0.0003354659382262633,0.0006707068771407118,0.0002727874985385321,0.23578092184197458,-0.05725139035088094,0.0011559311224489796,0.8308553890306123,/home/tbeliere/Projects/DCU/2026-mcm-XAI-skin-lesion/outputs/pilot/xai_maps/lime/isic2018_ISIC_0012945.npy,/home/tbeliere/Projects/DCU/2026-mcm-XAI-skin-lesion/outputs/pilot/pseudo_concepts/npz/isic2018/ISIC_0012945.npz
isic2018,ISIC_0012945,lime,border_w12_dil4_sigma8,20,0.0,0.0,0.0,0.0,0.0,0.0,0.8308553890306123,/home/tbeliere/Projects/DCU/2026-mcm-XAI-skin-lesion/outputs/pilot/xai_maps/lime/isic2018_ISIC_0012945.npy,/home/tbeliere/Projects/DCU/2026-mcm-XAI-skin-lesion/outputs/pilot/pseudo_concepts/npz/isic2018/ISIC_0012945.npz
isic2018,ISIC_0012945,lime,border_w16_dil6_sigma10,20,0.0,0.0,0.0,0.0,0.0,0.0,0.8308553890306123,/home/tbeliere/Projects/DCU/2026-mcm-XAI-skin-lesion/outputs/pilot/xai_maps/lime/isic2018_ISIC_0012945.npy,/home/tbeliere/Projects/DCU/2026-mcm-XAI-skin-lesion/outputs/pilot/pseudo_concepts/npz/isic2018/ISIC_0012945.npz
isic2018,ISIC_0012945,lime,border_w16_dil6_sigma10_dist,20,0.0,0.0,0.0,0.0,0.0,0.0,0.8308553890306123,/home/tbeliere/Projects/DCU/2026-mcm-XAI-skin-lesion/outputs/pilot/xai_maps/lime/isic2018_ISIC_0012945.npy,/home/tbeliere/Projects/DCU/2026-mcm-XAI-skin-lesion/outputs/pilot/pseudo_concepts/npz/isic2018/ISIC_0012945.npz
isic2018,ISIC_0012945,lime,colour_heterogeneity,20,0.0005035850459220394,0.001006663151334786,0.00040918124780779815,0.6219992015745193,-0.039850964109333455,0.0006576849489795918,0.8308553890306123,/home/tbeliere/Projects/DCU/2026-mcm-XAI-skin-lesion/outputs/pilot/xai_maps/lime/isic2018_ISIC_0012945.npy,/home/tbeliere/Projects/DCU/2026-mcm-XAI-skin-lesion/outputs/pilot/pseudo_concepts/npz/isic2018/ISIC_0012945.npz
isic2018,ISIC_0012945,shap,asymmetry,20,0.0029862631893261132,0.005954743946004411,0.001901630690941203,2.388044697845558,0.03646614310219699,0.0007971938775510204,0.20001594387755103,/home/tbeliere/Projects/DCU/2026-mcm-XAI-skin-lesion/outputs/pilot/xai_maps/shap/isic2018_ISIC_0012945.npy,/home/tbeliere/Projects/DCU/2026-mcm-XAI-skin-lesion/outputs/pilot/pseudo_concepts/npz/isic2018/ISIC_0012945.npz
isic2018,ISIC_0012945,shap,border_default,20,0.004678013337309965,0.00931246284920813,0.003088660520003665,2.6771908710053807,0.08334763412905408,0.0011559311224489796,0.20001594387755103,/home/tbeliere/Projects/DCU/2026-mcm-XAI-skin-lesion/outputs/pilot/xai_maps/shap/isic2018_ISIC_0012945.npy,/home/tbeliere/Projects/DCU/2026-mcm-XAI-skin-lesion/outputs/pilot/pseudo_concepts/npz/isic2018/ISIC_0012945.npz
isic2018,ISIC_0012945,shap,border_w8_dil2_sigma5,20,0.004678013337309965,0.00931246284920813,0.003088660520003665,2.6771908710053807,0.08334763412905408,0.0011559311224489796,0.20001594387755103,/home/tbeliere/Projects/DCU/2026-mcm-XAI-skin-lesion/outputs/pilot/xai_maps/shap/isic2018_ISIC_0012945.npy,/home/tbeliere/Projects/DCU/2026-mcm-XAI-skin-lesion/outputs/pilot/pseudo_concepts/npz/isic2018/ISIC_0012945.npz
isic2018,ISIC_0012945,shap,border_w12_dil4_sigma8,20,0.0,0.0,0.0,0.0,0.0,0.0,0.20001594387755103,/home/tbeliere/Projects/DCU/2026-mcm-XAI-skin-lesion/outputs/pilot/xai_maps/shap/isic2018_ISIC_0012945.npy,/home/tbeliere/Projects/DCU/2026-mcm-XAI-skin-lesion/outputs/pilot/pseudo_concepts/npz/isic2018/ISIC_0012945.npz
isic2018,ISIC_0012945,shap,border_w16_dil6_sigma10,20,0.0,0.0,0.0,0.0,0.0,0.0,0.20001594387755103,/home/tbeliere/Projects/DCU/2026-mcm-XAI-skin-lesion/outputs/pilot/xai_maps/shap/isic2018_ISIC_0012945.npy,/home/tbeliere/Projects/DCU/2026-mcm-XAI-skin-lesion/outputs/pilot/pseudo_concepts/npz/isic2018/ISIC_0012945.npz
isic2018,ISIC_0012945,shap,border_w16_dil6_sigma10_dist,20,0.0,0.0,0.0,0.0,0.0,0.0,0.20001594387755103,/home/tbeliere/Projects/DCU/2026-mcm-XAI-skin-lesion/outputs/pilot/xai_maps/shap/isic2018_ISIC_0012945.npy,/home/tbeliere/Projects/DCU/2026-mcm-XAI-skin-lesion/outputs/pilot/pseudo_concepts/npz/isic2018/ISIC_0012945.npz
isic2018,ISIC_0012945,shap,colour_heterogeneity,20,0.0024890481879704406,0.004965736418705962,0.0018341196991925395,2.792037252877137,0.09312515836970035,0.0006576849489795918,0.20001594387755103,/home/tbeliere/Projects/DCU/2026-mcm-XAI-skin-lesion/outputs/pilot/xai_maps/shap/isic2018_ISIC_0012945.npy,/home/tbeliere/Projects/DCU/2026-mcm-XAI-skin-lesion/outputs/pilot/pseudo_concepts/npz/isic2018/ISIC_0012945.npz
isic2018,ISIC_0013196,gradcam,asymmetry,20,0.00027901785714280156,0.0005578800557878945,0.0,0.0,-0.002664444131095023,0.00027901785714285713,1.0,/home/tbeliere/Projects/DCU/2026-mcm-XAI-skin-lesion/outputs/pilot/xai_maps/gradcam/isic2018_ISIC_0013196.npy,/home/tbeliere/Projects/DCU/2026-mcm-XAI-skin-lesion/outputs/pilot/pseudo_concepts/npz/isic2018/ISIC_0013196.npz
isic2018,ISIC_0013196,gradcam,border_default,20,0.0009566326530610339,0.0019114367633000337,0.0,0.0,-0.006903997068002358,0.0009566326530612245,1.0,/home/tbeliere/Projects/DCU/2026-mcm-XAI-skin-lesion/outputs/pilot/xai_maps/gradcam/isic2018_ISIC_0013196.npy,/home/tbeliere/Projects/DCU/2026-mcm-XAI-skin-lesion/outputs/pilot/pseudo_concepts/npz/isic2018/ISIC_0013196.npz
isic2018,ISIC_0013196,gradcam,border_w8_dil2_sigma5,20,0.0009566326530610339,0.0019114367633000337,0.0,0.0,-0.006903997068002358,0.0009566326530612245,1.0,/home/tbeliere/Projects/DCU/2026-mcm-XAI-skin-lesion/outputs/pilot/xai_maps/gradcam/isic2018_ISIC_0013196.npy,/home/tbeliere/Projects/DCU/2026-mcm-XAI-skin-lesion/outputs/pilot/pseudo_concepts/npz/isic2018/ISIC_0013196.npz
isic2018,ISIC_0013196,gradcam,border_w12_dil4_sigma8,20,0.0,0.0,0.0,0.0,0.0,0.0,1.0,/home/tbeliere/Projects/DCU/2026-mcm-XAI-skin-lesion/outputs/pilot/xai_maps/gradcam/isic2018_ISIC_0013196.npy,/home/tbeliere/Projects/DCU/2026-mcm-XAI-skin-lesion/outputs/pilot/pseudo_concepts/npz/isic2018/ISIC_0013196.npz
isic2018,ISIC_0013196,gradcam,border_w16_dil6_sigma10,20,0.0,0.0,0.0,0.0,0.0,0.0,1.0,/home/tbeliere/Projects/DCU/2026-mcm-XAI-skin-lesion/outputs/pilot/xai_maps/gradcam/isic2018_ISIC_0013196.npy,/home/tbeliere/Projects/DCU/2026-mcm-XAI-skin-lesion/outputs/pilot/pseudo_concepts/npz/isic2018/ISIC_0013196.npz
isic2018,ISIC_0013196,gradcam,border_w16_dil6_sigma10_dist,20,0.0,0.0,0.0,0.0,0.0,0.0,1.0,/home/tbeliere/Projects/DCU/2026-mcm-XAI-skin-lesion/outputs/pilot/xai_maps/gradcam/isic2018_ISIC_0013196.npy,/home/tbeliere/Projects/DCU/2026-mcm-XAI-skin-lesion/outputs/pilot/pseudo_concepts/npz/isic2018/ISIC_0013196.npz
isic2018,ISIC_0013196,gradcam,colour_heterogeneity,20,0.001255580357142607,0.00250801170405412,0.0,0.0,-0.007864741063027725,0.0012555803571428572,1.0,/home/tbeliere/Projects/DCU/2026-mcm-XAI-skin-lesion/outputs/pilot/xai_maps/gradcam/isic2018_ISIC_0013196.npy,/home/tbeliere/Projects/DCU/2026-mcm-XAI-skin-lesion/outputs/pilot/pseudo_concepts/npz/isic2018/ISIC_0013196.npz
isic2018,ISIC_0013196,lime,asymmetry,20,0.0,0.0,0.00025537193097652206,0.9152313493610493,-0.0023524471158533357,0.00027901785714285713,0.266780931122449,/home/tbeliere/Projects/DCU/2026-mcm-XAI-skin-lesion/outputs/pilot/xai_maps/lime/isic2018_ISIC_0013196.npy,/home/tbeliere/Projects/DCU/2026-mcm-XAI-skin-lesion/outputs/pilot/pseudo_concepts/npz/isic2018/ISIC_0013196.npz
isic2018,ISIC_0013196,lime,border_default,20,0.0,0.0,0.0008755609062052184,0.9151787285521605,-0.006095563348820226,0.0009566326530612245,0.266780931122449,/home/tbeliere/Projects/DCU/2026-mcm-XAI-skin-lesion/outputs/pilot/xai_maps/lime/isic2018_ISIC_0013196.npy,/home/tbeliere/Projects/DCU/2026-mcm-XAI-skin-lesion/outputs/pilot/pseudo_concepts/npz/isic2018/ISIC_0013196.npz
isic2018,ISIC_0013196,lime,border_w8_dil2_sigma5,20,0.0,0.0,0.0008755609062052184,0.9151787285521605,-0.006095563348820226,0.0009566326530612245,0.266780931122449,/home/tbeliere/Projects/DCU/2026-mcm-XAI-skin-lesion/outputs/pilot/xai_maps/lime/isic2018_ISIC_0013196.npy,/home/tbeliere/Projects/DCU/2026-mcm-XAI-skin-lesion/outputs/pilot/pseudo_concepts/npz/isic2018/ISIC_0013196.npz
isic2018,ISIC_0013196,lime,border_w12_dil4_sigma8,20,0.0,0.0,0.0,0.0,0.0,0.0,0.266780931122449,/home/tbeliere/Projects/DCU/2026-mcm-XAI-skin-lesion/outputs/pilot/xai_maps/lime/isic2018_ISIC_0013196.npy,/home/tbeliere/Projects/DCU/2026-mcm-XAI-skin-lesion/outputs/pilot/pseudo_concepts/npz/isic2018/ISIC_0013196.npz
isic2018,ISIC_0013196,lime,border_w16_dil6_sigma10,20,0.0,0.0,0.0,0.0,0.0,0.0,0.266780931122449,/home/tbeliere/Projects/DCU/2026-mcm-XAI-skin-lesion/outputs/pilot/xai_maps/lime/isic2018_ISIC_0013196.npy,/home/tbeliere/Projects/DCU/2026-mcm-XAI-skin-lesion/outputs/pilot/pseudo_concepts/npz/isic2018/ISIC_0013196.npz
isic2018,ISIC_0013196,lime,border_w16_dil6_sigma10_dist,20,0.0,0.0,0.0,0.0,0.0,0.0,0.266780931122449,/home/tbeliere/Projects/DCU/2026-mcm-XAI-skin-lesion/outputs/pilot/xai_maps/lime/isic2018_ISIC_0013196.npy,/home/tbeliere/Projects/DCU/2026-mcm-XAI-skin-lesion/outputs/pilot/pseudo_concepts/npz/isic2018/ISIC_0013196.npz
isic2018,ISIC_0013196,lime,colour_heterogeneity,20,0.0,0.0,0.0011491736893943492,0.9151554654935012,-0.006943807608774647,0.0012555803571428572,0.266780931122449,/home/tbeliere/Projects/DCU/2026-mcm-XAI-skin-lesion/outputs/pilot/xai_maps/lime/isic2018_ISIC_0013196.npy,/home/tbeliere/Projects/DCU/2026-mcm-XAI-skin-lesion/outputs/pilot/pseudo_concepts/npz/isic2018/ISIC_0013196.npz
isic2018,ISIC_0013196,shap,asymmetry,20,0.0006970028875826974,0.0013930348258692606,0.0005616486226782393,2.0135176219477424,0.020072224956157778,0.00027901785714285713,0.20001594387755103,/home/tbeliere/Projects/DCU/2026-mcm-XAI-skin-lesion/outputs/pilot/xai_maps/shap/isic2018_ISIC_0013196.npy,/home/tbeliere/Projects/DCU/2026-mcm-XAI-skin-lesion/outputs/pilot/pseudo_concepts/npz/isic2018/ISIC_0013196.npz
isic2018,ISIC_0013196,shap,border_default,20,0.0039824771007527055,0.007933359777858058,0.0038750387900013503,4.062573949125395,0.14817332332216332,0.0009566326530612245,0.20001594387755103,/home/tbeliere/Projects/DCU/2026-mcm-XAI-skin-lesion/outputs/pilot/xai_maps/shap/isic2018_ISIC_0013196.npy,/home/tbeliere/Projects/DCU/2026-mcm-XAI-skin-lesion/outputs/pilot/pseudo_concepts/npz/isic2018/ISIC_0013196.npz
isic2018,ISIC_0013196,shap,border_w8_dil2_sigma5,20,0.0039824771007527055,0.007933359777858058,0.0038750387900013503,4.062573949125395,0.14817332332216332,0.0009566326530612245,0.20001594387755103,/home/tbeliere/Projects/DCU/2026-mcm-XAI-skin-lesion/outputs/pilot/xai_maps/shap/isic2018_ISIC_0013196.npy,/home/tbeliere/Projects/DCU/2026-mcm-XAI-skin-lesion/outputs/pilot/pseudo_concepts/npz/isic2018/ISIC_0013196.npz
isic2018,ISIC_0013196,shap,border_w12_dil4_sigma8,20,0.0,0.0,0.0,0.0,0.0,0.0,0.20001594387755103,/home/tbeliere/Projects/DCU/2026-mcm-XAI-skin-lesion/outputs/pilot/xai_maps/shap/isic2018_ISIC_0013196.npy,/home/tbeliere/Projects/DCU/2026-mcm-XAI-skin-lesion/outputs/pilot/pseudo_concepts/npz/isic2018/ISIC_0013196.npz
isic2018,ISIC_0013196,shap,border_w16_dil6_sigma10,20,0.0,0.0,0.0,0.0,0.0,0.0,0.20001594387755103,/home/tbeliere/Projects/DCU/2026-mcm-XAI-skin-lesion/outputs/pilot/xai_maps/shap/isic2018_ISIC_0013196.npy,/home/tbeliere/Projects/DCU/2026-mcm-XAI-skin-lesion/outputs/pilot/pseudo_concepts/npz/isic2018/ISIC_0013196.npz
isic2018,ISIC_0013196,shap,border_w16_dil6_sigma10_dist,20,0.0,0.0,0.0,0.0,0.0,0.0,0.20001594387755103,/home/tbeliere/Projects/DCU/2026-mcm-XAI-skin-lesion/outputs/pilot/xai_maps/shap/isic2018_ISIC_0013196.npy,/home/tbeliere/Projects/DCU/2026-mcm-XAI-skin-lesion/outputs/pilot/pseudo_concepts/npz/isic2018/ISIC_0013196.npz
isic2018,ISIC_0013196,shap,colour_heterogeneity,20,0.004575748532771734,0.009109812852748677,0.004115640407108609,3.2872921260023,0.1518796451628077,0.0012555803571428572,0.20001594387755103,/home/tbeliere/Projects/DCU/2026-mcm-XAI-skin-lesion/outputs/pilot/xai_maps/shap/isic2018_ISIC_0013196.npy,/home/tbeliere/Projects/DCU/2026-mcm-XAI-skin-lesion/outputs/pilot/pseudo_concepts/npz/isic2018/ISIC_0013196.npz
isic2018,ISIC_0012481,gradcam,asymmetry,20,0.0004982461734692885,0.0009959960956951064,0.0,0.0,-0.006664722292559445,0.0004982461734693878,1.0,/home/tbeliere/Projects/DCU/2026-mcm-XAI-skin-lesion/outputs/pilot/xai_maps/gradcam/isic2018_ISIC_0012481.npy,/home/tbeliere/Projects/DCU/2026-mcm-XAI-skin-lesion/outputs/pilot/pseudo_concepts/npz/isic2018/ISIC_0012481.npz
isic2018,ISIC_0012481,gradcam,border_default,20,0.0013950892857140078,0.0027862914460847063,0.0,0.0,-0.01748558166819928,0.0013950892857142857,1.0,/home/tbeliere/Projects/DCU/2026-mcm-XAI-skin-lesion/outputs/pilot/xai_maps/gradcam/isic2018_ISIC_0012481.npy,/home/tbeliere/Projects/DCU/2026-mcm-XAI-skin-lesion/outputs/pilot/pseudo_concepts/npz/isic2018/ISIC_0012481.npz
isic2018,ISIC_0012481,gradcam,border_w8_dil2_sigma5,20,0.0013950892857140078,0.0027862914460847063,0.0,0.0,-0.01748558166819928,0.0013950892857142857,1.0,/home/tbeliere/Projects/DCU/2026-mcm-XAI-skin-lesion/outputs/pilot/xai_maps/gradcam/isic2018_ISIC_0012481.npy,/home/tbeliere/Projects/DCU/2026-mcm-XAI-skin-lesion/outputs/pilot/pseudo_concepts/npz/isic2018/ISIC_0012481.npz
isic2018,ISIC_0012481,gradcam,border_w12_dil4_sigma8,20,0.0021922831632648692,0.004374975142185823,0.0,0.0,-0.020395113329018097,0.002192283163265306,1.0,/home/tbeliere/Projects/DCU/2026-mcm-XAI-skin-lesion/outputs/pilot/xai_maps/gradcam/isic2018_ISIC_0012481.npy,/home/tbeliere/Projects/DCU/2026-mcm-XAI-skin-lesion/outputs/pilot/pseudo_concepts/npz/isic2018/ISIC_0012481.npz
isic2018,ISIC_0012481,gradcam,border_w16_dil6_sigma10,20,0.0,0.0,0.0,0.0,0.0,0.0,1.0,/home/tbeliere/Projects/DCU/2026-mcm-XAI-skin-lesion/outputs/pilot/xai_maps/gradcam/isic2018_ISIC_0012481.npy,/home/tbeliere/Projects/DCU/2026-mcm-XAI-skin-lesion/outputs/pilot/pseudo_concepts/npz/isic2018/ISIC_0012481.npz
isic2018,ISIC_0012481,gradcam,border_w16_dil6_sigma10_dist,20,0.0,0.0,0.0,0.0,0.0,0.0,1.0,/home/tbeliere/Projects/DCU/2026-mcm-XAI-skin-lesion/outputs/pilot/xai_maps/gradcam/isic2018_ISIC_0012481.npy,/home/tbeliere/Projects/DCU/2026-mcm-XAI-skin-lesion/outputs/pilot/pseudo_concepts/npz/isic2018/ISIC_0012481.npz
isic2018,ISIC_0012481,gradcam,colour_heterogeneity,20,0.002112563775509783,0.0042162205162872965,0.0,0.0,-0.019753529371046623,0.0021125637755102043,1.0,/home/tbeliere/Projects/DCU/2026-mcm-XAI-skin-lesion/outputs/pilot/xai_maps/gradcam/isic2018_ISIC_0012481.npy,/home/tbeliere/Projects/DCU/2026-mcm-XAI-skin-lesion/outputs/pilot/pseudo_concepts/npz/isic2018/ISIC_0012481.npz
isic2018,ISIC_0012481,lime,asymmetry,20,0.0004144218814752409,0.0008285004142500053,0.00034289402557572193,0.6880950649112745,-0.01157449159963395,0.0004982461734693878,0.8173828125,/home/tbeliere/Projects/DCU/2026-mcm-XAI-skin-lesion/outputs/pilot/xai_maps/lime/isic2018_ISIC_0012481.npy,/home/tbeliere/Projects/DCU/2026-mcm-XAI-skin-lesion/outputs/pilot/pseudo_concepts/npz/isic2018/ISIC_0012481.npz
isic2018,ISIC_0012481,lime,border_default,20,0.0010965446659191246,0.002190687145534116,0.0009076606559357345,0.6502937158417122,-0.04656557285417693,0.0013950892857142857,0.8173828125,/home/tbeliere/Projects/DCU/2026-mcm-XAI-skin-lesion/outputs/pilot/xai_maps/lime/isic2018_ISIC_0012481.npy,/home/tbeliere/Projects/DCU/2026-mcm-XAI-skin-lesion/outputs/pilot/pseudo_concepts/npz/isic2018/ISIC_0012481.npz
isic2018,ISIC_0012481,lime,border_w8_dil2_sigma5,20,0.0010965446659191246,0.002190687145534116,0.0009076606559357345,0.6502937158417122,-0.04656557285417693,0.0013950892857142857,0.8173828125,/home/tbeliere/Projects/DCU/2026-mcm-XAI-skin-lesion/outputs/pilot/xai_maps/lime/isic2018_ISIC_0012481.npy,/home/tbeliere/Projects/DCU/2026-mcm-XAI-skin-lesion/outputs/pilot/pseudo_concepts/npz/isic2018/ISIC_0012481.npz
isic2018,ISIC_0012481,lime,border_w12_dil4_sigma8,20,0.0013148603569599175,0.0026262675388462357,0.0010891927871228813,0.49628168309736603,-0.06717332353916071,0.002192283163265306,0.8173828125,/home/tbeliere/Projects/DCU/2026-mcm-XAI-skin-lesion/outputs/pilot/xai_maps/lime/isic2018_ISIC_0012481.npy,/home/tbeliere/Projects/DCU/2026-mcm-XAI-skin-lesion/outputs/pilot/pseudo_concepts/npz/isic2018/ISIC_0012481.npz
isic2018,ISIC_0012481,lime,border_w16_dil6_sigma10,20,0.0,0.0,0.0,0.0,0.0,0.0,0.8173828125,/home/tbeliere/Projects/DCU/2026-mcm-XAI-skin-lesion/outputs/pilot/xai_maps/lime/isic2018_ISIC_0012481.npy,/home/tbeliere/Projects/DCU/2026-mcm-XAI-skin-lesion/outputs/pilot/pseudo_concepts/npz/isic2018/ISIC_0012481.npz
isic2018,ISIC_0012481,lime,border_w16_dil6_sigma10_dist,20,0.0,0.0,0.0,0.0,0.0,0.0,0.8173828125,/home/tbeliere/Projects/DCU/2026-mcm-XAI-skin-lesion/outputs/pilot/xai_maps/lime/isic2018_ISIC_0012481.npy,/home/tbeliere/Projects/DCU/2026-mcm-XAI-skin-lesion/outputs/pilot/pseudo_concepts/npz/isic2018/ISIC_0012481.npz
isic2018,ISIC_0012481,lime,colour_heterogeneity,20,0.0018273072799917583,0.003647948636882306,0.001512767759892891,0.7156513288336822,-0.054843959474078434,0.0021125637755102043,0.8173828125,/home/tbeliere/Projects/DCU/2026-mcm-XAI-skin-lesion/outputs/pilot/xai_maps/lime/isic2018_ISIC_0012481.npy,/home/tbeliere/Projects/DCU/2026-mcm-XAI-skin-lesion/outputs/pilot/pseudo_concepts/npz/isic2018/ISIC_0012481.npz
isic2018,ISIC_0012481,shap,asymmetry,20,0.0018920533758196652,0.0037769605406979653,0.0014524175884454934,2.917844942088772,0.04457420915402087,0.0004982461734693878,0.20001594387755103,/home/tbeliere/Projects/DCU/2026-mcm-XAI-skin-lesion/outputs/pilot/xai_maps/shap/isic2018_ISIC_0012481.npy,/home/tbeliere/Projects/DCU/2026-mcm-XAI-skin-lesion/outputs/pilot/pseudo_concepts/npz/isic2018/ISIC_0012481.npz
isic2018,ISIC_0012481,shap,border_default,20,0.0059725263786522265,0.011874134177704459,0.006736858290105789,4.854949161911313,0.24926817985090471,0.0013950892857142857,0.20001594387755103,/home/tbeliere/Projects/DCU/2026-mcm-XAI-skin-lesion/outputs/pilot/xai_maps/shap/isic2018_ISIC_0012481.npy,/home/tbeliere/Projects/DCU/2026-mcm-XAI-skin-lesion/outputs/pilot/pseudo_concepts/npz/isic2018/ISIC_0012481.npz
isic2018,ISIC_0012481,shap,border_w8_dil2_sigma5,20,0.0059725263786522265,0.011874134177704459,0.006736858290105789,4.854949161911313,0.24926817985090471,0.0013950892857142857,0.20001594387755103,/home/tbeliere/Projects/DCU/2026-mcm-XAI-skin-lesion/outputs/pilot/xai_maps/shap/isic2018_ISIC_0012481.npy,/home/tbeliere/Projects/DCU/2026-mcm-XAI-skin-lesion/outputs/pilot/pseudo_concepts/npz/isic2018/ISIC_0012481.npz
isic2018,ISIC_0012481,shap,border_w12_dil4_sigma8,20,0.009853687667950776,0.019515079834398267,0.011481936318182201,5.286650794006005,0.3149161814943407,0.002192283163265306,0.20001594387755103,/home/tbeliere/Projects/DCU/2026-mcm-XAI-skin-lesion/outputs/pilot/xai_maps/shap/isic2018_ISIC_0012481.npy,/home/tbeliere/Projects/DCU/2026-mcm-XAI-skin-lesion/outputs/pilot/pseudo_concepts/npz/isic2018/ISIC_0012481.npz
isic2018,ISIC_0012481,shap,border_w16_dil6_sigma10,20,0.0,0.0,0.0,0.0,0.0,0.0,0.20001594387755103,/home/tbeliere/Projects/DCU/2026-mcm-XAI-skin-lesion/outputs/pilot/xai_maps/shap/isic2018_ISIC_0012481.npy,/home/tbeliere/Projects/DCU/2026-mcm-XAI-skin-lesion/outputs/pilot/pseudo_concepts/npz/isic2018/ISIC_0012481.npz
isic2018,ISIC_0012481,shap,border_w16_dil6_sigma10_dist,20,0.0,0.0,0.0,0.0,0.0,0.0,0.20001594387755103,/home/tbeliere/Projects/DCU/2026-mcm-XAI-skin-lesion/outputs/pilot/xai_maps/shap/isic2018_ISIC_0012481.npy,/home/tbeliere/Projects/DCU/2026-mcm-XAI-skin-lesion/outputs/pilot/pseudo_concepts/npz/isic2018/ISIC_0012481.npz
isic2018,ISIC_0012481,shap,colour_heterogeneity,20,0.008953442101065506,0.017747978702408056,0.00869829904203266,4.144766603542441,0.2653795049241906,0.0021125637755102043,0.20001594387755103,/home/tbeliere/Projects/DCU/2026-mcm-XAI-skin-lesion/outputs/pilot/xai_maps/shap/isic2018_ISIC_0012481.npy,/home/tbeliere/Projects/DCU/2026-mcm-XAI-skin-lesion/outputs/pilot/pseudo_concepts/npz/isic2018/ISIC_0012481.npz
isic2018,ISIC_0013355,gradcam,asymmetry,20,0.001756268904281631,0.003506379662994539,0.0020164374145284453,3.7528380122786316,0.016275455622003797,0.0005381058673469387,0.20408163265306123,/home/tbeliere/Projects/DCU/2026-mcm-XAI-skin-lesion/outputs/pilot/xai_maps/gradcam/isic2018_ISIC_0013355.npy,/home/tbeliere/Projects/DCU/2026-mcm-XAI-skin-lesion/outputs/pilot/pseudo_concepts/npz/isic2018/ISIC_0013355.npz
isic2018,ISIC_0013355,gradcam,border_default,20,0.006130193636269212,0.012185686653759974,0.007508152312633651,3.788224065095054,0.03554186521409848,0.001992984693877551,0.20408163265306123,/home/tbeliere/Projects/DCU/2026-mcm-XAI-skin-lesion/outputs/pilot/xai_maps/gradcam/isic2018_ISIC_0013355.npy,/home/tbeliere/Projects/DCU/2026-mcm-XAI-skin-lesion/outputs/pilot/pseudo_concepts/npz/isic2018/ISIC_0013355.npz
isic2018,ISIC_0013355,gradcam,border_w8_dil2_sigma5,20,0.006130193636269212,0.012185686653759974,0.007508152312633651,3.788224065095054,0.03554186521409848,0.001992984693877551,0.20408163265306123,/home/tbeliere/Projects/DCU/2026-mcm-XAI-skin-lesion/outputs/pilot/xai_maps/gradcam/isic2018_ISIC_0013355.npy,/home/tbeliere/Projects/DCU/2026-mcm-XAI-skin-lesion/outputs/pilot/pseudo_concepts/npz/isic2018/ISIC_0013355.npz
isic2018,ISIC_0013355,gradcam,border_w12_dil4_sigma8,20,0.0,0.0,0.0,0.0,0.0,0.0,0.20408163265306123,/home/tbeliere/Projects/DCU/2026-mcm-XAI-skin-lesion/outputs/pilot/xai_maps/gradcam/isic2018_ISIC_0013355.npy,/home/tbeliere/Projects/DCU/2026-mcm-XAI-skin-lesion/outputs/pilot/pseudo_concepts/npz/isic2018/ISIC_0013355.npz
isic2018,ISIC_0013355,gradcam,border_w16_dil6_sigma10,20,0.0,0.0,0.0,0.0,0.0,0.0,0.20408163265306123,/home/tbeliere/Projects/DCU/2026-mcm-XAI-skin-lesion/outputs/pilot/xai_maps/gradcam/isic2018_ISIC_0013355.npy,/home/tbeliere/Projects/DCU/2026-mcm-XAI-skin-lesion/outputs/pilot/pseudo_concepts/npz/isic2018/ISIC_0013355.npz
isic2018,ISIC_0013355,gradcam,border_w16_dil6_sigma10_dist,20,0.0,0.0,0.0,0.0,0.0,0.0,0.20408163265306123,/home/tbeliere/Projects/DCU/2026-mcm-XAI-skin-lesion/outputs/pilot/xai_maps/gradcam/isic2018_ISIC_0013355.npy,/home/tbeliere/Projects/DCU/2026-mcm-XAI-skin-lesion/outputs/pilot/pseudo_concepts/npz/isic2018/ISIC_0013355.npz
isic2018,ISIC_0013355,gradcam,colour_heterogeneity,20,0.0022386606969026293,0.004467320578805023,0.003301595361006045,2.9126448713492814,0.028520409040686933,0.001136001275510204,0.20408163265306123,/home/tbeliere/Projects/DCU/2026-mcm-XAI-skin-lesion/outputs/pilot/xai_maps/gradcam/isic2018_ISIC_0013355.npy,/home/tbeliere/Projects/DCU/2026-mcm-XAI-skin-lesion/outputs/pilot/pseudo_concepts/npz/isic2018/ISIC_0013355.npz
isic2018,ISIC_0013355,lime,asymmetry,20,0.000606196677144004,0.0012116588507188701,0.0005174739876913203,0.9616384502821299,-0.0017607513949331759,0.0005381058673469387,0.8876753826530612,/home/tbeliere/Projects/DCU/2026-mcm-XAI-skin-lesion/outputs/pilot/xai_maps/lime/isic2018_ISIC_0013355.npy,/home/tbeliere/Projects/DCU/2026-mcm-XAI-skin-lesion/outputs/pilot/pseudo_concepts/npz/isic2018/ISIC_0013355.npz
isic2018,ISIC_0013355,lime,border_default,20,0.0022451728783111262,0.004480286738350251,0.0018666025984579767,0.9364678983751435,-0.007264208921229037,0.001992984693877551,0.8876753826530612,/home/tbeliere/Projects/DCU/2026-mcm-XAI-skin-lesion/outputs/pilot/xai_maps/lime/isic2018_ISIC_0013355.npy,/home/tbeliere/Projects/DCU/2026-mcm-XAI-skin-lesion/outputs/pilot/pseudo_concepts/npz/isic2018/ISIC_0013355.npz
isic2018,ISIC_0013355,lime,border_w8_dil2_sigma5,20,0.0022451728783111262,0.004480286738350251,0.0018666025984579767,0.9364678983751435,-0.007264208921229037,0.001992984693877551,0.8876753826530612,/home/tbeliere/Projects/DCU/2026-mcm-XAI-skin-lesion/outputs/pilot/xai_maps/lime/isic2018_ISIC_0013355.npy,/home/tbeliere/Projects/DCU/2026-mcm-XAI-skin-lesion/outputs/pilot/pseudo_concepts/npz/isic2018/ISIC_0013355.npz
isic2018,ISIC_0013355,lime,border_w12_dil4_sigma8,20,0.0,0.0,0.0,0.0,0.0,0.0,0.8876753826530612,/home/tbeliere/Projects/DCU/2026-mcm-XAI-skin-lesion/outputs/pilot/xai_maps/lime/isic2018_ISIC_0013355.npy,/home/tbeliere/Projects/DCU/2026-mcm-XAI-skin-lesion/outputs/pilot/pseudo_concepts/npz/isic2018/ISIC_0013355.npz
isic2018,ISIC_0013355,lime,border_w16_dil6_sigma10,20,0.0,0.0,0.0,0.0,0.0,0.0,0.8876753826530612,/home/tbeliere/Projects/DCU/2026-mcm-XAI-skin-lesion/outputs/pilot/xai_maps/lime/isic2018_ISIC_0013355.npy,/home/tbeliere/Projects/DCU/2026-mcm-XAI-skin-lesion/outputs/pilot/pseudo_concepts/npz/isic2018/ISIC_0013355.npz
isic2018,ISIC_0013355,lime,border_w16_dil6_sigma10_dist,20,0.0,0.0,0.0,0.0,0.0,0.0,0.8876753826530612,/home/tbeliere/Projects/DCU/2026-mcm-XAI-skin-lesion/outputs/pilot/xai_maps/lime/isic2018_ISIC_0013355.npy,/home/tbeliere/Projects/DCU/2026-mcm-XAI-skin-lesion/outputs/pilot/pseudo_concepts/npz/isic2018/ISIC_0013355.npz
isic2018,ISIC_0013355,lime,colour_heterogeneity,20,0.0012797485406373418,0.002556225755095061,0.0010534291892287592,0.9272367378924942,-0.007729868155734607,0.001136001275510204,0.8876753826530612,/home/tbeliere/Projects/DCU/2026-mcm-XAI-skin-lesion/outputs/pilot/xai_maps/lime/isic2018_ISIC_0013355.npy,/home/tbeliere/Projects/DCU/2026-mcm-XAI-skin-lesion/outputs/pilot/pseudo_concepts/npz/isic2018/ISIC_0013355.npz
isic2018,ISIC_0013355,shap,asymmetry,20,0.0022908366533841724,0.004571201430980253,0.0015509079984610146,2.8850845308868145,0.04006776350158829,0.0005381058673469387,0.20001594387755103,/home/tbeliere/Projects/DCU/2026-mcm-XAI-skin-lesion/outputs/pilot/xai_maps/shap/isic2018_ISIC_0013355.npy,/home/tbeliere/Projects/DCU/2026-mcm-XAI-skin-lesion/outputs/pilot/pseudo_concepts/npz/isic2018/ISIC_0013355.npz
isic2018,ISIC_0013355,shap,border_default,20,0.0076548364648497316,0.015193370165730866,0.004975105328845974,2.5037899155029546,0.07860207388852339,0.001992984693877551,0.20001594387755103,/home/tbeliere/Projects/DCU/2026-mcm-XAI-skin-lesion/outputs/pilot/xai_maps/shap/isic2018_ISIC_0013355.npy,/home/tbeliere/Projects/DCU/2026-mcm-XAI-skin-lesion/outputs/pilot/pseudo_concepts/npz/isic2018/ISIC_0013355.npz
isic2018,ISIC_0013355,shap,border_w8_dil2_sigma5,20,0.0076548364648497316,0.015193370165730866,0.004975105328845974,2.5037899155029546,0.07860207388852339,0.001992984693877551,0.20001594387755103,/home/tbeliere/Projects/DCU/2026-mcm-XAI-skin-lesion/outputs/pilot/xai_maps/shap/isic2018_ISIC_0013355.npy,/home/tbeliere/Projects/DCU/2026-mcm-XAI-skin-lesion/outputs/pilot/pseudo_concepts/npz/isic2018/ISIC_0013355.npz
isic2018,ISIC_0013355,shap,border_w12_dil4_sigma8,20,0.0,0.0,0.0,0.0,0.0,0.0,0.20001594387755103,/home/tbeliere/Projects/DCU/2026-mcm-XAI-skin-lesion/outputs/pilot/xai_maps/shap/isic2018_ISIC_0013355.npy,/home/tbeliere/Projects/DCU/2026-mcm-XAI-skin-lesion/outputs/pilot/pseudo_concepts/npz/isic2018/ISIC_0013355.npz
isic2018,ISIC_0013355,shap,border_w16_dil6_sigma10,20,0.0,0.0,0.0,0.0,0.0,0.0,0.20001594387755103,/home/tbeliere/Projects/DCU/2026-mcm-XAI-skin-lesion/outputs/pilot/xai_maps/shap/isic2018_ISIC_0013355.npy,/home/tbeliere/Projects/DCU/2026-mcm-XAI-skin-lesion/outputs/pilot/pseudo_concepts/npz/isic2018/ISIC_0013355.npz
isic2018,ISIC_0013355,shap,border_w16_dil6_sigma10_dist,20,0.0,0.0,0.0,0.0,0.0,0.0,0.20001594387755103,/home/tbeliere/Projects/DCU/2026-mcm-XAI-skin-lesion/outputs/pilot/xai_maps/shap/isic2018_ISIC_0013355.npy,/home/tbeliere/Projects/DCU/2026-mcm-XAI-skin-lesion/outputs/pilot/pseudo_concepts/npz/isic2018/ISIC_0013355.npz
isic2018,ISIC_0013355,shap,colour_heterogeneity,20,0.004678478996610911,0.00931338551470394,0.0030963541925231918,2.731020115138225,0.07881333204095951,0.001136001275510204,0.20001594387755103,/home/tbeliere/Projects/DCU/2026-mcm-XAI-skin-lesion/outputs/pilot/xai_maps/shap/isic2018_ISIC_0013355.npy,/home/tbeliere/Projects/DCU/2026-mcm-XAI-skin-lesion/outputs/pilot/pseudo_concepts/npz/isic2018/ISIC_0013355.npz
isic2018,ISIC_0013201,gradcam,asymmetry,20,0.0010961415816324346,0.002189882741732757,0.0,0.0,-0.007547909647739892,0.001096141581632653,1.0,/home/tbeliere/Projects/DCU/2026-mcm-XAI-skin-lesion/outputs/pilot/xai_maps/gradcam/isic2018_ISIC_0013201.npy,/home/tbeliere/Projects/DCU/2026-mcm-XAI-skin-lesion/outputs/pilot/pseudo_concepts/npz/isic2018/ISIC_0013201.npz
isic2018,ISIC_0013201,gradcam,border_default,20,0.0014748086734690938,0.00294527363184021,0.0,0.0,-0.016326068384641516,0.0014748086734693877,1.0,/home/tbeliere/Projects/DCU/2026-mcm-XAI-skin-lesion/outputs/pilot/xai_maps/gradcam/isic2018_ISIC_0013201.npy,/home/tbeliere/Projects/DCU/2026-mcm-XAI-skin-lesion/outputs/pilot/pseudo_concepts/npz/isic2018/ISIC_0013201.npz
isic2018,ISIC_0013201,gradcam,border_w8_dil2_sigma5,20,0.0014748086734690938,0.00294527363184021,0.0,0.0,-0.016326068384641516,0.0014748086734693877,1.0,/home/tbeliere/Projects/DCU/2026-mcm-XAI-skin-lesion/outputs/pilot/xai_maps/gradcam/isic2018_ISIC_0013201.npy,/home/tbeliere/Projects/DCU/2026-mcm-XAI-skin-lesion/outputs/pilot/pseudo_concepts/npz/isic2018/ISIC_0013201.npz
isic2018,ISIC_0013201,gradcam,border_w12_dil4_sigma8,20,0.0034877232142850193,0.006951202558041161,0.0,0.0,-0.020620649567800423,0.0034877232142857145,1.0,/home/tbeliere/Projects/DCU/2026-mcm-XAI-skin-lesion/outputs/pilot/xai_maps/gradcam/isic2018_ISIC_0013201.npy,/home/tbeliere/Projects/DCU/2026-mcm-XAI-skin-lesion/outputs/pilot/pseudo_concepts/npz/isic2018/ISIC_0013201.npz
isic2018,ISIC_0013201,gradcam,border_w16_dil6_sigma10,20,0.004424426020407282,0.00880987340767316,0.0,0.0,-0.021844035130734206,0.004424426020408163,1.0,/home/tbeliere/Projects/DCU/2026-mcm-XAI-skin-lesion/outputs/pilot/xai_maps/gradcam/isic2018_ISIC_0013201.npy,/home/tbeliere/Projects/DCU/2026-mcm-XAI-skin-lesion/outputs/pilot/pseudo_concepts/npz/isic2018/ISIC_0013201.npz
isic2018,ISIC_0013201,gradcam,border_w16_dil6_sigma10_dist,20,0.003467793367346248,0.006911618669313424,0.0,0.0,-0.020453918602552017,0.0034677933673469387,1.0,/home/tbeliere/Projects/DCU/2026-mcm-XAI-skin-lesion/outputs/pilot/xai_maps/gradcam/isic2018_ISIC_0013201.npy,/home/tbeliere/Projects/DCU/2026-mcm-XAI-skin-lesion/outputs/pilot/pseudo_concepts/npz/isic2018/ISIC_0013201.npz
isic2018,ISIC_0013201,gradcam,colour_heterogeneity,20,0.003926179846937993,0.00782165048736271,0.0,0.0,-0.027451132258753338,0.003926179846938775,1.0,/home/tbeliere/Projects/DCU/2026-mcm-XAI-skin-lesion/outputs/pilot/xai_maps/gradcam/isic2018_ISIC_0013201.npy,/home/tbeliere/Projects/DCU/2026-mcm-XAI-skin-lesion/outputs/pilot/pseudo_concepts/npz/isic2018/ISIC_0013201.npz
isic2018,ISIC_0013201,lime,asymmetry,20,0.0008020810752220243,0.001602876513526631,0.0006680629784772974,0.6092066847882835,-0.028277244009272094,0.001096141581632653,0.9190051020408163,/home/tbeliere/Projects/DCU/2026-mcm-XAI-skin-lesion/outputs/pilot/xai_maps/lime/isic2018_ISIC_0013201.npy,/home/tbeliere/Projects/DCU/2026-mcm-XAI-skin-lesion/outputs/pilot/pseudo_concepts/npz/isic2018/ISIC_0013201.npz
isic2018,ISIC_0013201,lime,border_default,20,0.0005632582322355799,0.0011258823019960323,0.0005416726852518627,0.3669404205542683,-0.04391566202878655,0.0014748086734693877,0.9190051020408163,/home/tbeliere/Projects/DCU/2026-mcm-XAI-skin-lesion/outputs/pilot/xai_maps/lime/isic2018_ISIC_0013201.npy,/home/tbeliere/Projects/DCU/2026-mcm-XAI-skin-lesion/outputs/pilot/pseudo_concepts/npz/isic2018/ISIC_0013201.npz
isic2018,ISIC_0013201,lime,border_w8_dil2_sigma5,20,0.0005632582322355799,0.0011258823019960323,0.0005416726852518627,0.3669404205542683,-0.04391566202878655,0.0014748086734693877,0.9190051020408163,/home/tbeliere/Projects/DCU/2026-mcm-XAI-skin-lesion/outputs/pilot/xai_maps/lime/isic2018_ISIC_0013201.npy,/home/tbeliere/Projects/DCU/2026-mcm-XAI-skin-lesion/outputs/pilot/pseudo_concepts/npz/isic2018/ISIC_0013201.npz
isic2018,ISIC_0013201,lime,border_w12_dil4_sigma8,20,0.002230209596396538,0.004450493659125791,0.0025097501083336305,0.718889992455028,-0.01426093993695328,0.0034877232142857145,0.9190051020408163,/home/tbeliere/Projects/DCU/2026-mcm-XAI-skin-lesion/outputs/pilot/xai_maps/lime/isic2018_ISIC_0013201.npy,/home/tbeliere/Projects/DCU/2026-mcm-XAI-skin-lesion/outputs/pilot/pseudo_concepts/npz/isic2018/ISIC_0013201.npz
isic2018,ISIC_0013201,lime,border_w16_dil6_sigma10,20,0.0032261556782498158,0.00643156213579522,0.0040264336270388465,0.9096829351197947,0.007512007057520395,0.004424426020408163,0.9190051020408163,/home/tbeliere/Projects/DCU/2026-mcm-XAI-skin-lesion/outputs/pilot/xai_maps/lime/isic2018_ISIC_0013201.npy,/home/tbeliere/Projects/DCU/2026-mcm-XAI-skin-lesion/outputs/pilot/pseudo_concepts/npz/isic2018/ISIC_0013201.npz
isic2018,ISIC_0013201,lime,border_w16_dil6_sigma10_dist,20,0.002186857204719674,0.0043641705915386155,0.0025097501083336305,0.7230360730910564,-0.010586093048262642,0.0034677933673469387,0.9190051020408163,/home/tbeliere/Projects/DCU/2026-mcm-XAI-skin-lesion/outputs/pilot/xai_maps/lime/isic2018_ISIC_0013201.npy,/home/tbeliere/Projects/DCU/2026-mcm-XAI-skin-lesion/outputs/pilot/pseudo_concepts/npz/isic2018/ISIC_0013201.npz
isic2018,ISIC_0013201,lime,colour_heterogeneity,20,0.0037715400455177696,0.007514737955903277,0.004369492994365026,1.1134074986333296,0.08033348227403725,0.003926179846938775,0.9190051020408163,/home/tbeliere/Projects/DCU/2026-mcm-XAI-skin-lesion/outputs/pilot/xai_maps/lime/isic2018_ISIC_0013201.npy,/home/tbeliere/Projects/DCU/2026-mcm-XAI-skin-lesion/outputs/pilot/pseudo_concepts/npz/isic2018/ISIC_0013201.npz
isic2018,ISIC_0013201,shap,asymmetry,20,0.002882130789104669,0.005747695966697306,0.0019448113902145695,1.7757423198289386,0.030481484569441993,0.001096141581632653,0.20001594387755103,/home/tbeliere/Projects/DCU/2026-mcm-XAI-skin-lesion/outputs/pilot/xai_maps/shap/isic2018_ISIC_0013201.npy,/home/tbeliere/Projects/DCU/2026-mcm-XAI-skin-lesion/outputs/pilot/pseudo_concepts/npz/isic2018/ISIC_0013201.npz
isic2018,ISIC_0013201,shap,border_default,20,0.004171632896300981,0.008308605341238073,0.002661728942238908,1.8069437187277357,0.0650833109364891,0.0014748086734693877,0.20001594387755103,/home/tbeliere/Projects/DCU/2026-mcm-XAI-skin-lesion/outputs/pilot/xai_maps/shap/isic2018_ISIC_0013201.npy,/home/tbeliere/Projects/DCU/2026-mcm-XAI-skin-lesion/outputs/pilot/pseudo_concepts/npz/isic2018/ISIC_0013201.npz
isic2018,ISIC_0013201,shap,border_w8_dil2_sigma5,20,0.004171632896300981,0.008308605341238073,0.002661728942238908,1.8069437187277357,0.0650833109364891,0.0014748086734693877,0.20001594387755103,/home/tbeliere/Projects/DCU/2026-mcm-XAI-skin-lesion/outputs/pilot/xai_maps/shap/isic2018_ISIC_0013201.npy,/home/tbeliere/Projects/DCU/2026-mcm-XAI-skin-lesion/outputs/pilot/pseudo_concepts/npz/isic2018/ISIC_0013201.npz
isic2018,ISIC_0013201,shap,border_w12_dil4_sigma8,20,0.00869307517533469,0.017236313779240783,0.005963788428004838,1.7141965980657492,0.07942935912257457,0.0034877232142857145,0.20001594387755103,/home/tbeliere/Projects/DCU/2026-mcm-XAI-skin-lesion/outputs/pilot/xai_maps/shap/isic2018_ISIC_0013201.npy,/home/tbeliere/Projects/DCU/2026-mcm-XAI-skin-lesion/outputs/pilot/pseudo_concepts/npz/isic2018/ISIC_0013201.npz
isic2018,ISIC_0013201,shap,border_w16_dil6_sigma10,20,0.010640394088659466,0.02105673620586756,0.007395659272939133,1.6765554376162664,0.08188666009192326,0.004424426020408163,0.20001594387755103,/home/tbeliere/Projects/DCU/2026-mcm-XAI-skin-lesion/outputs/pilot/xai_maps/shap/isic2018_ISIC_0013201.npy,/home/tbeliere/Projects/DCU/2026-mcm-XAI-skin-lesion/outputs/pilot/pseudo_concepts/npz/isic2018/ISIC_0013201.npz
isic2018,ISIC_0013201,shap,border_w16_dil6_sigma10_dist,20,0.008693934005128735,0.017238001958846973,0.005964002391944084,1.7241451054702561,0.0770392215794278,0.0034677933673469387,0.20001594387755103,/home/tbeliere/Projects/DCU/2026-mcm-XAI-skin-lesion/outputs/pilot/xai_maps/shap/isic2018_ISIC_0013201.npy,/home/tbeliere/Projects/DCU/2026-mcm-XAI-skin-lesion/outputs/pilot/pseudo_concepts/npz/isic2018/ISIC_0013201.npz
isic2018,ISIC_0013201,shap,colour_heterogeneity,20,0.011365882585479969,0.022476302159657503,0.007347902054018848,1.877965325422341,0.11828748800686567,0.003926179846938775,0.20001594387755103,/home/tbeliere/Projects/DCU/2026-mcm-XAI-skin-lesion/outputs/pilot/xai_maps/shap/isic2018_ISIC_0013201.npy,/home/tbeliere/Projects/DCU/2026-mcm-XAI-skin-lesion/outputs/pilot/pseudo_concepts/npz/isic2018/ISIC_0013201.npz
isic2018,ISIC_0012316,gradcam,asymmetry,20,0.005851375073136482,0.011634671320523914,0.010648124313203122,7.286946232840464,0.06061466764593207,0.0014748086734693877,0.20408163265306123,/home/tbeliere/Projects/DCU/2026-mcm-XAI-skin-lesion/outputs/pilot/xai_maps/gradcam/isic2018_ISIC_0012316.npy,/home/tbeliere/Projects/DCU/2026-mcm-XAI-skin-lesion/outputs/pilot/pseudo_concepts/npz/isic2018/ISIC_0012316.npz
isic2018,ISIC_0012316,gradcam,border_default,20,0.0023384975153441113,0.004666083406236351,0.012688236134533237,13.706860351166435,0.1452292197716387,0.0009367028061224489,0.20408163265306123,/home/tbeliere/Projects/DCU/2026-mcm-XAI-skin-lesion/outputs/pilot/xai_maps/gradcam/isic2018_ISIC_0012316.npy,/home/tbeliere/Projects/DCU/2026-mcm-XAI-skin-lesion/outputs/pilot/pseudo_concepts/npz/isic2018/ISIC_0012316.npz
isic2018,ISIC_0012316,gradcam,border_w8_dil2_sigma5,20,0.0023384975153441113,0.004666083406236351,0.012688236134533237,13.706860351166435,0.1452292197716387,0.0009367028061224489,0.20408163265306123,/home/tbeliere/Projects/DCU/2026-mcm-XAI-skin-lesion/outputs/pilot/xai_maps/gradcam/isic2018_ISIC_0012316.npy,/home/tbeliere/Projects/DCU/2026-mcm-XAI-skin-lesion/outputs/pilot/pseudo_concepts/npz/isic2018/ISIC_0012316.npz
isic2018,ISIC_0012316,gradcam,border_w12_dil4_sigma8,20,0.0051511322771842245,0.010249468187961467,0.02801985479709423,14.152085595558678,0.1944106931963588,0.002032844387755102,0.20408163265306123,/home/tbeliere/Projects/DCU/2026-mcm-XAI-skin-lesion/outputs/pilot/xai_maps/gradcam/isic2018_ISIC_0012316.npy,/home/tbeliere/Projects/DCU/2026-mcm-XAI-skin-lesion/outputs/pilot/pseudo_concepts/npz/isic2018/ISIC_0012316.npz
isic2018,ISIC_0012316,gradcam,border_w16_dil6_sigma10,20,0.009322198485133692,0.018472195497384575,0.04232396014562178,14.35515305137994,0.2045359818678983,0.0030691964285714285,0.20408163265306123,/home/tbeliere/Projects/DCU/2026-mcm-XAI-skin-lesion/outputs/pilot/xai_maps/gradcam/isic2018_ISIC_0012316.npy,/home/tbeliere/Projects/DCU/2026-mcm-XAI-skin-lesion/outputs/pilot/pseudo_concepts/npz/isic2018/ISIC_0012316.npz
isic2018,ISIC_0012316,gradcam,border_w16_dil6_sigma10_dist,20,0.007674373421403075,0.01523185192324763,0.03755095174658299,14.6802939306944,0.20387207025093043,0.002650669642857143,0.20408163265306123,/home/tbeliere/Projects/DCU/2026-mcm-XAI-skin-lesion/outputs/pilot/xai_maps/gradcam/isic2018_ISIC_0012316.npy,/home/tbeliere/Projects/DCU/2026-mcm-XAI-skin-lesion/outputs/pilot/pseudo_concepts/npz/isic2018/ISIC_0012316.npz
isic2018,ISIC_0012316,gradcam,colour_heterogeneity,20,0.022527794031575454,0.044062947067196885,0.010967014396825514,2.2598605612714833,0.048413695365533166,0.0048828125,0.20408163265306123,/home/tbeliere/Projects/DCU/2026-mcm-XAI-skin-lesion/outputs/pilot/xai_maps/gradcam/isic2018_ISIC_0012316.npy,/home/tbeliere/Projects/DCU/2026-mcm-XAI-skin-lesion/outputs/pilot/pseudo_concepts/npz/isic2018/ISIC_0012316.npz
isic2018,ISIC_0012316,lime,asymmetry,20,0.0012997754933231124,0.0025961765400031884,0.0014772185206267476,1.0016363791116658,0.00015096082338920171,0.0014748086734693877,0.33629623724489793,/home/tbeliere/Projects/DCU/2026-mcm-XAI-skin-lesion/outputs/pilot/xai_maps/lime/isic2018_ISIC_0012316.npy,/home/tbeliere/Projects/DCU/2026-mcm-XAI-skin-lesion/outputs/pilot/pseudo_concepts/npz/isic2018/ISIC_0012316.npz
isic2018,ISIC_0012316,lime,border_default,20,0.0012426035502951227,0.002482122805979267,0.0010463631187772797,1.1171931014378143,0.03964568935185386,0.0009367028061224489,0.33629623724489793,/home/tbeliere/Projects/DCU/2026-mcm-XAI-skin-lesion/outputs/pilot/xai_maps/lime/isic2018_ISIC_0012316.npy,/home/tbeliere/Projects/DCU/2026-mcm-XAI-skin-lesion/outputs/pilot/pseudo_concepts/npz/isic2018/ISIC_0012316.npz
isic2018,ISIC_0012316,lime,border_w8_dil2_sigma5,20,0.0012426035502951227,0.002482122805979267,0.0010463631187772797,1.1171931014378143,0.03964568935185386,0.0009367028061224489,0.33629623724489793,/home/tbeliere/Projects/DCU/2026-mcm-XAI-skin-lesion/outputs/pilot/xai_maps/lime/isic2018_ISIC_0012316.npy,/home/tbeliere/Projects/DCU/2026-mcm-XAI-skin-lesion/outputs/pilot/pseudo_concepts/npz/isic2018/ISIC_0012316.npz
isic2018,ISIC_0012316,lime,border_w12_dil4_sigma8,20,0.0038436520607865628,0.007657869934019994,0.002569744718173613,1.2647933484916443,0.06568611980503203,0.002032844387755102,0.33629623724489793,/home/tbeliere/Projects/DCU/2026-mcm-XAI-skin-lesion/outputs/pilot/xai_maps/lime/isic2018_ISIC_0012316.npy,/home/tbeliere/Projects/DCU/2026-mcm-XAI-skin-lesion/outputs/pilot/pseudo_concepts/npz/isic2018/ISIC_0012316.npz
isic2018,ISIC_0012316,lime,border_w16_dil6_sigma10,20,0.006680461129171338,0.013272257458296174,0.004108514010493142,1.340025477194927,0.0808929999138728,0.0030691964285714285,0.33629623724489793,/home/tbeliere/Projects/DCU/2026-mcm-XAI-skin-lesion/outputs/pilot/xai_maps/lime/isic2018_ISIC_0012316.npy,/home/tbeliere/Projects/DCU/2026-mcm-XAI-skin-lesion/outputs/pilot/pseudo_concepts/npz/isic2018/ISIC_0012316.npz
isic2018,ISIC_0012316,lime,border_w16_dil6_sigma10_dist,20,0.005438959503396134,0.010819074498729453,0.00346223090771894,1.3072357980257072,0.07030960731690748,0.002650669642857143,0.33629623724489793,/home/tbeliere/Projects/DCU/2026-mcm-XAI-skin-lesion/outputs/pilot/xai_maps/lime/isic2018_ISIC_0012316.npy,/home/tbeliere/Projects/DCU/2026-mcm-XAI-skin-lesion/outputs/pilot/pseudo_concepts/npz/isic2018/ISIC_0012316.npz
isic2018,ISIC_0012316,lime,colour_heterogeneity,20,0.00991091970974579,0.019627314679584305,0.006355117177279654,1.3034564060600768,0.10103347424719951,0.0048828125,0.33629623724489793,/home/tbeliere/Projects/DCU/2026-mcm-XAI-skin-lesion/outputs/pilot/xai_maps/lime/isic2018_ISIC_0012316.npy,/home/tbeliere/Projects/DCU/2026-mcm-XAI-skin-lesion/outputs/pilot/pseudo_concepts/npz/isic2018/ISIC_0012316.npz
isic2018,ISIC_0012316,shap,asymmetry,20,0.004171632896300981,0.008308605341238073,0.003308238095566928,2.247290306045675,0.044601717446156285,0.0014748086734693877,0.20001594387755103,/home/tbeliere/Projects/DCU/2026-mcm-XAI-skin-lesion/outputs/pilot/xai_maps/shap/isic2018_ISIC_0012316.npy,/home/tbeliere/Projects/DCU/2026-mcm-XAI-skin-lesion/outputs/pilot/pseudo_concepts/npz/isic2018/ISIC_0012316.npz
isic2018,ISIC_0012316,shap,border_default,20,0.0024855836150303383,0.004958841614593912,0.0017770757282223628,1.8987576290825932,0.061236330716049,0.0009367028061224489,0.20001594387755103,/home/tbeliere/Projects/DCU/2026-mcm-XAI-skin-lesion/outputs/pilot/xai_maps/shap/isic2018_ISIC_0012316.npy,/home/tbeliere/Projects/DCU/2026-mcm-XAI-skin-lesion/outputs/pilot/pseudo_concepts/npz/isic2018/ISIC_0012316.npz
isic2018,ISIC_0012316,shap,border_w8_dil2_sigma5,20,0.0024855836150303383,0.004958841614593912,0.0017770757282223628,1.8987576290825932,0.061236330716049,0.0009367028061224489,0.20001594387755103,/home/tbeliere/Projects/DCU/2026-mcm-XAI-skin-lesion/outputs/pilot/xai_maps/shap/isic2018_ISIC_0012316.npy,/home/tbeliere/Projects/DCU/2026-mcm-XAI-skin-lesion/outputs/pilot/pseudo_concepts/npz/isic2018/ISIC_0012316.npz
isic2018,ISIC_0012316,shap,border_w12_dil4_sigma8,20,0.0048567747051195785,0.009666600907467284,0.0038316084241513328,1.8882538904938364,0.06940106260899884,0.002032844387755102,0.20001594387755103,/home/tbeliere/Projects/DCU/2026-mcm-XAI-skin-lesion/outputs/pilot/xai_maps/shap/isic2018_ISIC_0012316.npy,/home/tbeliere/Projects/DCU/2026-mcm-XAI-skin-lesion/outputs/pilot/pseudo_concepts/npz/isic2018/ISIC_0012316.npz
isic2018,ISIC_0012316,shap,border_w16_dil6_sigma10,20,0.007016503607068863,0.013935230618239513,0.005266680200592287,1.7197706572806757,0.07236822719539547,0.0030691964285714285,0.20001594387755103,/home/tbeliere/Projects/DCU/2026-mcm-XAI-skin-lesion/outputs/pilot/xai_maps/shap/isic2018_ISIC_0012316.npy,/home/tbeliere/Projects/DCU/2026-mcm-XAI-skin-lesion/outputs/pilot/pseudo_concepts/npz/isic2018/ISIC_0012316.npz
isic2018,ISIC_0012316,shap,border_w16_dil6_sigma10_dist,20,0.006433095803635755,0.012783951224296602,0.004801426469127821,1.8153154876201665,0.06976866276612068,0.002650669642857143,0.20001594387755103,/home/tbeliere/Projects/DCU/2026-mcm-XAI-skin-lesion/outputs/pilot/xai_maps/shap/isic2018_ISIC_0012316.npy,/home/tbeliere/Projects/DCU/2026-mcm-XAI-skin-lesion/outputs/pilot/pseudo_concepts/npz/isic2018/ISIC_0012316.npz
isic2018,ISIC_0012316,shap,colour_heterogeneity,20,0.015206872716485426,0.029958175274749577,0.010839456291024716,2.233288433403703,0.10774176992710956,0.0048828125,0.20001594387755103,/home/tbeliere/Projects/DCU/2026-mcm-XAI-skin-lesion/outputs/pilot/xai_maps/shap/isic2018_ISIC_0012316.npy,/home/tbeliere/Projects/DCU/2026-mcm-XAI-skin-lesion/outputs/pilot/pseudo_concepts/npz/isic2018/ISIC_0012316.npz
isic2018,ISIC_0014090,gradcam,asymmetry,20,0.0017139668367343523,0.00342206836178357,0.0,0.0,-0.009299961379769078,0.0017139668367346938,1.0,/home/tbeliere/Projects/DCU/2026-mcm-XAI-skin-lesion/outputs/pilot/xai_maps/gradcam/isic2018_ISIC_0014090.npy,/home/tbeliere/Projects/DCU/2026-mcm-XAI-skin-lesion/outputs/pilot/pseudo_concepts/npz/isic2018/ISIC_0014090.npz
isic2018,ISIC_0014090,gradcam,border_default,20,0.0005580357142856031,0.0011154489682094822,0.0,0.0,-0.01257404693620142,0.0005580357142857143,1.0,/home/tbeliere/Projects/DCU/2026-mcm-XAI-skin-lesion/outputs/pilot/xai_maps/gradcam/isic2018_ISIC_0014090.npy,/home/tbeliere/Projects/DCU/2026-mcm-XAI-skin-lesion/outputs/pilot/pseudo_concepts/npz/isic2018/ISIC_0014090.npz
isic2018,ISIC_0014090,gradcam,border_w8_dil2_sigma5,20,0.0005580357142856031,0.0011154489682094822,0.0,0.0,-0.01257404693620142,0.0005580357142857143,1.0,/home/tbeliere/Projects/DCU/2026-mcm-XAI-skin-lesion/outputs/pilot/xai_maps/gradcam/isic2018_ISIC_0014090.npy,/home/tbeliere/Projects/DCU/2026-mcm-XAI-skin-lesion/outputs/pilot/pseudo_concepts/npz/isic2018/ISIC_0014090.npz
isic2018,ISIC_0014090,gradcam,border_w12_dil4_sigma8,20,0.0010164221938773485,0.002030780257629954,0.0,0.0,-0.016480062622261225,0.001016422193877551,1.0,/home/tbeliere/Projects/DCU/2026-mcm-XAI-skin-lesion/outputs/pilot/xai_maps/gradcam/isic2018_ISIC_0014090.npy,/home/tbeliere/Projects/DCU/2026-mcm-XAI-skin-lesion/outputs/pilot/pseudo_concepts/npz/isic2018/ISIC_0014090.npz
isic2018,ISIC_0014090,gradcam,border_w16_dil6_sigma10,20,0.0015943877551017232,0.0031836994587704586,0.0,0.0,-0.018881658856920096,0.0015943877551020409,1.0,/home/tbeliere/Projects/DCU/2026-mcm-XAI-skin-lesion/outputs/pilot/xai_maps/gradcam/isic2018_ISIC_0014090.npy,/home/tbeliere/Projects/DCU/2026-mcm-XAI-skin-lesion/outputs/pilot/pseudo_concepts/npz/isic2018/ISIC_0014090.npz
isic2018,ISIC_0014090,gradcam,border_w16_dil6_sigma10_dist,20,0.0013751594387752361,0.0027465419444715404,0.0,0.0,-0.01780909204526663,0.0013751594387755102,1.0,/home/tbeliere/Projects/DCU/2026-mcm-XAI-skin-lesion/outputs/pilot/xai_maps/gradcam/isic2018_ISIC_0014090.npy,/home/tbeliere/Projects/DCU/2026-mcm-XAI-skin-lesion/outputs/pilot/pseudo_concepts/npz/isic2018/ISIC_0014090.npz
isic2018,ISIC_0014090,gradcam,colour_heterogeneity,20,0.001992984693877154,0.0039780412125061705,0.0,0.0,-0.017832529350849145,0.001992984693877551,1.0,/home/tbeliere/Projects/DCU/2026-mcm-XAI-skin-lesion/outputs/pilot/xai_maps/gradcam/isic2018_ISIC_0014090.npy,/home/tbeliere/Projects/DCU/2026-mcm-XAI-skin-lesion/outputs/pilot/pseudo_concepts/npz/isic2018/ISIC_0014090.npz
isic2018,ISIC_0014090,lime,asymmetry,20,0.0015779458857377877,0.0031509197905557782,0.0013204909119149757,0.7701261152498197,-0.017573387575713462,0.0017139668367346938,0.8584980867346939,/home/tbeliere/Projects/DCU/2026-mcm-XAI-skin-lesion/outputs/pilot/xai_maps/lime/isic2018_ISIC_0014090.npy,/home/tbeliere/Projects/DCU/2026-mcm-XAI-skin-lesion/outputs/pilot/pseudo_concepts/npz/isic2018/ISIC_0014090.npz
isic2018,ISIC_0014090,lime,border_default,20,0.0006500139288697535,0.0012991833704525568,0.00054373155196499,0.9743529392976923,-0.01712205193441837,0.0005580357142857143,0.8584980867346939,/home/tbeliere/Projects/DCU/2026-mcm-XAI-skin-lesion/outputs/pilot/xai_maps/lime/isic2018_ISIC_0014090.npy,/home/tbeliere/Projects/DCU/2026-mcm-XAI-skin-lesion/outputs/pilot/pseudo_concepts/npz/isic2018/ISIC_0014090.npz
isic2018,ISIC_0014090,lime,border_w8_dil2_sigma5,20,0.0006500139288697535,0.0012991833704525568,0.00054373155196499,0.9743529392976923,-0.01712205193441837,0.0005580357142857143,0.8584980867346939,/home/tbeliere/Projects/DCU/2026-mcm-XAI-skin-lesion/outputs/pilot/xai_maps/lime/isic2018_ISIC_0014090.npy,/home/tbeliere/Projects/DCU/2026-mcm-XAI-skin-lesion/outputs/pilot/pseudo_concepts/npz/isic2018/ISIC_0014090.npz
isic2018,ISIC_0014090,lime,border_w12_dil4_sigma8,20,0.0011839539418699082,0.0023651077051493577,0.0009903681839362318,0.9743415089621912,-0.022668036001020103,0.001016422193877551,0.8584980867346939,/home/tbeliere/Projects/DCU/2026-mcm-XAI-skin-lesion/outputs/pilot/xai_maps/lime/isic2018_ISIC_0014090.npy,/home/tbeliere/Projects/DCU/2026-mcm-XAI-skin-lesion/outputs/pilot/pseudo_concepts/npz/isic2018/ISIC_0014090.npz
isic2018,ISIC_0014090,lime,border_w16_dil6_sigma10,20,0.0018571826539135815,0.003707479840577508,0.0015535187198999715,0.9743270233777463,-0.023567451136980215,0.0015943877551020409,0.8584980867346939,/home/tbeliere/Projects/DCU/2026-mcm-XAI-skin-lesion/outputs/pilot/xai_maps/lime/isic2018_ISIC_0014090.npy,/home/tbeliere/Projects/DCU/2026-mcm-XAI-skin-lesion/outputs/pilot/pseudo_concepts/npz/isic2018/ISIC_0014090.npz
isic2018,ISIC_0014090,lime,border_w16_dil6_sigma10_dist,20,0.001601820039000464,0.003198516629967969,0.0013399098959137254,0.9743325685896593,-0.022692177628313173,0.0013751594387755102,0.8584980867346939,/home/tbeliere/Projects/DCU/2026-mcm-XAI-skin-lesion/outputs/pilot/xai_maps/lime/isic2018_ISIC_0014090.npy,/home/tbeliere/Projects/DCU/2026-mcm-XAI-skin-lesion/outputs/pilot/pseudo_concepts/npz/isic2018/ISIC_0014090.npz
isic2018,ISIC_0014090,lime,colour_heterogeneity,20,0.0018795683954050634,0.0037520844913832333,0.001572937703898721,0.7889051681746359,-0.027062209490721783,0.001992984693877551,0.8584980867346939,/home/tbeliere/Projects/DCU/2026-mcm-XAI-skin-lesion/outputs/pilot/xai_maps/lime/isic2018_ISIC_0014090.npy,/home/tbeliere/Projects/DCU/2026-mcm-XAI-skin-lesion/outputs/pilot/pseudo_concepts/npz/isic2018/ISIC_0014090.npz
isic2018,ISIC_0014090,shap,asymmetry,20,0.0048644892286261645,0.00968188105116609,0.003304209434561592,1.9308895897220464,0.043899814841595504,0.0017139668367346938,0.20001594387755103,/home/tbeliere/Projects/DCU/2026-mcm-XAI-skin-lesion/outputs/pilot/xai_maps/shap/isic2018_ISIC_0014090.npy,/home/tbeliere/Projects/DCU/2026-mcm-XAI-skin-lesion/outputs/pilot/pseudo_concepts/npz/isic2018/ISIC_0014090.npz
isic2018,ISIC_0014090,shap,border_default,20,0.0014926858393855182,0.002980922098566195,0.001024338045576112,1.8364705563648356,0.06504248380365009,0.0005580357142857143,0.20001594387755103,/home/tbeliere/Projects/DCU/2026-mcm-XAI-skin-lesion/outputs/pilot/xai_maps/shap/isic2018_ISIC_0014090.npy,/home/tbeliere/Projects/DCU/2026-mcm-XAI-skin-lesion/outputs/pilot/pseudo_concepts/npz/isic2018/ISIC_0014090.npz
isic2018,ISIC_0014090,shap,border_w8_dil2_sigma5,20,0.0014926858393855182,0.002980922098566195,0.001024338045576112,1.8364705563648356,0.06504248380365009,0.0005580357142857143,0.20001594387755103,/home/tbeliere/Projects/DCU/2026-mcm-XAI-skin-lesion/outputs/pilot/xai_maps/shap/isic2018_ISIC_0014090.npy,/home/tbeliere/Projects/DCU/2026-mcm-XAI-skin-lesion/outputs/pilot/pseudo_concepts/npz/isic2018/ISIC_0014090.npz
isic2018,ISIC_0014090,shap,border_w12_dil4_sigma8,20,0.0031824962705090175,0.006344800237923718,0.0019735542260417554,1.943529724677641,0.09228083333346948,0.001016422193877551,0.20001594387755103,/home/tbeliere/Projects/DCU/2026-mcm-XAI-skin-lesion/outputs/pilot/xai_maps/shap/isic2018_ISIC_0014090.npy,/home/tbeliere/Projects/DCU/2026-mcm-XAI-skin-lesion/outputs/pilot/pseudo_concepts/npz/isic2018/ISIC_0014090.npz
isic2018,ISIC_0014090,shap,border_w16_dil6_sigma10,20,0.0048673884970647984,0.009687623566617547,0.0033155186873805383,2.0830841336766923,0.11106673785635701,0.0015943877551020409,0.20001594387755103,/home/tbeliere/Projects/DCU/2026-mcm-XAI-skin-lesion/outputs/pilot/xai_maps/shap/isic2018_ISIC_0014090.npy,/home/tbeliere/Projects/DCU/2026-mcm-XAI-skin-lesion/outputs/pilot/pseudo_concepts/npz/isic2018/ISIC_0014090.npz
isic2018,ISIC_0014090,shap,border_w16_dil6_sigma10_dist,20,0.004073926868040467,0.008114794656102806,0.0027839757966776303,2.0273347545133773,0.10227282295680995,0.0013751594387755102,0.20001594387755103,/home/tbeliere/Projects/DCU/2026-mcm-XAI-skin-lesion/outputs/pilot/xai_maps/shap/isic2018_ISIC_0014090.npy,/home/tbeliere/Projects/DCU/2026-mcm-XAI-skin-lesion/outputs/pilot/pseudo_concepts/npz/isic2018/ISIC_0014090.npz
isic2018,ISIC_0014090,shap,colour_heterogeneity,20,0.007154213036558868,0.014206787687436653,0.005936274135961861,2.9904001141506176,0.14285216518661398,0.001992984693877551,0.20001594387755103,/home/tbeliere/Projects/DCU/2026-mcm-XAI-skin-lesion/outputs/pilot/xai_maps/shap/isic2018_ISIC_0014090.npy,/home/tbeliere/Projects/DCU/2026-mcm-XAI-skin-lesion/outputs/pilot/pseudo_concepts/npz/isic2018/ISIC_0014090.npz
isic2018,ISIC_0013340,gradcam,asymmetry,20,0.00388632015306045,0.0077425502769435306,0.0,0.0,-0.020824582182029254,0.0038863201530612247,1.0,/home/tbeliere/Projects/DCU/2026-mcm-XAI-skin-lesion/outputs/pilot/xai_maps/gradcam/isic2018_ISIC_0013340.npy,/home/tbeliere/Projects/DCU/2026-mcm-XAI-skin-lesion/outputs/pilot/pseudo_concepts/npz/isic2018/ISIC_0013340.npz
isic2018,ISIC_0013340,gradcam,border_default,20,0.000996492346938577,0.0019910006769398338,0.0,0.0,-0.024879514203656874,0.0009964923469387755,1.0,/home/tbeliere/Projects/DCU/2026-mcm-XAI-skin-lesion/outputs/pilot/xai_maps/gradcam/isic2018_ISIC_0013340.npy,/home/tbeliere/Projects/DCU/2026-mcm-XAI-skin-lesion/outputs/pilot/pseudo_concepts/npz/isic2018/ISIC_0013340.npz
isic2018,ISIC_0013340,gradcam,border_w8_dil2_sigma5,20,0.000996492346938577,0.0019910006769398338,0.0,0.0,-0.024879514203656874,0.0009964923469387755,1.0,/home/tbeliere/Projects/DCU/2026-mcm-XAI-skin-lesion/outputs/pilot/xai_maps/gradcam/isic2018_ISIC_0013340.npy,/home/tbeliere/Projects/DCU/2026-mcm-XAI-skin-lesion/outputs/pilot/pseudo_concepts/npz/isic2018/ISIC_0013340.npz
isic2018,ISIC_0013340,gradcam,border_w12_dil4_sigma8,20,0.001514668367346637,0.0030247552336219404,0.0,0.0,-0.030642581287905753,0.0015146683673469387,1.0,/home/tbeliere/Projects/DCU/2026-mcm-XAI-skin-lesion/outputs/pilot/xai_maps/gradcam/isic2018_ISIC_0013340.npy,/home/tbeliere/Projects/DCU/2026-mcm-XAI-skin-lesion/outputs/pilot/pseudo_concepts/npz/isic2018/ISIC_0013340.npz
isic2018,ISIC_0013340,gradcam,border_w16_dil6_sigma10,20,0.0035275829081625625,0.007030365618730358,0.0,0.0,-0.034536446113900734,0.003527582908163265,1.0,/home/tbeliere/Projects/DCU/2026-mcm-XAI-skin-lesion/outputs/pilot/xai_maps/gradcam/isic2018_ISIC_0013340.npy,/home/tbeliere/Projects/DCU/2026-mcm-XAI-skin-lesion/outputs/pilot/pseudo_concepts/npz/isic2018/ISIC_0013340.npz
isic2018,ISIC_0013340,gradcam,border_w16_dil6_sigma10_dist,20,0.0032684948979585324,0.006515693285656235,0.0,0.0,-0.03309799346933833,0.003268494897959184,1.0,/home/tbeliere/Projects/DCU/2026-mcm-XAI-skin-lesion/outputs/pilot/xai_maps/gradcam/isic2018_ISIC_0013340.npy,/home/tbeliere/Projects/DCU/2026-mcm-XAI-skin-lesion/outputs/pilot/pseudo_concepts/npz/isic2018/ISIC_0013340.npz
isic2018,ISIC_0013340,gradcam,colour_heterogeneity,20,0.00452407525510114,0.009007400353151795,0.0,0.0,-0.03780612111012893,0.004524075255102041,1.0,/home/tbeliere/Projects/DCU/2026-mcm-XAI-skin-lesion/outputs/pilot/xai_maps/gradcam/isic2018_ISIC_0013340.npy,/home/tbeliere/Projects/DCU/2026-mcm-XAI-skin-lesion/outputs/pilot/pseudo_concepts/npz/isic2018/ISIC_0013340.npz
isic2018,ISIC_0013340,lime,asymmetry,20,0.0036901204382858623,0.007353107026049994,0.004407170484973071,1.134614738511303,0.016187362861967505,0.0038863201530612247,0.8797034438775511,/home/tbeliere/Projects/DCU/2026-mcm-XAI-skin-lesion/outputs/pilot/xai_maps/lime/isic2018_ISIC_0013340.npy,/home/tbeliere/Projects/DCU/2026-mcm-XAI-skin-lesion/outputs/pilot/pseudo_concepts/npz/isic2018/ISIC_0013340.npz
isic2018,ISIC_0013340,lime,border_default,20,0.0011327594019027792,0.0022629554197777183,0.00128310026777697,1.2879862552736807,0.03019781377626985,0.0009964923469387755,0.8797034438775511,/home/tbeliere/Projects/DCU/2026-mcm-XAI-skin-lesion/outputs/pilot/xai_maps/lime/isic2018_ISIC_0013340.npy,/home/tbeliere/Projects/DCU/2026-mcm-XAI-skin-lesion/outputs/pilot/pseudo_concepts/npz/isic2018/ISIC_0013340.npz
isic2018,ISIC_0013340,lime,border_w8_dil2_sigma5,20,0.0011327594019027792,0.0022629554197777183,0.00128310026777697,1.2879862552736807,0.03019781377626985,0.0009964923469387755,0.8797034438775511,/home/tbeliere/Projects/DCU/2026-mcm-XAI-skin-lesion/outputs/pilot/xai_maps/lime/isic2018_ISIC_0013340.npy,/home/tbeliere/Projects/DCU/2026-mcm-XAI-skin-lesion/outputs/pilot/pseudo_concepts/npz/isic2018/ISIC_0013340.npz
isic2018,ISIC_0013340,lime,border_w12_dil4_sigma8,20,0.0014722203347599212,0.002940112176586996,0.0016922047009812213,1.1174099408623974,0.044453161186688676,0.0015146683673469387,0.8797034438775511,/home/tbeliere/Projects/DCU/2026-mcm-XAI-skin-lesion/outputs/pilot/xai_maps/lime/isic2018_ISIC_0013340.npy,/home/tbeliere/Projects/DCU/2026-mcm-XAI-skin-lesion/outputs/pilot/pseudo_concepts/npz/isic2018/ISIC_0013340.npz
isic2018,ISIC_0013340,lime,border_w16_dil6_sigma10,20,0.003487081946424952,0.00694992892117992,0.004091044332042513,1.160386187674019,0.061930339281471077,0.003527582908163265,0.8797034438775511,/home/tbeliere/Projects/DCU/2026-mcm-XAI-skin-lesion/outputs/pilot/xai_maps/lime/isic2018_ISIC_0013340.npy,/home/tbeliere/Projects/DCU/2026-mcm-XAI-skin-lesion/outputs/pilot/pseudo_concepts/npz/isic2018/ISIC_0013340.npz
isic2018,ISIC_0013340,lime,border_w16_dil6_sigma10_dist,20,0.0031700027171444687,0.006319971108702077,0.0036261529306740453,1.109824204575574,0.05140815966461931,0.003268494897959184,0.8797034438775511,/home/tbeliere/Projects/DCU/2026-mcm-XAI-skin-lesion/outputs/pilot/xai_maps/lime/isic2018_ISIC_0013340.npy,/home/tbeliere/Projects/DCU/2026-mcm-XAI-skin-lesion/outputs/pilot/pseudo_concepts/npz/isic2018/ISIC_0013340.npz
isic2018,ISIC_0013340,lime,colour_heterogeneity,20,0.004755757863984248,0.00946649536817692,0.006452692650994327,1.4290695283289838,0.10511316231404128,0.004524075255102041,0.8797034438775511,/home/tbeliere/Projects/DCU/2026-mcm-XAI-skin-lesion/outputs/pilot/xai_maps/lime/isic2018_ISIC_0013340.npy,/home/tbeliere/Projects/DCU/2026-mcm-XAI-skin-lesion/outputs/pilot/pseudo_concepts/npz/isic2018/ISIC_0013340.npz
isic2018,ISIC_0013340,shap,asymmetry,20,0.011368129695520592,0.02248069592413011,0.00751261779412266,1.94015600113874,0.068252668871123,0.0038863201530612247,0.20001594387755103,/home/tbeliere/Projects/DCU/2026-mcm-XAI-skin-lesion/outputs/pilot/xai_maps/shap/isic2018_ISIC_0013340.npy,/home/tbeliere/Projects/DCU/2026-mcm-XAI-skin-lesion/outputs/pilot/pseudo_concepts/npz/isic2018/ISIC_0013340.npz
isic2018,ISIC_0013340,shap,border_default,20,0.0024848424609855034,0.004957366646832284,0.0018469508785768458,1.8550313066979423,0.08314747718977487,0.0009964923469387755,0.20001594387755103,/home/tbeliere/Projects/DCU/2026-mcm-XAI-skin-lesion/outputs/pilot/xai_maps/shap/isic2018_ISIC_0013340.npy,/home/tbeliere/Projects/DCU/2026-mcm-XAI-skin-lesion/outputs/pilot/pseudo_concepts/npz/isic2018/ISIC_0013340.npz
isic2018,ISIC_0013340,shap,border_w8_dil2_sigma5,20,0.0024848424609855034,0.004957366646832284,0.0018469508785768458,1.8550313066979423,0.08314747718977487,0.0009964923469387755,0.20001594387755103,/home/tbeliere/Projects/DCU/2026-mcm-XAI-skin-lesion/outputs/pilot/xai_maps/shap/isic2018_ISIC_0013340.npy,/home/tbeliere/Projects/DCU/2026-mcm-XAI-skin-lesion/outputs/pilot/pseudo_concepts/npz/isic2018/ISIC_0013340.npz
isic2018,ISIC_0013340,shap,border_w12_dil4_sigma8,20,0.0038717363248249063,0.00771360759492908,0.002910385888102304,1.924156974440879,0.10721784233453927,0.0015146683673469387,0.20001594387755103,/home/tbeliere/Projects/DCU/2026-mcm-XAI-skin-lesion/outputs/pilot/xai_maps/shap/isic2018_ISIC_0013340.npy,/home/tbeliere/Projects/DCU/2026-mcm-XAI-skin-lesion/outputs/pilot/pseudo_concepts/npz/isic2018/ISIC_0013340.npz
isic2018,ISIC_0013340,shap,border_w16_dil6_sigma10,20,0.010088022945297113,0.019974542250053875,0.0068312588081515776,1.9429684579386,0.1249038031854647,0.003527582908163265,0.20001594387755103,/home/tbeliere/Projects/DCU/2026-mcm-XAI-skin-lesion/outputs/pilot/xai_maps/shap/isic2018_ISIC_0013340.npy,/home/tbeliere/Projects/DCU/2026-mcm-XAI-skin-lesion/outputs/pilot/pseudo_concepts/npz/isic2018/ISIC_0013340.npz
isic2018,ISIC_0013340,shap,border_w16_dil6_sigma10_dist,20,0.00900187951329607,0.017843137254884466,0.006360043435668957,1.9519173189088719,0.11771133210809577,0.003268494897959184,0.20001594387755103,/home/tbeliere/Projects/DCU/2026-mcm-XAI-skin-lesion/outputs/pilot/xai_maps/shap/isic2018_ISIC_0013340.npy,/home/tbeliere/Projects/DCU/2026-mcm-XAI-skin-lesion/outputs/pilot/pseudo_concepts/npz/isic2018/ISIC_0013340.npz
isic2018,ISIC_0013340,shap,colour_heterogeneity,20,0.013829892324396097,0.027282471012347966,0.009768610866820232,2.1706860827050476,0.1493018904378288,0.004524075255102041,0.20001594387755103,/home/tbeliere/Projects/DCU/2026-mcm-XAI-skin-lesion/outputs/pilot/xai_maps/shap/isic2018_ISIC_0013340.npy,/home/tbeliere/Projects/DCU/2026-mcm-XAI-skin-lesion/outputs/pilot/pseudo_concepts/npz/isic2018/ISIC_0013340.npz
isic2018,ISIC_0013275,gradcam,asymmetry,20,0.0010562818877548916,0.0021103346672236936,0.0036101284551014394,3.4265294042947945,0.021575275040398967,0.0010562818877551021,1.0,/home/tbeliere/Projects/DCU/2026-mcm-XAI-skin-lesion/outputs/pilot/xai_maps/gradcam/isic2018_ISIC_0013275.npy,/home/tbeliere/Projects/DCU/2026-mcm-XAI-skin-lesion/outputs/pilot/pseudo_concepts/npz/isic2018/ISIC_0013275.npz
isic2018,ISIC_0013275,gradcam,border_default,20,0.0018933354591832963,0.003779515028544533,0.0032090030712012795,1.6971308759728334,0.013122734607534308,0.0018933354591836734,1.0,/home/tbeliere/Projects/DCU/2026-mcm-XAI-skin-lesion/outputs/pilot/xai_maps/gradcam/isic2018_ISIC_0013275.npy,/home/tbeliere/Projects/DCU/2026-mcm-XAI-skin-lesion/outputs/pilot/pseudo_concepts/npz/isic2018/ISIC_0013275.npz
isic2018,ISIC_0013275,gradcam,border_w8_dil2_sigma5,20,0.0018933354591832963,0.003779515028544533,0.0032090030712012795,1.6971308759728334,0.013122734607534308,0.0018933354591836734,1.0,/home/tbeliere/Projects/DCU/2026-mcm-XAI-skin-lesion/outputs/pilot/xai_maps/gradcam/isic2018_ISIC_0013275.npy,/home/tbeliere/Projects/DCU/2026-mcm-XAI-skin-lesion/outputs/pilot/pseudo_concepts/npz/isic2018/ISIC_0013275.npz
isic2018,ISIC_0013275,gradcam,border_w12_dil4_sigma8,20,0.00440449617346851,0.008770363315274964,0.004011253839001599,0.9103583218174826,0.004277759384181863,0.004404496173469388,1.0,/home/tbeliere/Projects/DCU/2026-mcm-XAI-skin-lesion/outputs/pilot/xai_maps/gradcam/isic2018_ISIC_0013275.npy,/home/tbeliere/Projects/DCU/2026-mcm-XAI-skin-lesion/outputs/pilot/pseudo_concepts/npz/isic2018/ISIC_0013275.npz
isic2018,ISIC_0013275,gradcam,border_w16_dil6_sigma10,20,0.005141900510203057,0.010231193242651737,0.0032090030712012795,0.6228786389227339,-0.005095804665914604,0.005141900510204082,1.0,/home/tbeliere/Projects/DCU/2026-mcm-XAI-skin-lesion/outputs/pilot/xai_maps/gradcam/isic2018_ISIC_0013275.npy,/home/tbeliere/Projects/DCU/2026-mcm-XAI-skin-lesion/outputs/pilot/pseudo_concepts/npz/isic2018/ISIC_0013275.npz
isic2018,ISIC_0013275,gradcam,border_w16_dil6_sigma10_dist,20,0.00414540816326448,0.008256589393456602,0.0028078776873011195,0.6764379420658537,-0.0011766763221718922,0.004145408163265306,1.0,/home/tbeliere/Projects/DCU/2026-mcm-XAI-skin-lesion/outputs/pilot/xai_maps/gradcam/isic2018_ISIC_0013275.npy,/home/tbeliere/Projects/DCU/2026-mcm-XAI-skin-lesion/outputs/pilot/pseudo_concepts/npz/isic2018/ISIC_0013275.npz
isic2018,ISIC_0013275,gradcam,colour_heterogeneity,20,0.0026506696428566148,0.0052873243356049045,0.014039388436505597,5.3577234286362945,0.03772248508538891,0.002650669642857143,1.0,/home/tbeliere/Projects/DCU/2026-mcm-XAI-skin-lesion/outputs/pilot/xai_maps/gradcam/isic2018_ISIC_0013275.npy,/home/tbeliere/Projects/DCU/2026-mcm-XAI-skin-lesion/outputs/pilot/pseudo_concepts/npz/isic2018/ISIC_0013275.npz
isic2018,ISIC_0013275,lime,asymmetry,20,0.0016861826697876475,0.0033666884877926054,0.0012809179310464627,1.2129394668930293,0.013755103666319842,0.0010562818877551021,0.21205357142857142,/home/tbeliere/Projects/DCU/2026-mcm-XAI-skin-lesion/outputs/pilot/xai_maps/lime/isic2018_ISIC_0013275.npy,/home/tbeliere/Projects/DCU/2026-mcm-XAI-skin-lesion/outputs/pilot/pseudo_concepts/npz/isic2018/ISIC_0013275.npz
isic2018,ISIC_0013275,lime,border_default,20,0.003177273152038896,0.006334420121093307,0.00232730159302808,1.2297418644894496,0.06348608359817287,0.0018933354591836734,0.21205357142857142,/home/tbeliere/Projects/DCU/2026-mcm-XAI-skin-lesion/outputs/pilot/xai_maps/lime/isic2018_ISIC_0013275.npy,/home/tbeliere/Projects/DCU/2026-mcm-XAI-skin-lesion/outputs/pilot/pseudo_concepts/npz/isic2018/ISIC_0013275.npz
isic2018,ISIC_0013275,lime,border_w8_dil2_sigma5,20,0.003177273152038896,0.006334420121093307,0.00232730159302808,1.2297418644894496,0.06348608359817287,0.0018933354591836734,0.21205357142857142,/home/tbeliere/Projects/DCU/2026-mcm-XAI-skin-lesion/outputs/pilot/xai_maps/lime/isic2018_ISIC_0013275.npy,/home/tbeliere/Projects/DCU/2026-mcm-XAI-skin-lesion/outputs/pilot/pseudo_concepts/npz/isic2018/ISIC_0013275.npz
isic2018,ISIC_0013275,lime,border_w12_dil4_sigma8,20,0.013058483350421547,0.02578031488810811,0.00651283624095455,1.4818169555532883,0.10272081999805928,0.004404496173469388,0.21205357142857142,/home/tbeliere/Projects/DCU/2026-mcm-XAI-skin-lesion/outputs/pilot/xai_maps/lime/isic2018_ISIC_0013275.npy,/home/tbeliere/Projects/DCU/2026-mcm-XAI-skin-lesion/outputs/pilot/pseudo_concepts/npz/isic2018/ISIC_0013275.npz
isic2018,ISIC_0013275,lime,border_w16_dil6_sigma10,20,0.016794178018271322,0.0330335841438493,0.007902000757723248,1.5410614717503526,0.11947853929934027,0.005141900510204082,0.21205357142857142,/home/tbeliere/Projects/DCU/2026-mcm-XAI-skin-lesion/outputs/pilot/xai_maps/lime/isic2018_ISIC_0013275.npy,/home/tbeliere/Projects/DCU/2026-mcm-XAI-skin-lesion/outputs/pilot/pseudo_concepts/npz/isic2018/ISIC_0013275.npz
isic2018,ISIC_0013275,lime,border_w16_dil6_sigma10_dist,20,0.012412505832932885,0.024520648967529018,0.006152014288547095,1.4870514401703352,0.1060456222972064,0.004145408163265306,0.21205357142857142,/home/tbeliere/Projects/DCU/2026-mcm-XAI-skin-lesion/outputs/pilot/xai_maps/lime/isic2018_ISIC_0013275.npy,/home/tbeliere/Projects/DCU/2026-mcm-XAI-skin-lesion/outputs/pilot/pseudo_concepts/npz/isic2018/ISIC_0013275.npz
isic2018,ISIC_0013275,lime,colour_heterogeneity,20,0.005225342913123798,0.010396361273544605,0.003409767450250443,1.287359350897224,0.1184671408250886,0.002650669642857143,0.21205357142857142,/home/tbeliere/Projects/DCU/2026-mcm-XAI-skin-lesion/outputs/pilot/xai_maps/lime/isic2018_ISIC_0013275.npy,/home/tbeliere/Projects/DCU/2026-mcm-XAI-skin-lesion/outputs/pilot/pseudo_concepts/npz/isic2018/ISIC_0013275.npz
isic2018,ISIC_0013275,shap,asymmetry,20,0.0032816229116912473,0.006541778174242697,0.002143929794995938,2.0319067125757813,0.03477720749950945,0.0010562818877551021,0.20001594387755103,/home/tbeliere/Projects/DCU/2026-mcm-XAI-skin-lesion/outputs/pilot/xai_maps/shap/isic2018_ISIC_0013275.npy,/home/tbeliere/Projects/DCU/2026-mcm-XAI-skin-lesion/outputs/pilot/pseudo_concepts/npz/isic2018/ISIC_0013275.npz
isic2018,ISIC_0013275,shap,border_default,20,0.006057596822238274,0.012042246569921979,0.0036942097536064684,1.9546912308467634,0.08323242849383819,0.0018933354591836734,0.20001594387755103,/home/tbeliere/Projects/DCU/2026-mcm-XAI-skin-lesion/outputs/pilot/xai_maps/shap/isic2018_ISIC_0013275.npy,/home/tbeliere/Projects/DCU/2026-mcm-XAI-skin-lesion/outputs/pilot/pseudo_concepts/npz/isic2018/ISIC_0013275.npz
isic2018,ISIC_0013275,shap,border_w8_dil2_sigma5,20,0.006057596822238274,0.012042246569921979,0.0036942097536064684,1.9546912308467634,0.08323242849383819,0.0018933354591836734,0.20001594387755103,/home/tbeliere/Projects/DCU/2026-mcm-XAI-skin-lesion/outputs/pilot/xai_maps/shap/isic2018_ISIC_0013275.npy,/home/tbeliere/Projects/DCU/2026-mcm-XAI-skin-lesion/outputs/pilot/pseudo_concepts/npz/isic2018/ISIC_0013275.npz
isic2018,ISIC_0013275,shap,border_w12_dil4_sigma8,20,0.013637711236274693,0.026908452763939834,0.009371676574221128,2.1384205497540525,0.11581532325834791,0.004404496173469388,0.20001594387755103,/home/tbeliere/Projects/DCU/2026-mcm-XAI-skin-lesion/outputs/pilot/xai_maps/shap/isic2018_ISIC_0013275.npy,/home/tbeliere/Projects/DCU/2026-mcm-XAI-skin-lesion/outputs/pilot/pseudo_concepts/npz/isic2018/ISIC_0013275.npz
isic2018,ISIC_0013275,shap,border_w16_dil6_sigma10,20,0.016992689191842526,0.03341752477167921,0.011319645444685894,2.215206866567434,0.1360183057001146,0.005141900510204082,0.20001594387755103,/home/tbeliere/Projects/DCU/2026-mcm-XAI-skin-lesion/outputs/pilot/xai_maps/shap/isic2018_ISIC_0013275.npy,/home/tbeliere/Projects/DCU/2026-mcm-XAI-skin-lesion/outputs/pilot/pseudo_concepts/npz/isic2018/ISIC_0013275.npz
isic2018,ISIC_0013275,shap,border_w16_dil6_sigma10_dist,20,0.01305379746834152,0.025771183131564065,0.008950795080359744,2.1696758158217673,0.12111521593585897,0.004145408163265306,0.20001594387755103,/home/tbeliere/Projects/DCU/2026-mcm-XAI-skin-lesion/outputs/pilot/xai_maps/shap/isic2018_ISIC_0013275.npy,/home/tbeliere/Projects/DCU/2026-mcm-XAI-skin-lesion/outputs/pilot/pseudo_concepts/npz/isic2018/ISIC_0013275.npz
isic2018,ISIC_0013275,shap,colour_heterogeneity,20,0.00943021639864063,0.01868423640474119,0.0066394665309785,2.514883480230758,0.18214988206501065,0.002650669642857143,0.20001594387755103,/home/tbeliere/Projects/DCU/2026-mcm-XAI-skin-lesion/outputs/pilot/xai_maps/shap/isic2018_ISIC_0013275.npy,/home/tbeliere/Projects/DCU/2026-mcm-XAI-skin-lesion/outputs/pilot/pseudo_concepts/npz/isic2018/ISIC_0013275.npz
isic2018,ISIC_0012677,gradcam,asymmetry,20,0.00103635204081612,0.0020705582543597057,0.024836984106877253,24.550702563633376,0.19116003190964773,0.0010363520408163266,1.0,/home/tbeliere/Projects/DCU/2026-mcm-XAI-skin-lesion/outputs/pilot/xai_maps/gradcam/isic2018_ISIC_0012677.npy,/home/tbeliere/Projects/DCU/2026-mcm-XAI-skin-lesion/outputs/pilot/pseudo_concepts/npz/isic2018/ISIC_0012677.npz
isic2018,ISIC_0012677,gradcam,border_default,20,0.002212213010203641,0.004414659852446077,0.051621966967235075,24.55072179046223,0.41257978690577984,0.0022122130102040817,1.0,/home/tbeliere/Projects/DCU/2026-mcm-XAI-skin-lesion/outputs/pilot/xai_maps/gradcam/isic2018_ISIC_0012677.npy,/home/tbeliere/Projects/DCU/2026-mcm-XAI-skin-lesion/outputs/pilot/pseudo_concepts/npz/isic2018/ISIC_0012677.npz
isic2018,ISIC_0012677,gradcam,border_w8_dil2_sigma5,20,0.002212213010203641,0.004414659852446077,0.051621966967235075,24.55072179046223,0.41257978690577984,0.0022122130102040817,1.0,/home/tbeliere/Projects/DCU/2026-mcm-XAI-skin-lesion/outputs/pilot/xai_maps/gradcam/isic2018_ISIC_0012677.npy,/home/tbeliere/Projects/DCU/2026-mcm-XAI-skin-lesion/outputs/pilot/pseudo_concepts/npz/isic2018/ISIC_0012677.npz
isic2018,ISIC_0012677,gradcam,border_w12_dil4_sigma8,20,0.0034279336734687046,0.006832446174623256,0.08132894795781374,25.73720241680981,0.4768847641563883,0.0034279336734693877,1.0,/home/tbeliere/Projects/DCU/2026-mcm-XAI-skin-lesion/outputs/pilot/xai_maps/gradcam/isic2018_ISIC_0012677.npy,/home/tbeliere/Projects/DCU/2026-mcm-XAI-skin-lesion/outputs/pilot/pseudo_concepts/npz/isic2018/ISIC_0012677.npz
isic2018,ISIC_0012677,gradcam,border_w16_dil6_sigma10,20,0.0045639349489786825,0.00908640015871261,0.10908793019491185,26.706420095045843,0.5247387730781236,0.0045639349489795915,1.0,/home/tbeliere/Projects/DCU/2026-mcm-XAI-skin-lesion/outputs/pilot/xai_maps/gradcam/isic2018_ISIC_0012677.npy,/home/tbeliere/Projects/DCU/2026-mcm-XAI-skin-lesion/outputs/pilot/pseudo_concepts/npz/isic2018/ISIC_0012677.npz
isic2018,ISIC_0012677,gradcam,border_w16_dil6_sigma10_dist,20,0.003547512755101334,0.0070699447908791615,0.0842509460880346,25.842283870142637,0.4952794266871092,0.003547512755102041,1.0,/home/tbeliere/Projects/DCU/2026-mcm-XAI-skin-lesion/outputs/pilot/xai_maps/gradcam/isic2018_ISIC_0012677.npy,/home/tbeliere/Projects/DCU/2026-mcm-XAI-skin-lesion/outputs/pilot/pseudo_concepts/npz/isic2018/ISIC_0012677.npz
isic2018,ISIC_0012677,gradcam,colour_heterogeneity,20,0.00181361607142821,0.0036206656454525594,0.04188197319983223,24.058820846637254,0.4976023726622802,0.0018136160714285715,1.0,/home/tbeliere/Projects/DCU/2026-mcm-XAI-skin-lesion/outputs/pilot/xai_maps/gradcam/isic2018_ISIC_0012677.npy,/home/tbeliere/Projects/DCU/2026-mcm-XAI-skin-lesion/outputs/pilot/pseudo_concepts/npz/isic2018/ISIC_0012677.npz
isic2018,ISIC_0012677,lime,asymmetry,20,0.0009776417580547102,0.0019533738162975174,0.001294005034210907,1.2489374389282701,0.018626698226303872,0.0010363520408163266,0.9376195790816326,/home/tbeliere/Projects/DCU/2026-mcm-XAI-skin-lesion/outputs/pilot/xai_maps/lime/isic2018_ISIC_0012677.npy,/home/tbeliere/Projects/DCU/2026-mcm-XAI-skin-lesion/outputs/pilot/pseudo_concepts/npz/isic2018/ISIC_0012677.npz
isic2018,ISIC_0012677,lime,border_default,20,0.0022102735213477974,0.004410797972728458,0.00311979295919342,1.411542743824598,0.08462976320611651,0.0022122130102040817,0.9376195790816326,/home/tbeliere/Projects/DCU/2026-mcm-XAI-skin-lesion/outputs/pilot/xai_maps/lime/isic2018_ISIC_0012677.npy,/home/tbeliere/Projects/DCU/2026-mcm-XAI-skin-lesion/outputs/pilot/pseudo_concepts/npz/isic2018/ISIC_0012677.npz
isic2018,ISIC_0012677,lime,border_w8_dil2_sigma5,20,0.0022102735213477974,0.004410797972728458,0.00311979295919342,1.411542743824598,0.08462976320611651,0.0022122130102040817,0.9376195790816326,/home/tbeliere/Projects/DCU/2026-mcm-XAI-skin-lesion/outputs/pilot/xai_maps/lime/isic2018_ISIC_0012677.npy,/home/tbeliere/Projects/DCU/2026-mcm-XAI-skin-lesion/outputs/pilot/pseudo_concepts/npz/isic2018/ISIC_0012677.npz
isic2018,ISIC_0012677,lime,border_w12_dil4_sigma8,20,0.003442706562393012,0.006861789995339307,0.005193746233202682,1.5178138631855638,0.10955735714110816,0.0034279336734693877,0.9376195790816326,/home/tbeliere/Projects/DCU/2026-mcm-XAI-skin-lesion/outputs/pilot/xai_maps/lime/isic2018_ISIC_0012677.npy,/home/tbeliere/Projects/DCU/2026-mcm-XAI-skin-lesion/outputs/pilot/pseudo_concepts/npz/isic2018/ISIC_0012677.npz
isic2018,ISIC_0012677,lime,border_w16_dil6_sigma10,20,0.004654029241753516,0.009264939185614118,0.007179069025416677,1.577143210504071,0.1267453468581902,0.0045639349489795915,0.9376195790816326,/home/tbeliere/Projects/DCU/2026-mcm-XAI-skin-lesion/outputs/pilot/xai_maps/lime/isic2018_ISIC_0012677.npy,/home/tbeliere/Projects/DCU/2026-mcm-XAI-skin-lesion/outputs/pilot/pseudo_concepts/npz/isic2018/ISIC_0012677.npz
isic2018,ISIC_0012677,lime,border_w16_dil6_sigma10_dist,20,0.003570214212852013,0.007115026257833493,0.0053355550040751105,1.5067306002110505,0.11362269164218317,0.003547512755102041,0.9376195790816326,/home/tbeliere/Projects/DCU/2026-mcm-XAI-skin-lesion/outputs/pilot/xai_maps/lime/isic2018_ISIC_0012677.npy,/home/tbeliere/Projects/DCU/2026-mcm-XAI-skin-lesion/outputs/pilot/pseudo_concepts/npz/isic2018/ISIC_0012677.npz
isic2018,ISIC_0012677,lime,colour_heterogeneity,20,0.0017639308029069232,0.0035216496595024036,0.0025171056829856003,1.3888721412403906,0.11437633942325325,0.0018136160714285715,0.9376195790816326,/home/tbeliere/Projects/DCU/2026-mcm-XAI-skin-lesion/outputs/pilot/xai_maps/lime/isic2018_ISIC_0012677.npy,/home/tbeliere/Projects/DCU/2026-mcm-XAI-skin-lesion/outputs/pilot/pseudo_concepts/npz/isic2018/ISIC_0012677.npz
isic2018,ISIC_0012677,shap,asymmetry,20,0.0029827003380364057,0.005947660586829948,0.002387939964240358,2.307299525768299,0.03913548453392392,0.0010363520408163266,0.20001594387755103,/home/tbeliere/Projects/DCU/2026-mcm-XAI-skin-lesion/outputs/pilot/xai_maps/shap/isic2018_ISIC_0012677.npy,/home/tbeliere/Projects/DCU/2026-mcm-XAI-skin-lesion/outputs/pilot/pseudo_concepts/npz/isic2018/ISIC_0012677.npz
isic2018,ISIC_0012677,shap,border_default,20,0.006147744174510512,0.012220360697731131,0.00421406627742629,1.9087388336919304,0.06680908487085055,0.0022122130102040817,0.20001594387755103,/home/tbeliere/Projects/DCU/2026-mcm-XAI-skin-lesion/outputs/pilot/xai_maps/shap/isic2018_ISIC_0012677.npy,/home/tbeliere/Projects/DCU/2026-mcm-XAI-skin-lesion/outputs/pilot/pseudo_concepts/npz/isic2018/ISIC_0012677.npz
isic2018,ISIC_0012677,shap,border_w8_dil2_sigma5,20,0.006147744174510512,0.012220360697731131,0.00421406627742629,1.9087388336919304,0.06680908487085055,0.0022122130102040817,0.20001594387755103,/home/tbeliere/Projects/DCU/2026-mcm-XAI-skin-lesion/outputs/pilot/xai_maps/shap/isic2018_ISIC_0012677.npy,/home/tbeliere/Projects/DCU/2026-mcm-XAI-skin-lesion/outputs/pilot/pseudo_concepts/npz/isic2018/ISIC_0012677.npz
isic2018,ISIC_0012677,shap,border_w12_dil4_sigma8,20,0.009294047854449976,0.018416927899668478,0.00639311053815997,1.8705692547700192,0.08542317384316356,0.0034279336734693877,0.20001594387755103,/home/tbeliere/Projects/DCU/2026-mcm-XAI-skin-lesion/outputs/pilot/xai_maps/shap/isic2018_ISIC_0012677.npy,/home/tbeliere/Projects/DCU/2026-mcm-XAI-skin-lesion/outputs/pilot/pseudo_concepts/npz/isic2018/ISIC_0012677.npz
isic2018,ISIC_0012677,shap,border_w16_dil6_sigma10,20,0.013326752221112213,0.02630297126154281,0.009273576462394066,2.0415844641586847,0.10444201211660079,0.0045639349489795915,0.20001594387755103,/home/tbeliere/Projects/DCU/2026-mcm-XAI-skin-lesion/outputs/pilot/xai_maps/shap/isic2018_ISIC_0012677.npy,/home/tbeliere/Projects/DCU/2026-mcm-XAI-skin-lesion/outputs/pilot/pseudo_concepts/npz/isic2018/ISIC_0012677.npz
isic2018,ISIC_0012677,shap,border_w16_dil6_sigma10_dist,20,0.009288537549397936,0.01840610926177951,0.00651959121881551,1.843289509491619,0.09204763960062641,0.003547512755102041,0.20001594387755103,/home/tbeliere/Projects/DCU/2026-mcm-XAI-skin-lesion/outputs/pilot/xai_maps/shap/isic2018_ISIC_0012677.npy,/home/tbeliere/Projects/DCU/2026-mcm-XAI-skin-lesion/outputs/pilot/pseudo_concepts/npz/isic2018/ISIC_0012677.npz
isic2018,ISIC_0012677,shap,colour_heterogeneity,20,0.005560520305823095,0.011059543793807584,0.004502159616287976,2.489125079218388,0.12695298341185748,0.0018136160714285715,0.20001594387755103,/home/tbeliere/Projects/DCU/2026-mcm-XAI-skin-lesion/outputs/pilot/xai_maps/shap/isic2018_ISIC_0012677.npy,/home/tbeliere/Projects/DCU/2026-mcm-XAI-skin-lesion/outputs/pilot/pseudo_concepts/npz/isic2018/ISIC_0012677.npz
isic2018,ISIC_0013065,gradcam,asymmetry,20,0.0,0.0,0.0,0.0,-0.01784862922992545,0.002072704081632653,0.20408163265306123,/home/tbeliere/Projects/DCU/2026-mcm-XAI-skin-lesion/outputs/pilot/xai_maps/gradcam/isic2018_ISIC_0013065.npy,/home/tbeliere/Projects/DCU/2026-mcm-XAI-skin-lesion/outputs/pilot/pseudo_concepts/npz/isic2018/ISIC_0013065.npz
isic2018,ISIC_0013065,gradcam,border_default,20,0.0,0.0,0.0,0.0,-0.027632249114436406,0.0015146683673469387,0.20408163265306123,/home/tbeliere/Projects/DCU/2026-mcm-XAI-skin-lesion/outputs/pilot/xai_maps/gradcam/isic2018_ISIC_0013065.npy,/home/tbeliere/Projects/DCU/2026-mcm-XAI-skin-lesion/outputs/pilot/pseudo_concepts/npz/isic2018/ISIC_0013065.npz
isic2018,ISIC_0013065,gradcam,border_w8_dil2_sigma5,20,0.0,0.0,0.0,0.0,-0.027632249114436406,0.0015146683673469387,0.20408163265306123,/home/tbeliere/Projects/DCU/2026-mcm-XAI-skin-lesion/outputs/pilot/xai_maps/gradcam/isic2018_ISIC_0013065.npy,/home/tbeliere/Projects/DCU/2026-mcm-XAI-skin-lesion/outputs/pilot/pseudo_concepts/npz/isic2018/ISIC_0013065.npz
isic2018,ISIC_0013065,gradcam,border_w12_dil4_sigma8,20,0.0,0.0,0.0,0.0,-0.033369883962183405,0.0027104591836734694,0.20408163265306123,/home/tbeliere/Projects/DCU/2026-mcm-XAI-skin-lesion/outputs/pilot/xai_maps/gradcam/isic2018_ISIC_0013065.npy,/home/tbeliere/Projects/DCU/2026-mcm-XAI-skin-lesion/outputs/pilot/pseudo_concepts/npz/isic2018/ISIC_0013065.npz
isic2018,ISIC_0013065,gradcam,border_w16_dil6_sigma10,20,0.0,0.0,0.0,0.0,-0.037238255788327145,0.0042849170918367345,0.20408163265306123,/home/tbeliere/Projects/DCU/2026-mcm-XAI-skin-lesion/outputs/pilot/xai_maps/gradcam/isic2018_ISIC_0013065.npy,/home/tbeliere/Projects/DCU/2026-mcm-XAI-skin-lesion/outputs/pilot/pseudo_concepts/npz/isic2018/ISIC_0013065.npz
isic2018,ISIC_0013065,gradcam,border_w16_dil6_sigma10_dist,20,0.0,0.0,0.0,0.0,-0.0348704737851158,0.0033482142857142855,0.20408163265306123,/home/tbeliere/Projects/DCU/2026-mcm-XAI-skin-lesion/outputs/pilot/xai_maps/gradcam/isic2018_ISIC_0013065.npy,/home/tbeliere/Projects/DCU/2026-mcm-XAI-skin-lesion/outputs/pilot/pseudo_concepts/npz/isic2018/ISIC_0013065.npz
isic2018,ISIC_0013065,gradcam,colour_heterogeneity,20,0.0,0.0,0.0,0.0,-0.038534937271835275,0.0024713010204081634,0.20408163265306123,/home/tbeliere/Projects/DCU/2026-mcm-XAI-skin-lesion/outputs/pilot/xai_maps/gradcam/isic2018_ISIC_0013065.npy,/home/tbeliere/Projects/DCU/2026-mcm-XAI-skin-lesion/outputs/pilot/pseudo_concepts/npz/isic2018/ISIC_0013065.npz
isic2018,ISIC_0013065,lime,asymmetry,20,0.0011509963311983663,0.0022993461234444928,0.001979193098197757,0.9547950569159851,-0.004150172115456986,0.002072704081632653,0.27529097576530615,/home/tbeliere/Projects/DCU/2026-mcm-XAI-skin-lesion/outputs/pilot/xai_maps/lime/isic2018_ISIC_0013065.npy,/home/tbeliere/Projects/DCU/2026-mcm-XAI-skin-lesion/outputs/pilot/pseudo_concepts/npz/isic2018/ISIC_0013065.npz
isic2018,ISIC_0013065,lime,border_default,20,0.0010811590024498478,0.0021599827201366838,0.001488623868729937,0.9827794559254898,-0.006903839461929331,0.0015146683673469387,0.27529097576530615,/home/tbeliere/Projects/DCU/2026-mcm-XAI-skin-lesion/outputs/pilot/xai_maps/lime/isic2018_ISIC_0013065.npy,/home/tbeliere/Projects/DCU/2026-mcm-XAI-skin-lesion/outputs/pilot/pseudo_concepts/npz/isic2018/ISIC_0013065.npz
isic2018,ISIC_0013065,lime,border_w8_dil2_sigma5,20,0.0010811590024498478,0.0021599827201366838,0.001488623868729937,0.9827794559254898,-0.006903839461929331,0.0015146683673469387,0.27529097576530615,/home/tbeliere/Projects/DCU/2026-mcm-XAI-skin-lesion/outputs/pilot/xai_maps/lime/isic2018_ISIC_0013065.npy,/home/tbeliere/Projects/DCU/2026-mcm-XAI-skin-lesion/outputs/pilot/pseudo_concepts/npz/isic2018/ISIC_0013065.npz
isic2018,ISIC_0013065,lime,border_w12_dil4_sigma8,20,0.0022993461234444928,0.004588142519173713,0.002774253573542155,1.023601766434607,-0.00996113199543863,0.0027104591836734694,0.27529097576530615,/home/tbeliere/Projects/DCU/2026-mcm-XAI-skin-lesion/outputs/pilot/xai_maps/lime/isic2018_ISIC_0013065.npy,/home/tbeliere/Projects/DCU/2026-mcm-XAI-skin-lesion/outputs/pilot/pseudo_concepts/npz/isic2018/ISIC_0013065.npz
isic2018,ISIC_0013065,lime,border_w16_dil6_sigma10,20,0.0027879047823269796,0.005560307955513572,0.004229045081619139,0.9869053843774754,-0.014275302065200654,0.0042849170918367345,0.27529097576530615,/home/tbeliere/Projects/DCU/2026-mcm-XAI-skin-lesion/outputs/pilot/xai_maps/lime/isic2018_ISIC_0013065.npy,/home/tbeliere/Projects/DCU/2026-mcm-XAI-skin-lesion/outputs/pilot/pseudo_concepts/npz/isic2018/ISIC_0013065.npz
isic2018,ISIC_0013065,lime,border_w16_dil6_sigma10_dist,20,0.0022940712595868563,0.0045776410843254576,0.003315571343989405,0.9902181138782653,-0.01218707306071848,0.0033482142857142855,0.27529097576530615,/home/tbeliere/Projects/DCU/2026-mcm-XAI-skin-lesion/outputs/pilot/xai_maps/lime/isic2018_ISIC_0013065.npy,/home/tbeliere/Projects/DCU/2026-mcm-XAI-skin-lesion/outputs/pilot/pseudo_concepts/npz/isic2018/ISIC_0013065.npz
isic2018,ISIC_0013065,lime,colour_heterogeneity,20,0.0,0.0,0.002097606360483093,0.8484684178950972,-0.02591948100747158,0.0024713010204081634,0.27529097576530615,/home/tbeliere/Projects/DCU/2026-mcm-XAI-skin-lesion/outputs/pilot/xai_maps/lime/isic2018_ISIC_0013065.npy,/home/tbeliere/Projects/DCU/2026-mcm-XAI-skin-lesion/outputs/pilot/pseudo_concepts/npz/isic2018/ISIC_0013065.npz
isic2018,ISIC_0013065,shap,asymmetry,20,0.008654133094590018,0.017159763313592542,0.006635996114000669,3.2163201392522707,0.08731280640253755,0.002072704081632653,0.20001594387755103,/home/tbeliere/Projects/DCU/2026-mcm-XAI-skin-lesion/outputs/pilot/xai_maps/shap/isic2018_ISIC_0013065.npy,/home/tbeliere/Projects/DCU/2026-mcm-XAI-skin-lesion/outputs/pilot/pseudo_concepts/npz/isic2018/ISIC_0013065.npz
isic2018,ISIC_0013065,shap,border_default,20,0.006269280525419176,0.01246044303796236,0.004459067144737418,2.9526295599854797,0.13108910015506178,0.0015146683673469387,0.20001594387755103,/home/tbeliere/Projects/DCU/2026-mcm-XAI-skin-lesion/outputs/pilot/xai_maps/shap/isic2018_ISIC_0013065.npy,/home/tbeliere/Projects/DCU/2026-mcm-XAI-skin-lesion/outputs/pilot/pseudo_concepts/npz/isic2018/ISIC_0013065.npz
isic2018,ISIC_0013065,shap,border_w8_dil2_sigma5,20,0.006269280525419176,0.01246044303796236,0.004459067144737418,2.9526295599854797,0.13108910015506178,0.0015146683673469387,0.20001594387755103,/home/tbeliere/Projects/DCU/2026-mcm-XAI-skin-lesion/outputs/pilot/xai_maps/shap/isic2018_ISIC_0013065.npy,/home/tbeliere/Projects/DCU/2026-mcm-XAI-skin-lesion/outputs/pilot/pseudo_concepts/npz/isic2018/ISIC_0013065.npz
isic2018,ISIC_0013065,shap,border_w12_dil4_sigma8,20,0.011434821517339728,0.022611089264625822,0.0076853007517533375,2.849638117388302,0.16689195387685732,0.0027104591836734694,0.20001594387755103,/home/tbeliere/Projects/DCU/2026-mcm-XAI-skin-lesion/outputs/pilot/xai_maps/shap/isic2018_ISIC_0013065.npy,/home/tbeliere/Projects/DCU/2026-mcm-XAI-skin-lesion/outputs/pilot/pseudo_concepts/npz/isic2018/ISIC_0013065.npz
isic2018,ISIC_0013065,shap,border_w16_dil6_sigma10,20,0.01797418073483816,0.03531362793870323,0.01269579169003654,2.9881428809784456,0.19772636567859486,0.0042849170918367345,0.20001594387755103,/home/tbeliere/Projects/DCU/2026-mcm-XAI-skin-lesion/outputs/pilot/xai_maps/shap/isic2018_ISIC_0013065.npy,/home/tbeliere/Projects/DCU/2026-mcm-XAI-skin-lesion/outputs/pilot/pseudo_concepts/npz/isic2018/ISIC_0013065.npz
isic2018,ISIC_0013065,shap,border_w16_dil6_sigma10_dist,20,0.014011726125395993,0.027636221089741633,0.009913664233983288,2.9805148054049075,0.17742436107595327,0.0033482142857142855,0.20001594387755103,/home/tbeliere/Projects/DCU/2026-mcm-XAI-skin-lesion/outputs/pilot/xai_maps/shap/isic2018_ISIC_0013065.npy,/home/tbeliere/Projects/DCU/2026-mcm-XAI-skin-lesion/outputs/pilot/pseudo_concepts/npz/isic2018/ISIC_0013065.npz
isic2018,ISIC_0013065,shap,colour_heterogeneity,20,0.01164990540673937,0.023031496062969455,0.012503357615388342,5.110821363123001,0.289093498615939,0.0024713010204081634,0.20001594387755103,/home/tbeliere/Projects/DCU/2026-mcm-XAI-skin-lesion/outputs/pilot/xai_maps/shap/isic2018_ISIC_0013065.npy,/home/tbeliere/Projects/DCU/2026-mcm-XAI-skin-lesion/outputs/pilot/pseudo_concepts/npz/isic2018/ISIC_0013065.npz
isic2018,ISIC_0016038,gradcam,asymmetry,20,0.0024713010204076707,0.004930417495028841,0.0,0.0,-0.014346451225636533,0.0024713010204081634,1.0,/home/tbeliere/Projects/DCU/2026-mcm-XAI-skin-lesion/outputs/pilot/xai_maps/gradcam/isic2018_ISIC_0016038.npy,/home/tbeliere/Projects/DCU/2026-mcm-XAI-skin-lesion/outputs/pilot/pseudo_concepts/npz/isic2018/ISIC_0016038.npz
isic2018,ISIC_0016038,gradcam,border_default,20,0.0009765624999998054,0.0019512195121947336,0.0,0.0,-0.02175125476954484,0.0009765625,1.0,/home/tbeliere/Projects/DCU/2026-mcm-XAI-skin-lesion/outputs/pilot/xai_maps/gradcam/isic2018_ISIC_0016038.npy,/home/tbeliere/Projects/DCU/2026-mcm-XAI-skin-lesion/outputs/pilot/pseudo_concepts/npz/isic2018/ISIC_0016038.npz
isic2018,ISIC_0016038,gradcam,border_w8_dil2_sigma5,20,0.0009765624999998054,0.0019512195121947336,0.0,0.0,-0.02175125476954484,0.0009765625,1.0,/home/tbeliere/Projects/DCU/2026-mcm-XAI-skin-lesion/outputs/pilot/xai_maps/gradcam/isic2018_ISIC_0016038.npy,/home/tbeliere/Projects/DCU/2026-mcm-XAI-skin-lesion/outputs/pilot/pseudo_concepts/npz/isic2018/ISIC_0016038.npz
isic2018,ISIC_0016038,gradcam,border_w12_dil4_sigma8,20,0.0037468112244890494,0.007465650067507056,0.0,0.0,-0.027779412305894036,0.0037468112244897957,1.0,/home/tbeliere/Projects/DCU/2026-mcm-XAI-skin-lesion/outputs/pilot/xai_maps/gradcam/isic2018_ISIC_0016038.npy,/home/tbeliere/Projects/DCU/2026-mcm-XAI-skin-lesion/outputs/pilot/pseudo_concepts/npz/isic2018/ISIC_0016038.npz
isic2018,ISIC_0016038,gradcam,border_w16_dil6_sigma10,20,0.004723373724488855,0.00940233669886549,0.0,0.0,-0.030910835087466584,0.004723373724489796,1.0,/home/tbeliere/Projects/DCU/2026-mcm-XAI-skin-lesion/outputs/pilot/xai_maps/gradcam/isic2018_ISIC_0016038.npy,/home/tbeliere/Projects/DCU/2026-mcm-XAI-skin-lesion/outputs/pilot/pseudo_concepts/npz/isic2018/ISIC_0016038.npz
isic2018,ISIC_0016038,gradcam,border_w16_dil6_sigma10_dist,20,0.003946109693876765,0.00786119823718429,0.0,0.0,-0.029148140216302635,0.003946109693877551,1.0,/home/tbeliere/Projects/DCU/2026-mcm-XAI-skin-lesion/outputs/pilot/xai_maps/gradcam/isic2018_ISIC_0016038.npy,/home/tbeliere/Projects/DCU/2026-mcm-XAI-skin-lesion/outputs/pilot/pseudo_concepts/npz/isic2018/ISIC_0016038.npz
isic2018,ISIC_0016038,gradcam,colour_heterogeneity,20,0.006377551020406893,0.0126742712294018,0.0,0.0,-0.03414522053657035,0.006377551020408163,1.0,/home/tbeliere/Projects/DCU/2026-mcm-XAI-skin-lesion/outputs/pilot/xai_maps/gradcam/isic2018_ISIC_0016038.npy,/home/tbeliere/Projects/DCU/2026-mcm-XAI-skin-lesion/outputs/pilot/pseudo_concepts/npz/isic2018/ISIC_0016038.npz
isic2018,ISIC_0016038,lime,asymmetry,20,0.002004510147832167,0.004001000250061606,0.0018372332478642315,0.7429553032888316,-0.025811639199890962,0.0024713010204081634,0.8742227359693877,/home/tbeliere/Projects/DCU/2026-mcm-XAI-skin-lesion/outputs/pilot/xai_maps/lime/isic2018_ISIC_0016038.npy,/home/tbeliere/Projects/DCU/2026-mcm-XAI-skin-lesion/outputs/pilot/pseudo_concepts/npz/isic2018/ISIC_0016038.npz
isic2018,ISIC_0016038,lime,border_default,20,0.0008660771264470631,0.0017306553718627932,0.0007671963013059428,0.785444372324851,0.0010692428610368807,0.0009765625,0.8742227359693877,/home/tbeliere/Projects/DCU/2026-mcm-XAI-skin-lesion/outputs/pilot/xai_maps/lime/isic2018_ISIC_0016038.npy,/home/tbeliere/Projects/DCU/2026-mcm-XAI-skin-lesion/outputs/pilot/pseudo_concepts/npz/isic2018/ISIC_0016038.npz
isic2018,ISIC_0016038,lime,border_w8_dil2_sigma5,20,0.0008660771264470631,0.0017306553718627932,0.0007671963013059428,0.785444372324851,0.0010692428610368807,0.0009765625,0.8742227359693877,/home/tbeliere/Projects/DCU/2026-mcm-XAI-skin-lesion/outputs/pilot/xai_maps/lime/isic2018_ISIC_0016038.npy,/home/tbeliere/Projects/DCU/2026-mcm-XAI-skin-lesion/outputs/pilot/pseudo_concepts/npz/isic2018/ISIC_0016038.npz
isic2018,ISIC_0016038,lime,border_w12_dil4_sigma8,20,0.003485193621867088,0.006946178466845176,0.003371625850476117,0.8995266294584532,0.040541502766075405,0.0037468112244897957,0.8742227359693877,/home/tbeliere/Projects/DCU/2026-mcm-XAI-skin-lesion/outputs/pilot/xai_maps/lime/isic2018_ISIC_0016038.npy,/home/tbeliere/Projects/DCU/2026-mcm-XAI-skin-lesion/outputs/pilot/pseudo_concepts/npz/isic2018/ISIC_0016038.npz
isic2018,ISIC_0016038,lime,border_w16_dil6_sigma10,20,0.004555601111565634,0.009069883451995586,0.0048858290767378465,1.0345627740519079,0.07298638942970034,0.004723373724489796,0.8742227359693877,/home/tbeliere/Projects/DCU/2026-mcm-XAI-skin-lesion/outputs/pilot/xai_maps/lime/isic2018_ISIC_0016038.npy,/home/tbeliere/Projects/DCU/2026-mcm-XAI-skin-lesion/outputs/pilot/pseudo_concepts/npz/isic2018/ISIC_0016038.npz
isic2018,ISIC_0016038,lime,border_w16_dil6_sigma10_dist,20,0.003735848196996803,0.007443887161562435,0.003613898366677994,0.915507566895289,0.052293546877906875,0.003946109693877551,0.8742227359693877,/home/tbeliere/Projects/DCU/2026-mcm-XAI-skin-lesion/outputs/pilot/xai_maps/lime/isic2018_ISIC_0016038.npy,/home/tbeliere/Projects/DCU/2026-mcm-XAI-skin-lesion/outputs/pilot/pseudo_concepts/npz/isic2018/ISIC_0016038.npz
isic2018,ISIC_0016038,lime,colour_heterogeneity,20,0.006514954782567596,0.01294556976349147,0.007833478023860679,1.2300917156307616,0.10828306808751112,0.006377551020408163,0.8742227359693877,/home/tbeliere/Projects/DCU/2026-mcm-XAI-skin-lesion/outputs/pilot/xai_maps/lime/isic2018_ISIC_0016038.npy,/home/tbeliere/Projects/DCU/2026-mcm-XAI-skin-lesion/outputs/pilot/pseudo_concepts/npz/isic2018/ISIC_0016038.npz
isic2018,ISIC_0016038,shap,asymmetry,20,0.008336641524406175,0.016535433070849866,0.006552453096583708,2.6623098572050545,0.07951576224678363,0.0024713010204081634,0.20001594387755103,/home/tbeliere/Projects/DCU/2026-mcm-XAI-skin-lesion/outputs/pilot/xai_maps/shap/isic2018_ISIC_0016038.npy,/home/tbeliere/Projects/DCU/2026-mcm-XAI-skin-lesion/outputs/pilot/pseudo_concepts/npz/isic2018/ISIC_0016038.npz
isic2018,ISIC_0016038,shap,border_default,20,0.003183129414102076,0.006346058502720529,0.00264394875955924,2.711929236204051,0.0974024423048403,0.0009765625,0.20001594387755103,/home/tbeliere/Projects/DCU/2026-mcm-XAI-skin-lesion/outputs/pilot/xai_maps/shap/isic2018_ISIC_0016038.npy,/home/tbeliere/Projects/DCU/2026-mcm-XAI-skin-lesion/outputs/pilot/pseudo_concepts/npz/isic2018/ISIC_0016038.npz
isic2018,ISIC_0016038,shap,border_w8_dil2_sigma5,20,0.003183129414102076,0.006346058502720529,0.00264394875955924,2.711929236204051,0.0974024423048403,0.0009765625,0.20001594387755103,/home/tbeliere/Projects/DCU/2026-mcm-XAI-skin-lesion/outputs/pilot/xai_maps/shap/isic2018_ISIC_0016038.npy,/home/tbeliere/Projects/DCU/2026-mcm-XAI-skin-lesion/outputs/pilot/pseudo_concepts/npz/isic2018/ISIC_0016038.npz
isic2018,ISIC_0016038,shap,border_w12_dil4_sigma8,20,0.011576135351724966,0.022887323943639584,0.00861306096465617,2.310054153795999,0.1070146907844603,0.0037468112244897957,0.20001594387755103,/home/tbeliere/Projects/DCU/2026-mcm-XAI-skin-lesion/outputs/pilot/xai_maps/shap/isic2018_ISIC_0016038.npy,/home/tbeliere/Projects/DCU/2026-mcm-XAI-skin-lesion/outputs/pilot/pseudo_concepts/npz/isic2018/ISIC_0016038.npz
isic2018,ISIC_0016038,shap,border_w16_dil6_sigma10,20,0.013616181549073885,0.02686654336607917,0.01019807756285587,2.1710079946881384,0.1150016057292598,0.004723373724489796,0.20001594387755103,/home/tbeliere/Projects/DCU/2026-mcm-XAI-skin-lesion/outputs/pilot/xai_maps/shap/isic2018_ISIC_0016038.npy,/home/tbeliere/Projects/DCU/2026-mcm-XAI-skin-lesion/outputs/pilot/pseudo_concepts/npz/isic2018/ISIC_0016038.npz
isic2018,ISIC_0016038,shap,border_w16_dil6_sigma10_dist,20,0.011864741941851033,0.02345124096147796,0.009154329748440174,2.3320299552462362,0.11214679179019012,0.003946109693877551,0.20001594387755103,/home/tbeliere/Projects/DCU/2026-mcm-XAI-skin-lesion/outputs/pilot/xai_maps/shap/isic2018_ISIC_0016038.npy,/home/tbeliere/Projects/DCU/2026-mcm-XAI-skin-lesion/outputs/pilot/pseudo_concepts/npz/isic2018/ISIC_0016038.npz
isic2018,ISIC_0016038,shap,colour_heterogeneity,20,0.02180562407496615,0.04268057164924422,0.017035661287547285,2.700154127103829,0.17371719669181998,0.006377551020408163,0.20001594387755103,/home/tbeliere/Projects/DCU/2026-mcm-XAI-skin-lesion/outputs/pilot/xai_maps/shap/isic2018_ISIC_0016038.npy,/home/tbeliere/Projects/DCU/2026-mcm-XAI-skin-lesion/outputs/pilot/pseudo_concepts/npz/isic2018/ISIC_0016038.npz
isic2018,ISIC_0013126,gradcam,asymmetry,20,0.001335299744897693,0.0026670381943748054,0.0,0.0,-0.009708567460597426,0.0013352997448979591,1.0,/home/tbeliere/Projects/DCU/2026-mcm-XAI-skin-lesion/outputs/pilot/xai_maps/gradcam/isic2018_ISIC_0013126.npy,/home/tbeliere/Projects/DCU/2026-mcm-XAI-skin-lesion/outputs/pilot/pseudo_concepts/npz/isic2018/ISIC_0013126.npz
isic2018,ISIC_0013126,gradcam,border_default,20,0.0017538265306118956,0.0035015120165519057,0.0,0.0,-0.02071269419902818,0.001753826530612245,1.0,/home/tbeliere/Projects/DCU/2026-mcm-XAI-skin-lesion/outputs/pilot/xai_maps/gradcam/isic2018_ISIC_0013126.npy,/home/tbeliere/Projects/DCU/2026-mcm-XAI-skin-lesion/outputs/pilot/pseudo_concepts/npz/isic2018/ISIC_0013126.npz
isic2018,ISIC_0013126,gradcam,border_w8_dil2_sigma5,20,0.0017538265306118956,0.0035015120165519057,0.0,0.0,-0.02071269419902818,0.001753826530612245,1.0,/home/tbeliere/Projects/DCU/2026-mcm-XAI-skin-lesion/outputs/pilot/xai_maps/gradcam/isic2018_ISIC_0013126.npy,/home/tbeliere/Projects/DCU/2026-mcm-XAI-skin-lesion/outputs/pilot/pseudo_concepts/npz/isic2018/ISIC_0013126.npz
isic2018,ISIC_0013126,gradcam,border_w12_dil4_sigma8,20,0.003168845663264675,0.0063176716002768816,0.0,0.0,-0.02523589743351214,0.003168845663265306,1.0,/home/tbeliere/Projects/DCU/2026-mcm-XAI-skin-lesion/outputs/pilot/xai_maps/gradcam/isic2018_ISIC_0013126.npy,/home/tbeliere/Projects/DCU/2026-mcm-XAI-skin-lesion/outputs/pilot/pseudo_concepts/npz/isic2018/ISIC_0013126.npz
isic2018,ISIC_0013126,gradcam,border_w16_dil6_sigma10,20,0.0042051977040807945,0.008375176136700265,0.0,0.0,-0.02736613371668473,0.004205197704081632,1.0,/home/tbeliere/Projects/DCU/2026-mcm-XAI-skin-lesion/outputs/pilot/xai_maps/gradcam/isic2018_ISIC_0013126.npy,/home/tbeliere/Projects/DCU/2026-mcm-XAI-skin-lesion/outputs/pilot/pseudo_concepts/npz/isic2018/ISIC_0013126.npz
isic2018,ISIC_0013126,gradcam,border_w16_dil6_sigma10_dist,20,0.003248565051019761,0.006476092095590601,0.0,0.0,-0.025661369924123278,0.003248565051020408,1.0,/home/tbeliere/Projects/DCU/2026-mcm-XAI-skin-lesion/outputs/pilot/xai_maps/gradcam/isic2018_ISIC_0013126.npy,/home/tbeliere/Projects/DCU/2026-mcm-XAI-skin-lesion/outputs/pilot/pseudo_concepts/npz/isic2018/ISIC_0013126.npz
isic2018,ISIC_0013126,gradcam,colour_heterogeneity,20,0.003148915816325903,0.006278062542216737,0.0,0.0,-0.030001391874541046,0.0031489158163265306,1.0,/home/tbeliere/Projects/DCU/2026-mcm-XAI-skin-lesion/outputs/pilot/xai_maps/gradcam/isic2018_ISIC_0013126.npy,/home/tbeliere/Projects/DCU/2026-mcm-XAI-skin-lesion/outputs/pilot/pseudo_concepts/npz/isic2018/ISIC_0013126.npz
isic2018,ISIC_0013126,lime,asymmetry,20,0.0,0.0,0.0011947857410342226,0.8946437937468288,-0.007828521559989025,0.0013352997448979591,0.21659757653061223,/home/tbeliere/Projects/DCU/2026-mcm-XAI-skin-lesion/outputs/pilot/xai_maps/lime/isic2018_ISIC_0013126.npy,/home/tbeliere/Projects/DCU/2026-mcm-XAI-skin-lesion/outputs/pilot/pseudo_concepts/npz/isic2018/ISIC_0013126.npz
isic2018,ISIC_0013126,lime,border_default,20,0.0,0.0,0.001569270824044949,0.8946042942491291,-0.01670171977077382,0.001753826530612245,0.21659757653061223,/home/tbeliere/Projects/DCU/2026-mcm-XAI-skin-lesion/outputs/pilot/xai_maps/lime/isic2018_ISIC_0013126.npy,/home/tbeliere/Projects/DCU/2026-mcm-XAI-skin-lesion/outputs/pilot/pseudo_concepts/npz/isic2018/ISIC_0013126.npz
isic2018,ISIC_0013126,lime,border_w8_dil2_sigma5,20,0.0,0.0,0.001569270824044949,0.8946042942491291,-0.01670171977077382,0.001753826530612245,0.21659757653061223,/home/tbeliere/Projects/DCU/2026-mcm-XAI-skin-lesion/outputs/pilot/xai_maps/lime/isic2018_ISIC_0013126.npy,/home/tbeliere/Projects/DCU/2026-mcm-XAI-skin-lesion/outputs/pilot/pseudo_concepts/npz/isic2018/ISIC_0013126.npz
isic2018,ISIC_0013126,lime,border_w12_dil4_sigma8,20,0.0,0.0,0.0028353870570812147,0.8944704607748805,-0.02034901317271823,0.003168845663265306,0.21659757653061223,/home/tbeliere/Projects/DCU/2026-mcm-XAI-skin-lesion/outputs/pilot/xai_maps/lime/isic2018_ISIC_0013126.npy,/home/tbeliere/Projects/DCU/2026-mcm-XAI-skin-lesion/outputs/pilot/pseudo_concepts/npz/isic2018/ISIC_0013126.npz
isic2018,ISIC_0013126,lime,border_w16_dil6_sigma10,20,0.0,0.0,0.003762683453107776,0.8943722336041493,-0.02206673319046234,0.004205197704081632,0.21659757653061223,/home/tbeliere/Projects/DCU/2026-mcm-XAI-skin-lesion/outputs/pilot/xai_maps/lime/isic2018_ISIC_0013126.npy,/home/tbeliere/Projects/DCU/2026-mcm-XAI-skin-lesion/outputs/pilot/pseudo_concepts/npz/isic2018/ISIC_0013126.npz
isic2018,ISIC_0013126,lime,border_w16_dil6_sigma10_dist,20,0.0,0.0,0.002906717549083258,0.8944629260822848,-0.020692093712607412,0.003248565051020408,0.21659757653061223,/home/tbeliere/Projects/DCU/2026-mcm-XAI-skin-lesion/outputs/pilot/xai_maps/lime/isic2018_ISIC_0013126.npy,/home/tbeliere/Projects/DCU/2026-mcm-XAI-skin-lesion/outputs/pilot/pseudo_concepts/npz/isic2018/ISIC_0013126.npz
isic2018,ISIC_0013126,lime,colour_heterogeneity,20,0.0,0.0,0.002817554434080704,0.8944723683121297,-0.024191678542971155,0.0031489158163265306,0.21659757653061223,/home/tbeliere/Projects/DCU/2026-mcm-XAI-skin-lesion/outputs/pilot/xai_maps/lime/isic2018_ISIC_0013126.npy,/home/tbeliere/Projects/DCU/2026-mcm-XAI-skin-lesion/outputs/pilot/pseudo_concepts/npz/isic2018/ISIC_0013126.npz
isic2018,ISIC_0013126,shap,asymmetry,20,0.005073617190603786,0.0100960110858061,0.00444784125215589,3.341382086182663,0.07430150069990708,0.0013352997448979591,0.20001594387755103,/home/tbeliere/Projects/DCU/2026-mcm-XAI-skin-lesion/outputs/pilot/xai_maps/shap/isic2018_ISIC_0013126.npy,/home/tbeliere/Projects/DCU/2026-mcm-XAI-skin-lesion/outputs/pilot/pseudo_concepts/npz/isic2018/ISIC_0013126.npz
isic2018,ISIC_0013126,shap,border_default,20,0.006061810593256422,0.012050572896076599,0.004825435325042306,2.7598674754461565,0.1314643119625193,0.001753826530612245,0.20001594387755103,/home/tbeliere/Projects/DCU/2026-mcm-XAI-skin-lesion/outputs/pilot/xai_maps/shap/isic2018_ISIC_0013126.npy,/home/tbeliere/Projects/DCU/2026-mcm-XAI-skin-lesion/outputs/pilot/pseudo_concepts/npz/isic2018/ISIC_0013126.npz
isic2018,ISIC_0013126,shap,border_w8_dil2_sigma5,20,0.006061810593256422,0.012050572896076599,0.004825435325042306,2.7598674754461565,0.1314643119625193,0.001753826530612245,0.20001594387755103,/home/tbeliere/Projects/DCU/2026-mcm-XAI-skin-lesion/outputs/pilot/xai_maps/shap/isic2018_ISIC_0013126.npy,/home/tbeliere/Projects/DCU/2026-mcm-XAI-skin-lesion/outputs/pilot/pseudo_concepts/npz/isic2018/ISIC_0013126.npz
isic2018,ISIC_0013126,shap,border_w12_dil4_sigma8,20,0.011208093632204713,0.022167729279036617,0.009608678358064759,3.0519489672446825,0.1601867700041001,0.003168845663265306,0.20001594387755103,/home/tbeliere/Projects/DCU/2026-mcm-XAI-skin-lesion/outputs/pilot/xai_maps/shap/isic2018_ISIC_0013126.npy,/home/tbeliere/Projects/DCU/2026-mcm-XAI-skin-lesion/outputs/pilot/pseudo_concepts/npz/isic2018/ISIC_0013126.npz
isic2018,ISIC_0013126,shap,border_w16_dil6_sigma10,20,0.01495641838350341,0.02947204059721921,0.012761880254013605,3.0610904696723056,0.16648195826562004,0.004205197704081632,0.20001594387755103,/home/tbeliere/Projects/DCU/2026-mcm-XAI-skin-lesion/outputs/pilot/xai_maps/shap/isic2018_ISIC_0013126.npy,/home/tbeliere/Projects/DCU/2026-mcm-XAI-skin-lesion/outputs/pilot/pseudo_concepts/npz/isic2018/ISIC_0013126.npz
isic2018,ISIC_0013126,shap,border_w16_dil6_sigma10_dist,20,0.011303916707970943,0.022355132856140447,0.00995008410969253,3.0836486555597125,0.16112741182277404,0.003248565051020408,0.20001594387755103,/home/tbeliere/Projects/DCU/2026-mcm-XAI-skin-lesion/outputs/pilot/xai_maps/shap/isic2018_ISIC_0013126.npy,/home/tbeliere/Projects/DCU/2026-mcm-XAI-skin-lesion/outputs/pilot/pseudo_concepts/npz/isic2018/ISIC_0013126.npz
isic2018,ISIC_0013126,shap,colour_heterogeneity,20,0.011209205435957534,0.022169903864996888,0.00718683509103763,2.291602717924251,0.15776175595903286,0.0031489158163265306,0.20001594387755103,/home/tbeliere/Projects/DCU/2026-mcm-XAI-skin-lesion/outputs/pilot/xai_maps/shap/isic2018_ISIC_0013126.npy,/home/tbeliere/Projects/DCU/2026-mcm-XAI-skin-lesion/outputs/pilot/pseudo_concepts/npz/isic2018/ISIC_0013126.npz
isic2018,ISIC_0013480,gradcam,asymmetry,20,0.0,0.0,0.0,0.0,-0.010938230663563663,0.0009964923469387755,0.20408163265306123,/home/tbeliere/Projects/DCU/2026-mcm-XAI-skin-lesion/outputs/pilot/xai_maps/gradcam/isic2018_ISIC_0013480.npy,/home/tbeliere/Projects/DCU/2026-mcm-XAI-skin-lesion/outputs/pilot/pseudo_concepts/npz/isic2018/ISIC_0013480.npz
isic2018,ISIC_0013480,gradcam,border_default,20,0.0,0.0,0.0,0.0,-0.027628614826515966,0.0018933354591836734,0.20408163265306123,/home/tbeliere/Projects/DCU/2026-mcm-XAI-skin-lesion/outputs/pilot/xai_maps/gradcam/isic2018_ISIC_0013480.npy,/home/tbeliere/Projects/DCU/2026-mcm-XAI-skin-lesion/outputs/pilot/pseudo_concepts/npz/isic2018/ISIC_0013480.npz
isic2018,ISIC_0013480,gradcam,border_w8_dil2_sigma5,20,0.0,0.0,0.0,0.0,-0.027628614826515966,0.0018933354591836734,0.20408163265306123,/home/tbeliere/Projects/DCU/2026-mcm-XAI-skin-lesion/outputs/pilot/xai_maps/gradcam/isic2018_ISIC_0013480.npy,/home/tbeliere/Projects/DCU/2026-mcm-XAI-skin-lesion/outputs/pilot/pseudo_concepts/npz/isic2018/ISIC_0013480.npz
isic2018,ISIC_0013480,gradcam,border_w12_dil4_sigma8,20,0.0,0.0,0.0,0.0,-0.03431544266951009,0.003627232142857143,0.20408163265306123,/home/tbeliere/Projects/DCU/2026-mcm-XAI-skin-lesion/outputs/pilot/xai_maps/gradcam/isic2018_ISIC_0013480.npy,/home/tbeliere/Projects/DCU/2026-mcm-XAI-skin-lesion/outputs/pilot/pseudo_concepts/npz/isic2018/ISIC_0013480.npz
isic2018,ISIC_0013480,gradcam,border_w16_dil6_sigma10,20,0.0,0.0,0.0,0.0,-0.03715490349674164,0.005520567602040816,0.20408163265306123,/home/tbeliere/Projects/DCU/2026-mcm-XAI-skin-lesion/outputs/pilot/xai_maps/gradcam/isic2018_ISIC_0013480.npy,/home/tbeliere/Projects/DCU/2026-mcm-XAI-skin-lesion/outputs/pilot/pseudo_concepts/npz/isic2018/ISIC_0013480.npz
isic2018,ISIC_0013480,gradcam,border_w16_dil6_sigma10_dist,20,0.0,0.0,0.0,0.0,-0.03493612016791904,0.004444355867346939,0.20408163265306123,/home/tbeliere/Projects/DCU/2026-mcm-XAI-skin-lesion/outputs/pilot/xai_maps/gradcam/isic2018_ISIC_0013480.npy,/home/tbeliere/Projects/DCU/2026-mcm-XAI-skin-lesion/outputs/pilot/pseudo_concepts/npz/isic2018/ISIC_0013480.npz
isic2018,ISIC_0013480,gradcam,colour_heterogeneity,20,0.0,0.0,0.0,0.0,-0.042595872236613604,0.0068359375,0.20408163265306123,/home/tbeliere/Projects/DCU/2026-mcm-XAI-skin-lesion/outputs/pilot/xai_maps/gradcam/isic2018_ISIC_0013480.npy,/home/tbeliere/Projects/DCU/2026-mcm-XAI-skin-lesion/outputs/pilot/pseudo_concepts/npz/isic2018/ISIC_0013480.npz
isic2018,ISIC_0013480,lime,asymmetry,20,0.0004146479856836422,0.0008289522479874285,0.0005023629665461607,0.5038820702373504,-0.03418039613096975,0.0009964923469387755,0.9126076211734694,/home/tbeliere/Projects/DCU/2026-mcm-XAI-skin-lesion/outputs/pilot/xai_maps/lime/isic2018_ISIC_0013480.npy,/home/tbeliere/Projects/DCU/2026-mcm-XAI-skin-lesion/outputs/pilot/pseudo_concepts/npz/isic2018/ISIC_0013480.npz
isic2018,ISIC_0013480,lime,border_default,20,0.0007851690294436674,0.001569106045416561,0.0009303017899002975,0.4908824259623306,-0.07194957664242208,0.0018933354591836734,0.9126076211734694,/home/tbeliere/Projects/DCU/2026-mcm-XAI-skin-lesion/outputs/pilot/xai_maps/lime/isic2018_ISIC_0013480.npy,/home/tbeliere/Projects/DCU/2026-mcm-XAI-skin-lesion/outputs/pilot/pseudo_concepts/npz/isic2018/ISIC_0013480.npz
isic2018,ISIC_0013480,lime,border_w8_dil2_sigma5,20,0.0007851690294436674,0.001569106045416561,0.0009303017899002975,0.4908824259623306,-0.07194957664242208,0.0018933354591836734,0.9126076211734694,/home/tbeliere/Projects/DCU/2026-mcm-XAI-skin-lesion/outputs/pilot/xai_maps/lime/isic2018_ISIC_0013480.npy,/home/tbeliere/Projects/DCU/2026-mcm-XAI-skin-lesion/outputs/pilot/pseudo_concepts/npz/isic2018/ISIC_0013480.npz
isic2018,ISIC_0013480,lime,border_w12_dil4_sigma8,20,0.001503136981526337,0.0030017619037254473,0.0018419975440025892,0.5069162971049059,-0.08847996000195896,0.003627232142857143,0.9126076211734694,/home/tbeliere/Projects/DCU/2026-mcm-XAI-skin-lesion/outputs/pilot/xai_maps/lime/isic2018_ISIC_0013480.npy,/home/tbeliere/Projects/DCU/2026-mcm-XAI-skin-lesion/outputs/pilot/pseudo_concepts/npz/isic2018/ISIC_0013480.npz
isic2018,ISIC_0013480,lime,border_w16_dil6_sigma10,20,0.002437113760988242,0.004862377355212976,0.003014177799276964,0.5446179448083692,-0.08767309461386208,0.005520567602040816,0.9126076211734694,/home/tbeliere/Projects/DCU/2026-mcm-XAI-skin-lesion/outputs/pilot/xai_maps/lime/isic2018_ISIC_0013480.npy,/home/tbeliere/Projects/DCU/2026-mcm-XAI-skin-lesion/outputs/pilot/pseudo_concepts/npz/isic2018/ISIC_0013480.npz
isic2018,ISIC_0013480,lime,border_w16_dil6_sigma10_dist,20,0.0018070584137071244,0.0036075976876594933,0.002214118259962708,0.497072973132888,-0.08915390883934053,0.004444355867346939,0.9126076211734694,/home/tbeliere/Projects/DCU/2026-mcm-XAI-skin-lesion/outputs/pilot/xai_maps/lime/isic2018_ISIC_0013480.npy,/home/tbeliere/Projects/DCU/2026-mcm-XAI-skin-lesion/outputs/pilot/pseudo_concepts/npz/isic2018/ISIC_0013480.npz
isic2018,ISIC_0013480,lime,colour_heterogeneity,20,0.005908902601224101,0.011748385138940533,0.00978677482975113,1.4359316542563487,0.05144447394563475,0.0068359375,0.9126076211734694,/home/tbeliere/Projects/DCU/2026-mcm-XAI-skin-lesion/outputs/pilot/xai_maps/lime/isic2018_ISIC_0013480.npy,/home/tbeliere/Projects/DCU/2026-mcm-XAI-skin-lesion/outputs/pilot/pseudo_concepts/npz/isic2018/ISIC_0013480.npz
isic2018,ISIC_0013480,shap,asymmetry,20,0.0014894250819169005,0.002974419988099371,0.001439397466142057,1.4451048426141366,0.015943836232595772,0.0009964923469387755,0.20001594387755103,/home/tbeliere/Projects/DCU/2026-mcm-XAI-skin-lesion/outputs/pilot/xai_maps/shap/isic2018_ISIC_0013480.npy,/home/tbeliere/Projects/DCU/2026-mcm-XAI-skin-lesion/outputs/pilot/pseudo_concepts/npz/isic2018/ISIC_0013480.npz
isic2018,ISIC_0013480,shap,border_default,20,0.003466719492865029,0.00690948573684048,0.0027324300890319837,1.4443974867312768,0.05709703429168867,0.0018933354591836734,0.20001594387755103,/home/tbeliere/Projects/DCU/2026-mcm-XAI-skin-lesion/outputs/pilot/xai_maps/shap/isic2018_ISIC_0013480.npy,/home/tbeliere/Projects/DCU/2026-mcm-XAI-skin-lesion/outputs/pilot/pseudo_concepts/npz/isic2018/ISIC_0013480.npz
isic2018,ISIC_0013480,shap,border_w8_dil2_sigma5,20,0.003466719492865029,0.00690948573684048,0.0027324300890319837,1.4443974867312768,0.05709703429168867,0.0018933354591836734,0.20001594387755103,/home/tbeliere/Projects/DCU/2026-mcm-XAI-skin-lesion/outputs/pilot/xai_maps/shap/isic2018_ISIC_0013480.npy,/home/tbeliere/Projects/DCU/2026-mcm-XAI-skin-lesion/outputs/pilot/pseudo_concepts/npz/isic2018/ISIC_0013480.npz
isic2018,ISIC_0013480,shap,border_w12_dil4_sigma8,20,0.007891102781605945,0.01565864161282476,0.0060545324284792465,1.6732641865388695,0.08030578998554648,0.003627232142857143,0.20001594387755103,/home/tbeliere/Projects/DCU/2026-mcm-XAI-skin-lesion/outputs/pilot/xai_maps/shap/isic2018_ISIC_0013480.npy,/home/tbeliere/Projects/DCU/2026-mcm-XAI-skin-lesion/outputs/pilot/pseudo_concepts/npz/isic2018/ISIC_0013480.npz
isic2018,ISIC_0013480,shap,border_w16_dil6_sigma10,20,0.012865841681385909,0.025404828856758065,0.009461389811762828,1.7206622150392274,0.09934183807327428,0.005520567602040816,0.20001594387755103,/home/tbeliere/Projects/DCU/2026-mcm-XAI-skin-lesion/outputs/pilot/xai_maps/shap/isic2018_ISIC_0013480.npy,/home/tbeliere/Projects/DCU/2026-mcm-XAI-skin-lesion/outputs/pilot/pseudo_concepts/npz/isic2018/ISIC_0013480.npz
isic2018,ISIC_0013480,shap,border_w16_dil6_sigma10_dist,20,0.010042335335226894,0.01988497904277231,0.007354016537615394,1.659536838021557,0.08629594219822721,0.004444355867346939,0.20001594387755103,/home/tbeliere/Projects/DCU/2026-mcm-XAI-skin-lesion/outputs/pilot/xai_maps/shap/isic2018_ISIC_0013480.npy,/home/tbeliere/Projects/DCU/2026-mcm-XAI-skin-lesion/outputs/pilot/pseudo_concepts/npz/isic2018/ISIC_0013480.npz
isic2018,ISIC_0013480,shap,colour_heterogeneity,20,0.02286390066027115,0.044705655650790335,0.019157932831541054,2.8377390124178903,0.20650723740684152,0.0068359375,0.20001594387755103,/home/tbeliere/Projects/DCU/2026-mcm-XAI-skin-lesion/outputs/pilot/xai_maps/shap/isic2018_ISIC_0013480.npy,/home/tbeliere/Projects/DCU/2026-mcm-XAI-skin-lesion/outputs/pilot/pseudo_concepts/npz/isic2018/ISIC_0013480.npz
isic2018,ISIC_0016051,gradcam,asymmetry,20,0.002913187026604279,0.005809450038724041,0.012067583203857939,6.952546813187904,0.05262234674982408,0.001753826530612245,0.20408163265306123,/home/tbeliere/Projects/DCU/2026-mcm-XAI-skin-lesion/outputs/pilot/xai_maps/gradcam/isic2018_ISIC_0016051.npy,/home/tbeliere/Projects/DCU/2026-mcm-XAI-skin-lesion/outputs/pilot/pseudo_concepts/npz/isic2018/ISIC_0016051.npz
isic2018,ISIC_0016051,gradcam,border_default,20,0.0038722168441395234,0.0077145612343223575,0.017457564315816066,6.840033273953072,0.12191635449919758,0.002590880102040816,0.20408163265306123,/home/tbeliere/Projects/DCU/2026-mcm-XAI-skin-lesion/outputs/pilot/xai_maps/gradcam/isic2018_ISIC_0016051.npy,/home/tbeliere/Projects/DCU/2026-mcm-XAI-skin-lesion/outputs/pilot/pseudo_concepts/npz/isic2018/ISIC_0016051.npz
isic2018,ISIC_0016051,gradcam,border_w8_dil2_sigma5,20,0.0038722168441395234,0.0077145612343223575,0.017457564315816066,6.840033273953072,0.12191635449919758,0.002590880102040816,0.20408163265306123,/home/tbeliere/Projects/DCU/2026-mcm-XAI-skin-lesion/outputs/pilot/xai_maps/gradcam/isic2018_ISIC_0016051.npy,/home/tbeliere/Projects/DCU/2026-mcm-XAI-skin-lesion/outputs/pilot/pseudo_concepts/npz/isic2018/ISIC_0016051.npz
isic2018,ISIC_0016051,gradcam,border_w12_dil4_sigma8,20,0.010163965864406784,0.020123398196468793,0.04867662659152224,8.651776324251077,0.16532134576927493,0.005879304846938775,0.20408163265306123,/home/tbeliere/Projects/DCU/2026-mcm-XAI-skin-lesion/outputs/pilot/xai_maps/gradcam/isic2018_ISIC_0016051.npy,/home/tbeliere/Projects/DCU/2026-mcm-XAI-skin-lesion/outputs/pilot/pseudo_concepts/npz/isic2018/ISIC_0016051.npz
isic2018,ISIC_0016051,gradcam,border_w16_dil6_sigma10,20,0.008698977153227512,0.017247915087170915,0.04690298164891909,7.86494618547448,0.1774281412650971,0.006218112244897959,0.20408163265306123,/home/tbeliere/Projects/DCU/2026-mcm-XAI-skin-lesion/outputs/pilot/xai_maps/gradcam/isic2018_ISIC_0016051.npy,/home/tbeliere/Projects/DCU/2026-mcm-XAI-skin-lesion/outputs/pilot/pseudo_concepts/npz/isic2018/ISIC_0016051.npz
isic2018,ISIC_0016051,gradcam,border_w16_dil6_sigma10_dist,20,0.006905812392090057,0.013716898456835856,0.03767182811256645,7.574096366309889,0.16677243998153793,0.005141900510204082,0.20408163265306123,/home/tbeliere/Projects/DCU/2026-mcm-XAI-skin-lesion/outputs/pilot/xai_maps/gradcam/isic2018_ISIC_0016051.npy,/home/tbeliere/Projects/DCU/2026-mcm-XAI-skin-lesion/outputs/pilot/pseudo_concepts/npz/isic2018/ISIC_0016051.npz
isic2018,ISIC_0016051,gradcam,colour_heterogeneity,20,0.014211638179360272,0.02802499526602156,0.05376906854327607,8.797905821537574,0.2468964354539283,0.006417410714285714,0.20408163265306123,/home/tbeliere/Projects/DCU/2026-mcm-XAI-skin-lesion/outputs/pilot/xai_maps/gradcam/isic2018_ISIC_0016051.npy,/home/tbeliere/Projects/DCU/2026-mcm-XAI-skin-lesion/outputs/pilot/pseudo_concepts/npz/isic2018/ISIC_0016051.npz
isic2018,ISIC_0016051,lime,asymmetry,20,0.0016008181959664717,0.003196519345600747,0.0016462580000733802,0.9385651833961252,-0.005241070703653015,0.001753826530612245,0.8960658482142857,/home/tbeliere/Projects/DCU/2026-mcm-XAI-skin-lesion/outputs/pilot/xai_maps/lime/isic2018_ISIC_0016051.npy,/home/tbeliere/Projects/DCU/2026-mcm-XAI-skin-lesion/outputs/pilot/pseudo_concepts/npz/isic2018/ISIC_0016051.npz
isic2018,ISIC_0016051,lime,border_default,20,0.0024900509126475714,0.004967731919894221,0.0028855758203533404,1.1140727046509866,0.04648628485503465,0.002590880102040816,0.8960658482142857,/home/tbeliere/Projects/DCU/2026-mcm-XAI-skin-lesion/outputs/pilot/xai_maps/lime/isic2018_ISIC_0016051.npy,/home/tbeliere/Projects/DCU/2026-mcm-XAI-skin-lesion/outputs/pilot/pseudo_concepts/npz/isic2018/ISIC_0016051.npz
isic2018,ISIC_0016051,lime,border_w8_dil2_sigma5,20,0.0024900509126475714,0.004967731919894221,0.0028855758203533404,1.1140727046509866,0.04648628485503465,0.002590880102040816,0.8960658482142857,/home/tbeliere/Projects/DCU/2026-mcm-XAI-skin-lesion/outputs/pilot/xai_maps/lime/isic2018_ISIC_0016051.npy,/home/tbeliere/Projects/DCU/2026-mcm-XAI-skin-lesion/outputs/pilot/pseudo_concepts/npz/isic2018/ISIC_0016051.npz
isic2018,ISIC_0016051,lime,border_w12_dil4_sigma8,20,0.006113692447921097,0.012153084673852716,0.007639377011576472,1.3016718809737597,0.09710969372957651,0.005879304846938775,0.8960658482142857,/home/tbeliere/Projects/DCU/2026-mcm-XAI-skin-lesion/outputs/pilot/xai_maps/lime/isic2018_ISIC_0016051.npy,/home/tbeliere/Projects/DCU/2026-mcm-XAI-skin-lesion/outputs/pilot/pseudo_concepts/npz/isic2018/ISIC_0016051.npz
isic2018,ISIC_0016051,lime,border_w16_dil6_sigma10,20,0.006491629799247129,0.012899520685615512,0.008619732899260619,1.3895880610615439,0.12478925744706346,0.006218112244897959,0.8960658482142857,/home/tbeliere/Projects/DCU/2026-mcm-XAI-skin-lesion/outputs/pilot/xai_maps/lime/isic2018_ISIC_0016051.npy,/home/tbeliere/Projects/DCU/2026-mcm-XAI-skin-lesion/outputs/pilot/pseudo_concepts/npz/isic2018/ISIC_0016051.npz
isic2018,ISIC_0016051,lime,border_w16_dil6_sigma10_dist,20,0.00529112291856444,0.01052654857471184,0.006677518404792025,1.3006554370041783,0.10737156005415958,0.005141900510204082,0.8960658482142857,/home/tbeliere/Projects/DCU/2026-mcm-XAI-skin-lesion/outputs/pilot/xai_maps/lime/isic2018_ISIC_0016051.npy,/home/tbeliere/Projects/DCU/2026-mcm-XAI-skin-lesion/outputs/pilot/pseudo_concepts/npz/isic2018/ISIC_0016051.npz
isic2018,ISIC_0016051,lime,colour_heterogeneity,20,0.006758709620043408,0.013426672261110478,0.00780585253967378,1.218057527536936,0.16144478558275857,0.006417410714285714,0.8960658482142857,/home/tbeliere/Projects/DCU/2026-mcm-XAI-skin-lesion/outputs/pilot/xai_maps/lime/isic2018_ISIC_0016051.npy,/home/tbeliere/Projects/DCU/2026-mcm-XAI-skin-lesion/outputs/pilot/pseudo_concepts/npz/isic2018/ISIC_0016051.npz
isic2018,ISIC_0016051,shap,asymmetry,20,0.004564397697951414,0.009087317265893829,0.003452756290816292,1.9720548802798377,0.04009760555120871,0.001753826530612245,0.20001594387755103,/home/tbeliere/Projects/DCU/2026-mcm-XAI-skin-lesion/outputs/pilot/xai_maps/shap/isic2018_ISIC_0016051.npy,/home/tbeliere/Projects/DCU/2026-mcm-XAI-skin-lesion/outputs/pilot/pseudo_concepts/npz/isic2018/ISIC_0016051.npz
isic2018,ISIC_0016051,shap,border_default,20,0.006734006734000065,0.013377926421391522,0.0048128454203029076,1.8617573139550625,0.06779331878862212,0.002590880102040816,0.20001594387755103,/home/tbeliere/Projects/DCU/2026-mcm-XAI-skin-lesion/outputs/pilot/xai_maps/shap/isic2018_ISIC_0016051.npy,/home/tbeliere/Projects/DCU/2026-mcm-XAI-skin-lesion/outputs/pilot/pseudo_concepts/npz/isic2018/ISIC_0016051.npz
isic2018,ISIC_0016051,shap,border_w8_dil2_sigma5,20,0.006734006734000065,0.013377926421391522,0.0048128454203029076,1.8617573139550625,0.06779331878862212,0.002590880102040816,0.20001594387755103,/home/tbeliere/Projects/DCU/2026-mcm-XAI-skin-lesion/outputs/pilot/xai_maps/shap/isic2018_ISIC_0016051.npy,/home/tbeliere/Projects/DCU/2026-mcm-XAI-skin-lesion/outputs/pilot/pseudo_concepts/npz/isic2018/ISIC_0016051.npz
isic2018,ISIC_0016051,shap,border_w12_dil4_sigma8,20,0.014833005893895055,0.029232407317753135,0.010349639395079047,1.7683022150486936,0.09162702328415005,0.005879304846938775,0.20001594387755103,/home/tbeliere/Projects/DCU/2026-mcm-XAI-skin-lesion/outputs/pilot/xai_maps/shap/isic2018_ISIC_0016051.npy,/home/tbeliere/Projects/DCU/2026-mcm-XAI-skin-lesion/outputs/pilot/pseudo_concepts/npz/isic2018/ISIC_0016051.npz
isic2018,ISIC_0016051,shap,border_w16_dil6_sigma10,20,0.016203476382189722,0.03189022033240057,0.011536345213046594,1.8652625591502836,0.1113102194781321,0.006218112244897959,0.20001594387755103,/home/tbeliere/Projects/DCU/2026-mcm-XAI-skin-lesion/outputs/pilot/xai_maps/shap/isic2018_ISIC_0016051.npy,/home/tbeliere/Projects/DCU/2026-mcm-XAI-skin-lesion/outputs/pilot/pseudo_concepts/npz/isic2018/ISIC_0016051.npz
isic2018,ISIC_0016051,shap,border_w16_dil6_sigma10_dist,20,0.013488234714961614,0.02661744705651193,0.009502509181358062,1.8561892657267953,0.09984797200453024,0.005141900510204082,0.20001594387755103,/home/tbeliere/Projects/DCU/2026-mcm-XAI-skin-lesion/outputs/pilot/xai_maps/shap/isic2018_ISIC_0016051.npy,/home/tbeliere/Projects/DCU/2026-mcm-XAI-skin-lesion/outputs/pilot/pseudo_concepts/npz/isic2018/ISIC_0016051.npz
isic2018,ISIC_0016051,shap,colour_heterogeneity,20,0.01938785552601182,0.038038231318750684,0.015762319069616035,2.4795004547905064,0.263100076519165,0.006417410714285714,0.20001594387755103,/home/tbeliere/Projects/DCU/2026-mcm-XAI-skin-lesion/outputs/pilot/xai_maps/shap/isic2018_ISIC_0016051.npy,/home/tbeliere/Projects/DCU/2026-mcm-XAI-skin-lesion/outputs/pilot/pseudo_concepts/npz/isic2018/ISIC_0016051.npz
isic2018,ISIC_0010256,gradcam,asymmetry,20,0.005126221104550608,0.010200153964578329,0.038898207832806,13.319712608317895,0.12444058570740907,0.0030293367346938774,0.20408163265306123,/home/tbeliere/Projects/DCU/2026-mcm-XAI-skin-lesion/outputs/pilot/xai_maps/gradcam/isic2018_ISIC_0010256.npy,/home/tbeliere/Projects/DCU/2026-mcm-XAI-skin-lesion/outputs/pilot/pseudo_concepts/npz/isic2018/ISIC_0010256.npz
isic2018,ISIC_0010256,gradcam,border_default,20,0.003408316291748555,0.006793478260862971,0.025687495738645472,20.64358142005029,0.2295495234489432,0.0012755102040816326,0.20408163265306123,/home/tbeliere/Projects/DCU/2026-mcm-XAI-skin-lesion/outputs/pilot/xai_maps/gradcam/isic2018_ISIC_0010256.npy,/home/tbeliere/Projects/DCU/2026-mcm-XAI-skin-lesion/outputs/pilot/pseudo_concepts/npz/isic2018/ISIC_0010256.npz
isic2018,ISIC_0010256,gradcam,border_w8_dil2_sigma5,20,0.003408316291748555,0.006793478260862971,0.025687495738645472,20.64358142005029,0.2295495234489432,0.0012755102040816326,0.20408163265306123,/home/tbeliere/Projects/DCU/2026-mcm-XAI-skin-lesion/outputs/pilot/xai_maps/gradcam/isic2018_ISIC_0010256.npy,/home/tbeliere/Projects/DCU/2026-mcm-XAI-skin-lesion/outputs/pilot/pseudo_concepts/npz/isic2018/ISIC_0010256.npz
isic2018,ISIC_0010256,gradcam,border_w12_dil4_sigma8,20,0.005631067961159581,0.011199073180139796,0.042567850081183925,18.861013810225195,0.28005649326678617,0.00235172193877551,0.20408163265306123,/home/tbeliere/Projects/DCU/2026-mcm-XAI-skin-lesion/outputs/pilot/xai_maps/gradcam/isic2018_ISIC_0010256.npy,/home/tbeliere/Projects/DCU/2026-mcm-XAI-skin-lesion/outputs/pilot/pseudo_concepts/npz/isic2018/ISIC_0010256.npz
isic2018,ISIC_0010256,gradcam,border_w16_dil6_sigma10,20,0.010827532869285741,0.02142310635040032,0.08219998636366552,20.715347180305624,0.30845605447913477,0.00430484693877551,0.20408163265306123,/home/tbeliere/Projects/DCU/2026-mcm-XAI-skin-lesion/outputs/pilot/xai_maps/gradcam/isic2018_ISIC_0010256.npy,/home/tbeliere/Projects/DCU/2026-mcm-XAI-skin-lesion/outputs/pilot/pseudo_concepts/npz/isic2018/ISIC_0010256.npz
isic2018,ISIC_0010256,gradcam,border_w16_dil6_sigma10_dist,20,0.009003775776929998,0.017846862406430773,0.0682553458198294,20.122690043791916,0.29478272082642354,0.003627232142857143,0.20408163265306123,/home/tbeliere/Projects/DCU/2026-mcm-XAI-skin-lesion/outputs/pilot/xai_maps/gradcam/isic2018_ISIC_0010256.npy,/home/tbeliere/Projects/DCU/2026-mcm-XAI-skin-lesion/outputs/pilot/pseudo_concepts/npz/isic2018/ISIC_0010256.npz
isic2018,ISIC_0010256,gradcam,colour_heterogeneity,20,0.00990472596923884,0.019615169064057896,0.07706248721593642,8.90693710858674,0.21377180430623344,0.009287308673469387,0.20408163265306123,/home/tbeliere/Projects/DCU/2026-mcm-XAI-skin-lesion/outputs/pilot/xai_maps/gradcam/isic2018_ISIC_0010256.npy,/home/tbeliere/Projects/DCU/2026-mcm-XAI-skin-lesion/outputs/pilot/pseudo_concepts/npz/isic2018/ISIC_0010256.npz
isic2018,ISIC_0010256,lime,asymmetry,20,0.004825090470442163,0.00960384153660641,0.0028565037082914817,0.9427834665445448,-0.0069384939486749975,0.0030293367346938774,0.22939253826530612,/home/tbeliere/Projects/DCU/2026-mcm-XAI-skin-lesion/outputs/pilot/xai_maps/lime/isic2018_ISIC_0010256.npy,/home/tbeliere/Projects/DCU/2026-mcm-XAI-skin-lesion/outputs/pilot/pseudo_concepts/npz/isic2018/ISIC_0010256.npz
isic2018,ISIC_0010256,lime,border_default,20,0.00251190991771112,0.00501123207188093,0.001170134049179643,0.9172882865151553,0.022864999661259315,0.0012755102040816326,0.22939253826530612,/home/tbeliere/Projects/DCU/2026-mcm-XAI-skin-lesion/outputs/pilot/xai_maps/lime/isic2018_ISIC_0010256.npy,/home/tbeliere/Projects/DCU/2026-mcm-XAI-skin-lesion/outputs/pilot/pseudo_concepts/npz/isic2018/ISIC_0010256.npz
isic2018,ISIC_0010256,lime,border_w8_dil2_sigma5,20,0.00251190991771112,0.00501123207188093,0.001170134049179643,0.9172882865151553,0.022864999661259315,0.0012755102040816326,0.22939253826530612,/home/tbeliere/Projects/DCU/2026-mcm-XAI-skin-lesion/outputs/pilot/xai_maps/lime/isic2018_ISIC_0010256.npy,/home/tbeliere/Projects/DCU/2026-mcm-XAI-skin-lesion/outputs/pilot/pseudo_concepts/npz/isic2018/ISIC_0010256.npz
isic2018,ISIC_0010256,lime,border_w12_dil4_sigma8,20,0.004145077720203674,0.008255933952521279,0.0019272796104135297,0.8191699727672135,0.04731001455953078,0.00235172193877551,0.22939253826530612,/home/tbeliere/Projects/DCU/2026-mcm-XAI-skin-lesion/outputs/pilot/xai_maps/lime/isic2018_ISIC_0010256.npy,/home/tbeliere/Projects/DCU/2026-mcm-XAI-skin-lesion/outputs/pilot/pseudo_concepts/npz/isic2018/ISIC_0010256.npz
isic2018,ISIC_0010256,lime,border_w16_dil6_sigma10,20,0.008688172043003279,0.01722667576324644,0.00419871629411519,0.9752423009311395,0.07732221803638523,0.00430484693877551,0.22939253826530612,/home/tbeliere/Projects/DCU/2026-mcm-XAI-skin-lesion/outputs/pilot/xai_maps/lime/isic2018_ISIC_0010256.npy,/home/tbeliere/Projects/DCU/2026-mcm-XAI-skin-lesion/outputs/pilot/pseudo_concepts/npz/isic2018/ISIC_0010256.npz
isic2018,ISIC_0010256,lime,border_w16_dil6_sigma10_dist,20,0.006889424733028858,0.013684570646584258,0.0033555314645592705,0.924841986570474,0.0631541372493636,0.003627232142857143,0.22939253826530612,/home/tbeliere/Projects/DCU/2026-mcm-XAI-skin-lesion/outputs/pilot/xai_maps/lime/isic2018_ISIC_0010256.npy,/home/tbeliere/Projects/DCU/2026-mcm-XAI-skin-lesion/outputs/pilot/pseudo_concepts/npz/isic2018/ISIC_0010256.npz
isic2018,ISIC_0010256,lime,colour_heterogeneity,20,0.028512538646488738,0.05544422177684081,0.01288868239464048,1.3928366941688541,0.16419325720775818,0.009287308673469387,0.22939253826530612,/home/tbeliere/Projects/DCU/2026-mcm-XAI-skin-lesion/outputs/pilot/xai_maps/lime/isic2018_ISIC_0010256.npy,/home/tbeliere/Projects/DCU/2026-mcm-XAI-skin-lesion/outputs/pilot/pseudo_concepts/npz/isic2018/ISIC_0010256.npz
isic2018,ISIC_0010256,shap,asymmetry,20,0.010313367711215476,0.020416175893187654,0.007027465009478821,2.3291433520340306,0.05868799417117278,0.0030293367346938774,0.20001594387755103,/home/tbeliere/Projects/DCU/2026-mcm-XAI-skin-lesion/outputs/pilot/xai_maps/shap/isic2018_ISIC_0010256.npy,/home/tbeliere/Projects/DCU/2026-mcm-XAI-skin-lesion/outputs/pilot/pseudo_concepts/npz/isic2018/ISIC_0010256.npz
isic2018,ISIC_0010256,shap,border_default,20,0.0039761431411491285,0.007920792079200078,0.002890110309907093,2.2695149553936105,0.08509235058341877,0.0012755102040816326,0.20001594387755103,/home/tbeliere/Projects/DCU/2026-mcm-XAI-skin-lesion/outputs/pilot/xai_maps/shap/isic2018_ISIC_0010256.npy,/home/tbeliere/Projects/DCU/2026-mcm-XAI-skin-lesion/outputs/pilot/pseudo_concepts/npz/isic2018/ISIC_0010256.npz
isic2018,ISIC_0010256,shap,border_w8_dil2_sigma5,20,0.0039761431411491285,0.007920792079200078,0.002890110309907093,2.2695149553936105,0.08509235058341877,0.0012755102040816326,0.20001594387755103,/home/tbeliere/Projects/DCU/2026-mcm-XAI-skin-lesion/outputs/pilot/xai_maps/shap/isic2018_ISIC_0010256.npy,/home/tbeliere/Projects/DCU/2026-mcm-XAI-skin-lesion/outputs/pilot/pseudo_concepts/npz/isic2018/ISIC_0010256.npz
isic2018,ISIC_0010256,shap,border_w12_dil4_sigma8,20,0.006642212749076393,0.013196769745899943,0.004706631625146655,2.0060904215978033,0.10527046247443482,0.00235172193877551,0.20001594387755103,/home/tbeliere/Projects/DCU/2026-mcm-XAI-skin-lesion/outputs/pilot/xai_maps/shap/isic2018_ISIC_0010256.npy,/home/tbeliere/Projects/DCU/2026-mcm-XAI-skin-lesion/outputs/pilot/pseudo_concepts/npz/isic2018/ISIC_0010256.npz
isic2018,ISIC_0010256,shap,border_w16_dil6_sigma10,20,0.013043478260856676,0.02575107296134827,0.008776306916366957,2.0478998287938137,0.13536367074742864,0.00430484693877551,0.20001594387755103,/home/tbeliere/Projects/DCU/2026-mcm-XAI-skin-lesion/outputs/pilot/xai_maps/shap/isic2018_ISIC_0010256.npy,/home/tbeliere/Projects/DCU/2026-mcm-XAI-skin-lesion/outputs/pilot/pseudo_concepts/npz/isic2018/ISIC_0010256.npz
isic2018,ISIC_0010256,shap,border_w16_dil6_sigma10_dist,20,0.010782471065376612,0.021334899197473736,0.007142194020803769,1.976018341911877,0.12163103533053726,0.003627232142857143,0.20001594387755103,/home/tbeliere/Projects/DCU/2026-mcm-XAI-skin-lesion/outputs/pilot/xai_maps/shap/isic2018_ISIC_0010256.npy,/home/tbeliere/Projects/DCU/2026-mcm-XAI-skin-lesion/outputs/pilot/pseudo_concepts/npz/isic2018/ISIC_0010256.npz
isic2018,ISIC_0010256,shap,colour_heterogeneity,20,0.03539386769196944,0.06836792991804573,0.03854098064967832,4.276118548353473,0.37077914575075527,0.009287308673469387,0.20001594387755103,/home/tbeliere/Projects/DCU/2026-mcm-XAI-skin-lesion/outputs/pilot/xai_maps/shap/isic2018_ISIC_0010256.npy,/home/tbeliere/Projects/DCU/2026-mcm-XAI-skin-lesion/outputs/pilot/pseudo_concepts/npz/isic2018/ISIC_0010256.npz
isic2018,ISIC_0012810,gradcam,asymmetry,20,0.0060387436224477765,0.012004992174961468,0.0,0.0,0.0,0.00603874362244898,1.0,/home/tbeliere/Projects/DCU/2026-mcm-XAI-skin-lesion/outputs/pilot/xai_maps/gradcam/isic2018_ISIC_0012810.npy,/home/tbeliere/Projects/DCU/2026-mcm-XAI-skin-lesion/outputs/pilot/pseudo_concepts/npz/isic2018/ISIC_0012810.npz
isic2018,ISIC_0012810,gradcam,border_default,20,0.00103635204081612,0.0020705582543597057,0.0,0.0,0.0,0.0010363520408163266,1.0,/home/tbeliere/Projects/DCU/2026-mcm-XAI-skin-lesion/outputs/pilot/xai_maps/gradcam/isic2018_ISIC_0012810.npy,/home/tbeliere/Projects/DCU/2026-mcm-XAI-skin-lesion/outputs/pilot/pseudo_concepts/npz/isic2018/ISIC_0012810.npz
isic2018,ISIC_0012810,gradcam,border_w8_dil2_sigma5,20,0.00103635204081612,0.0020705582543597057,0.0,0.0,0.0,0.0010363520408163266,1.0,/home/tbeliere/Projects/DCU/2026-mcm-XAI-skin-lesion/outputs/pilot/xai_maps/gradcam/isic2018_ISIC_0012810.npy,/home/tbeliere/Projects/DCU/2026-mcm-XAI-skin-lesion/outputs/pilot/pseudo_concepts/npz/isic2018/ISIC_0012810.npz
isic2018,ISIC_0012810,gradcam,border_w12_dil4_sigma8,20,0.0010562818877548916,0.0021103346672236936,0.0,0.0,0.0,0.0010562818877551021,1.0,/home/tbeliere/Projects/DCU/2026-mcm-XAI-skin-lesion/outputs/pilot/xai_maps/gradcam/isic2018_ISIC_0012810.npy,/home/tbeliere/Projects/DCU/2026-mcm-XAI-skin-lesion/outputs/pilot/pseudo_concepts/npz/isic2018/ISIC_0012810.npz
isic2018,ISIC_0012810,gradcam,border_w16_dil6_sigma10,20,0.001514668367346637,0.0030247552336219404,0.0,0.0,0.0,0.0015146683673469387,1.0,/home/tbeliere/Projects/DCU/2026-mcm-XAI-skin-lesion/outputs/pilot/xai_maps/gradcam/isic2018_ISIC_0012810.npy,/home/tbeliere/Projects/DCU/2026-mcm-XAI-skin-lesion/outputs/pilot/pseudo_concepts/npz/isic2018/ISIC_0012810.npz
isic2018,ISIC_0012810,gradcam,border_w16_dil6_sigma10_dist,20,0.0014548788265303224,0.0029055304583170006,0.0,0.0,0.0,0.0014548788265306123,1.0,/home/tbeliere/Projects/DCU/2026-mcm-XAI-skin-lesion/outputs/pilot/xai_maps/gradcam/isic2018_ISIC_0012810.npy,/home/tbeliere/Projects/DCU/2026-mcm-XAI-skin-lesion/outputs/pilot/pseudo_concepts/npz/isic2018/ISIC_0012810.npz
isic2018,ISIC_0012810,gradcam,colour_heterogeneity,20,0.003248565051019761,0.006476092095590601,0.0,0.0,0.0,0.003248565051020408,1.0,/home/tbeliere/Projects/DCU/2026-mcm-XAI-skin-lesion/outputs/pilot/xai_maps/gradcam/isic2018_ISIC_0012810.npy,/home/tbeliere/Projects/DCU/2026-mcm-XAI-skin-lesion/outputs/pilot/pseudo_concepts/npz/isic2018/ISIC_0012810.npz
isic2018,ISIC_0012810,lime,asymmetry,20,0.006201118732439141,0.012325803692707069,0.00560589419732491,0.927917205178944,-0.009165963123194702,0.00603874362244898,0.7862523915816326,/home/tbeliere/Projects/DCU/2026-mcm-XAI-skin-lesion/outputs/pilot/xai_maps/lime/isic2018_ISIC_0012810.npy,/home/tbeliere/Projects/DCU/2026-mcm-XAI-skin-lesion/outputs/pilot/pseudo_concepts/npz/isic2018/ISIC_0012810.npz
isic2018,ISIC_0012810,lime,border_default,20,0.0009121544581546832,0.0018226463812870358,0.0008237232289946807,0.7946604091798748,-0.0026794932696085363,0.0010363520408163266,0.7862523915816326,/home/tbeliere/Projects/DCU/2026-mcm-XAI-skin-lesion/outputs/pilot/xai_maps/lime/isic2018_ISIC_0012810.npy,/home/tbeliere/Projects/DCU/2026-mcm-XAI-skin-lesion/outputs/pilot/pseudo_concepts/npz/isic2018/ISIC_0012810.npz
isic2018,ISIC_0012810,lime,border_w8_dil2_sigma5,20,0.0009121544581546832,0.0018226463812870358,0.0008237232289946807,0.7946604091798748,-0.0026794932696085363,0.0010363520408163266,0.7862523915816326,/home/tbeliere/Projects/DCU/2026-mcm-XAI-skin-lesion/outputs/pilot/xai_maps/lime/isic2018_ISIC_0012810.npy,/home/tbeliere/Projects/DCU/2026-mcm-XAI-skin-lesion/outputs/pilot/pseudo_concepts/npz/isic2018/ISIC_0012810.npz
isic2018,ISIC_0012810,lime,border_w12_dil4_sigma8,20,0.0013434386961036872,0.0026832725799912204,0.0012127036426866132,1.148266932096701,0.0022222604913496665,0.0010562818877551021,0.7862523915816326,/home/tbeliere/Projects/DCU/2026-mcm-XAI-skin-lesion/outputs/pilot/xai_maps/lime/isic2018_ISIC_0012810.npy,/home/tbeliere/Projects/DCU/2026-mcm-XAI-skin-lesion/outputs/pilot/pseudo_concepts/npz/isic2018/ISIC_0012810.npz
isic2018,ISIC_0012810,lime,border_w16_dil6_sigma10,20,0.0019010443070055002,0.0037948743896567424,0.0017160900604055848,1.1332092573517134,0.006410699933692555,0.0015146683673469387,0.7862523915816326,/home/tbeliere/Projects/DCU/2026-mcm-XAI-skin-lesion/outputs/pilot/xai_maps/lime/isic2018_ISIC_0012810.npy,/home/tbeliere/Projects/DCU/2026-mcm-XAI-skin-lesion/outputs/pilot/pseudo_concepts/npz/isic2018/ISIC_0012810.npz
isic2018,ISIC_0012810,lime,border_w16_dil6_sigma10_dist,20,0.0017996096621291666,0.003592753769860441,0.0016245652571839535,1.116822452551856,0.004885943176738006,0.0014548788265306123,0.7862523915816326,/home/tbeliere/Projects/DCU/2026-mcm-XAI-skin-lesion/outputs/pilot/xai_maps/lime/isic2018_ISIC_0012810.npy,/home/tbeliere/Projects/DCU/2026-mcm-XAI-skin-lesion/outputs/pilot/pseudo_concepts/npz/isic2018/ISIC_0012810.npz
isic2018,ISIC_0012810,lime,colour_heterogeneity,20,0.003775497276066445,0.007522593022666855,0.0034092989200057615,1.0496476551438947,0.011215433744580207,0.003248565051020408,0.7862523915816326,/home/tbeliere/Projects/DCU/2026-mcm-XAI-skin-lesion/outputs/pilot/xai_maps/lime/isic2018_ISIC_0012810.npy,/home/tbeliere/Projects/DCU/2026-mcm-XAI-skin-lesion/outputs/pilot/pseudo_concepts/npz/isic2018/ISIC_0012810.npz
isic2018,ISIC_0012810,shap,asymmetry,20,0.022347473548875358,0.04371796111805424,0.017116583247623163,2.866406786872889,0.11683208518871054,0.00603874362244898,0.20001594387755103,/home/tbeliere/Projects/DCU/2026-mcm-XAI-skin-lesion/outputs/pilot/xai_maps/shap/isic2018_ISIC_0012810.npy,/home/tbeliere/Projects/DCU/2026-mcm-XAI-skin-lesion/outputs/pilot/pseudo_concepts/npz/isic2018/ISIC_0012810.npz
isic2018,ISIC_0012810,shap,border_default,20,0.003581376840426202,0.007137192704195938,0.002413685936532441,2.3322362976595823,0.12549707468315047,0.0010363520408163266,0.20001594387755103,/home/tbeliere/Projects/DCU/2026-mcm-XAI-skin-lesion/outputs/pilot/xai_maps/shap/isic2018_ISIC_0012810.npy,/home/tbeliere/Projects/DCU/2026-mcm-XAI-skin-lesion/outputs/pilot/pseudo_concepts/npz/isic2018/ISIC_0012810.npz
isic2018,ISIC_0012810,shap,border_w8_dil2_sigma5,20,0.003581376840426202,0.007137192704195938,0.002413685936532441,2.3322362976595823,0.12549707468315047,0.0010363520408163266,0.20001594387755103,/home/tbeliere/Projects/DCU/2026-mcm-XAI-skin-lesion/outputs/pilot/xai_maps/shap/isic2018_ISIC_0012810.npy,/home/tbeliere/Projects/DCU/2026-mcm-XAI-skin-lesion/outputs/pilot/pseudo_concepts/npz/isic2018/ISIC_0012810.npz
isic2018,ISIC_0012810,shap,border_w12_dil4_sigma8,20,0.003181863378738011,0.006343542471992919,0.0021576919339386363,2.044977942734964,0.10469762302937392,0.0010562818877551021,0.20001594387755103,/home/tbeliere/Projects/DCU/2026-mcm-XAI-skin-lesion/outputs/pilot/xai_maps/shap/isic2018_ISIC_0012810.npy,/home/tbeliere/Projects/DCU/2026-mcm-XAI-skin-lesion/outputs/pilot/pseudo_concepts/npz/isic2018/ISIC_0012810.npz
isic2018,ISIC_0012810,shap,border_w16_dil6_sigma10,20,0.004569839062185009,0.009098101265813787,0.0031010155323873867,2.050580544260638,0.13465349998657192,0.0015146683673469387,0.20001594387755103,/home/tbeliere/Projects/DCU/2026-mcm-XAI-skin-lesion/outputs/pilot/xai_maps/shap/isic2018_ISIC_0012810.npy,/home/tbeliere/Projects/DCU/2026-mcm-XAI-skin-lesion/outputs/pilot/pseudo_concepts/npz/isic2018/ISIC_0012810.npz
isic2018,ISIC_0012810,shap,border_w16_dil6_sigma10_dist,20,0.004371584699449208,0.00870511425461598,0.003079420791732602,2.1200653326813237,0.1293746170590621,0.0014548788265306123,0.20001594387755103,/home/tbeliere/Projects/DCU/2026-mcm-XAI-skin-lesion/outputs/pilot/xai_maps/shap/isic2018_ISIC_0012810.npy,/home/tbeliere/Projects/DCU/2026-mcm-XAI-skin-lesion/outputs/pilot/pseudo_concepts/npz/isic2018/ISIC_0012810.npz
isic2018,ISIC_0012810,shap,colour_heterogeneity,20,0.013615583383011711,0.0268653789586951,0.011208143904615157,3.4779552242081615,0.23744744122652212,0.003248565051020408,0.20001594387755103,/home/tbeliere/Projects/DCU/2026-mcm-XAI-skin-lesion/outputs/pilot/xai_maps/shap/isic2018_ISIC_0012810.npy,/home/tbeliere/Projects/DCU/2026-mcm-XAI-skin-lesion/outputs/pilot/pseudo_concepts/npz/isic2018/ISIC_0012810.npz
isic2018,ISIC_0003559,gradcam,asymmetry,20,0.008503237027723931,0.016863083261457447,0.016308123019348253,4.205969898000634,0.04794825730070614,0.003926179846938775,0.20408163265306123,/home/tbeliere/Projects/DCU/2026-mcm-XAI-skin-lesion/outputs/pilot/xai_maps/gradcam/isic2018_ISIC_0003559.npy,/home/tbeliere/Projects/DCU/2026-mcm-XAI-skin-lesion/outputs/pilot/pseudo_concepts/npz/isic2018/ISIC_0003559.npz
isic2018,ISIC_0003559,gradcam,border_default,20,0.003989879330474903,0.007948046912854561,0.0072849402246719114,4.774628929607446,0.07052415779671418,0.0015345982142857143,0.20408163265306123,/home/tbeliere/Projects/DCU/2026-mcm-XAI-skin-lesion/outputs/pilot/xai_maps/gradcam/isic2018_ISIC_0003559.npy,/home/tbeliere/Projects/DCU/2026-mcm-XAI-skin-lesion/outputs/pilot/pseudo_concepts/npz/isic2018/ISIC_0003559.npz
isic2018,ISIC_0003559,gradcam,border_w8_dil2_sigma5,20,0.003989879330474903,0.007948046912854561,0.0072849402246719114,4.774628929607446,0.07052415779671418,0.0015345982142857143,0.20408163265306123,/home/tbeliere/Projects/DCU/2026-mcm-XAI-skin-lesion/outputs/pilot/xai_maps/gradcam/isic2018_ISIC_0003559.npy,/home/tbeliere/Projects/DCU/2026-mcm-XAI-skin-lesion/outputs/pilot/pseudo_concepts/npz/isic2018/ISIC_0003559.npz
isic2018,ISIC_0003559,gradcam,border_w12_dil4_sigma8,20,0.012888845818380764,0.025449674703381695,0.01978523252032469,4.75708721490389,0.11721802154250612,0.0042251275510204085,0.20408163265306123,/home/tbeliere/Projects/DCU/2026-mcm-XAI-skin-lesion/outputs/pilot/xai_maps/gradcam/isic2018_ISIC_0003559.npy,/home/tbeliere/Projects/DCU/2026-mcm-XAI-skin-lesion/outputs/pilot/pseudo_concepts/npz/isic2018/ISIC_0003559.npz
isic2018,ISIC_0003559,gradcam,border_w16_dil6_sigma10,20,0.018296224588559246,0.03593497480745704,0.028068911778987172,5.164879821338994,0.16222041951807462,0.005560427295918368,0.20408163265306123,/home/tbeliere/Projects/DCU/2026-mcm-XAI-skin-lesion/outputs/pilot/xai_maps/gradcam/isic2018_ISIC_0003559.npy,/home/tbeliere/Projects/DCU/2026-mcm-XAI-skin-lesion/outputs/pilot/pseudo_concepts/npz/isic2018/ISIC_0003559.npz
isic2018,ISIC_0003559,gradcam,border_w16_dil6_sigma10_dist,20,0.015033947623651761,0.02962255136165349,0.02304590512826358,5.236982830634428,0.14292125692465724,0.00448421556122449,0.20408163265306123,/home/tbeliere/Projects/DCU/2026-mcm-XAI-skin-lesion/outputs/pilot/xai_maps/gradcam/isic2018_ISIC_0003559.npy,/home/tbeliere/Projects/DCU/2026-mcm-XAI-skin-lesion/outputs/pilot/pseudo_concepts/npz/isic2018/ISIC_0003559.npz
isic2018,ISIC_0003559,gradcam,colour_heterogeneity,20,0.0489019033674486,0.09324399776652405,0.23183136784100766,29.625053694114534,0.6875757264392205,0.010084502551020409,0.20408163265306123,/home/tbeliere/Projects/DCU/2026-mcm-XAI-skin-lesion/outputs/pilot/xai_maps/gradcam/isic2018_ISIC_0003559.npy,/home/tbeliere/Projects/DCU/2026-mcm-XAI-skin-lesion/outputs/pilot/pseudo_concepts/npz/isic2018/ISIC_0003559.npz
isic2018,ISIC_0003559,lime,asymmetry,20,0.004722295467074641,0.009400200410361837,0.005694413373734236,1.452949307943224,0.04923439609167633,0.003926179846938775,0.831413424744898,/home/tbeliere/Projects/DCU/2026-mcm-XAI-skin-lesion/outputs/pilot/xai_maps/lime/isic2018_ISIC_0003559.npy,/home/tbeliere/Projects/DCU/2026-mcm-XAI-skin-lesion/outputs/pilot/pseudo_concepts/npz/isic2018/ISIC_0003559.npz
isic2018,ISIC_0003559,lime,border_default,20,0.0018457703094657226,0.0036847394362818386,0.0025828232088008856,1.6848303068929944,0.09262133450099219,0.0015345982142857143,0.831413424744898,/home/tbeliere/Projects/DCU/2026-mcm-XAI-skin-lesion/outputs/pilot/xai_maps/lime/isic2018_ISIC_0003559.npy,/home/tbeliere/Projects/DCU/2026-mcm-XAI-skin-lesion/outputs/pilot/pseudo_concepts/npz/isic2018/ISIC_0003559.npz
isic2018,ISIC_0003559,lime,border_w8_dil2_sigma5,20,0.0018457703094657226,0.0036847394362818386,0.0025828232088008856,1.6848303068929944,0.09262133450099219,0.0015345982142857143,0.831413424744898,/home/tbeliere/Projects/DCU/2026-mcm-XAI-skin-lesion/outputs/pilot/xai_maps/lime/isic2018_ISIC_0003559.npy,/home/tbeliere/Projects/DCU/2026-mcm-XAI-skin-lesion/outputs/pilot/pseudo_concepts/npz/isic2018/ISIC_0003559.npz
isic2018,ISIC_0003559,lime,border_w12_dil4_sigma8,20,0.005081861111775755,0.010112332752984782,0.007524760529577383,1.7868756223675848,0.13088218942318294,0.0042251275510204085,0.831413424744898,/home/tbeliere/Projects/DCU/2026-mcm-XAI-skin-lesion/outputs/pilot/xai_maps/lime/isic2018_ISIC_0003559.npy,/home/tbeliere/Projects/DCU/2026-mcm-XAI-skin-lesion/outputs/pilot/pseudo_concepts/npz/isic2018/ISIC_0003559.npz
isic2018,ISIC_0003559,lime,border_w16_dil6_sigma10,20,0.006687920991440735,0.013286979712350395,0.010188932500860186,1.8409695202381091,0.1553266664663962,0.005560427295918368,0.831413424744898,/home/tbeliere/Projects/DCU/2026-mcm-XAI-skin-lesion/outputs/pilot/xai_maps/lime/isic2018_ISIC_0003559.npy,/home/tbeliere/Projects/DCU/2026-mcm-XAI-skin-lesion/outputs/pilot/pseudo_concepts/npz/isic2018/ISIC_0003559.npz
isic2018,ISIC_0003559,lime,border_w16_dil6_sigma10_dist,20,0.005393484670516722,0.010729102093364473,0.008256899391914641,1.8483297919699855,0.14421438049914068,0.00448421556122449,0.831413424744898,/home/tbeliere/Projects/DCU/2026-mcm-XAI-skin-lesion/outputs/pilot/xai_maps/lime/isic2018_ISIC_0003559.npy,/home/tbeliere/Projects/DCU/2026-mcm-XAI-skin-lesion/outputs/pilot/pseudo_concepts/npz/isic2018/ISIC_0003559.npz
isic2018,ISIC_0003559,lime,colour_heterogeneity,20,0.012129347747917605,0.023967979537213375,0.02056089971730469,2.06066936186191,0.26609749499343205,0.010084502551020409,0.831413424744898,/home/tbeliere/Projects/DCU/2026-mcm-XAI-skin-lesion/outputs/pilot/xai_maps/lime/isic2018_ISIC_0003559.npy,/home/tbeliere/Projects/DCU/2026-mcm-XAI-skin-lesion/outputs/pilot/pseudo_concepts/npz/isic2018/ISIC_0003559.npz
isic2018,ISIC_0003559,shap,asymmetry,20,0.008674223755536052,0.017199257304781394,0.006075839931062939,1.550866326873779,0.04219497341096868,0.003926179846938775,0.20001594387755103,/home/tbeliere/Projects/DCU/2026-mcm-XAI-skin-lesion/outputs/pilot/xai_maps/shap/isic2018_ISIC_0003559.npy,/home/tbeliere/Projects/DCU/2026-mcm-XAI-skin-lesion/outputs/pilot/pseudo_concepts/npz/isic2018/ISIC_0003559.npz
isic2018,ISIC_0003559,shap,border_default,20,0.0034729112919195545,0.006921783842572014,0.0025059024178509534,1.6345271927740435,0.07569338197137365,0.0015345982142857143,0.20001594387755103,/home/tbeliere/Projects/DCU/2026-mcm-XAI-skin-lesion/outputs/pilot/xai_maps/shap/isic2018_ISIC_0003559.npy,/home/tbeliere/Projects/DCU/2026-mcm-XAI-skin-lesion/outputs/pilot/pseudo_concepts/npz/isic2018/ISIC_0003559.npz
isic2018,ISIC_0003559,shap,border_w8_dil2_sigma5,20,0.0034729112919195545,0.006921783842572014,0.0025059024178509534,1.6345271927740435,0.07569338197137365,0.0015345982142857143,0.20001594387755103,/home/tbeliere/Projects/DCU/2026-mcm-XAI-skin-lesion/outputs/pilot/xai_maps/shap/isic2018_ISIC_0003559.npy,/home/tbeliere/Projects/DCU/2026-mcm-XAI-skin-lesion/outputs/pilot/pseudo_concepts/npz/isic2018/ISIC_0003559.npz
isic2018,ISIC_0003559,shap,border_w12_dil4_sigma8,20,0.011448874851942905,0.022638563622148087,0.007277420997902045,1.7277100119933766,0.09811378597994895,0.0042251275510204085,0.20001594387755103,/home/tbeliere/Projects/DCU/2026-mcm-XAI-skin-lesion/outputs/pilot/xai_maps/shap/isic2018_ISIC_0003559.npy,/home/tbeliere/Projects/DCU/2026-mcm-XAI-skin-lesion/outputs/pilot/pseudo_concepts/npz/isic2018/ISIC_0003559.npz
isic2018,ISIC_0003559,shap,border_w16_dil6_sigma10,20,0.014357360605748493,0.028308288899633244,0.00936375490898093,1.6904643371885382,0.11062506457411346,0.005560427295918368,0.20001594387755103,/home/tbeliere/Projects/DCU/2026-mcm-XAI-skin-lesion/outputs/pilot/xai_maps/shap/isic2018_ISIC_0003559.npy,/home/tbeliere/Projects/DCU/2026-mcm-XAI-skin-lesion/outputs/pilot/pseudo_concepts/npz/isic2018/ISIC_0003559.npz
isic2018,ISIC_0003559,shap,border_w16_dil6_sigma10_dist,20,0.011633638962820039,0.022999707630812785,0.007528229033891785,1.6839776286931618,0.10338857990495236,0.00448421556122449,0.20001594387755103,/home/tbeliere/Projects/DCU/2026-mcm-XAI-skin-lesion/outputs/pilot/xai_maps/shap/isic2018_ISIC_0003559.npy,/home/tbeliere/Projects/DCU/2026-mcm-XAI-skin-lesion/outputs/pilot/pseudo_concepts/npz/isic2018/ISIC_0003559.npz
isic2018,ISIC_0003559,shap,colour_heterogeneity,20,0.04077401520382982,0.0783532536519841,0.03082022370812414,3.121583995538331,0.32208143024784097,0.010084502551020409,0.20001594387755103,/home/tbeliere/Projects/DCU/2026-mcm-XAI-skin-lesion/outputs/pilot/xai_maps/shap/isic2018_ISIC_0003559.npy,/home/tbeliere/Projects/DCU/2026-mcm-XAI-skin-lesion/outputs/pilot/pseudo_concepts/npz/isic2018/ISIC_0003559.npz
isic2018,ISIC_0014600,gradcam,asymmetry,20,0.0,0.0,0.0015741676624022936,0.16086680246133253,-0.030076199785033612,0.009705835459183673,0.20408163265306123,/home/tbeliere/Projects/DCU/2026-mcm-XAI-skin-lesion/outputs/pilot/xai_maps/gradcam/isic2018_ISIC_0014600.npy,/home/tbeliere/Projects/DCU/2026-mcm-XAI-skin-lesion/outputs/pilot/pseudo_concepts/npz/isic2018/ISIC_0014600.npz
isic2018,ISIC_0014600,gradcam,border_default,20,0.0,0.0,0.0,0.0,-0.030723489341957958,0.00025908801020408165,0.20408163265306123,/home/tbeliere/Projects/DCU/2026-mcm-XAI-skin-lesion/outputs/pilot/xai_maps/gradcam/isic2018_ISIC_0014600.npy,/home/tbeliere/Projects/DCU/2026-mcm-XAI-skin-lesion/outputs/pilot/pseudo_concepts/npz/isic2018/ISIC_0014600.npz
isic2018,ISIC_0014600,gradcam,border_w8_dil2_sigma5,20,0.0,0.0,0.0,0.0,-0.030723489341957958,0.00025908801020408165,0.20408163265306123,/home/tbeliere/Projects/DCU/2026-mcm-XAI-skin-lesion/outputs/pilot/xai_maps/gradcam/isic2018_ISIC_0014600.npy,/home/tbeliere/Projects/DCU/2026-mcm-XAI-skin-lesion/outputs/pilot/pseudo_concepts/npz/isic2018/ISIC_0014600.npz
isic2018,ISIC_0014600,gradcam,border_w12_dil4_sigma8,20,0.0,0.0,0.0,0.0,-0.035302717772322106,0.0015943877551020409,0.20408163265306123,/home/tbeliere/Projects/DCU/2026-mcm-XAI-skin-lesion/outputs/pilot/xai_maps/gradcam/isic2018_ISIC_0014600.npy,/home/tbeliere/Projects/DCU/2026-mcm-XAI-skin-lesion/outputs/pilot/pseudo_concepts/npz/isic2018/ISIC_0014600.npz
isic2018,ISIC_0014600,gradcam,border_w16_dil6_sigma10,20,0.0,0.0,0.0,0.0,-0.03786812920962375,0.0020926339285714285,0.20408163265306123,/home/tbeliere/Projects/DCU/2026-mcm-XAI-skin-lesion/outputs/pilot/xai_maps/gradcam/isic2018_ISIC_0014600.npy,/home/tbeliere/Projects/DCU/2026-mcm-XAI-skin-lesion/outputs/pilot/pseudo_concepts/npz/isic2018/ISIC_0014600.npz
isic2018,ISIC_0014600,gradcam,border_w16_dil6_sigma10_dist,20,0.0,0.0,0.0,0.0,-0.036611006246522346,0.0018534757653061226,0.20408163265306123,/home/tbeliere/Projects/DCU/2026-mcm-XAI-skin-lesion/outputs/pilot/xai_maps/gradcam/isic2018_ISIC_0014600.npy,/home/tbeliere/Projects/DCU/2026-mcm-XAI-skin-lesion/outputs/pilot/pseudo_concepts/npz/isic2018/ISIC_0014600.npz
isic2018,ISIC_0014600,gradcam,colour_heterogeneity,20,0.0,0.0,0.002901779212020775,0.32303482337102923,-0.0404895327866171,0.008928571428571428,0.20408163265306123,/home/tbeliere/Projects/DCU/2026-mcm-XAI-skin-lesion/outputs/pilot/xai_maps/gradcam/isic2018_ISIC_0014600.npy,/home/tbeliere/Projects/DCU/2026-mcm-XAI-skin-lesion/outputs/pilot/pseudo_concepts/npz/isic2018/ISIC_0014600.npz
isic2018,ISIC_0014600,lime,asymmetry,20,0.030682129485863678,0.059537521041853864,0.01443545754596698,1.4944341371617662,0.09347099655361321,0.009705835459183673,0.2152423469387755,/home/tbeliere/Projects/DCU/2026-mcm-XAI-skin-lesion/outputs/pilot/xai_maps/lime/isic2018_ISIC_0014600.npy,/home/tbeliere/Projects/DCU/2026-mcm-XAI-skin-lesion/outputs/pilot/pseudo_concepts/npz/isic2018/ISIC_0014600.npz
isic2018,ISIC_0014600,lime,border_default,20,0.00018499676255648412,0.0003699250901688986,0.0002357549599215713,0.9099203798545439,0.06907107991871315,0.00025908801020408165,0.2152423469387755,/home/tbeliere/Projects/DCU/2026-mcm-XAI-skin-lesion/outputs/pilot/xai_maps/lime/isic2018_ISIC_0014600.npy,/home/tbeliere/Projects/DCU/2026-mcm-XAI-skin-lesion/outputs/pilot/pseudo_concepts/npz/isic2018/ISIC_0014600.npz
isic2018,ISIC_0014600,lime,border_w8_dil2_sigma5,20,0.00018499676255648412,0.0003699250901688986,0.0002357549599215713,0.9099203798545439,0.06907107991871315,0.00025908801020408165,0.2152423469387755,/home/tbeliere/Projects/DCU/2026-mcm-XAI-skin-lesion/outputs/pilot/xai_maps/lime/isic2018_ISIC_0014600.npy,/home/tbeliere/Projects/DCU/2026-mcm-XAI-skin-lesion/outputs/pilot/pseudo_concepts/npz/isic2018/ISIC_0014600.npz
isic2018,ISIC_0014600,lime,border_w12_dil4_sigma8,20,0.003504888396971495,0.006985294117640638,0.0019767146639577903,1.2402703014197645,0.09447681026899815,0.0015943877551020409,0.2152423469387755,/home/tbeliere/Projects/DCU/2026-mcm-XAI-skin-lesion/outputs/pilot/xai_maps/lime/isic2018_ISIC_0014600.npy,/home/tbeliere/Projects/DCU/2026-mcm-XAI-skin-lesion/outputs/pilot/pseudo_concepts/npz/isic2018/ISIC_0014600.npz
isic2018,ISIC_0014600,lime,border_w16_dil6_sigma10,20,0.005996309963094099,0.011921137093065637,0.0029197345036440754,1.3964011604700364,0.11560948137410536,0.0020926339285714285,0.2152423469387755,/home/tbeliere/Projects/DCU/2026-mcm-XAI-skin-lesion/outputs/pilot/xai_maps/lime/isic2018_ISIC_0014600.npy,/home/tbeliere/Projects/DCU/2026-mcm-XAI-skin-lesion/outputs/pilot/pseudo_concepts/npz/isic2018/ISIC_0014600.npz
isic2018,ISIC_0014600,lime,border_w16_dil6_sigma10_dist,20,0.005074737036348888,0.0100982282199485,0.0025207645714691086,1.3609300586369961,0.10147379946829507,0.0018534757653061226,0.2152423469387755,/home/tbeliere/Projects/DCU/2026-mcm-XAI-skin-lesion/outputs/pilot/xai_maps/lime/isic2018_ISIC_0014600.npy,/home/tbeliere/Projects/DCU/2026-mcm-XAI-skin-lesion/outputs/pilot/pseudo_concepts/npz/isic2018/ISIC_0014600.npz
isic2018,ISIC_0014600,lime,colour_heterogeneity,20,0.02890596414194209,0.05618776671403255,0.013383627724778432,1.5057348198738179,0.2302195178589043,0.008928571428571428,0.2152423469387755,/home/tbeliere/Projects/DCU/2026-mcm-XAI-skin-lesion/outputs/pilot/xai_maps/lime/isic2018_ISIC_0014600.npy,/home/tbeliere/Projects/DCU/2026-mcm-XAI-skin-lesion/outputs/pilot/pseudo_concepts/npz/isic2018/ISIC_0014600.npz
isic2018,ISIC_0014600,shap,asymmetry,20,0.021353003979402742,0.04181317114887217,0.015716509418118484,1.6291725599283664,0.05996768051496688,0.009705835459183673,0.20001594387755103,/home/tbeliere/Projects/DCU/2026-mcm-XAI-skin-lesion/outputs/pilot/xai_maps/shap/isic2018_ISIC_0014600.npy,/home/tbeliere/Projects/DCU/2026-mcm-XAI-skin-lesion/outputs/pilot/pseudo_concepts/npz/isic2018/ISIC_0014600.npz
isic2018,ISIC_0014600,shap,border_default,20,0.0006970722963546135,0.0013931734500931502,0.0005152663756097288,1.9892789166991314,0.06748007786203632,0.00025908801020408165,0.20001594387755103,/home/tbeliere/Projects/DCU/2026-mcm-XAI-skin-lesion/outputs/pilot/xai_maps/shap/isic2018_ISIC_0014600.npy,/home/tbeliere/Projects/DCU/2026-mcm-XAI-skin-lesion/outputs/pilot/pseudo_concepts/npz/isic2018/ISIC_0014600.npz
isic2018,ISIC_0014600,shap,border_w8_dil2_sigma5,20,0.0006970722963546135,0.0013931734500931502,0.0005152663756097288,1.9892789166991314,0.06748007786203632,0.00025908801020408165,0.20001594387755103,/home/tbeliere/Projects/DCU/2026-mcm-XAI-skin-lesion/outputs/pilot/xai_maps/shap/isic2018_ISIC_0014600.npy,/home/tbeliere/Projects/DCU/2026-mcm-XAI-skin-lesion/outputs/pilot/pseudo_concepts/npz/isic2018/ISIC_0014600.npz
isic2018,ISIC_0014600,shap,border_w12_dil4_sigma8,20,0.0036709991070506287,0.0073151443258132505,0.002660238473401617,1.67028425889344,0.07314619776216093,0.0015943877551020409,0.20001594387755103,/home/tbeliere/Projects/DCU/2026-mcm-XAI-skin-lesion/outputs/pilot/xai_maps/shap/isic2018_ISIC_0014600.npy,/home/tbeliere/Projects/DCU/2026-mcm-XAI-skin-lesion/outputs/pilot/pseudo_concepts/npz/isic2018/ISIC_0014600.npz
isic2018,ISIC_0014600,shap,border_w16_dil6_sigma10,20,0.0045567112431851835,0.009072083620935733,0.0034533946630100195,1.6525151024599203,0.07445940094142961,0.0020926339285714285,0.20001594387755103,/home/tbeliere/Projects/DCU/2026-mcm-XAI-skin-lesion/outputs/pilot/xai_maps/shap/isic2018_ISIC_0014600.npy,/home/tbeliere/Projects/DCU/2026-mcm-XAI-skin-lesion/outputs/pilot/pseudo_concepts/npz/isic2018/ISIC_0014600.npz
isic2018,ISIC_0014600,shap,border_w16_dil6_sigma10_dist,20,0.00416377515613744,0.008293020041456912,0.0030415634767665847,1.6429604640634274,0.07218401054670351,0.0018534757653061226,0.20001594387755103,/home/tbeliere/Projects/DCU/2026-mcm-XAI-skin-lesion/outputs/pilot/xai_maps/shap/isic2018_ISIC_0014600.npy,/home/tbeliere/Projects/DCU/2026-mcm-XAI-skin-lesion/outputs/pilot/pseudo_concepts/npz/isic2018/ISIC_0014600.npz
isic2018,ISIC_0014600,shap,colour_heterogeneity,20,0.0210362290611404,0.04120564669969362,0.01591766005060535,1.7954388134459403,0.11569630373175663,0.008928571428571428,0.20001594387755103,/home/tbeliere/Projects/DCU/2026-mcm-XAI-skin-lesion/outputs/pilot/xai_maps/shap/isic2018_ISIC_0014600.npy,/home/tbeliere/Projects/DCU/2026-mcm-XAI-skin-lesion/outputs/pilot/pseudo_concepts/npz/isic2018/ISIC_0014600.npz
isic2018,ISIC_0013559,gradcam,asymmetry,20,0.0,0.0,0.0,0.0,-0.023394716801412235,0.0045639349489795915,0.20408163265306123,/home/tbeliere/Projects/DCU/2026-mcm-XAI-skin-lesion/outputs/pilot/xai_maps/gradcam/isic2018_ISIC_0013559.npy,/home/tbeliere/Projects/DCU/2026-mcm-XAI-skin-lesion/outputs/pilot/pseudo_concepts/npz/isic2018/ISIC_0013559.npz
isic2018,ISIC_0013559,gradcam,border_default,20,0.0,0.0,0.0,0.0,-0.03356450100565394,0.0010562818877551021,0.20408163265306123,/home/tbeliere/Projects/DCU/2026-mcm-XAI-skin-lesion/outputs/pilot/xai_maps/gradcam/isic2018_ISIC_0013559.npy,/home/tbeliere/Projects/DCU/2026-mcm-XAI-skin-lesion/outputs/pilot/pseudo_concepts/npz/isic2018/ISIC_0013559.npz
isic2018,ISIC_0013559,gradcam,border_w8_dil2_sigma5,20,0.0,0.0,0.0,0.0,-0.03356450100565394,0.0010562818877551021,0.20408163265306123,/home/tbeliere/Projects/DCU/2026-mcm-XAI-skin-lesion/outputs/pilot/xai_maps/gradcam/isic2018_ISIC_0013559.npy,/home/tbeliere/Projects/DCU/2026-mcm-XAI-skin-lesion/outputs/pilot/pseudo_concepts/npz/isic2018/ISIC_0013559.npz
isic2018,ISIC_0013559,gradcam,border_w12_dil4_sigma8,20,0.0,0.0,0.0,0.0,-0.03838863120460363,0.0015345982142857143,0.20408163265306123,/home/tbeliere/Projects/DCU/2026-mcm-XAI-skin-lesion/outputs/pilot/xai_maps/gradcam/isic2018_ISIC_0013559.npy,/home/tbeliere/Projects/DCU/2026-mcm-XAI-skin-lesion/outputs/pilot/pseudo_concepts/npz/isic2018/ISIC_0013559.npz
isic2018,ISIC_0013559,gradcam,border_w16_dil6_sigma10,20,0.0,0.0,0.0,0.0,-0.04270616774996415,0.0031489158163265306,0.20408163265306123,/home/tbeliere/Projects/DCU/2026-mcm-XAI-skin-lesion/outputs/pilot/xai_maps/gradcam/isic2018_ISIC_0013559.npy,/home/tbeliere/Projects/DCU/2026-mcm-XAI-skin-lesion/outputs/pilot/pseudo_concepts/npz/isic2018/ISIC_0013559.npz
isic2018,ISIC_0013559,gradcam,border_w16_dil6_sigma10_dist,20,0.0,0.0,0.0,0.0,-0.040415082986145524,0.002570950255102041,0.20408163265306123,/home/tbeliere/Projects/DCU/2026-mcm-XAI-skin-lesion/outputs/pilot/xai_maps/gradcam/isic2018_ISIC_0013559.npy,/home/tbeliere/Projects/DCU/2026-mcm-XAI-skin-lesion/outputs/pilot/pseudo_concepts/npz/isic2018/ISIC_0013559.npz
isic2018,ISIC_0013559,gradcam,colour_heterogeneity,20,0.0,0.0,0.0,0.0,-0.06747938626490371,0.0126953125,0.20408163265306123,/home/tbeliere/Projects/DCU/2026-mcm-XAI-skin-lesion/outputs/pilot/xai_maps/gradcam/isic2018_ISIC_0013559.npy,/home/tbeliere/Projects/DCU/2026-mcm-XAI-skin-lesion/outputs/pilot/pseudo_concepts/npz/isic2018/ISIC_0013559.npz
isic2018,ISIC_0013559,lime,asymmetry,20,0.004409441392156286,0.008780167151843182,0.004348346431561676,0.9525562911650568,-0.0057359595051244515,0.0045639349489795915,0.844367825255102,/home/tbeliere/Projects/DCU/2026-mcm-XAI-skin-lesion/outputs/pilot/xai_maps/lime/isic2018_ISIC_0013559.npy,/home/tbeliere/Projects/DCU/2026-mcm-XAI-skin-lesion/outputs/pilot/pseudo_concepts/npz/isic2018/ISIC_0013559.npz
isic2018,ISIC_0013559,lime,border_default,20,0.0012273413897278072,0.002451673738801874,0.0010372202497303078,0.9819353074238462,-0.004614470710226252,0.0010562818877551021,0.844367825255102,/home/tbeliere/Projects/DCU/2026-mcm-XAI-skin-lesion/outputs/pilot/xai_maps/lime/isic2018_ISIC_0013559.npy,/home/tbeliere/Projects/DCU/2026-mcm-XAI-skin-lesion/outputs/pilot/pseudo_concepts/npz/isic2018/ISIC_0013559.npz
isic2018,ISIC_0013559,lime,border_w8_dil2_sigma5,20,0.0012273413897278072,0.002451673738801874,0.0010372202497303078,0.9819353074238462,-0.004614470710226252,0.0010562818877551021,0.844367825255102,/home/tbeliere/Projects/DCU/2026-mcm-XAI-skin-lesion/outputs/pilot/xai_maps/lime/isic2018_ISIC_0013559.npy,/home/tbeliere/Projects/DCU/2026-mcm-XAI-skin-lesion/outputs/pilot/pseudo_concepts/npz/isic2018/ISIC_0013559.npz
isic2018,ISIC_0013559,lime,border_w12_dil4_sigma8,20,0.001770162146852234,0.0035340684195637705,0.0014959907448033286,0.9748042330510435,0.010381844838101367,0.0015345982142857143,0.844367825255102,/home/tbeliere/Projects/DCU/2026-mcm-XAI-skin-lesion/outputs/pilot/xai_maps/lime/isic2018_ISIC_0013559.npy,/home/tbeliere/Projects/DCU/2026-mcm-XAI-skin-lesion/outputs/pilot/pseudo_concepts/npz/isic2018/ISIC_0013559.npz
isic2018,ISIC_0013559,lime,border_w16_dil6_sigma10,20,0.0036345613745241714,0.007242798353907762,0.003291179638567323,1.0453278218105713,0.03355553554769379,0.0031489158163265306,0.844367825255102,/home/tbeliere/Projects/DCU/2026-mcm-XAI-skin-lesion/outputs/pilot/xai_maps/lime/isic2018_ISIC_0013559.npy,/home/tbeliere/Projects/DCU/2026-mcm-XAI-skin-lesion/outputs/pilot/pseudo_concepts/npz/isic2018/ISIC_0013559.npz
isic2018,ISIC_0013559,lime,border_w16_dil6_sigma10_dist,20,0.002950130985815074,0.00588290662650464,0.002553157537797681,0.9930615606828844,0.023426607702969404,0.002570950255102041,0.844367825255102,/home/tbeliere/Projects/DCU/2026-mcm-XAI-skin-lesion/outputs/pilot/xai_maps/lime/isic2018_ISIC_0013559.npy,/home/tbeliere/Projects/DCU/2026-mcm-XAI-skin-lesion/outputs/pilot/pseudo_concepts/npz/isic2018/ISIC_0013559.npz
isic2018,ISIC_0013559,lime,colour_heterogeneity,20,0.011882632532527382,0.023486187331405572,0.01565803646227484,1.2370838055933757,0.1478015605672534,0.0126953125,0.844367825255102,/home/tbeliere/Projects/DCU/2026-mcm-XAI-skin-lesion/outputs/pilot/xai_maps/lime/isic2018_ISIC_0013559.npy,/home/tbeliere/Projects/DCU/2026-mcm-XAI-skin-lesion/outputs/pilot/pseudo_concepts/npz/isic2018/ISIC_0013559.npz
isic2018,ISIC_0013559,shap,asymmetry,20,0.008646949002644544,0.01714564052604272,0.007086675413540228,1.5567003589492556,0.0351700059075175,0.0045639349489795915,0.20001594387755103,/home/tbeliere/Projects/DCU/2026-mcm-XAI-skin-lesion/outputs/pilot/xai_maps/shap/isic2018_ISIC_0013559.npy,/home/tbeliere/Projects/DCU/2026-mcm-XAI-skin-lesion/outputs/pilot/pseudo_concepts/npz/isic2018/ISIC_0013559.npz
isic2018,ISIC_0013559,shap,border_default,20,0.0018867924528283148,0.0037664783427457955,0.0015744381112070278,1.4913205096225335,0.05284167207088093,0.0010562818877551021,0.20001594387755103,/home/tbeliere/Projects/DCU/2026-mcm-XAI-skin-lesion/outputs/pilot/xai_maps/shap/isic2018_ISIC_0013559.npy,/home/tbeliere/Projects/DCU/2026-mcm-XAI-skin-lesion/outputs/pilot/pseudo_concepts/npz/isic2018/ISIC_0013559.npz
isic2018,ISIC_0013559,shap,border_w8_dil2_sigma5,20,0.0018867924528283148,0.0037664783427457955,0.0015744381112070278,1.4913205096225335,0.05284167207088093,0.0010562818877551021,0.20001594387755103,/home/tbeliere/Projects/DCU/2026-mcm-XAI-skin-lesion/outputs/pilot/xai_maps/shap/isic2018_ISIC_0013559.npy,/home/tbeliere/Projects/DCU/2026-mcm-XAI-skin-lesion/outputs/pilot/pseudo_concepts/npz/isic2018/ISIC_0013559.npz
isic2018,ISIC_0013559,shap,border_w12_dil4_sigma8,20,0.0022794846382534393,0.004548600810833038,0.0019734707624554973,1.2865504870644096,0.05450473047424312,0.0015345982142857143,0.20001594387755103,/home/tbeliere/Projects/DCU/2026-mcm-XAI-skin-lesion/outputs/pilot/xai_maps/shap/isic2018_ISIC_0013559.npy,/home/tbeliere/Projects/DCU/2026-mcm-XAI-skin-lesion/outputs/pilot/pseudo_concepts/npz/isic2018/ISIC_0013559.npz
isic2018,ISIC_0013559,shap,border_w16_dil6_sigma10,20,0.00542459808659096,0.010790661173228574,0.004265097700471856,1.355983443045399,0.05321841872792537,0.0031489158163265306,0.20001594387755103,/home/tbeliere/Projects/DCU/2026-mcm-XAI-skin-lesion/outputs/pilot/xai_maps/shap/isic2018_ISIC_0013559.npy,/home/tbeliere/Projects/DCU/2026-mcm-XAI-skin-lesion/outputs/pilot/pseudo_concepts/npz/isic2018/ISIC_0013559.npz
isic2018,ISIC_0013559,shap,border_w16_dil6_sigma10_dist,20,0.004545903745424898,0.00905066404327688,0.003579391868180791,1.3936533740113055,0.05279178707687784,0.002570950255102041,0.20001594387755103,/home/tbeliere/Projects/DCU/2026-mcm-XAI-skin-lesion/outputs/pilot/xai_maps/shap/isic2018_ISIC_0013559.npy,/home/tbeliere/Projects/DCU/2026-mcm-XAI-skin-lesion/outputs/pilot/pseudo_concepts/npz/isic2018/ISIC_0013559.npz
isic2018,ISIC_0013559,shap,colour_heterogeneity,20,0.02723772858515184,0.053031012836078854,0.020718306665721022,1.645334705596145,0.08759548497900396,0.0126953125,0.20001594387755103,/home/tbeliere/Projects/DCU/2026-mcm-XAI-skin-lesion/outputs/pilot/xai_maps/shap/isic2018_ISIC_0013559.npy,/home/tbeliere/Projects/DCU/2026-mcm-XAI-skin-lesion/outputs/pilot/pseudo_concepts/npz/isic2018/ISIC_0013559.npz
isic2018,ISIC_0012550,gradcam,asymmetry,20,0.0005728470498371464,0.0011450381679378387,0.0010506481480997705,0.21883473995582797,-0.02318414815126888,0.0047831632653061226,0.20408163265306123,/home/tbeliere/Projects/DCU/2026-mcm-XAI-skin-lesion/outputs/pilot/xai_maps/gradcam/isic2018_ISIC_0012550.npy,/home/tbeliere/Projects/DCU/2026-mcm-XAI-skin-lesion/outputs/pilot/pseudo_concepts/npz/isic2018/ISIC_0012550.npz
isic2018,ISIC_0012550,gradcam,border_default,20,0.0005779790000957731,0.001155290266678391,0.0010506481480997705,0.3579465905623835,-0.037313892690360034,0.0029296875,0.20408163265306123,/home/tbeliere/Projects/DCU/2026-mcm-XAI-skin-lesion/outputs/pilot/xai_maps/gradcam/isic2018_ISIC_0012550.npy,/home/tbeliere/Projects/DCU/2026-mcm-XAI-skin-lesion/outputs/pilot/pseudo_concepts/npz/isic2018/ISIC_0012550.npz
isic2018,ISIC_0012550,gradcam,border_w8_dil2_sigma5,20,0.0005779790000957731,0.001155290266678391,0.0010506481480997705,0.3579465905623835,-0.037313892690360034,0.0029296875,0.20408163265306123,/home/tbeliere/Projects/DCU/2026-mcm-XAI-skin-lesion/outputs/pilot/xai_maps/gradcam/isic2018_ISIC_0012550.npy,/home/tbeliere/Projects/DCU/2026-mcm-XAI-skin-lesion/outputs/pilot/pseudo_concepts/npz/isic2018/ISIC_0012550.npz
isic2018,ISIC_0012550,gradcam,border_w12_dil4_sigma8,20,0.0005719733079117521,0.00114329268292574,0.0010506481480997705,0.2050918265106412,-0.044598060008552536,0.00510204081632653,0.20408163265306123,/home/tbeliere/Projects/DCU/2026-mcm-XAI-skin-lesion/outputs/pilot/xai_maps/gradcam/isic2018_ISIC_0012550.npy,/home/tbeliere/Projects/DCU/2026-mcm-XAI-skin-lesion/outputs/pilot/pseudo_concepts/npz/isic2018/ISIC_0012550.npz
isic2018,ISIC_0012550,gradcam,border_w16_dil6_sigma10,20,0.0005652378709368203,0.0011298371151481688,0.0010506481480997705,0.13745942967368585,-0.05088216740794142,0.00759327168367347,0.20408163265306123,/home/tbeliere/Projects/DCU/2026-mcm-XAI-skin-lesion/outputs/pilot/xai_maps/gradcam/isic2018_ISIC_0012550.npy,/home/tbeliere/Projects/DCU/2026-mcm-XAI-skin-lesion/outputs/pilot/pseudo_concepts/npz/isic2018/ISIC_0012550.npz
isic2018,ISIC_0012550,gradcam,border_w16_dil6_sigma10_dist,20,0.0005686664771106353,0.0011366865586803668,0.0010506481480997705,0.16542382450408744,-0.04713839695129269,0.006317761479591837,0.20408163265306123,/home/tbeliere/Projects/DCU/2026-mcm-XAI-skin-lesion/outputs/pilot/xai_maps/gradcam/isic2018_ISIC_0012550.npy,/home/tbeliere/Projects/DCU/2026-mcm-XAI-skin-lesion/outputs/pilot/pseudo_concepts/npz/isic2018/ISIC_0012550.npz
isic2018,ISIC_0012550,gradcam,colour_heterogeneity,20,0.0005616399887666745,0.0011226494527073415,0.0010506481480997705,0.11648224430454346,-0.07246842446202685,0.008948501275510204,0.20408163265306123,/home/tbeliere/Projects/DCU/2026-mcm-XAI-skin-lesion/outputs/pilot/xai_maps/gradcam/isic2018_ISIC_0012550.npy,/home/tbeliere/Projects/DCU/2026-mcm-XAI-skin-lesion/outputs/pilot/pseudo_concepts/npz/isic2018/ISIC_0012550.npz
isic2018,ISIC_0012550,lime,asymmetry,20,0.0009632224168117659,0.0019245910244056297,0.0033857932794543986,0.7068640106422476,-0.04789854709538572,0.0047831632653061226,0.22303491709183673,/home/tbeliere/Projects/DCU/2026-mcm-XAI-skin-lesion/outputs/pilot/xai_maps/lime/isic2018_ISIC_0012550.npy,/home/tbeliere/Projects/DCU/2026-mcm-XAI-skin-lesion/outputs/pilot/pseudo_concepts/npz/isic2018/ISIC_0012550.npz
isic2018,ISIC_0012550,lime,border_default,20,0.0011479028697561607,0.0022931733991865466,0.0027222458528276573,0.9289999653183617,-0.023505978948179237,0.0029296875,0.22303491709183673,/home/tbeliere/Projects/DCU/2026-mcm-XAI-skin-lesion/outputs/pilot/xai_maps/lime/isic2018_ISIC_0012550.npy,/home/tbeliere/Projects/DCU/2026-mcm-XAI-skin-lesion/outputs/pilot/pseudo_concepts/npz/isic2018/ISIC_0012550.npz
isic2018,ISIC_0012550,lime,border_w8_dil2_sigma5,20,0.0011479028697561607,0.0022931733991865466,0.0027222458528276573,0.9289999653183617,-0.023505978948179237,0.0029296875,0.22303491709183673,/home/tbeliere/Projects/DCU/2026-mcm-XAI-skin-lesion/outputs/pilot/xai_maps/lime/isic2018_ISIC_0012550.npy,/home/tbeliere/Projects/DCU/2026-mcm-XAI-skin-lesion/outputs/pilot/pseudo_concepts/npz/isic2018/ISIC_0012550.npz
isic2018,ISIC_0012550,lime,border_w12_dil4_sigma8,20,0.004034733795277577,0.008037040272553475,0.005138239047212203,1.007131468353607,0.0010651792701491104,0.00510204081632653,0.22303491709183673,/home/tbeliere/Projects/DCU/2026-mcm-XAI-skin-lesion/outputs/pilot/xai_maps/lime/isic2018_ISIC_0012550.npy,/home/tbeliere/Projects/DCU/2026-mcm-XAI-skin-lesion/outputs/pilot/pseudo_concepts/npz/isic2018/ISIC_0012550.npz
isic2018,ISIC_0012550,lime,border_w16_dil6_sigma10,20,0.00810175102360127,0.016073280331821573,0.008064653339001934,1.0625835671535915,0.02264387348956239,0.00759327168367347,0.22303491709183673,/home/tbeliere/Projects/DCU/2026-mcm-XAI-skin-lesion/outputs/pilot/xai_maps/lime/isic2018_ISIC_0012550.npy,/home/tbeliere/Projects/DCU/2026-mcm-XAI-skin-lesion/outputs/pilot/pseudo_concepts/npz/isic2018/ISIC_0012550.npz
isic2018,ISIC_0012550,lime,border_w16_dil6_sigma10_dist,20,0.0062959076600154805,0.012513034410833755,0.006618460229687242,1.0479128565319997,0.015189898832777585,0.006317761479591837,0.22303491709183673,/home/tbeliere/Projects/DCU/2026-mcm-XAI-skin-lesion/outputs/pilot/xai_maps/lime/isic2018_ISIC_0012550.npy,/home/tbeliere/Projects/DCU/2026-mcm-XAI-skin-lesion/outputs/pilot/pseudo_concepts/npz/isic2018/ISIC_0012550.npz
isic2018,ISIC_0012550,lime,colour_heterogeneity,20,0.006572120373567475,0.013058419243975035,0.007894512973200206,0.8812789257814895,0.0213938227632139,0.008948501275510204,0.22303491709183673,/home/tbeliere/Projects/DCU/2026-mcm-XAI-skin-lesion/outputs/pilot/xai_maps/lime/isic2018_ISIC_0012550.npy,/home/tbeliere/Projects/DCU/2026-mcm-XAI-skin-lesion/outputs/pilot/pseudo_concepts/npz/isic2018/ISIC_0012550.npz
isic2018,ISIC_0012550,shap,asymmetry,20,0.010025555337124016,0.01985208252236293,0.008023688501807454,1.682965524011614,0.05714681381391645,0.0047831632653061226,0.20001594387755103,/home/tbeliere/Projects/DCU/2026-mcm-XAI-skin-lesion/outputs/pilot/xai_maps/shap/isic2018_ISIC_0012550.npy,/home/tbeliere/Projects/DCU/2026-mcm-XAI-skin-lesion/outputs/pilot/pseudo_concepts/npz/isic2018/ISIC_0012550.npz
isic2018,ISIC_0012550,shap,border_default,20,0.0064241945048365045,0.012766375331422206,0.004923782705166779,1.6840189524771663,0.0921064096583077,0.0029296875,0.20001594387755103,/home/tbeliere/Projects/DCU/2026-mcm-XAI-skin-lesion/outputs/pilot/xai_maps/shap/isic2018_ISIC_0012550.npy,/home/tbeliere/Projects/DCU/2026-mcm-XAI-skin-lesion/outputs/pilot/pseudo_concepts/npz/isic2018/ISIC_0012550.npz
isic2018,ISIC_0012550,shap,border_w8_dil2_sigma5,20,0.0064241945048365045,0.012766375331422206,0.004923782705166779,1.6840189524771663,0.0921064096583077,0.0029296875,0.20001594387755103,/home/tbeliere/Projects/DCU/2026-mcm-XAI-skin-lesion/outputs/pilot/xai_maps/shap/isic2018_ISIC_0012550.npy,/home/tbeliere/Projects/DCU/2026-mcm-XAI-skin-lesion/outputs/pilot/pseudo_concepts/npz/isic2018/ISIC_0012550.npz
isic2018,ISIC_0012550,shap,border_w12_dil4_sigma8,20,0.012294678862976005,0.024290711232001272,0.009244780239202834,1.8195534037509287,0.1136534922607264,0.00510204081632653,0.20001594387755103,/home/tbeliere/Projects/DCU/2026-mcm-XAI-skin-lesion/outputs/pilot/xai_maps/shap/isic2018_ISIC_0012550.npy,/home/tbeliere/Projects/DCU/2026-mcm-XAI-skin-lesion/outputs/pilot/pseudo_concepts/npz/isic2018/ISIC_0012550.npz
isic2018,ISIC_0012550,shap,border_w16_dil6_sigma10,20,0.019176205850680778,0.037630795814497804,0.014067227778570229,1.864755599934694,0.13186285997780403,0.00759327168367347,0.20001594387755103,/home/tbeliere/Projects/DCU/2026-mcm-XAI-skin-lesion/outputs/pilot/xai_maps/shap/isic2018_ISIC_0012550.npy,/home/tbeliere/Projects/DCU/2026-mcm-XAI-skin-lesion/outputs/pilot/pseudo_concepts/npz/isic2018/ISIC_0012550.npz
isic2018,ISIC_0012550,shap,border_w16_dil6_sigma10_dist,20,0.015697046993019034,0.030908915290224177,0.011377680367642251,1.8101209223693597,0.12264958132533153,0.006317761479591837,0.20001594387755103,/home/tbeliere/Projects/DCU/2026-mcm-XAI-skin-lesion/outputs/pilot/xai_maps/shap/isic2018_ISIC_0012550.npy,/home/tbeliere/Projects/DCU/2026-mcm-XAI-skin-lesion/outputs/pilot/pseudo_concepts/npz/isic2018/ISIC_0012550.npz
isic2018,ISIC_0012550,shap,colour_heterogeneity,20,0.02014010507878951,0.03948497854073487,0.015774498934639086,1.7750347122252736,0.191927969250191,0.008948501275510204,0.20001594387755103,/home/tbeliere/Projects/DCU/2026-mcm-XAI-skin-lesion/outputs/pilot/xai_maps/shap/isic2018_ISIC_0012550.npy,/home/tbeliere/Projects/DCU/2026-mcm-XAI-skin-lesion/outputs/pilot/pseudo_concepts/npz/isic2018/ISIC_0012550.npz
isic2018,ISIC_0012529,gradcam,asymmetry,20,0.0019132653061220677,0.003819223424569578,0.0,0.0,-0.009921258094314135,0.001913265306122449,1.0,/home/tbeliere/Projects/DCU/2026-mcm-XAI-skin-lesion/outputs/pilot/xai_maps/gradcam/isic2018_ISIC_0012529.npy,/home/tbeliere/Projects/DCU/2026-mcm-XAI-skin-lesion/outputs/pilot/pseudo_concepts/npz/isic2018/ISIC_0012529.npz
isic2018,ISIC_0012529,gradcam,border_default,20,0.001335299744897693,0.0026670381943748054,0.0,0.0,-0.01710101131681745,0.0013352997448979591,1.0,/home/tbeliere/Projects/DCU/2026-mcm-XAI-skin-lesion/outputs/pilot/xai_maps/gradcam/isic2018_ISIC_0012529.npy,/home/tbeliere/Projects/DCU/2026-mcm-XAI-skin-lesion/outputs/pilot/pseudo_concepts/npz/isic2018/ISIC_0012529.npz
isic2018,ISIC_0012529,gradcam,border_w8_dil2_sigma5,20,0.001335299744897693,0.0026670381943748054,0.0,0.0,-0.01710101131681745,0.0013352997448979591,1.0,/home/tbeliere/Projects/DCU/2026-mcm-XAI-skin-lesion/outputs/pilot/xai_maps/gradcam/isic2018_ISIC_0012529.npy,/home/tbeliere/Projects/DCU/2026-mcm-XAI-skin-lesion/outputs/pilot/pseudo_concepts/npz/isic2018/ISIC_0012529.npz
isic2018,ISIC_0012529,gradcam,border_w12_dil4_sigma8,20,0.003228635204080989,0.006436489332113625,0.0,0.0,-0.021380604031862278,0.0032286352040816328,1.0,/home/tbeliere/Projects/DCU/2026-mcm-XAI-skin-lesion/outputs/pilot/xai_maps/gradcam/isic2018_ISIC_0012529.npy,/home/tbeliere/Projects/DCU/2026-mcm-XAI-skin-lesion/outputs/pilot/pseudo_concepts/npz/isic2018/ISIC_0012529.npz
isic2018,ISIC_0012529,gradcam,border_w16_dil6_sigma10,20,0.004504145408162368,0.008967898099279996,0.0,0.0,-0.024183281766497266,0.0045041454081632655,1.0,/home/tbeliere/Projects/DCU/2026-mcm-XAI-skin-lesion/outputs/pilot/xai_maps/gradcam/isic2018_ISIC_0012529.npy,/home/tbeliere/Projects/DCU/2026-mcm-XAI-skin-lesion/outputs/pilot/pseudo_concepts/npz/isic2018/ISIC_0012529.npz
isic2018,ISIC_0012529,gradcam,border_w16_dil6_sigma10_dist,20,0.0037468112244890494,0.007465650067507056,0.0,0.0,-0.022758762730248752,0.0037468112244897957,1.0,/home/tbeliere/Projects/DCU/2026-mcm-XAI-skin-lesion/outputs/pilot/xai_maps/gradcam/isic2018_ISIC_0012529.npy,/home/tbeliere/Projects/DCU/2026-mcm-XAI-skin-lesion/outputs/pilot/pseudo_concepts/npz/isic2018/ISIC_0012529.npz
isic2018,ISIC_0012529,gradcam,colour_heterogeneity,20,0.006895727040814953,0.01369700328569461,0.0,0.0,-0.02945348082680345,0.006895727040816327,1.0,/home/tbeliere/Projects/DCU/2026-mcm-XAI-skin-lesion/outputs/pilot/xai_maps/gradcam/isic2018_ISIC_0012529.npy,/home/tbeliere/Projects/DCU/2026-mcm-XAI-skin-lesion/outputs/pilot/pseudo_concepts/npz/isic2018/ISIC_0012529.npz
isic2018,ISIC_0012529,lime,asymmetry,20,0.0017873490561921212,0.00356832027850227,0.001841354659348723,0.9623453123361788,-0.0035287492472957493,0.001913265306122449,0.9140625,/home/tbeliere/Projects/DCU/2026-mcm-XAI-skin-lesion/outputs/pilot/xai_maps/lime/isic2018_ISIC_0012529.npy,/home/tbeliere/Projects/DCU/2026-mcm-XAI-skin-lesion/outputs/pilot/pseudo_concepts/npz/isic2018/ISIC_0012529.npz
isic2018,ISIC_0012529,lime,border_default,20,0.0014608407465547138,0.0029174196076717433,0.0018594071560090047,1.3932329001911716,0.041105340950663524,0.0013352997448979591,0.9140625,/home/tbeliere/Projects/DCU/2026-mcm-XAI-skin-lesion/outputs/pilot/xai_maps/lime/isic2018_ISIC_0012529.npy,/home/tbeliere/Projects/DCU/2026-mcm-XAI-skin-lesion/outputs/pilot/pseudo_concepts/npz/isic2018/ISIC_0012529.npz
isic2018,ISIC_0012529,lime,border_w8_dil2_sigma5,20,0.0014608407465547138,0.0029174196076717433,0.0018594071560090047,1.3932329001911716,0.041105340950663524,0.0013352997448979591,0.9140625,/home/tbeliere/Projects/DCU/2026-mcm-XAI-skin-lesion/outputs/pilot/xai_maps/lime/isic2018_ISIC_0012529.npy,/home/tbeliere/Projects/DCU/2026-mcm-XAI-skin-lesion/outputs/pilot/pseudo_concepts/npz/isic2018/ISIC_0012529.npz
isic2018,ISIC_0012529,lime,border_w12_dil4_sigma8,20,0.0033790412243022002,0.006735323512795652,0.004332599198467584,1.3434167446727443,0.06689537226358545,0.0032286352040816328,0.9140625,/home/tbeliere/Projects/DCU/2026-mcm-XAI-skin-lesion/outputs/pilot/xai_maps/lime/isic2018_ISIC_0012529.npy,/home/tbeliere/Projects/DCU/2026-mcm-XAI-skin-lesion/outputs/pilot/pseudo_concepts/npz/isic2018/ISIC_0012529.npz
isic2018,ISIC_0012529,lime,border_w16_dil6_sigma10,20,0.004752354377396941,0.009459752657841299,0.006444741307720531,1.4336413377067239,0.09035314753300552,0.0045041454081632655,0.9140625,/home/tbeliere/Projects/DCU/2026-mcm-XAI-skin-lesion/outputs/pilot/xai_maps/lime/isic2018_ISIC_0012529.npy,/home/tbeliere/Projects/DCU/2026-mcm-XAI-skin-lesion/outputs/pilot/pseudo_concepts/npz/isic2018/ISIC_0012529.npz
isic2018,ISIC_0012529,lime,border_w16_dil6_sigma10_dist,20,0.003923962329960777,0.007817250065142053,0.0050366465682185665,1.3459914587551478,0.07346829886875038,0.0037468112244897957,0.9140625,/home/tbeliere/Projects/DCU/2026-mcm-XAI-skin-lesion/outputs/pilot/xai_maps/lime/isic2018_ISIC_0012529.npy,/home/tbeliere/Projects/DCU/2026-mcm-XAI-skin-lesion/outputs/pilot/pseudo_concepts/npz/isic2018/ISIC_0012529.npz
isic2018,ISIC_0012529,lime,colour_heterogeneity,20,0.006337246020164565,0.012594676476950315,0.00926093078672446,1.3462017377520075,0.11038560532350114,0.006895727040816327,0.9140625,/home/tbeliere/Projects/DCU/2026-mcm-XAI-skin-lesion/outputs/pilot/xai_maps/lime/isic2018_ISIC_0012529.npy,/home/tbeliere/Projects/DCU/2026-mcm-XAI-skin-lesion/outputs/pilot/pseudo_concepts/npz/isic2018/ISIC_0012529.npz
isic2018,ISIC_0012529,shap,asymmetry,20,0.0041625371655062806,0.008290564547958654,0.0030988902581149803,1.6216127317319546,0.029395489152440037,0.001913265306122449,0.20001594387755103,/home/tbeliere/Projects/DCU/2026-mcm-XAI-skin-lesion/outputs/pilot/xai_maps/shap/isic2018_ISIC_0012529.npy,/home/tbeliere/Projects/DCU/2026-mcm-XAI-skin-lesion/outputs/pilot/pseudo_concepts/npz/isic2018/ISIC_0012529.npz
isic2018,ISIC_0012529,shap,border_default,20,0.0028786976374797707,0.005740869048791704,0.002111229249379685,1.582319268403376,0.06030324925945809,0.0013352997448979591,0.20001594387755103,/home/tbeliere/Projects/DCU/2026-mcm-XAI-skin-lesion/outputs/pilot/xai_maps/shap/isic2018_ISIC_0012529.npy,/home/tbeliere/Projects/DCU/2026-mcm-XAI-skin-lesion/outputs/pilot/pseudo_concepts/npz/isic2018/ISIC_0012529.npz
isic2018,ISIC_0012529,shap,border_w8_dil2_sigma5,20,0.0028786976374797707,0.005740869048791704,0.002111229249379685,1.582319268403376,0.06030324925945809,0.0013352997448979591,0.20001594387755103,/home/tbeliere/Projects/DCU/2026-mcm-XAI-skin-lesion/outputs/pilot/xai_maps/shap/isic2018_ISIC_0012529.npy,/home/tbeliere/Projects/DCU/2026-mcm-XAI-skin-lesion/outputs/pilot/pseudo_concepts/npz/isic2018/ISIC_0012529.npz
isic2018,ISIC_0012529,shap,border_w12_dil4_sigma8,20,0.008105970739414683,0.016081584624420393,0.0056774266213460815,1.762790886063469,0.08183256853115971,0.0032286352040816328,0.20001594387755103,/home/tbeliere/Projects/DCU/2026-mcm-XAI-skin-lesion/outputs/pilot/xai_maps/shap/isic2018_ISIC_0012529.npy,/home/tbeliere/Projects/DCU/2026-mcm-XAI-skin-lesion/outputs/pilot/pseudo_concepts/npz/isic2018/ISIC_0012529.npz
isic2018,ISIC_0012529,shap,border_w16_dil6_sigma10,20,0.011732229123521903,0.023192360163688176,0.008279550400598407,1.8452048100567038,0.09361688222089466,0.0045041454081632655,0.20001594387755103,/home/tbeliere/Projects/DCU/2026-mcm-XAI-skin-lesion/outputs/pilot/xai_maps/shap/isic2018_ISIC_0012529.npy,/home/tbeliere/Projects/DCU/2026-mcm-XAI-skin-lesion/outputs/pilot/pseudo_concepts/npz/isic2018/ISIC_0012529.npz
isic2018,ISIC_0012529,shap,border_w16_dil6_sigma10_dist,20,0.009179745336088067,0.018192488262893002,0.006624508682858057,1.7731607799224751,0.08792101641149475,0.0037468112244897957,0.20001594387755103,/home/tbeliere/Projects/DCU/2026-mcm-XAI-skin-lesion/outputs/pilot/xai_maps/shap/isic2018_ISIC_0012529.npy,/home/tbeliere/Projects/DCU/2026-mcm-XAI-skin-lesion/outputs/pilot/pseudo_concepts/npz/isic2018/ISIC_0012529.npz
isic2018,ISIC_0012529,shap,colour_heterogeneity,20,0.019842829076601332,0.03891350414174637,0.014658097603204414,2.1424239283535624,0.13832245630713005,0.006895727040816327,0.20001594387755103,/home/tbeliere/Projects/DCU/2026-mcm-XAI-skin-lesion/outputs/pilot/xai_maps/shap/isic2018_ISIC_0012529.npy,/home/tbeliere/Projects/DCU/2026-mcm-XAI-skin-lesion/outputs/pilot/pseudo_concepts/npz/isic2018/ISIC_0012529.npz
isic2018,ISIC_0012685,gradcam,asymmetry,20,0.016219891219875465,0.03192201089550614,0.009521428754287601,2.1533452957439634,0.024917167719788837,0.004444355867346939,0.20408163265306123,/home/tbeliere/Projects/DCU/2026-mcm-XAI-skin-lesion/outputs/pilot/xai_maps/gradcam/isic2018_ISIC_0012685.npy,/home/tbeliere/Projects/DCU/2026-mcm-XAI-skin-lesion/outputs/pilot/pseudo_concepts/npz/isic2018/ISIC_0012685.npz
isic2018,ISIC_0012685,gradcam,border_default,20,0.012092841817815395,0.02389670456733099,0.005759084111404893,2.1003058736077413,0.06547336289621604,0.0027503188775510204,0.20408163265306123,/home/tbeliere/Projects/DCU/2026-mcm-XAI-skin-lesion/outputs/pilot/xai_maps/gradcam/isic2018_ISIC_0012685.npy,/home/tbeliere/Projects/DCU/2026-mcm-XAI-skin-lesion/outputs/pilot/pseudo_concepts/npz/isic2018/ISIC_0012685.npz
isic2018,ISIC_0012685,gradcam,border_w8_dil2_sigma5,20,0.012092841817815395,0.02389670456733099,0.005759084111404893,2.1003058736077413,0.06547336289621604,0.0027503188775510204,0.20408163265306123,/home/tbeliere/Projects/DCU/2026-mcm-XAI-skin-lesion/outputs/pilot/xai_maps/gradcam/isic2018_ISIC_0012685.npy,/home/tbeliere/Projects/DCU/2026-mcm-XAI-skin-lesion/outputs/pilot/pseudo_concepts/npz/isic2018/ISIC_0012685.npz
isic2018,ISIC_0012685,gradcam,border_w12_dil4_sigma8,20,0.02049180327866853,0.04016064257024272,0.009658533830028801,2.2349856989154717,0.09082250971277218,0.004344706632653061,0.20408163265306123,/home/tbeliere/Projects/DCU/2026-mcm-XAI-skin-lesion/outputs/pilot/xai_maps/gradcam/isic2018_ISIC_0012685.npy,/home/tbeliere/Projects/DCU/2026-mcm-XAI-skin-lesion/outputs/pilot/pseudo_concepts/npz/isic2018/ISIC_0012685.npz
isic2018,ISIC_0012685,gradcam,border_w16_dil6_sigma10,20,0.0317073170731398,0.061465721040131,0.014512866688243068,2.1910088260670095,0.12003771160444644,0.006676498724489796,0.20408163265306123,/home/tbeliere/Projects/DCU/2026-mcm-XAI-skin-lesion/outputs/pilot/xai_maps/gradcam/isic2018_ISIC_0012685.npy,/home/tbeliere/Projects/DCU/2026-mcm-XAI-skin-lesion/outputs/pilot/pseudo_concepts/npz/isic2018/ISIC_0012685.npz
isic2018,ISIC_0012685,gradcam,border_w16_dil6_sigma10_dist,20,0.025465899112083648,0.049666983824881376,0.01164424028878152,2.1776436975681106,0.10388756019945192,0.005381058673469388,0.20408163265306123,/home/tbeliere/Projects/DCU/2026-mcm-XAI-skin-lesion/outputs/pilot/xai_maps/gradcam/isic2018_ISIC_0012685.npy,/home/tbeliere/Projects/DCU/2026-mcm-XAI-skin-lesion/outputs/pilot/pseudo_concepts/npz/isic2018/ISIC_0012685.npz
isic2018,ISIC_0012685,gradcam,colour_heterogeneity,20,0.045498736146173925,0.08703738143938344,0.040530547004822344,4.081429930169987,0.3324121742457536,0.010243941326530613,0.20408163265306123,/home/tbeliere/Projects/DCU/2026-mcm-XAI-skin-lesion/outputs/pilot/xai_maps/gradcam/isic2018_ISIC_0012685.npy,/home/tbeliere/Projects/DCU/2026-mcm-XAI-skin-lesion/outputs/pilot/pseudo_concepts/npz/isic2018/ISIC_0012685.npz
isic2018,ISIC_0012685,lime,asymmetry,20,0.0048689674924782544,0.009690751033198167,0.004605845881309411,1.0365041366874808,0.005931969324920044,0.004444355867346939,0.27525111607142855,/home/tbeliere/Projects/DCU/2026-mcm-XAI-skin-lesion/outputs/pilot/xai_maps/lime/isic2018_ISIC_0012685.npy,/home/tbeliere/Projects/DCU/2026-mcm-XAI-skin-lesion/outputs/pilot/pseudo_concepts/npz/isic2018/ISIC_0012685.npz
isic2018,ISIC_0012685,lime,border_default,20,0.0022273315131468405,0.004444763065449534,0.0027216362025919245,0.9895426051671283,0.013346651578190542,0.0027503188775510204,0.27525111607142855,/home/tbeliere/Projects/DCU/2026-mcm-XAI-skin-lesion/outputs/pilot/xai_maps/lime/isic2018_ISIC_0012685.npy,/home/tbeliere/Projects/DCU/2026-mcm-XAI-skin-lesion/outputs/pilot/pseudo_concepts/npz/isic2018/ISIC_0012685.npz
isic2018,ISIC_0012685,lime,border_w8_dil2_sigma5,20,0.0022273315131468405,0.004444763065449534,0.0027216362025919245,0.9895426051671283,0.013346651578190542,0.0027503188775510204,0.27525111607142855,/home/tbeliere/Projects/DCU/2026-mcm-XAI-skin-lesion/outputs/pilot/xai_maps/lime/isic2018_ISIC_0012685.npy,/home/tbeliere/Projects/DCU/2026-mcm-XAI-skin-lesion/outputs/pilot/pseudo_concepts/npz/isic2018/ISIC_0012685.npz
isic2018,ISIC_0012685,lime,border_w12_dil4_sigma8,20,0.003361464740378085,0.006700406301228383,0.004267654400513965,0.9821891883274958,0.03380712311955818,0.004344706632653061,0.27525111607142855,/home/tbeliere/Projects/DCU/2026-mcm-XAI-skin-lesion/outputs/pilot/xai_maps/lime/isic2018_ISIC_0012685.npy,/home/tbeliere/Projects/DCU/2026-mcm-XAI-skin-lesion/outputs/pilot/pseudo_concepts/npz/isic2018/ISIC_0012685.npz
isic2018,ISIC_0012685,lime,border_w16_dil6_sigma10,20,0.006904406007540106,0.013714124134021125,0.006957081890649181,1.0423198613427067,0.05731016981973439,0.006676498724489796,0.27525111607142855,/home/tbeliere/Projects/DCU/2026-mcm-XAI-skin-lesion/outputs/pilot/xai_maps/lime/isic2018_ISIC_0012685.npy,/home/tbeliere/Projects/DCU/2026-mcm-XAI-skin-lesion/outputs/pilot/pseudo_concepts/npz/isic2018/ISIC_0012685.npz
isic2018,ISIC_0012685,lime,border_w16_dil6_sigma10_dist,20,0.004565884283366936,0.00909026347559897,0.005378854980270431,0.999588281758054,0.043906241733251423,0.005381058673469388,0.27525111607142855,/home/tbeliere/Projects/DCU/2026-mcm-XAI-skin-lesion/outputs/pilot/xai_maps/lime/isic2018_ISIC_0012685.npy,/home/tbeliere/Projects/DCU/2026-mcm-XAI-skin-lesion/outputs/pilot/pseudo_concepts/npz/isic2018/ISIC_0012685.npz
isic2018,ISIC_0012685,lime,colour_heterogeneity,20,0.010582010582003117,0.020942408376948732,0.01061277075448567,1.0363907870315208,0.1232198163453924,0.010243941326530613,0.27525111607142855,/home/tbeliere/Projects/DCU/2026-mcm-XAI-skin-lesion/outputs/pilot/xai_maps/lime/isic2018_ISIC_0012685.npy,/home/tbeliere/Projects/DCU/2026-mcm-XAI-skin-lesion/outputs/pilot/pseudo_concepts/npz/isic2018/ISIC_0012685.npz
isic2018,ISIC_0012685,shap,asymmetry,20,0.01353487453071178,0.02670825616529222,0.008956779890148602,2.0244915474112237,0.07441890388983267,0.004444355867346939,0.20001594387755103,/home/tbeliere/Projects/DCU/2026-mcm-XAI-skin-lesion/outputs/pilot/xai_maps/shap/isic2018_ISIC_0012685.npy,/home/tbeliere/Projects/DCU/2026-mcm-XAI-skin-lesion/outputs/pilot/pseudo_concepts/npz/isic2018/ISIC_0012685.npz
isic2018,ISIC_0012685,shap,border_default,20,0.0076260275329230204,0.015136622763893121,0.005095746988582006,1.857151554051672,0.1014408549102606,0.0027503188775510204,0.20001594387755103,/home/tbeliere/Projects/DCU/2026-mcm-XAI-skin-lesion/outputs/pilot/xai_maps/shap/isic2018_ISIC_0012685.npy,/home/tbeliere/Projects/DCU/2026-mcm-XAI-skin-lesion/outputs/pilot/pseudo_concepts/npz/isic2018/ISIC_0012685.npz
isic2018,ISIC_0012685,shap,border_w8_dil2_sigma5,20,0.0076260275329230204,0.015136622763893121,0.005095746988582006,1.857151554051672,0.1014408549102606,0.0027503188775510204,0.20001594387755103,/home/tbeliere/Projects/DCU/2026-mcm-XAI-skin-lesion/outputs/pilot/xai_maps/shap/isic2018_ISIC_0012685.npy,/home/tbeliere/Projects/DCU/2026-mcm-XAI-skin-lesion/outputs/pilot/pseudo_concepts/npz/isic2018/ISIC_0012685.npz
isic2018,ISIC_0012685,shap,border_w12_dil4_sigma8,20,0.012440758293826577,0.024575775307173222,0.008268608952732593,1.9106750581183176,0.13111020136098345,0.004344706632653061,0.20001594387755103,/home/tbeliere/Projects/DCU/2026-mcm-XAI-skin-lesion/outputs/pilot/xai_maps/shap/isic2018_ISIC_0012685.npy,/home/tbeliere/Projects/DCU/2026-mcm-XAI-skin-lesion/outputs/pilot/pseudo_concepts/npz/isic2018/ISIC_0012685.npz
isic2018,ISIC_0012685,shap,border_w16_dil6_sigma10,20,0.01856216853268654,0.03644778709860529,0.012004013816175338,1.807645170428501,0.15530169337831534,0.006676498724489796,0.20001594387755103,/home/tbeliere/Projects/DCU/2026-mcm-XAI-skin-lesion/outputs/pilot/xai_maps/shap/isic2018_ISIC_0012685.npy,/home/tbeliere/Projects/DCU/2026-mcm-XAI-skin-lesion/outputs/pilot/pseudo_concepts/npz/isic2018/ISIC_0012685.npz
isic2018,ISIC_0012685,shap,border_w16_dil6_sigma10_dist,20,0.015269431583080218,0.030079565301736774,0.00995425801105718,1.8584144929440705,0.14185539901349709,0.005381058673469388,0.20001594387755103,/home/tbeliere/Projects/DCU/2026-mcm-XAI-skin-lesion/outputs/pilot/xai_maps/shap/isic2018_ISIC_0012685.npy,/home/tbeliere/Projects/DCU/2026-mcm-XAI-skin-lesion/outputs/pilot/pseudo_concepts/npz/isic2018/ISIC_0012685.npz
isic2018,ISIC_0012685,shap,colour_heterogeneity,20,0.03249168134661138,0.06293838862553275,0.022972085058868424,2.2717180653755342,0.28809209991411905,0.010243941326530613,0.20001594387755103,/home/tbeliere/Projects/DCU/2026-mcm-XAI-skin-lesion/outputs/pilot/xai_maps/shap/isic2018_ISIC_0012685.npy,/home/tbeliere/Projects/DCU/2026-mcm-XAI-skin-lesion/outputs/pilot/pseudo_concepts/npz/isic2018/ISIC_0012685.npz
isic2018,ISIC_0012770,gradcam,asymmetry,20,0.0062238646309382235,0.012370735478870812,0.005244159795574949,2.466860169187367,0.021758399645109207,0.0021324936224489796,0.20408163265306123,/home/tbeliere/Projects/DCU/2026-mcm-XAI-skin-lesion/outputs/pilot/xai_maps/gradcam/isic2018_ISIC_0012770.npy,/home/tbeliere/Projects/DCU/2026-mcm-XAI-skin-lesion/outputs/pilot/pseudo_concepts/npz/isic2018/ISIC_0012770.npz
isic2018,ISIC_0012770,gradcam,border_default,20,0.0026287605880609202,0.005243736647887702,0.004210446761939355,3.6536444764808946,0.048776323478922363,0.0011559311224489796,0.20408163265306123,/home/tbeliere/Projects/DCU/2026-mcm-XAI-skin-lesion/outputs/pilot/xai_maps/gradcam/isic2018_ISIC_0012770.npy,/home/tbeliere/Projects/DCU/2026-mcm-XAI-skin-lesion/outputs/pilot/pseudo_concepts/npz/isic2018/ISIC_0012770.npz
isic2018,ISIC_0012770,gradcam,border_w8_dil2_sigma5,20,0.0026287605880609202,0.005243736647887702,0.004210446761939355,3.6536444764808946,0.048776323478922363,0.0011559311224489796,0.20408163265306123,/home/tbeliere/Projects/DCU/2026-mcm-XAI-skin-lesion/outputs/pilot/xai_maps/gradcam/isic2018_ISIC_0012770.npy,/home/tbeliere/Projects/DCU/2026-mcm-XAI-skin-lesion/outputs/pilot/pseudo_concepts/npz/isic2018/ISIC_0012770.npz
isic2018,ISIC_0012770,gradcam,border_w12_dil4_sigma8,20,0.012984496124018426,0.025636120145374367,0.014566370018238616,3.4510397408987474,0.05897632506419219,0.004264987244897959,0.20408163265306123,/home/tbeliere/Projects/DCU/2026-mcm-XAI-skin-lesion/outputs/pilot/xai_maps/gradcam/isic2018_ISIC_0012770.npy,/home/tbeliere/Projects/DCU/2026-mcm-XAI-skin-lesion/outputs/pilot/pseudo_concepts/npz/isic2018/ISIC_0012770.npz
isic2018,ISIC_0012770,gradcam,border_w16_dil6_sigma10,20,0.02647342995166524,0.051581325301156264,0.02167506985969331,2.872801801830332,0.060883816153136844,0.007653061224489796,0.20408163265306123,/home/tbeliere/Projects/DCU/2026-mcm-XAI-skin-lesion/outputs/pilot/xai_maps/gradcam/isic2018_ISIC_0012770.npy,/home/tbeliere/Projects/DCU/2026-mcm-XAI-skin-lesion/outputs/pilot/pseudo_concepts/npz/isic2018/ISIC_0012770.npz
isic2018,ISIC_0012770,gradcam,border_w16_dil6_sigma10_dist,20,0.020311442112370334,0.03981420039810426,0.018837652066779363,3.098422351455884,0.0596437322637958,0.006158322704081632,0.20408163265306123,/home/tbeliere/Projects/DCU/2026-mcm-XAI-skin-lesion/outputs/pilot/xai_maps/gradcam/isic2018_ISIC_0012770.npy,/home/tbeliere/Projects/DCU/2026-mcm-XAI-skin-lesion/outputs/pilot/pseudo_concepts/npz/isic2018/ISIC_0012770.npz
isic2018,ISIC_0012770,gradcam,colour_heterogeneity,20,0.04036786060015453,0.07760305201444347,0.018558177147859355,1.852457191096362,0.05213534341714903,0.010104432397959183,0.20408163265306123,/home/tbeliere/Projects/DCU/2026-mcm-XAI-skin-lesion/outputs/pilot/xai_maps/gradcam/isic2018_ISIC_0012770.npy,/home/tbeliere/Projects/DCU/2026-mcm-XAI-skin-lesion/outputs/pilot/pseudo_concepts/npz/isic2018/ISIC_0012770.npz
isic2018,ISIC_0012770,lime,asymmetry,20,0.0021798920240394867,0.004350300861927885,0.0018646312560986111,0.8741554224232396,-0.01627469769727307,0.0021324936224489796,0.9782565369897959,/home/tbeliere/Projects/DCU/2026-mcm-XAI-skin-lesion/outputs/pilot/xai_maps/lime/isic2018_ISIC_0012770.npy,/home/tbeliere/Projects/DCU/2026-mcm-XAI-skin-lesion/outputs/pilot/pseudo_concepts/npz/isic2018/ISIC_0012770.npz
isic2018,ISIC_0012770,lime,border_default,20,0.0011816237139653293,0.002360458254481338,0.0010107346995674716,0.8742630170938973,-0.02621770632496409,0.0011559311224489796,0.9782565369897959,/home/tbeliere/Projects/DCU/2026-mcm-XAI-skin-lesion/outputs/pilot/xai_maps/lime/isic2018_ISIC_0012770.npy,/home/tbeliere/Projects/DCU/2026-mcm-XAI-skin-lesion/outputs/pilot/pseudo_concepts/npz/isic2018/ISIC_0012770.npz
isic2018,ISIC_0012770,lime,border_w8_dil2_sigma5,20,0.0011816237139653293,0.002360458254481338,0.0010107346995674716,0.8742630170938973,-0.02621770632496409,0.0011559311224489796,0.9782565369897959,/home/tbeliere/Projects/DCU/2026-mcm-XAI-skin-lesion/outputs/pilot/xai_maps/lime/isic2018_ISIC_0012770.npy,/home/tbeliere/Projects/DCU/2026-mcm-XAI-skin-lesion/outputs/pilot/pseudo_concepts/npz/isic2018/ISIC_0012770.npz
isic2018,ISIC_0012770,lime,border_w12_dil4_sigma8,20,0.004359784048078973,0.00868171768189848,0.0037292625121972223,0.873919918083817,-0.02007856045011438,0.004264987244897959,0.9782565369897959,/home/tbeliere/Projects/DCU/2026-mcm-XAI-skin-lesion/outputs/pilot/xai_maps/lime/isic2018_ISIC_0012770.npy,/home/tbeliere/Projects/DCU/2026-mcm-XAI-skin-lesion/outputs/pilot/pseudo_concepts/npz/isic2018/ISIC_0012770.npz
isic2018,ISIC_0012770,lime,border_w16_dil6_sigma10,20,0.007823163899356663,0.015524874163614482,0.006813745991911748,0.889577044214682,-0.00456689387416821,0.007653061224489796,0.9782565369897959,/home/tbeliere/Projects/DCU/2026-mcm-XAI-skin-lesion/outputs/pilot/xai_maps/lime/isic2018_ISIC_0012770.npy,/home/tbeliere/Projects/DCU/2026-mcm-XAI-skin-lesion/outputs/pilot/pseudo_concepts/npz/isic2018/ISIC_0012770.npz
isic2018,ISIC_0012770,lime,border_w16_dil6_sigma10_dist,20,0.006295202200263564,0.0125116410900084,0.005384776244247391,0.8737100200565644,-0.013620958677468625,0.006158322704081632,0.9782565369897959,/home/tbeliere/Projects/DCU/2026-mcm-XAI-skin-lesion/outputs/pilot/xai_maps/lime/isic2018_ISIC_0012770.npy,/home/tbeliere/Projects/DCU/2026-mcm-XAI-skin-lesion/outputs/pilot/pseudo_concepts/npz/isic2018/ISIC_0012770.npz
isic2018,ISIC_0012770,lime,colour_heterogeneity,20,0.010329021085869344,0.020446846265522577,0.014411682699005154,1.4325064520682218,0.1299037676920691,0.010104432397959183,0.9782565369897959,/home/tbeliere/Projects/DCU/2026-mcm-XAI-skin-lesion/outputs/pilot/xai_maps/lime/isic2018_ISIC_0012770.npy,/home/tbeliere/Projects/DCU/2026-mcm-XAI-skin-lesion/outputs/pilot/pseudo_concepts/npz/isic2018/ISIC_0012770.npz
isic2018,ISIC_0012770,shap,asymmetry,20,0.008651551312640561,0.017154687962124465,0.006320347401881923,2.976320290342499,0.08140052296519223,0.0021324936224489796,0.20001594387755103,/home/tbeliere/Projects/DCU/2026-mcm-XAI-skin-lesion/outputs/pilot/xai_maps/shap/isic2018_ISIC_0012770.npy,/home/tbeliere/Projects/DCU/2026-mcm-XAI-skin-lesion/outputs/pilot/pseudo_concepts/npz/isic2018/ISIC_0012770.npz
isic2018,ISIC_0012770,shap,border_default,20,0.004678013337309965,0.00931246284920813,0.0030436217179980276,2.638032573940457,0.13855004704268614,0.0011559311224489796,0.20001594387755103,/home/tbeliere/Projects/DCU/2026-mcm-XAI-skin-lesion/outputs/pilot/xai_maps/shap/isic2018_ISIC_0012770.npy,/home/tbeliere/Projects/DCU/2026-mcm-XAI-skin-lesion/outputs/pilot/pseudo_concepts/npz/isic2018/ISIC_0012770.npz
isic2018,ISIC_0012770,shap,border_w8_dil2_sigma5,20,0.004678013337309965,0.00931246284920813,0.0030436217179980276,2.638032573940457,0.13855004704268614,0.0011559311224489796,0.20001594387755103,/home/tbeliere/Projects/DCU/2026-mcm-XAI-skin-lesion/outputs/pilot/xai_maps/shap/isic2018_ISIC_0012770.npy,/home/tbeliere/Projects/DCU/2026-mcm-XAI-skin-lesion/outputs/pilot/pseudo_concepts/npz/isic2018/ISIC_0012770.npz
isic2018,ISIC_0012770,shap,border_w12_dil4_sigma8,20,0.01767275615566156,0.034731707317039284,0.012009779866637345,2.837973796045715,0.1794574442330866,0.004264987244897959,0.20001594387755103,/home/tbeliere/Projects/DCU/2026-mcm-XAI-skin-lesion/outputs/pilot/xai_maps/shap/isic2018_ISIC_0012770.npy,/home/tbeliere/Projects/DCU/2026-mcm-XAI-skin-lesion/outputs/pilot/pseudo_concepts/npz/isic2018/ISIC_0012770.npz
isic2018,ISIC_0012770,shap,border_w16_dil6_sigma10,20,0.03056077539310596,0.05930902111318684,0.021919806410132876,2.905966138395342,0.21411293568756787,0.007653061224489796,0.20001594387755103,/home/tbeliere/Projects/DCU/2026-mcm-XAI-skin-lesion/outputs/pilot/xai_maps/shap/isic2018_ISIC_0012770.npy,/home/tbeliere/Projects/DCU/2026-mcm-XAI-skin-lesion/outputs/pilot/pseudo_concepts/npz/isic2018/ISIC_0012770.npz
isic2018,ISIC_0012770,shap,border_w16_dil6_sigma10_dist,20,0.024460289166147293,0.04775253745766288,0.017390957191931528,2.8562577087942485,0.19864910122019236,0.006158322704081632,0.20001594387755103,/home/tbeliere/Projects/DCU/2026-mcm-XAI-skin-lesion/outputs/pilot/xai_maps/shap/isic2018_ISIC_0012770.npy,/home/tbeliere/Projects/DCU/2026-mcm-XAI-skin-lesion/outputs/pilot/pseudo_concepts/npz/isic2018/ISIC_0012770.npz
isic2018,ISIC_0012770,shap,colour_heterogeneity,20,0.04303521962797483,0.08251920705673667,0.040504281755253814,4.135568704252989,0.32753569073668154,0.010104432397959183,0.20001594387755103,/home/tbeliere/Projects/DCU/2026-mcm-XAI-skin-lesion/outputs/pilot/xai_maps/shap/isic2018_ISIC_0012770.npy,/home/tbeliere/Projects/DCU/2026-mcm-XAI-skin-lesion/outputs/pilot/pseudo_concepts/npz/isic2018/ISIC_0012770.npz
isic2018,ISIC_0010189,gradcam,asymmetry,20,0.0029056569508735986,0.005794477138971666,0.00434963093238531,0.2679301398118765,-0.04650795329787804,0.016043526785714284,0.20408163265306123,/home/tbeliere/Projects/DCU/2026-mcm-XAI-skin-lesion/outputs/pilot/xai_maps/gradcam/isic2018_ISIC_0010189.npy,/home/tbeliere/Projects/DCU/2026-mcm-XAI-skin-lesion/outputs/pilot/pseudo_concepts/npz/isic2018/ISIC_0010189.npz
isic2018,ISIC_0010189,gradcam,border_default,20,0.0,0.0,0.0017366114883785367,0.29617093133406985,-0.040236755625368846,0.005839445153061225,0.20408163265306123,/home/tbeliere/Projects/DCU/2026-mcm-XAI-skin-lesion/outputs/pilot/xai_maps/gradcam/isic2018_ISIC_0010189.npy,/home/tbeliere/Projects/DCU/2026-mcm-XAI-skin-lesion/outputs/pilot/pseudo_concepts/npz/isic2018/ISIC_0010189.npz
isic2018,ISIC_0010189,gradcam,border_w8_dil2_sigma5,20,0.0,0.0,0.0017366114883785367,0.29617093133406985,-0.040236755625368846,0.005839445153061225,0.20408163265306123,/home/tbeliere/Projects/DCU/2026-mcm-XAI-skin-lesion/outputs/pilot/xai_maps/gradcam/isic2018_ISIC_0010189.npy,/home/tbeliere/Projects/DCU/2026-mcm-XAI-skin-lesion/outputs/pilot/pseudo_concepts/npz/isic2018/ISIC_0010189.npz
isic2018,ISIC_0010189,gradcam,border_w12_dil4_sigma8,20,0.0,0.0,8.653088977088444e-05,0.0985986719273815,-0.0479641519549646,0.0008769132653061224,0.20408163265306123,/home/tbeliere/Projects/DCU/2026-mcm-XAI-skin-lesion/outputs/pilot/xai_maps/gradcam/isic2018_ISIC_0010189.npy,/home/tbeliere/Projects/DCU/2026-mcm-XAI-skin-lesion/outputs/pilot/pseudo_concepts/npz/isic2018/ISIC_0010189.npz
isic2018,ISIC_0010189,gradcam,border_w16_dil6_sigma10,20,0.0,0.0,0.0003124741460626047,0.17791019586854995,-0.05446238649230059,0.001753826530612245,0.20408163265306123,/home/tbeliere/Projects/DCU/2026-mcm-XAI-skin-lesion/outputs/pilot/xai_maps/gradcam/isic2018_ISIC_0010189.npy,/home/tbeliere/Projects/DCU/2026-mcm-XAI-skin-lesion/outputs/pilot/pseudo_concepts/npz/isic2018/ISIC_0010189.npz
isic2018,ISIC_0010189,gradcam,border_w16_dil6_sigma10_dist,20,0.0,0.0,0.000230781347781516,0.17264018207676315,-0.04992914450148215,0.0013352997448979591,0.20408163265306123,/home/tbeliere/Projects/DCU/2026-mcm-XAI-skin-lesion/outputs/pilot/xai_maps/gradcam/isic2018_ISIC_0010189.npy,/home/tbeliere/Projects/DCU/2026-mcm-XAI-skin-lesion/outputs/pilot/pseudo_concepts/npz/isic2018/ISIC_0010189.npz
isic2018,ISIC_0010189,gradcam,colour_heterogeneity,20,0.1089544513456617,0.19649941656927536,0.09964152798978226,2.0128165251280983,0.12918213154510244,0.05211654974489796,0.20408163265306123,/home/tbeliere/Projects/DCU/2026-mcm-XAI-skin-lesion/outputs/pilot/xai_maps/gradcam/isic2018_ISIC_0010189.npy,/home/tbeliere/Projects/DCU/2026-mcm-XAI-skin-lesion/outputs/pilot/pseudo_concepts/npz/isic2018/ISIC_0010189.npz
isic2018,ISIC_0010189,lime,asymmetry,20,0.028783000643896467,0.055955435939127524,0.020910928131204078,1.3098668169143186,0.07557460936417552,0.016043526785714284,0.30237563775510207,/home/tbeliere/Projects/DCU/2026-mcm-XAI-skin-lesion/outputs/pilot/xai_maps/lime/isic2018_ISIC_0010189.npy,/home/tbeliere/Projects/DCU/2026-mcm-XAI-skin-lesion/outputs/pilot/pseudo_concepts/npz/isic2018/ISIC_0010189.npz
isic2018,ISIC_0010189,lime,border_default,20,0.017367278468510383,0.03414161008727181,0.009303024735687436,1.598704723978285,0.11336451312488538,0.005839445153061225,0.30237563775510207,/home/tbeliere/Projects/DCU/2026-mcm-XAI-skin-lesion/outputs/pilot/xai_maps/lime/isic2018_ISIC_0010189.npy,/home/tbeliere/Projects/DCU/2026-mcm-XAI-skin-lesion/outputs/pilot/pseudo_concepts/npz/isic2018/ISIC_0010189.npz
isic2018,ISIC_0010189,lime,border_w8_dil2_sigma5,20,0.017367278468510383,0.03414161008727181,0.009303024735687436,1.598704723978285,0.11336451312488538,0.005839445153061225,0.30237563775510207,/home/tbeliere/Projects/DCU/2026-mcm-XAI-skin-lesion/outputs/pilot/xai_maps/lime/isic2018_ISIC_0010189.npy,/home/tbeliere/Projects/DCU/2026-mcm-XAI-skin-lesion/outputs/pilot/pseudo_concepts/npz/isic2018/ISIC_0010189.npz
isic2018,ISIC_0010189,lime,border_w12_dil4_sigma8,20,0.0,0.0,0.0007348888480614851,0.8379213922691388,0.09553184862981359,0.0008769132653061224,0.30237563775510207,/home/tbeliere/Projects/DCU/2026-mcm-XAI-skin-lesion/outputs/pilot/xai_maps/lime/isic2018_ISIC_0010189.npy,/home/tbeliere/Projects/DCU/2026-mcm-XAI-skin-lesion/outputs/pilot/pseudo_concepts/npz/isic2018/ISIC_0010189.npz
isic2018,ISIC_0010189,lime,border_w16_dil6_sigma10,20,0.0,0.0,0.0014697776961229703,0.8378021391609687,0.08755881520519405,0.001753826530612245,0.30237563775510207,/home/tbeliere/Projects/DCU/2026-mcm-XAI-skin-lesion/outputs/pilot/xai_maps/lime/isic2018_ISIC_0010189.npy,/home/tbeliere/Projects/DCU/2026-mcm-XAI-skin-lesion/outputs/pilot/pseudo_concepts/npz/isic2018/ISIC_0010189.npz
isic2018,ISIC_0010189,lime,border_w16_dil6_sigma10_dist,20,0.0,0.0,0.0011190352913663525,0.8378590416728338,0.08036932578595264,0.0013352997448979591,0.30237563775510207,/home/tbeliere/Projects/DCU/2026-mcm-XAI-skin-lesion/outputs/pilot/xai_maps/lime/isic2018_ISIC_0010189.npy,/home/tbeliere/Projects/DCU/2026-mcm-XAI-skin-lesion/outputs/pilot/pseudo_concepts/npz/isic2018/ISIC_0010189.npz
isic2018,ISIC_0010189,lime,colour_heterogeneity,20,0.03569349015952271,0.06892674425138082,0.05212700215454307,1.0002115784536068,0.022108239940414123,0.05211654974489796,0.30237563775510207,/home/tbeliere/Projects/DCU/2026-mcm-XAI-skin-lesion/outputs/pilot/xai_maps/lime/isic2018_ISIC_0010189.npy,/home/tbeliere/Projects/DCU/2026-mcm-XAI-skin-lesion/outputs/pilot/pseudo_concepts/npz/isic2018/ISIC_0010189.npz
isic2018,ISIC_0010189,shap,asymmetry,20,0.00027680383834630297,0.0005534544783686436,0.004698905617995799,0.2895464211589731,-0.09204279227934042,0.016043526785714284,0.20001594387755103,/home/tbeliere/Projects/DCU/2026-mcm-XAI-skin-lesion/outputs/pilot/xai_maps/shap/isic2018_ISIC_0010189.npy,/home/tbeliere/Projects/DCU/2026-mcm-XAI-skin-lesion/outputs/pilot/pseudo_concepts/npz/isic2018/ISIC_0010189.npz
isic2018,ISIC_0010189,shap,border_default,20,0.00038740920096814774,0.0007745183464025805,0.002734082643943439,0.4667512750018204,-0.063590028344301,0.005839445153061225,0.20001594387755103,/home/tbeliere/Projects/DCU/2026-mcm-XAI-skin-lesion/outputs/pilot/xai_maps/shap/isic2018_ISIC_0010189.npy,/home/tbeliere/Projects/DCU/2026-mcm-XAI-skin-lesion/outputs/pilot/pseudo_concepts/npz/isic2018/ISIC_0010189.npz
isic2018,ISIC_0010189,shap,border_w8_dil2_sigma5,20,0.00038740920096814774,0.0007745183464025805,0.002734082643943439,0.4667512750018204,-0.063590028344301,0.005839445153061225,0.20001594387755103,/home/tbeliere/Projects/DCU/2026-mcm-XAI-skin-lesion/outputs/pilot/xai_maps/shap/isic2018_ISIC_0010189.npy,/home/tbeliere/Projects/DCU/2026-mcm-XAI-skin-lesion/outputs/pilot/pseudo_concepts/npz/isic2018/ISIC_0010189.npz
isic2018,ISIC_0010189,shap,border_w12_dil4_sigma8,20,0.0,0.0,0.00039804697807845985,0.45370080192473694,-0.07687104214725929,0.0008769132653061224,0.20001594387755103,/home/tbeliere/Projects/DCU/2026-mcm-XAI-skin-lesion/outputs/pilot/xai_maps/shap/isic2018_ISIC_0010189.npy,/home/tbeliere/Projects/DCU/2026-mcm-XAI-skin-lesion/outputs/pilot/pseudo_concepts/npz/isic2018/ISIC_0010189.npz
isic2018,ISIC_0010189,shap,border_w16_dil6_sigma10,20,0.0,0.0,0.0007563085636229563,0.43080283799325864,-0.086556010738947,0.001753826530612245,0.20001594387755103,/home/tbeliere/Projects/DCU/2026-mcm-XAI-skin-lesion/outputs/pilot/xai_maps/shap/isic2018_ISIC_0010189.npy,/home/tbeliere/Projects/DCU/2026-mcm-XAI-skin-lesion/outputs/pilot/pseudo_concepts/npz/isic2018/ISIC_0010189.npz
isic2018,ISIC_0010189,shap,border_w16_dil6_sigma10_dist,20,0.0,0.0,0.0005488676419383255,0.4107210012048067,-0.0807606629695998,0.0013352997448979591,0.20001594387755103,/home/tbeliere/Projects/DCU/2026-mcm-XAI-skin-lesion/outputs/pilot/xai_maps/shap/isic2018_ISIC_0010189.npy,/home/tbeliere/Projects/DCU/2026-mcm-XAI-skin-lesion/outputs/pilot/pseudo_concepts/npz/isic2018/ISIC_0010189.npz
isic2018,ISIC_0010189,shap,colour_heterogeneity,20,0.11501850872544066,0.2063078017546389,0.10288657964501015,2.085886126357309,0.2900845246734422,0.05211654974489796,0.20001594387755103,/home/tbeliere/Projects/DCU/2026-mcm-XAI-skin-lesion/outputs/pilot/xai_maps/shap/isic2018_ISIC_0010189.npy,/home/tbeliere/Projects/DCU/2026-mcm-XAI-skin-lesion/outputs/pilot/pseudo_concepts/npz/isic2018/ISIC_0010189.npz
isic2018,ISIC_0010215,gradcam,asymmetry,20,0.0,0.0,0.0,0.0,-0.04607630907869782,0.02361686862244898,0.20408163265306123,/home/tbeliere/Projects/DCU/2026-mcm-XAI-skin-lesion/outputs/pilot/xai_maps/gradcam/isic2018_ISIC_0010215.npy,/home/tbeliere/Projects/DCU/2026-mcm-XAI-skin-lesion/outputs/pilot/pseudo_concepts/npz/isic2018/ISIC_0010215.npz
isic2018,ISIC_0010215,gradcam,border_default,20,0.0,0.0,0.0,0.0,-0.028326000385335642,0.0005381058673469387,0.20408163265306123,/home/tbeliere/Projects/DCU/2026-mcm-XAI-skin-lesion/outputs/pilot/xai_maps/gradcam/isic2018_ISIC_0010215.npy,/home/tbeliere/Projects/DCU/2026-mcm-XAI-skin-lesion/outputs/pilot/pseudo_concepts/npz/isic2018/ISIC_0010215.npz
isic2018,ISIC_0010215,gradcam,border_w8_dil2_sigma5,20,0.0,0.0,0.0,0.0,-0.028326000385335642,0.0005381058673469387,0.20408163265306123,/home/tbeliere/Projects/DCU/2026-mcm-XAI-skin-lesion/outputs/pilot/xai_maps/gradcam/isic2018_ISIC_0010215.npy,/home/tbeliere/Projects/DCU/2026-mcm-XAI-skin-lesion/outputs/pilot/pseudo_concepts/npz/isic2018/ISIC_0010215.npz
isic2018,ISIC_0010215,gradcam,border_w12_dil4_sigma8,20,0.0,0.0,0.0,0.0,-0.041035134241170626,0.001913265306122449,0.20408163265306123,/home/tbeliere/Projects/DCU/2026-mcm-XAI-skin-lesion/outputs/pilot/xai_maps/gradcam/isic2018_ISIC_0010215.npy,/home/tbeliere/Projects/DCU/2026-mcm-XAI-skin-lesion/outputs/pilot/pseudo_concepts/npz/isic2018/ISIC_0010215.npz
isic2018,ISIC_0010215,gradcam,border_w16_dil6_sigma10,20,0.0,0.0,0.0,0.0,-0.051751502319667714,0.0038464604591836736,0.20408163265306123,/home/tbeliere/Projects/DCU/2026-mcm-XAI-skin-lesion/outputs/pilot/xai_maps/gradcam/isic2018_ISIC_0010215.npy,/home/tbeliere/Projects/DCU/2026-mcm-XAI-skin-lesion/outputs/pilot/pseudo_concepts/npz/isic2018/ISIC_0010215.npz
isic2018,ISIC_0010215,gradcam,border_w16_dil6_sigma10_dist,20,0.0,0.0,0.0,0.0,-0.04810051701305884,0.003208705357142857,0.20408163265306123,/home/tbeliere/Projects/DCU/2026-mcm-XAI-skin-lesion/outputs/pilot/xai_maps/gradcam/isic2018_ISIC_0010215.npy,/home/tbeliere/Projects/DCU/2026-mcm-XAI-skin-lesion/outputs/pilot/pseudo_concepts/npz/isic2018/ISIC_0010215.npz
isic2018,ISIC_0010215,gradcam,colour_heterogeneity,20,0.0,0.0,0.0,0.0,-0.13336179312727203,0.06674505739795919,0.20408163265306123,/home/tbeliere/Projects/DCU/2026-mcm-XAI-skin-lesion/outputs/pilot/xai_maps/gradcam/isic2018_ISIC_0010215.npy,/home/tbeliere/Projects/DCU/2026-mcm-XAI-skin-lesion/outputs/pilot/pseudo_concepts/npz/isic2018/ISIC_0010215.npz
isic2018,ISIC_0010215,lime,asymmetry,20,0.016961180895595087,0.03335659455685041,0.023204138132003786,0.9821086394978066,-0.0045844831420539175,0.02361686862244898,0.2619778380102041,/home/tbeliere/Projects/DCU/2026-mcm-XAI-skin-lesion/outputs/pilot/xai_maps/lime/isic2018_ISIC_0010215.npy,/home/tbeliere/Projects/DCU/2026-mcm-XAI-skin-lesion/outputs/pilot/pseudo_concepts/npz/isic2018/ISIC_0010215.npz
isic2018,ISIC_0010215,lime,border_default,20,0.0,0.0,0.0004917674486374429,0.9138436680912001,-0.012314405858784459,0.0005381058673469387,0.2619778380102041,/home/tbeliere/Projects/DCU/2026-mcm-XAI-skin-lesion/outputs/pilot/xai_maps/lime/isic2018_ISIC_0010215.npy,/home/tbeliere/Projects/DCU/2026-mcm-XAI-skin-lesion/outputs/pilot/pseudo_concepts/npz/isic2018/ISIC_0010215.npz
isic2018,ISIC_0010215,lime,border_w8_dil2_sigma5,20,0.0,0.0,0.0004917674486374429,0.9138436680912001,-0.012314405858784459,0.0005381058673469387,0.2619778380102041,/home/tbeliere/Projects/DCU/2026-mcm-XAI-skin-lesion/outputs/pilot/xai_maps/lime/isic2018_ISIC_0010215.npy,/home/tbeliere/Projects/DCU/2026-mcm-XAI-skin-lesion/outputs/pilot/pseudo_concepts/npz/isic2018/ISIC_0010215.npz
isic2018,ISIC_0010215,lime,border_w12_dil4_sigma8,20,0.0002266203353979252,0.0004531379805147246,0.001420661518285946,0.7421660887134348,-0.02493821367006943,0.001913265306122449,0.2619778380102041,/home/tbeliere/Projects/DCU/2026-mcm-XAI-skin-lesion/outputs/pilot/xai_maps/lime/isic2018_ISIC_0010215.npy,/home/tbeliere/Projects/DCU/2026-mcm-XAI-skin-lesion/outputs/pilot/pseudo_concepts/npz/isic2018/ISIC_0010215.npz
isic2018,ISIC_0010215,lime,border_w16_dil6_sigma10,20,0.001125872551226356,0.0022492127755268784,0.003242022439165364,0.8423474976626736,-0.02327660705552445,0.0038464604591836736,0.2619778380102041,/home/tbeliere/Projects/DCU/2026-mcm-XAI-skin-lesion/outputs/pilot/xai_maps/lime/isic2018_ISIC_0010215.npy,/home/tbeliere/Projects/DCU/2026-mcm-XAI-skin-lesion/outputs/pilot/pseudo_concepts/npz/isic2018/ISIC_0010215.npz
isic2018,ISIC_0010215,lime,border_w16_dil6_sigma10_dist,20,0.0009026628554228203,0.0018036975800377244,0.002732041381319127,0.8510396599901472,-0.022111770304250527,0.003208705357142857,0.2619778380102041,/home/tbeliere/Projects/DCU/2026-mcm-XAI-skin-lesion/outputs/pilot/xai_maps/lime/isic2018_ISIC_0010215.npy,/home/tbeliere/Projects/DCU/2026-mcm-XAI-skin-lesion/outputs/pilot/pseudo_concepts/npz/isic2018/ISIC_0010215.npz
isic2018,ISIC_0010215,lime,colour_heterogeneity,20,0.16114044350569437,0.27755547471791103,0.09707853708287298,1.503330280774158,0.2387560462998418,0.06674505739795919,0.2619778380102041,/home/tbeliere/Projects/DCU/2026-mcm-XAI-skin-lesion/outputs/pilot/xai_maps/lime/isic2018_ISIC_0010215.npy,/home/tbeliere/Projects/DCU/2026-mcm-XAI-skin-lesion/outputs/pilot/pseudo_concepts/npz/isic2018/ISIC_0010215.npz
isic2018,ISIC_0010215,shap,asymmetry,20,0.04722351843206045,0.09018804028153445,0.03680861231912757,1.5799186705083674,0.0889300251493123,0.02361686862244898,0.20001594387755103,/home/tbeliere/Projects/DCU/2026-mcm-XAI-skin-lesion/outputs/pilot/xai_maps/shap/isic2018_ISIC_0010215.npy,/home/tbeliere/Projects/DCU/2026-mcm-XAI-skin-lesion/outputs/pilot/pseudo_concepts/npz/isic2018/ISIC_0010215.npz
isic2018,ISIC_0010215,shap,border_default,20,0.0003976538423298562,0.0007949915532139571,0.0005686216197129642,1.0567417289821894,0.04504844125144221,0.0005381058673469387,0.20001594387755103,/home/tbeliere/Projects/DCU/2026-mcm-XAI-skin-lesion/outputs/pilot/xai_maps/shap/isic2018_ISIC_0010215.npy,/home/tbeliere/Projects/DCU/2026-mcm-XAI-skin-lesion/outputs/pilot/pseudo_concepts/npz/isic2018/ISIC_0010215.npz
isic2018,ISIC_0010215,shap,border_w8_dil2_sigma5,20,0.0003976538423298562,0.0007949915532139571,0.0005686216197129642,1.0567417289821894,0.04504844125144221,0.0005381058673469387,0.20001594387755103,/home/tbeliere/Projects/DCU/2026-mcm-XAI-skin-lesion/outputs/pilot/xai_maps/shap/isic2018_ISIC_0010215.npy,/home/tbeliere/Projects/DCU/2026-mcm-XAI-skin-lesion/outputs/pilot/pseudo_concepts/npz/isic2018/ISIC_0010215.npz
isic2018,ISIC_0010215,shap,border_w12_dil4_sigma8,20,0.0019778481012638666,0.0039478878799803115,0.002116409988104497,1.1064020775073105,0.06918707213524482,0.001913265306122449,0.20001594387755103,/home/tbeliere/Projects/DCU/2026-mcm-XAI-skin-lesion/outputs/pilot/xai_maps/shap/isic2018_ISIC_0010215.npy,/home/tbeliere/Projects/DCU/2026-mcm-XAI-skin-lesion/outputs/pilot/pseudo_concepts/npz/isic2018/ISIC_0010215.npz
isic2018,ISIC_0010215,shap,border_w16_dil6_sigma10,20,0.004813359528482501,0.009580604164620607,0.004517984560768634,1.175374508130771,0.08875519995610885,0.0038464604591836736,0.20001594387755103,/home/tbeliere/Projects/DCU/2026-mcm-XAI-skin-lesion/outputs/pilot/xai_maps/shap/isic2018_ISIC_0010215.npy,/home/tbeliere/Projects/DCU/2026-mcm-XAI-skin-lesion/outputs/pilot/pseudo_concepts/npz/isic2018/ISIC_0010215.npz
isic2018,ISIC_0010215,shap,border_w16_dil6_sigma10_dist,20,0.004234784321445504,0.008433853094038997,0.003734555500118921,1.1644964765335526,0.08237015226589106,0.003208705357142857,0.20001594387755103,/home/tbeliere/Projects/DCU/2026-mcm-XAI-skin-lesion/outputs/pilot/xai_maps/shap/isic2018_ISIC_0010215.npy,/home/tbeliere/Projects/DCU/2026-mcm-XAI-skin-lesion/outputs/pilot/pseudo_concepts/npz/isic2018/ISIC_0010215.npz
isic2018,ISIC_0010215,shap,colour_heterogeneity,20,0.190624444048932,0.3202091893908702,0.15181286818950682,2.5026378737570703,0.5071242539753698,0.06674505739795919,0.20001594387755103,/home/tbeliere/Projects/DCU/2026-mcm-XAI-skin-lesion/outputs/pilot/xai_maps/shap/isic2018_ISIC_0010215.npy,/home/tbeliere/Projects/DCU/2026-mcm-XAI-skin-lesion/outputs/pilot/pseudo_concepts/npz/isic2018/ISIC_0010215.npz
isic2018,ISIC_0014839,gradcam,asymmetry,20,0.024254623724484965,0.04736053548147659,0.028686195335407727,1.1881061872803864,0.005700483148452259,0.024254623724489797,1.0,/home/tbeliere/Projects/DCU/2026-mcm-XAI-skin-lesion/outputs/pilot/xai_maps/gradcam/isic2018_ISIC_0014839.npy,/home/tbeliere/Projects/DCU/2026-mcm-XAI-skin-lesion/outputs/pilot/pseudo_concepts/npz/isic2018/ISIC_0014839.npz
isic2018,ISIC_0014839,gradcam,border_default,20,0.0040058992346930795,0.007979832066219113,0.008538345854783753,2.141186437877984,0.028163174133878022,0.0040058992346938774,1.0,/home/tbeliere/Projects/DCU/2026-mcm-XAI-skin-lesion/outputs/pilot/xai_maps/gradcam/isic2018_ISIC_0014839.npy,/home/tbeliere/Projects/DCU/2026-mcm-XAI-skin-lesion/outputs/pilot/pseudo_concepts/npz/isic2018/ISIC_0014839.npz
isic2018,ISIC_0014839,gradcam,border_w8_dil2_sigma5,20,0.0040058992346930795,0.007979832066219113,0.008538345854783753,2.141186437877984,0.028163174133878022,0.0040058992346938774,1.0,/home/tbeliere/Projects/DCU/2026-mcm-XAI-skin-lesion/outputs/pilot/xai_maps/gradcam/isic2018_ISIC_0014839.npy,/home/tbeliere/Projects/DCU/2026-mcm-XAI-skin-lesion/outputs/pilot/pseudo_concepts/npz/isic2018/ISIC_0014839.npz
isic2018,ISIC_0014839,gradcam,border_w12_dil4_sigma8,20,0.007473692602039327,0.014836501750704273,0.01600883145253207,2.1606037974917456,0.03014044592513476,0.007473692602040816,1.0,/home/tbeliere/Projects/DCU/2026-mcm-XAI-skin-lesion/outputs/pilot/xai_maps/gradcam/isic2018_ISIC_0014839.npy,/home/tbeliere/Projects/DCU/2026-mcm-XAI-skin-lesion/outputs/pilot/pseudo_concepts/npz/isic2018/ISIC_0014839.npz
isic2018,ISIC_0014839,gradcam,border_w16_dil6_sigma10,20,0.011200573979589606,0.022153021404071476,0.02749128314003911,2.4955672236044957,0.04702219995557892,0.011200573979591837,1.0,/home/tbeliere/Projects/DCU/2026-mcm-XAI-skin-lesion/outputs/pilot/xai_maps/gradcam/isic2018_ISIC_0014839.npy,/home/tbeliere/Projects/DCU/2026-mcm-XAI-skin-lesion/outputs/pilot/pseudo_concepts/npz/isic2018/ISIC_0014839.npz
isic2018,ISIC_0014839,gradcam,border_w16_dil6_sigma10_dist,20,0.008908641581630877,0.017659956936566846,0.022789483158975693,2.5944686774387913,0.04153343662591636,0.008908641581632654,1.0,/home/tbeliere/Projects/DCU/2026-mcm-XAI-skin-lesion/outputs/pilot/xai_maps/gradcam/isic2018_ISIC_0014839.npy,/home/tbeliere/Projects/DCU/2026-mcm-XAI-skin-lesion/outputs/pilot/pseudo_concepts/npz/isic2018/ISIC_0014839.npz
isic2018,ISIC_0014839,gradcam,colour_heterogeneity,20,0.021863042091832378,0.04279055253251365,0.015371042925866604,0.6984248289603783,0.18234597365256122,0.021863042091836735,1.0,/home/tbeliere/Projects/DCU/2026-mcm-XAI-skin-lesion/outputs/pilot/xai_maps/gradcam/isic2018_ISIC_0014839.npy,/home/tbeliere/Projects/DCU/2026-mcm-XAI-skin-lesion/outputs/pilot/pseudo_concepts/npz/isic2018/ISIC_0014839.npz
isic2018,ISIC_0014839,lime,asymmetry,20,0.0194136966305755,0.0380879650621583,0.022446965959536058,0.9237602264149626,-0.0206949537104536,0.024254623724489797,0.8108657525510204,/home/tbeliere/Projects/DCU/2026-mcm-XAI-skin-lesion/outputs/pilot/xai_maps/lime/isic2018_ISIC_0014839.npy,/home/tbeliere/Projects/DCU/2026-mcm-XAI-skin-lesion/outputs/pilot/pseudo_concepts/npz/isic2018/ISIC_0014839.npz
isic2018,ISIC_0014839,lime,border_default,20,0.003558980904225723,0.007092718957124003,0.004372785576532998,1.09198875657791,0.005221698004253403,0.0040058992346938774,0.8108657525510204,/home/tbeliere/Projects/DCU/2026-mcm-XAI-skin-lesion/outputs/pilot/xai_maps/lime/isic2018_ISIC_0014839.npy,/home/tbeliere/Projects/DCU/2026-mcm-XAI-skin-lesion/outputs/pilot/pseudo_concepts/npz/isic2018/ISIC_0014839.npz
isic2018,ISIC_0014839,lime,border_w8_dil2_sigma5,20,0.003558980904225723,0.007092718957124003,0.004372785576532998,1.09198875657791,0.005221698004253403,0.0040058992346938774,0.8108657525510204,/home/tbeliere/Projects/DCU/2026-mcm-XAI-skin-lesion/outputs/pilot/xai_maps/lime/isic2018_ISIC_0014839.npy,/home/tbeliere/Projects/DCU/2026-mcm-XAI-skin-lesion/outputs/pilot/pseudo_concepts/npz/isic2018/ISIC_0014839.npz
isic2018,ISIC_0014839,lime,border_w12_dil4_sigma8,20,0.005657604702423303,0.011251552568127604,0.0073776741265608025,0.9870569686336871,0.0069702117194179675,0.007473692602040816,0.8108657525510204,/home/tbeliere/Projects/DCU/2026-mcm-XAI-skin-lesion/outputs/pilot/xai_maps/lime/isic2018_ISIC_0014839.npy,/home/tbeliere/Projects/DCU/2026-mcm-XAI-skin-lesion/outputs/pilot/pseudo_concepts/npz/isic2018/ISIC_0014839.npz
isic2018,ISIC_0014839,lime,border_w16_dil6_sigma10,20,0.00816346482866301,0.0161947245927036,0.011279544333313324,1.0071309595673528,-0.007636123189585518,0.011200573979591837,0.8108657525510204,/home/tbeliere/Projects/DCU/2026-mcm-XAI-skin-lesion/outputs/pilot/xai_maps/lime/isic2018_ISIC_0014839.npy,/home/tbeliere/Projects/DCU/2026-mcm-XAI-skin-lesion/outputs/pilot/pseudo_concepts/npz/isic2018/ISIC_0014839.npz
isic2018,ISIC_0014839,lime,border_w16_dil6_sigma10_dist,20,0.006607444387341456,0.013128145284804629,0.009104363815755884,1.0221717440097482,-0.003081641362249609,0.008908641581632654,0.8108657525510204,/home/tbeliere/Projects/DCU/2026-mcm-XAI-skin-lesion/outputs/pilot/xai_maps/lime/isic2018_ISIC_0014839.npy,/home/tbeliere/Projects/DCU/2026-mcm-XAI-skin-lesion/outputs/pilot/pseudo_concepts/npz/isic2018/ISIC_0014839.npz
isic2018,ISIC_0014839,lime,colour_heterogeneity,20,0.02529937180996631,0.04935021420193635,0.03722473875407578,1.729799696808283,0.11906444309282585,0.021863042091836735,0.8108657525510204,/home/tbeliere/Projects/DCU/2026-mcm-XAI-skin-lesion/outputs/pilot/xai_maps/lime/isic2018_ISIC_0014839.npy,/home/tbeliere/Projects/DCU/2026-mcm-XAI-skin-lesion/outputs/pilot/pseudo_concepts/npz/isic2018/ISIC_0014839.npz
isic2018,ISIC_0014839,shap,asymmetry,20,0.041173205033270564,0.07909002043892376,0.031941148693120994,1.3273656905129407,0.049635838839424636,0.024254623724489797,0.20001594387755103,/home/tbeliere/Projects/DCU/2026-mcm-XAI-skin-lesion/outputs/pilot/xai_maps/shap/isic2018_ISIC_0014839.npy,/home/tbeliere/Projects/DCU/2026-mcm-XAI-skin-lesion/outputs/pilot/pseudo_concepts/npz/isic2018/ISIC_0014839.npz
isic2018,ISIC_0014839,shap,border_default,20,0.008770201024823836,0.01738790661324862,0.005806855421191048,1.4522014094748055,0.04772063587240617,0.0040058992346938774,0.20001594387755103,/home/tbeliere/Projects/DCU/2026-mcm-XAI-skin-lesion/outputs/pilot/xai_maps/shap/isic2018_ISIC_0014839.npy,/home/tbeliere/Projects/DCU/2026-mcm-XAI-skin-lesion/outputs/pilot/pseudo_concepts/npz/isic2018/ISIC_0014839.npz
isic2018,ISIC_0014839,shap,border_w8_dil2_sigma5,20,0.008770201024823836,0.01738790661324862,0.005806855421191048,1.4522014094748055,0.04772063587240617,0.0040058992346938774,0.20001594387755103,/home/tbeliere/Projects/DCU/2026-mcm-XAI-skin-lesion/outputs/pilot/xai_maps/shap/isic2018_ISIC_0014839.npy,/home/tbeliere/Projects/DCU/2026-mcm-XAI-skin-lesion/outputs/pilot/pseudo_concepts/npz/isic2018/ISIC_0014839.npz
isic2018,ISIC_0014839,shap,border_w12_dil4_sigma8,20,0.014915188145822853,0.029391989242119495,0.010378868599684982,1.3927966058472914,0.062325438561513395,0.007473692602040816,0.20001594387755103,/home/tbeliere/Projects/DCU/2026-mcm-XAI-skin-lesion/outputs/pilot/xai_maps/shap/isic2018_ISIC_0014839.npy,/home/tbeliere/Projects/DCU/2026-mcm-XAI-skin-lesion/outputs/pilot/pseudo_concepts/npz/isic2018/ISIC_0014839.npz
isic2018,ISIC_0014839,shap,border_w16_dil6_sigma10,20,0.022183641975287244,0.043404415927492536,0.01563558851736485,1.4022521517577236,0.07920448510768541,0.011200573979591837,0.20001594387755103,/home/tbeliere/Projects/DCU/2026-mcm-XAI-skin-lesion/outputs/pilot/xai_maps/shap/isic2018_ISIC_0014839.npy,/home/tbeliere/Projects/DCU/2026-mcm-XAI-skin-lesion/outputs/pilot/pseudo_concepts/npz/isic2018/ISIC_0014839.npz
isic2018,ISIC_0014839,shap,border_w16_dil6_sigma10_dist,20,0.017075773745981297,0.03357817418674656,0.012257316070038474,1.3805547549613184,0.07114417106232314,0.008908641581632654,0.20001594387755103,/home/tbeliere/Projects/DCU/2026-mcm-XAI-skin-lesion/outputs/pilot/xai_maps/shap/isic2018_ISIC_0014839.npy,/home/tbeliere/Projects/DCU/2026-mcm-XAI-skin-lesion/outputs/pilot/pseudo_concepts/npz/isic2018/ISIC_0014839.npz
isic2018,ISIC_0014839,shap,colour_heterogeneity,20,0.09157760564752271,0.1677894547739443,0.07986487774363198,3.8832305246165255,0.4960776453526665,0.021863042091836735,0.20001594387755103,/home/tbeliere/Projects/DCU/2026-mcm-XAI-skin-lesion/outputs/pilot/xai_maps/shap/isic2018_ISIC_0014839.npy,/home/tbeliere/Projects/DCU/2026-mcm-XAI-skin-lesion/outputs/pilot/pseudo_concepts/npz/isic2018/ISIC_0014839.npz
isic2018,ISIC_0013229,gradcam,asymmetry,20,0.028900057993399477,0.05617660873644323,0.05103079325531073,6.608476995490521,0.13113550336716764,0.008071588010204082,0.20408163265306123,/home/tbeliere/Projects/DCU/2026-mcm-XAI-skin-lesion/outputs/pilot/xai_maps/gradcam/isic2018_ISIC_0013229.npy,/home/tbeliere/Projects/DCU/2026-mcm-XAI-skin-lesion/outputs/pilot/pseudo_concepts/npz/isic2018/ISIC_0013229.npz
isic2018,ISIC_0013229,gradcam,border_default,20,0.002333495381621455,0.004656125715389798,0.0008628509213891743,0.6271334008640693,0.06041106489333447,0.0013751594387755102,0.20408163265306123,/home/tbeliere/Projects/DCU/2026-mcm-XAI-skin-lesion/outputs/pilot/xai_maps/gradcam/isic2018_ISIC_0013229.npy,/home/tbeliere/Projects/DCU/2026-mcm-XAI-skin-lesion/outputs/pilot/pseudo_concepts/npz/isic2018/ISIC_0013229.npz
isic2018,ISIC_0013229,gradcam,border_w8_dil2_sigma5,20,0.002333495381621455,0.004656125715389798,0.0008628509213891743,0.6271334008640693,0.06041106489333447,0.0013751594387755102,0.20408163265306123,/home/tbeliere/Projects/DCU/2026-mcm-XAI-skin-lesion/outputs/pilot/xai_maps/gradcam/isic2018_ISIC_0013229.npy,/home/tbeliere/Projects/DCU/2026-mcm-XAI-skin-lesion/outputs/pilot/pseudo_concepts/npz/isic2018/ISIC_0013229.npz
isic2018,ISIC_0013229,gradcam,border_w12_dil4_sigma8,20,0.0011661807580163593,0.0023296447291765387,0.000420395796107949,0.339944683710251,0.08982232300144025,0.0012356505102040817,0.20408163265306123,/home/tbeliere/Projects/DCU/2026-mcm-XAI-skin-lesion/outputs/pilot/xai_maps/gradcam/isic2018_ISIC_0013229.npy,/home/tbeliere/Projects/DCU/2026-mcm-XAI-skin-lesion/outputs/pilot/pseudo_concepts/npz/isic2018/ISIC_0013229.npz
isic2018,ISIC_0013229,gradcam,border_w16_dil6_sigma10,20,0.004470359572396044,0.008900928792561047,0.0015120298652859946,0.7899699155171187,0.11779015525638886,0.001913265306122449,0.20408163265306123,/home/tbeliere/Projects/DCU/2026-mcm-XAI-skin-lesion/outputs/pilot/xai_maps/gradcam/isic2018_ISIC_0013229.npy,/home/tbeliere/Projects/DCU/2026-mcm-XAI-skin-lesion/outputs/pilot/pseudo_concepts/npz/isic2018/ISIC_0013229.npz
isic2018,ISIC_0013229,gradcam,border_w16_dil6_sigma10_dist,20,0.003012633624875595,0.006007169847877136,0.0010300607922804996,0.6377048643452071,0.10433840893727543,0.0016143176020408164,0.20408163265306123,/home/tbeliere/Projects/DCU/2026-mcm-XAI-skin-lesion/outputs/pilot/xai_maps/gradcam/isic2018_ISIC_0013229.npy,/home/tbeliere/Projects/DCU/2026-mcm-XAI-skin-lesion/outputs/pilot/pseudo_concepts/npz/isic2018/ISIC_0013229.npz
isic2018,ISIC_0013229,gradcam,colour_heterogeneity,20,0.00262799299201613,0.005242209494218772,0.0025137662032637415,2.0704073011763153,0.4468506030815602,0.0012157206632653062,0.20408163265306123,/home/tbeliere/Projects/DCU/2026-mcm-XAI-skin-lesion/outputs/pilot/xai_maps/gradcam/isic2018_ISIC_0013229.npy,/home/tbeliere/Projects/DCU/2026-mcm-XAI-skin-lesion/outputs/pilot/pseudo_concepts/npz/isic2018/ISIC_0013229.npz
isic2018,ISIC_0013229,lime,asymmetry,20,0.02217206585234853,0.04338225743600248,0.011822675860299862,1.4702875121908257,0.09673336119810605,0.008071588010204082,0.29880819515306123,/home/tbeliere/Projects/DCU/2026-mcm-XAI-skin-lesion/outputs/pilot/xai_maps/lime/isic2018_ISIC_0013229.npy,/home/tbeliere/Projects/DCU/2026-mcm-XAI-skin-lesion/outputs/pilot/pseudo_concepts/npz/isic2018/ISIC_0013229.npz
isic2018,ISIC_0013229,lime,border_default,20,0.0031970161182874666,0.006373655557026707,0.0018717903594791393,1.3618214243304185,0.09383781318143959,0.0013751594387755102,0.29880819515306123,/home/tbeliere/Projects/DCU/2026-mcm-XAI-skin-lesion/outputs/pilot/xai_maps/lime/isic2018_ISIC_0013229.npy,/home/tbeliere/Projects/DCU/2026-mcm-XAI-skin-lesion/outputs/pilot/pseudo_concepts/npz/isic2018/ISIC_0013229.npz
isic2018,ISIC_0013229,lime,border_w8_dil2_sigma5,20,0.0031970161182874666,0.006373655557026707,0.0018717903594791393,1.3618214243304185,0.09383781318143959,0.0013751594387755102,0.29880819515306123,/home/tbeliere/Projects/DCU/2026-mcm-XAI-skin-lesion/outputs/pilot/xai_maps/lime/isic2018_ISIC_0013229.npy,/home/tbeliere/Projects/DCU/2026-mcm-XAI-skin-lesion/outputs/pilot/pseudo_concepts/npz/isic2018/ISIC_0013229.npz
isic2018,ISIC_0013229,lime,border_w12_dil4_sigma8,20,0.0039343825019979095,0.007837927598799177,0.001935783192281845,1.5677096288304742,0.12060026020294037,0.0012356505102040817,0.29880819515306123,/home/tbeliere/Projects/DCU/2026-mcm-XAI-skin-lesion/outputs/pilot/xai_maps/lime/isic2018_ISIC_0013229.npy,/home/tbeliere/Projects/DCU/2026-mcm-XAI-skin-lesion/outputs/pilot/pseudo_concepts/npz/isic2018/ISIC_0013229.npz
isic2018,ISIC_0013229,lime,border_w16_dil6_sigma10,20,0.006000400026664444,0.011929219961553496,0.002975666725325811,1.556939099374689,0.14254536442309707,0.001913265306122449,0.29880819515306123,/home/tbeliere/Projects/DCU/2026-mcm-XAI-skin-lesion/outputs/pilot/xai_maps/lime/isic2018_ISIC_0013229.npy,/home/tbeliere/Projects/DCU/2026-mcm-XAI-skin-lesion/outputs/pilot/pseudo_concepts/npz/isic2018/ISIC_0013229.npz
isic2018,ISIC_0013229,lime,border_w16_dil6_sigma10_dist,20,0.005067342312304929,0.01008358763433058,0.0025117186875061957,1.5573009446276984,0.13396622380518125,0.0016143176020408164,0.29880819515306123,/home/tbeliere/Projects/DCU/2026-mcm-XAI-skin-lesion/outputs/pilot/xai_maps/lime/isic2018_ISIC_0013229.npy,/home/tbeliere/Projects/DCU/2026-mcm-XAI-skin-lesion/outputs/pilot/pseudo_concepts/npz/isic2018/ISIC_0013229.npz
isic2018,ISIC_0013229,lime,colour_heterogeneity,20,0.0029313790806109715,0.005845622425929424,0.0016798118610710224,1.3823839489893208,0.2218932467152059,0.0012157206632653062,0.29880819515306123,/home/tbeliere/Projects/DCU/2026-mcm-XAI-skin-lesion/outputs/pilot/xai_maps/lime/isic2018_ISIC_0013229.npy,/home/tbeliere/Projects/DCU/2026-mcm-XAI-skin-lesion/outputs/pilot/pseudo_concepts/npz/isic2018/ISIC_0013229.npz
isic2018,ISIC_0013229,shap,asymmetry,20,0.015463917525758155,0.030456852791849,0.012064183781162169,1.5006883658667323,0.0462118576969825,0.008071588010204082,0.20001594387755103,/home/tbeliere/Projects/DCU/2026-mcm-XAI-skin-lesion/outputs/pilot/xai_maps/shap/isic2018_ISIC_0013229.npy,/home/tbeliere/Projects/DCU/2026-mcm-XAI-skin-lesion/outputs/pilot/pseudo_concepts/npz/isic2018/ISIC_0013229.npz
isic2018,ISIC_0013229,shap,border_default,20,0.002778604743472483,0.005541810984655574,0.00206862492021387,1.5053251132968073,0.04849039150806267,0.0013751594387755102,0.20001594387755103,/home/tbeliere/Projects/DCU/2026-mcm-XAI-skin-lesion/outputs/pilot/xai_maps/shap/isic2018_ISIC_0013229.npy,/home/tbeliere/Projects/DCU/2026-mcm-XAI-skin-lesion/outputs/pilot/pseudo_concepts/npz/isic2018/ISIC_0013229.npz
isic2018,ISIC_0013229,shap,border_w8_dil2_sigma5,20,0.002778604743472483,0.005541810984655574,0.00206862492021387,1.5053251132968073,0.04849039150806267,0.0013751594387755102,0.20001594387755103,/home/tbeliere/Projects/DCU/2026-mcm-XAI-skin-lesion/outputs/pilot/xai_maps/shap/isic2018_ISIC_0013229.npy,/home/tbeliere/Projects/DCU/2026-mcm-XAI-skin-lesion/outputs/pilot/pseudo_concepts/npz/isic2018/ISIC_0013229.npz
isic2018,ISIC_0013229,shap,border_w12_dil4_sigma8,20,0.0030793682328369132,0.006139829669235353,0.0021520238648330783,1.7432112787782628,0.056893398740286726,0.0012356505102040817,0.20001594387755103,/home/tbeliere/Projects/DCU/2026-mcm-XAI-skin-lesion/outputs/pilot/xai_maps/shap/isic2018_ISIC_0013229.npy,/home/tbeliere/Projects/DCU/2026-mcm-XAI-skin-lesion/outputs/pilot/pseudo_concepts/npz/isic2018/ISIC_0013229.npz
isic2018,ISIC_0013229,shap,border_w16_dil6_sigma10,20,0.004859664782302033,0.009672325305951763,0.0033376675075755527,1.7469805598832342,0.06537923187884846,0.001913265306122449,0.20001594387755103,/home/tbeliere/Projects/DCU/2026-mcm-XAI-skin-lesion/outputs/pilot/xai_maps/shap/isic2018_ISIC_0013229.npy,/home/tbeliere/Projects/DCU/2026-mcm-XAI-skin-lesion/outputs/pilot/pseudo_concepts/npz/isic2018/ISIC_0013229.npz
isic2018,ISIC_0013229,shap,border_w16_dil6_sigma10_dist,20,0.0038698154395675035,0.0077097953938838485,0.0027050436470791596,1.6774900690686048,0.060510139300855505,0.0016143176020408164,0.20001594387755103,/home/tbeliere/Projects/DCU/2026-mcm-XAI-skin-lesion/outputs/pilot/xai_maps/shap/isic2018_ISIC_0013229.npy,/home/tbeliere/Projects/DCU/2026-mcm-XAI-skin-lesion/outputs/pilot/pseudo_concepts/npz/isic2018/ISIC_0013229.npz
isic2018,ISIC_0013229,shap,colour_heterogeneity,20,0.0002972062611449403,0.0005942359116563392,0.0009750700517914558,0.8018577043081349,0.1319727029205273,0.0012157206632653062,0.20001594387755103,/home/tbeliere/Projects/DCU/2026-mcm-XAI-skin-lesion/outputs/pilot/xai_maps/shap/isic2018_ISIC_0013229.npy,/home/tbeliere/Projects/DCU/2026-mcm-XAI-skin-lesion/outputs/pilot/pseudo_concepts/npz/isic2018/ISIC_0013229.npz
isic2018,ISIC_0012299,gradcam,asymmetry,20,0.02020886479591434,0.039617112717319866,0.0,0.0,0.0,0.020208864795918366,1.0,/home/tbeliere/Projects/DCU/2026-mcm-XAI-skin-lesion/outputs/pilot/xai_maps/gradcam/isic2018_ISIC_0012299.npy,/home/tbeliere/Projects/DCU/2026-mcm-XAI-skin-lesion/outputs/pilot/pseudo_concepts/npz/isic2018/ISIC_0012299.npz
isic2018,ISIC_0012299,gradcam,border_default,20,0.00181361607142821,0.0036206656454525594,0.0,0.0,0.0,0.0018136160714285715,1.0,/home/tbeliere/Projects/DCU/2026-mcm-XAI-skin-lesion/outputs/pilot/xai_maps/gradcam/isic2018_ISIC_0012299.npy,/home/tbeliere/Projects/DCU/2026-mcm-XAI-skin-lesion/outputs/pilot/pseudo_concepts/npz/isic2018/ISIC_0012299.npz
isic2018,ISIC_0012299,gradcam,border_w8_dil2_sigma5,20,0.00181361607142821,0.0036206656454525594,0.0,0.0,0.0,0.0018136160714285715,1.0,/home/tbeliere/Projects/DCU/2026-mcm-XAI-skin-lesion/outputs/pilot/xai_maps/gradcam/isic2018_ISIC_0012299.npy,/home/tbeliere/Projects/DCU/2026-mcm-XAI-skin-lesion/outputs/pilot/pseudo_concepts/npz/isic2018/ISIC_0012299.npz
isic2018,ISIC_0012299,gradcam,border_w12_dil4_sigma8,20,0.005062181122447971,0.010073369026371194,0.0,0.0,0.0,0.00506218112244898,1.0,/home/tbeliere/Projects/DCU/2026-mcm-XAI-skin-lesion/outputs/pilot/xai_maps/gradcam/isic2018_ISIC_0012299.npy,/home/tbeliere/Projects/DCU/2026-mcm-XAI-skin-lesion/outputs/pilot/pseudo_concepts/npz/isic2018/ISIC_0012299.npz
isic2018,ISIC_0012299,gradcam,border_w16_dil6_sigma10,20,0.0060387436224477765,0.012004992174961468,0.0,0.0,0.0,0.00603874362244898,1.0,/home/tbeliere/Projects/DCU/2026-mcm-XAI-skin-lesion/outputs/pilot/xai_maps/gradcam/isic2018_ISIC_0012299.npy,/home/tbeliere/Projects/DCU/2026-mcm-XAI-skin-lesion/outputs/pilot/pseudo_concepts/npz/isic2018/ISIC_0012299.npz
isic2018,ISIC_0012299,gradcam,border_w16_dil6_sigma10_dist,20,0.00544084821428463,0.010822811155818585,0.0,0.0,0.0,0.005440848214285714,1.0,/home/tbeliere/Projects/DCU/2026-mcm-XAI-skin-lesion/outputs/pilot/xai_maps/gradcam/isic2018_ISIC_0012299.npy,/home/tbeliere/Projects/DCU/2026-mcm-XAI-skin-lesion/outputs/pilot/pseudo_concepts/npz/isic2018/ISIC_0012299.npz
isic2018,ISIC_0012299,gradcam,colour_heterogeneity,20,0.010861766581630489,0.021490112576640547,0.0,0.0,0.0,0.010861766581632654,1.0,/home/tbeliere/Projects/DCU/2026-mcm-XAI-skin-lesion/outputs/pilot/xai_maps/gradcam/isic2018_ISIC_0012299.npy,/home/tbeliere/Projects/DCU/2026-mcm-XAI-skin-lesion/outputs/pilot/pseudo_concepts/npz/isic2018/ISIC_0012299.npz
isic2018,ISIC_0012299,lime,asymmetry,20,0.014715639810423054,0.029004460428287755,0.013696678606311585,0.6732809684358833,-0.08108062759729495,0.020208864795918366,0.8332071109693877,/home/tbeliere/Projects/DCU/2026-mcm-XAI-skin-lesion/outputs/pilot/xai_maps/lime/isic2018_ISIC_0012299.npy,/home/tbeliere/Projects/DCU/2026-mcm-XAI-skin-lesion/outputs/pilot/pseudo_concepts/npz/isic2018/ISIC_0012299.npz
isic2018,ISIC_0012299,lime,border_default,20,0.0014580395343830922,0.0029118335004050524,0.001444969065450405,0.7964395535455558,-0.033625418337701926,0.0018136160714285715,0.8332071109693877,/home/tbeliere/Projects/DCU/2026-mcm-XAI-skin-lesion/outputs/pilot/xai_maps/lime/isic2018_ISIC_0012299.npy,/home/tbeliere/Projects/DCU/2026-mcm-XAI-skin-lesion/outputs/pilot/pseudo_concepts/npz/isic2018/ISIC_0012299.npz
isic2018,ISIC_0012299,lime,border_w8_dil2_sigma5,20,0.0014580395343830922,0.0029118335004050524,0.001444969065450405,0.7964395535455558,-0.033625418337701926,0.0018136160714285715,0.8332071109693877,/home/tbeliere/Projects/DCU/2026-mcm-XAI-skin-lesion/outputs/pilot/xai_maps/lime/isic2018_ISIC_0012299.npy,/home/tbeliere/Projects/DCU/2026-mcm-XAI-skin-lesion/outputs/pilot/pseudo_concepts/npz/isic2018/ISIC_0012299.npz
isic2018,ISIC_0012299,lime,border_w12_dil4_sigma8,20,0.003674803732072524,0.007322697986256313,0.004273852165416691,0.8436024610462931,-0.04409056753544806,0.00506218112244898,0.8332071109693877,/home/tbeliere/Projects/DCU/2026-mcm-XAI-skin-lesion/outputs/pilot/xai_maps/lime/isic2018_ISIC_0012299.npy,/home/tbeliere/Projects/DCU/2026-mcm-XAI-skin-lesion/outputs/pilot/pseudo_concepts/npz/isic2018/ISIC_0012299.npz
isic2018,ISIC_0012299,lime,border_w16_dil6_sigma10,20,0.004556406402823408,0.009071479458558759,0.004802995766849233,0.7943758158682853,-0.05848481853711495,0.00603874362244898,0.8332071109693877,/home/tbeliere/Projects/DCU/2026-mcm-XAI-skin-lesion/outputs/pilot/xai_maps/lime/isic2018_ISIC_0012299.npy,/home/tbeliere/Projects/DCU/2026-mcm-XAI-skin-lesion/outputs/pilot/pseudo_concepts/npz/isic2018/ISIC_0012299.npz
isic2018,ISIC_0012299,lime,border_w16_dil6_sigma10_dist,20,0.004008398549340522,0.007984790874522817,0.004273852165416691,0.7845914837025194,-0.056104244567885285,0.005440848214285714,0.8332071109693877,/home/tbeliere/Projects/DCU/2026-mcm-XAI-skin-lesion/outputs/pilot/xai_maps/lime/isic2018_ISIC_0012299.npy,/home/tbeliere/Projects/DCU/2026-mcm-XAI-skin-lesion/outputs/pilot/pseudo_concepts/npz/isic2018/ISIC_0012299.npz
isic2018,ISIC_0012299,lime,colour_heterogeneity,20,0.012963405883756766,0.025595013222510014,0.011030608922170696,1.015717954958711,-0.11206344109325282,0.010861766581632654,0.8332071109693877,/home/tbeliere/Projects/DCU/2026-mcm-XAI-skin-lesion/outputs/pilot/xai_maps/lime/isic2018_ISIC_0012299.npy,/home/tbeliere/Projects/DCU/2026-mcm-XAI-skin-lesion/outputs/pilot/pseudo_concepts/npz/isic2018/ISIC_0012299.npz
isic2018,ISIC_0012299,shap,asymmetry,20,0.03843623719571616,0.07402714932119997,0.031275111531879736,1.565272246567025,0.07985727781114356,0.020208864795918366,0.20001594387755103,/home/tbeliere/Projects/DCU/2026-mcm-XAI-skin-lesion/outputs/pilot/xai_maps/shap/isic2018_ISIC_0012299.npy,/home/tbeliere/Projects/DCU/2026-mcm-XAI-skin-lesion/outputs/pilot/pseudo_concepts/npz/isic2018/ISIC_0012299.npz
isic2018,ISIC_0012299,shap,border_default,20,0.003965500148702324,0.007899674138433989,0.0031827757511790973,1.7573438809410495,0.07640012317002323,0.0018136160714285715,0.20001594387755103,/home/tbeliere/Projects/DCU/2026-mcm-XAI-skin-lesion/outputs/pilot/xai_maps/shap/isic2018_ISIC_0012299.npy,/home/tbeliere/Projects/DCU/2026-mcm-XAI-skin-lesion/outputs/pilot/pseudo_concepts/npz/isic2018/ISIC_0012299.npz
isic2018,ISIC_0012299,shap,border_w8_dil2_sigma5,20,0.003965500148702324,0.007899674138433989,0.0031827757511790973,1.7573438809410495,0.07640012317002323,0.0018136160714285715,0.20001594387755103,/home/tbeliere/Projects/DCU/2026-mcm-XAI-skin-lesion/outputs/pilot/xai_maps/shap/isic2018_ISIC_0012299.npy,/home/tbeliere/Projects/DCU/2026-mcm-XAI-skin-lesion/outputs/pilot/pseudo_concepts/npz/isic2018/ISIC_0012299.npz
isic2018,ISIC_0012299,shap,border_w12_dil4_sigma8,20,0.010110925689594472,0.0200194363459475,0.008191661140558961,1.623313414253147,0.09528968255775179,0.00506218112244898,0.20001594387755103,/home/tbeliere/Projects/DCU/2026-mcm-XAI-skin-lesion/outputs/pilot/xai_maps/shap/isic2018_ISIC_0012299.npy,/home/tbeliere/Projects/DCU/2026-mcm-XAI-skin-lesion/outputs/pilot/pseudo_concepts/npz/isic2018/ISIC_0012299.npz
isic2018,ISIC_0012299,shap,border_w16_dil6_sigma10,20,0.011248043818455351,0.022245865170691315,0.009337526726080765,1.55141836085889,0.10820402766640984,0.00603874362244898,0.20001594387755103,/home/tbeliere/Projects/DCU/2026-mcm-XAI-skin-lesion/outputs/pilot/xai_maps/shap/isic2018_ISIC_0012299.npy,/home/tbeliere/Projects/DCU/2026-mcm-XAI-skin-lesion/outputs/pilot/pseudo_concepts/npz/isic2018/ISIC_0012299.npz
isic2018,ISIC_0012299,shap,border_w16_dil6_sigma10_dist,20,0.010389101244721758,0.02056455524297161,0.008562454235560802,1.5786900102539703,0.10152732057251025,0.005440848214285714,0.20001594387755103,/home/tbeliere/Projects/DCU/2026-mcm-XAI-skin-lesion/outputs/pilot/xai_maps/shap/isic2018_ISIC_0012299.npy,/home/tbeliere/Projects/DCU/2026-mcm-XAI-skin-lesion/outputs/pilot/pseudo_concepts/npz/isic2018/ISIC_0012299.npz
isic2018,ISIC_0012299,shap,colour_heterogeneity,20,0.03199063688673365,0.06199792080137794,0.021962094634503063,2.044911469317527,0.3382888115528696,0.010861766581632654,0.20001594387755103,/home/tbeliere/Projects/DCU/2026-mcm-XAI-skin-lesion/outputs/pilot/xai_maps/shap/isic2018_ISIC_0012299.npy,/home/tbeliere/Projects/DCU/2026-mcm-XAI-skin-lesion/outputs/pilot/pseudo_concepts/npz/isic2018/ISIC_0012299.npz
isic2018,ISIC_0010032,gradcam,asymmetry,20,0.054491627347530304,0.10335146516923727,0.02071793460852022,0.8955411696398655,-0.004110319712383265,0.02307876275510204,0.20408163265306123,/home/tbeliere/Projects/DCU/2026-mcm-XAI-skin-lesion/outputs/pilot/xai_maps/gradcam/isic2018_ISIC_0010032.npy,/home/tbeliere/Projects/DCU/2026-mcm-XAI-skin-lesion/outputs/pilot/pseudo_concepts/npz/isic2018/ISIC_0010032.npz
isic2018,ISIC_0010032,gradcam,border_default,20,0.002927114840469385,0.005837143691014848,0.0006796908720153651,0.8743801399058819,-0.0007406863403362877,0.0007772640306122449,0.20408163265306123,/home/tbeliere/Projects/DCU/2026-mcm-XAI-skin-lesion/outputs/pilot/xai_maps/gradcam/isic2018_ISIC_0010032.npy,/home/tbeliere/Projects/DCU/2026-mcm-XAI-skin-lesion/outputs/pilot/pseudo_concepts/npz/isic2018/ISIC_0010032.npz
isic2018,ISIC_0010032,gradcam,border_w8_dil2_sigma5,20,0.002927114840469385,0.005837143691014848,0.0006796908720153651,0.8743801399058819,-0.0007406863403362877,0.0007772640306122449,0.20408163265306123,/home/tbeliere/Projects/DCU/2026-mcm-XAI-skin-lesion/outputs/pilot/xai_maps/gradcam/isic2018_ISIC_0010032.npy,/home/tbeliere/Projects/DCU/2026-mcm-XAI-skin-lesion/outputs/pilot/pseudo_concepts/npz/isic2018/ISIC_0010032.npz
isic2018,ISIC_0010032,gradcam,border_w12_dil4_sigma8,20,0.004584918544527768,0.009127986016693408,0.0010072692316937034,0.8712621820329518,0.0017913471981570591,0.0011559311224489796,0.20408163265306123,/home/tbeliere/Projects/DCU/2026-mcm-XAI-skin-lesion/outputs/pilot/xai_maps/gradcam/isic2018_ISIC_0010032.npy,/home/tbeliere/Projects/DCU/2026-mcm-XAI-skin-lesion/outputs/pilot/pseudo_concepts/npz/isic2018/ISIC_0010032.npz
isic2018,ISIC_0010032,gradcam,border_w16_dil6_sigma10,20,0.0070189120686225195,0.013939980638902283,0.001358774322607633,0.7572018138748842,0.0024536071328520423,0.001793686224489796,0.20408163265306123,/home/tbeliere/Projects/DCU/2026-mcm-XAI-skin-lesion/outputs/pilot/xai_maps/gradcam/isic2018_ISIC_0010032.npy,/home/tbeliere/Projects/DCU/2026-mcm-XAI-skin-lesion/outputs/pilot/pseudo_concepts/npz/isic2018/ISIC_0010032.npz
isic2018,ISIC_0010032,gradcam,border_w16_dil6_sigma10_dist,20,0.006825273010913782,0.01355800890953558,0.0013230074225926574,0.7715956374130576,-7.672648213296126e-05,0.0017139668367346938,0.20408163265306123,/home/tbeliere/Projects/DCU/2026-mcm-XAI-skin-lesion/outputs/pilot/xai_maps/gradcam/isic2018_ISIC_0010032.npy,/home/tbeliere/Projects/DCU/2026-mcm-XAI-skin-lesion/outputs/pilot/pseudo_concepts/npz/isic2018/ISIC_0010032.npz
isic2018,ISIC_0010032,gradcam,colour_heterogeneity,20,0.11378395682784799,0.2043196189535975,0.1065601044450263,2.9702831745302043,0.3414050604949209,0.03860411352040816,0.20408163265306123,/home/tbeliere/Projects/DCU/2026-mcm-XAI-skin-lesion/outputs/pilot/xai_maps/gradcam/isic2018_ISIC_0010032.npy,/home/tbeliere/Projects/DCU/2026-mcm-XAI-skin-lesion/outputs/pilot/pseudo_concepts/npz/isic2018/ISIC_0010032.npz
isic2018,ISIC_0010032,lime,asymmetry,20,0.02306473756467989,0.045089497698031444,0.030327565873997032,1.3239131903223165,0.1139149706269459,0.02307876275510204,0.9422632334183674,/home/tbeliere/Projects/DCU/2026-mcm-XAI-skin-lesion/outputs/pilot/xai_maps/lime/isic2018_ISIC_0010032.npy,/home/tbeliere/Projects/DCU/2026-mcm-XAI-skin-lesion/outputs/pilot/pseudo_concepts/npz/isic2018/ISIC_0010032.npz
isic2018,ISIC_0010032,lime,border_default,20,0.0008248905433700322,0.0016484213195820518,0.0008800802633197049,1.1323961768233077,0.03475417020667877,0.0007772640306122449,0.9422632334183674,/home/tbeliere/Projects/DCU/2026-mcm-XAI-skin-lesion/outputs/pilot/xai_maps/lime/isic2018_ISIC_0010032.npy,/home/tbeliere/Projects/DCU/2026-mcm-XAI-skin-lesion/outputs/pilot/pseudo_concepts/npz/isic2018/ISIC_0010032.npz
isic2018,ISIC_0010032,lime,border_w8_dil2_sigma5,20,0.0008248905433700322,0.0016484213195820518,0.0008800802633197049,1.1323961768233077,0.03475417020667877,0.0007772640306122449,0.9422632334183674,/home/tbeliere/Projects/DCU/2026-mcm-XAI-skin-lesion/outputs/pilot/xai_maps/lime/isic2018_ISIC_0010032.npy,/home/tbeliere/Projects/DCU/2026-mcm-XAI-skin-lesion/outputs/pilot/pseudo_concepts/npz/isic2018/ISIC_0010032.npz
isic2018,ISIC_0010032,lime,border_w12_dil4_sigma8,20,0.0012267602952682531,0.0024505143967715635,0.0013553236055123456,1.172729176200934,0.05075363285161897,0.0011559311224489796,0.9422632334183674,/home/tbeliere/Projects/DCU/2026-mcm-XAI-skin-lesion/outputs/pilot/xai_maps/lime/isic2018_ISIC_0010032.npy,/home/tbeliere/Projects/DCU/2026-mcm-XAI-skin-lesion/outputs/pilot/pseudo_concepts/npz/isic2018/ISIC_0010032.npz
isic2018,ISIC_0010032,lime,border_w16_dil6_sigma10,20,0.0019035935616231513,0.003799953556122401,0.0023410135004304153,1.3058569885839595,0.08409526161651965,0.001793686224489796,0.9422632334183674,/home/tbeliere/Projects/DCU/2026-mcm-XAI-skin-lesion/outputs/pilot/xai_maps/lime/isic2018_ISIC_0010032.npy,/home/tbeliere/Projects/DCU/2026-mcm-XAI-skin-lesion/outputs/pilot/pseudo_concepts/npz/isic2018/ISIC_0010032.npz
isic2018,ISIC_0010032,lime,border_w16_dil6_sigma10_dist,20,0.001818989403328789,0.0036313733769653476,0.0022178022635656563,1.294612072329752,0.07688978013811835,0.0017139668367346938,0.9422632334183674,/home/tbeliere/Projects/DCU/2026-mcm-XAI-skin-lesion/outputs/pilot/xai_maps/lime/isic2018_ISIC_0010032.npy,/home/tbeliere/Projects/DCU/2026-mcm-XAI-skin-lesion/outputs/pilot/pseudo_concepts/npz/isic2018/ISIC_0010032.npz
isic2018,ISIC_0010032,lime,colour_heterogeneity,20,0.03965018272459502,0.07627600780232521,0.0447432805871738,1.1664775432593595,0.09939517690659112,0.03860411352040816,0.9422632334183674,/home/tbeliere/Projects/DCU/2026-mcm-XAI-skin-lesion/outputs/pilot/xai_maps/lime/isic2018_ISIC_0010032.npy,/home/tbeliere/Projects/DCU/2026-mcm-XAI-skin-lesion/outputs/pilot/pseudo_concepts/npz/isic2018/ISIC_0010032.npz
isic2018,ISIC_0010032,shap,asymmetry,20,0.0404312668463236,0.07772020725381658,0.03239072356873842,1.4169926039719067,0.06290395736658626,0.02307876275510204,0.20001594387755103,/home/tbeliere/Projects/DCU/2026-mcm-XAI-skin-lesion/outputs/pilot/xai_maps/shap/isic2018_ISIC_0010032.npy,/home/tbeliere/Projects/DCU/2026-mcm-XAI-skin-lesion/outputs/pilot/pseudo_concepts/npz/isic2018/ISIC_0010032.npz
isic2018,ISIC_0010032,shap,border_default,20,0.0014910536779309232,0.0029776674937935705,0.0009657352559512722,1.24271458262713,0.0332476411109466,0.0007772640306122449,0.20001594387755103,/home/tbeliere/Projects/DCU/2026-mcm-XAI-skin-lesion/outputs/pilot/xai_maps/shap/isic2018_ISIC_0010032.npy,/home/tbeliere/Projects/DCU/2026-mcm-XAI-skin-lesion/outputs/pilot/pseudo_concepts/npz/isic2018/ISIC_0010032.npz
isic2018,ISIC_0010032,shap,border_w8_dil2_sigma5,20,0.0014910536779309232,0.0029776674937935705,0.0009657352559512722,1.24271458262713,0.0332476411109466,0.0007772640306122449,0.20001594387755103,/home/tbeliere/Projects/DCU/2026-mcm-XAI-skin-lesion/outputs/pilot/xai_maps/shap/isic2018_ISIC_0010032.npy,/home/tbeliere/Projects/DCU/2026-mcm-XAI-skin-lesion/outputs/pilot/pseudo_concepts/npz/isic2018/ISIC_0010032.npz
isic2018,ISIC_0010032,shap,border_w12_dil4_sigma8,20,0.002283785125605914,0.004557162670889085,0.0015080733185305673,1.3050992154599876,0.05157392615137412,0.0011559311224489796,0.20001594387755103,/home/tbeliere/Projects/DCU/2026-mcm-XAI-skin-lesion/outputs/pilot/xai_maps/shap/isic2018_ISIC_0010032.npy,/home/tbeliere/Projects/DCU/2026-mcm-XAI-skin-lesion/outputs/pilot/pseudo_concepts/npz/isic2018/ISIC_0010032.npz
isic2018,ISIC_0010032,shap,border_w16_dil6_sigma10,20,0.0031702001188793636,0.0063203634208904595,0.002283966422729452,1.2739620508377438,0.07024905487281181,0.001793686224489796,0.20001594387755103,/home/tbeliere/Projects/DCU/2026-mcm-XAI-skin-lesion/outputs/pilot/xai_maps/shap/isic2018_ISIC_0010032.npy,/home/tbeliere/Projects/DCU/2026-mcm-XAI-skin-lesion/outputs/pilot/pseudo_concepts/npz/isic2018/ISIC_0010032.npz
isic2018,ISIC_0010032,shap,border_w16_dil6_sigma10_dist,20,0.0027739251040194432,0.0055325034578091944,0.0021287534095385226,1.2425198041219012,0.05925799858133163,0.0017139668367346938,0.20001594387755103,/home/tbeliere/Projects/DCU/2026-mcm-XAI-skin-lesion/outputs/pilot/xai_maps/shap/isic2018_ISIC_0010032.npy,/home/tbeliere/Projects/DCU/2026-mcm-XAI-skin-lesion/outputs/pilot/pseudo_concepts/npz/isic2018/ISIC_0010032.npz
isic2018,ISIC_0010032,shap,colour_heterogeneity,20,0.0790374909876721,0.14649628330397854,0.06733419371329132,1.7979523867873959,0.335340975021605,0.03860411352040816,0.20001594387755103,/home/tbeliere/Projects/DCU/2026-mcm-XAI-skin-lesion/outputs/pilot/xai_maps/shap/isic2018_ISIC_0010032.npy,/home/tbeliere/Projects/DCU/2026-mcm-XAI-skin-lesion/outputs/pilot/pseudo_concepts/npz/isic2018/ISIC_0010032.npz
isic2018,ISIC_0000075,gradcam,asymmetry,20,0.017735686612124203,0.03485322730730492,0.0022717714770990973,0.06998612907939815,-0.04454270375276879,0.03150908801020408,0.20408163265306123,/home/tbeliere/Projects/DCU/2026-mcm-XAI-skin-lesion/outputs/pilot/xai_maps/gradcam/isic2018_ISIC_0000075.npy,/home/tbeliere/Projects/DCU/2026-mcm-XAI-skin-lesion/outputs/pilot/pseudo_concepts/npz/isic2018/ISIC_0000075.npz
isic2018,ISIC_0000075,gradcam,border_default,20,0.0002910643252155903,0.0005819592628510359,9.267655078787445e-05,0.06634399129167148,-0.040007288144362455,0.0013950892857142857,0.20408163265306123,/home/tbeliere/Projects/DCU/2026-mcm-XAI-skin-lesion/outputs/pilot/xai_maps/gradcam/isic2018_ISIC_0000075.npy,/home/tbeliere/Projects/DCU/2026-mcm-XAI-skin-lesion/outputs/pilot/pseudo_concepts/npz/isic2018/ISIC_0000075.npz
isic2018,ISIC_0000075,gradcam,border_w8_dil2_sigma5,20,0.0002910643252155903,0.0005819592628510359,9.267655078787445e-05,0.06634399129167148,-0.040007288144362455,0.0013950892857142857,0.20408163265306123,/home/tbeliere/Projects/DCU/2026-mcm-XAI-skin-lesion/outputs/pilot/xai_maps/gradcam/isic2018_ISIC_0000075.npy,/home/tbeliere/Projects/DCU/2026-mcm-XAI-skin-lesion/outputs/pilot/pseudo_concepts/npz/isic2018/ISIC_0000075.npz
isic2018,ISIC_0000075,gradcam,border_w12_dil4_sigma8,20,9.593246354557182e-05,0.00019184652278159055,7.145128286133439e-05,0.019309056489519045,-0.048368767746535576,0.0036870216836734694,0.20408163265306123,/home/tbeliere/Projects/DCU/2026-mcm-XAI-skin-lesion/outputs/pilot/xai_maps/gradcam/isic2018_ISIC_0000075.npy,/home/tbeliere/Projects/DCU/2026-mcm-XAI-skin-lesion/outputs/pilot/pseudo_concepts/npz/isic2018/ISIC_0000075.npz
isic2018,ISIC_0000075,gradcam,border_w16_dil6_sigma10,20,0.0007547169811313634,0.0015082956259412628,0.00026011638739672187,0.035215333845548216,-0.053899581776548876,0.007334183673469388,0.20408163265306123,/home/tbeliere/Projects/DCU/2026-mcm-XAI-skin-lesion/outputs/pilot/xai_maps/gradcam/isic2018_ISIC_0000075.npy,/home/tbeliere/Projects/DCU/2026-mcm-XAI-skin-lesion/outputs/pilot/pseudo_concepts/npz/isic2018/ISIC_0000075.npz
isic2018,ISIC_0000075,gradcam,border_w16_dil6_sigma10_dist,20,0.0005696382796918544,0.0011386279533151735,0.00019995437788329572,0.033361591136322456,-0.050025764789950106,0.0059590242346938774,0.20408163265306123,/home/tbeliere/Projects/DCU/2026-mcm-XAI-skin-lesion/outputs/pilot/xai_maps/gradcam/isic2018_ISIC_0000075.npy,/home/tbeliere/Projects/DCU/2026-mcm-XAI-skin-lesion/outputs/pilot/pseudo_concepts/npz/isic2018/ISIC_0000075.npz
isic2018,ISIC_0000075,gradcam,colour_heterogeneity,20,0.0469434924682817,0.0896772228988355,0.009384155659500138,0.15465669895593584,0.082555897453036,0.057716836734693876,0.20408163265306123,/home/tbeliere/Projects/DCU/2026-mcm-XAI-skin-lesion/outputs/pilot/xai_maps/gradcam/isic2018_ISIC_0000075.npy,/home/tbeliere/Projects/DCU/2026-mcm-XAI-skin-lesion/outputs/pilot/pseudo_concepts/npz/isic2018/ISIC_0000075.npz
isic2018,ISIC_0000075,lime,asymmetry,20,0.035042714358308115,0.06771259557154301,0.035793506755379796,1.1410217067353017,0.04118205300603842,0.03150908801020408,0.8208705357142857,/home/tbeliere/Projects/DCU/2026-mcm-XAI-skin-lesion/outputs/pilot/xai_maps/lime/isic2018_ISIC_0000075.npy,/home/tbeliere/Projects/DCU/2026-mcm-XAI-skin-lesion/outputs/pilot/pseudo_concepts/npz/isic2018/ISIC_0000075.npz
isic2018,ISIC_0000075,lime,border_default,20,0.0016995241332422796,0.003393281303019198,0.0019358741681782875,1.38838650635665,0.07848745258792139,0.0013950892857142857,0.8208705357142857,/home/tbeliere/Projects/DCU/2026-mcm-XAI-skin-lesion/outputs/pilot/xai_maps/lime/isic2018_ISIC_0000075.npy,/home/tbeliere/Projects/DCU/2026-mcm-XAI-skin-lesion/outputs/pilot/pseudo_concepts/npz/isic2018/ISIC_0000075.npz
isic2018,ISIC_0000075,lime,border_w8_dil2_sigma5,20,0.0016995241332422796,0.003393281303019198,0.0019358741681782875,1.38838650635665,0.07848745258792139,0.0013950892857142857,0.8208705357142857,/home/tbeliere/Projects/DCU/2026-mcm-XAI-skin-lesion/outputs/pilot/xai_maps/lime/isic2018_ISIC_0000075.npy,/home/tbeliere/Projects/DCU/2026-mcm-XAI-skin-lesion/outputs/pilot/pseudo_concepts/npz/isic2018/ISIC_0000075.npz
isic2018,ISIC_0000075,lime,border_w12_dil4_sigma8,20,0.004491599494997453,0.008943030478812525,0.004496874369830814,1.2206416549609653,0.08058564103925117,0.0036870216836734694,0.8208705357142857,/home/tbeliere/Projects/DCU/2026-mcm-XAI-skin-lesion/outputs/pilot/xai_maps/lime/isic2018_ISIC_0000075.npy,/home/tbeliere/Projects/DCU/2026-mcm-XAI-skin-lesion/outputs/pilot/pseudo_concepts/npz/isic2018/ISIC_0000075.npz
isic2018,ISIC_0000075,lime,border_w16_dil6_sigma10,20,0.00878768752730767,0.017422273558567375,0.00963904012905439,1.3173207592643303,0.08146576215263768,0.007334183673469388,0.8208705357142857,/home/tbeliere/Projects/DCU/2026-mcm-XAI-skin-lesion/outputs/pilot/xai_maps/lime/isic2018_ISIC_0000075.npy,/home/tbeliere/Projects/DCU/2026-mcm-XAI-skin-lesion/outputs/pilot/pseudo_concepts/npz/isic2018/ISIC_0000075.npz
isic2018,ISIC_0000075,lime,border_w16_dil6_sigma10_dist,20,0.007186035784514291,0.014269530214280554,0.00784432345230577,1.3188784946030447,0.08102757951451554,0.0059590242346938774,0.8208705357142857,/home/tbeliere/Projects/DCU/2026-mcm-XAI-skin-lesion/outputs/pilot/xai_maps/lime/isic2018_ISIC_0000075.npy,/home/tbeliere/Projects/DCU/2026-mcm-XAI-skin-lesion/outputs/pilot/pseudo_concepts/npz/isic2018/ISIC_0000075.npz
isic2018,ISIC_0000075,lime,colour_heterogeneity,20,0.06513965400597634,0.12231194991377319,0.06967130469849983,1.2226338961354415,-0.0912491588278989,0.057716836734693876,0.8208705357142857,/home/tbeliere/Projects/DCU/2026-mcm-XAI-skin-lesion/outputs/pilot/xai_maps/lime/isic2018_ISIC_0000075.npy,/home/tbeliere/Projects/DCU/2026-mcm-XAI-skin-lesion/outputs/pilot/pseudo_concepts/npz/isic2018/ISIC_0000075.npz
isic2018,ISIC_0000075,shap,asymmetry,20,0.0011203033436736295,0.0022380993371763466,0.01270053488635032,0.395396396722745,-0.10550701286629388,0.03150908801020408,0.20001594387755103,/home/tbeliere/Projects/DCU/2026-mcm-XAI-skin-lesion/outputs/pilot/xai_maps/shap/isic2018_ISIC_0000075.npy,/home/tbeliere/Projects/DCU/2026-mcm-XAI-skin-lesion/outputs/pilot/pseudo_concepts/npz/isic2018/ISIC_0000075.npz
isic2018,ISIC_0000075,shap,border_default,20,0.0,0.0,0.0005074997347935469,0.36345264683328216,-0.09781034893884519,0.0013950892857142857,0.20001594387755103,/home/tbeliere/Projects/DCU/2026-mcm-XAI-skin-lesion/outputs/pilot/xai_maps/shap/isic2018_ISIC_0000075.npy,/home/tbeliere/Projects/DCU/2026-mcm-XAI-skin-lesion/outputs/pilot/pseudo_concepts/npz/isic2018/ISIC_0000075.npz
isic2018,ISIC_0000075,shap,border_w8_dil2_sigma5,20,0.0,0.0,0.0005074997347935469,0.36345264683328216,-0.09781034893884519,0.0013950892857142857,0.20001594387755103,/home/tbeliere/Projects/DCU/2026-mcm-XAI-skin-lesion/outputs/pilot/xai_maps/shap/isic2018_ISIC_0000075.npy,/home/tbeliere/Projects/DCU/2026-mcm-XAI-skin-lesion/outputs/pilot/pseudo_concepts/npz/isic2018/ISIC_0000075.npz
isic2018,ISIC_0000075,shap,border_w12_dil4_sigma8,20,0.0003915043554855716,0.0007827022796196236,0.0013593453763149788,0.3678244380176239,-0.11048584782618262,0.0036870216836734694,0.20001594387755103,/home/tbeliere/Projects/DCU/2026-mcm-XAI-skin-lesion/outputs/pilot/xai_maps/shap/isic2018_ISIC_0000075.npy,/home/tbeliere/Projects/DCU/2026-mcm-XAI-skin-lesion/outputs/pilot/pseudo_concepts/npz/isic2018/ISIC_0000075.npz
isic2018,ISIC_0000075,shap,border_w16_dil6_sigma10,20,0.0008658008658000328,0.0017301038062267106,0.003085151501131728,0.4188606719082099,-0.11553174524707627,0.007334183673469388,0.20001594387755103,/home/tbeliere/Projects/DCU/2026-mcm-XAI-skin-lesion/outputs/pilot/xai_maps/shap/isic2018_ISIC_0000075.npy,/home/tbeliere/Projects/DCU/2026-mcm-XAI-skin-lesion/outputs/pilot/pseudo_concepts/npz/isic2018/ISIC_0000075.npz
isic2018,ISIC_0000075,shap,border_w16_dil6_sigma10_dist,20,0.0008715862870415731,0.0017416545718415657,0.0024551212967159034,0.4105532702291071,-0.11090359718019052,0.0059590242346938774,0.20001594387755103,/home/tbeliere/Projects/DCU/2026-mcm-XAI-skin-lesion/outputs/pilot/xai_maps/shap/isic2018_ISIC_0000075.npy,/home/tbeliere/Projects/DCU/2026-mcm-XAI-skin-lesion/outputs/pilot/pseudo_concepts/npz/isic2018/ISIC_0000075.npz
isic2018,ISIC_0000075,shap,colour_heterogeneity,20,0.016746599575425153,0.03294154036496061,0.0406644777686207,0.6920276575808675,0.11848704906838546,0.057716836734693876,0.20001594387755103,/home/tbeliere/Projects/DCU/2026-mcm-XAI-skin-lesion/outputs/pilot/xai_maps/shap/isic2018_ISIC_0000075.npy,/home/tbeliere/Projects/DCU/2026-mcm-XAI-skin-lesion/outputs/pilot/pseudo_concepts/npz/isic2018/ISIC_0000075.npz
isic2018,ISIC_0014076,gradcam,asymmetry,20,0.0642139668367219,0.12067867710398879,0.2487989884213591,4.8265786481813615,0.22072939300513184,0.06421396683673469,1.0,/home/tbeliere/Projects/DCU/2026-mcm-XAI-skin-lesion/outputs/pilot/xai_maps/gradcam/isic2018_ISIC_0014076.npy,/home/tbeliere/Projects/DCU/2026-mcm-XAI-skin-lesion/outputs/pilot/pseudo_concepts/npz/isic2018/ISIC_0014076.npz
isic2018,ISIC_0014076,gradcam,border_default,20,0.0014150191326527794,0.0028260393655336986,0.00888207316609779,6.324287146839483,0.14738134515909337,0.0014150191326530613,1.0,/home/tbeliere/Projects/DCU/2026-mcm-XAI-skin-lesion/outputs/pilot/xai_maps/gradcam/isic2018_ISIC_0014076.npy,/home/tbeliere/Projects/DCU/2026-mcm-XAI-skin-lesion/outputs/pilot/pseudo_concepts/npz/isic2018/ISIC_0014076.npz
isic2018,ISIC_0014076,gradcam,border_w8_dil2_sigma5,20,0.0014150191326527794,0.0028260393655336986,0.00888207316609779,6.324287146839483,0.14738134515909337,0.0014150191326530613,1.0,/home/tbeliere/Projects/DCU/2026-mcm-XAI-skin-lesion/outputs/pilot/xai_maps/gradcam/isic2018_ISIC_0014076.npy,/home/tbeliere/Projects/DCU/2026-mcm-XAI-skin-lesion/outputs/pilot/pseudo_concepts/npz/isic2018/ISIC_0014076.npz
isic2018,ISIC_0014076,gradcam,border_w12_dil4_sigma8,20,0.0047433035714276265,0.009441821716188075,0.028758526129199467,6.212887299247757,0.18347715586745675,0.004743303571428571,1.0,/home/tbeliere/Projects/DCU/2026-mcm-XAI-skin-lesion/outputs/pilot/xai_maps/gradcam/isic2018_ISIC_0014076.npy,/home/tbeliere/Projects/DCU/2026-mcm-XAI-skin-lesion/outputs/pilot/pseudo_concepts/npz/isic2018/ISIC_0014076.npz
isic2018,ISIC_0014076,gradcam,border_w16_dil6_sigma10,20,0.0038464604591829073,0.007663443784866155,0.0029220401256202415,0.7589653124332276,0.18160292415029836,0.0038464604591836736,1.0,/home/tbeliere/Projects/DCU/2026-mcm-XAI-skin-lesion/outputs/pilot/xai_maps/gradcam/isic2018_ISIC_0014076.npy,/home/tbeliere/Projects/DCU/2026-mcm-XAI-skin-lesion/outputs/pilot/pseudo_concepts/npz/isic2018/ISIC_0014076.npz
isic2018,ISIC_0014076,gradcam,border_w16_dil6_sigma10_dist,20,0.0031887755102034464,0.006357279084550549,0.002105299271844677,0.6595048524055603,0.17164520905045622,0.0031887755102040817,1.0,/home/tbeliere/Projects/DCU/2026-mcm-XAI-skin-lesion/outputs/pilot/xai_maps/gradcam/isic2018_ISIC_0014076.npy,/home/tbeliere/Projects/DCU/2026-mcm-XAI-skin-lesion/outputs/pilot/pseudo_concepts/npz/isic2018/ISIC_0014076.npz
isic2018,ISIC_0014076,gradcam,colour_heterogeneity,20,0.007952008928569844,0.01577854671279965,0.004619286688121753,0.5789504705109106,-0.035266083415799857,0.007952008928571428,1.0,/home/tbeliere/Projects/DCU/2026-mcm-XAI-skin-lesion/outputs/pilot/xai_maps/gradcam/isic2018_ISIC_0014076.npy,/home/tbeliere/Projects/DCU/2026-mcm-XAI-skin-lesion/outputs/pilot/pseudo_concepts/npz/isic2018/ISIC_0014076.npz
isic2018,ISIC_0014076,lime,asymmetry,20,0.0775101721044056,0.14386903086590117,0.07723172008170401,1.219691807016664,0.09780059957964807,0.06421396683673469,0.785514987244898,/home/tbeliere/Projects/DCU/2026-mcm-XAI-skin-lesion/outputs/pilot/xai_maps/lime/isic2018_ISIC_0014076.npy,/home/tbeliere/Projects/DCU/2026-mcm-XAI-skin-lesion/outputs/pilot/pseudo_concepts/npz/isic2018/ISIC_0014076.npz
isic2018,ISIC_0014076,lime,border_default,20,0.0018013903689039932,0.0035963023933130063,0.0022429347555189935,1.5864067872390262,0.12556233647954165,0.0014150191326530613,0.785514987244898,/home/tbeliere/Projects/DCU/2026-mcm-XAI-skin-lesion/outputs/pilot/xai_maps/lime/isic2018_ISIC_0014076.npy,/home/tbeliere/Projects/DCU/2026-mcm-XAI-skin-lesion/outputs/pilot/pseudo_concepts/npz/isic2018/ISIC_0014076.npz
isic2018,ISIC_0014076,lime,border_w8_dil2_sigma5,20,0.0018013903689039932,0.0035963023933130063,0.0022429347555189935,1.5864067872390262,0.12556233647954165,0.0014150191326530613,0.785514987244898,/home/tbeliere/Projects/DCU/2026-mcm-XAI-skin-lesion/outputs/pilot/xai_maps/lime/isic2018_ISIC_0014076.npy,/home/tbeliere/Projects/DCU/2026-mcm-XAI-skin-lesion/outputs/pilot/pseudo_concepts/npz/isic2018/ISIC_0014076.npz
isic2018,ISIC_0014076,lime,border_w12_dil4_sigma8,20,0.006038463490128879,0.012004438615955815,0.008024722125301288,1.6973966019478213,0.16529247986740195,0.004743303571428571,0.785514987244898,/home/tbeliere/Projects/DCU/2026-mcm-XAI-skin-lesion/outputs/pilot/xai_maps/lime/isic2018_ISIC_0014076.npy,/home/tbeliere/Projects/DCU/2026-mcm-XAI-skin-lesion/outputs/pilot/pseudo_concepts/npz/isic2018/ISIC_0014076.npz
isic2018,ISIC_0014076,lime,border_w16_dil6_sigma10,20,0.004896737199978461,0.009745752013530501,0.006654039774706347,1.7348017093863553,0.17408366711172382,0.0038464604591836736,0.785514987244898,/home/tbeliere/Projects/DCU/2026-mcm-XAI-skin-lesion/outputs/pilot/xai_maps/lime/isic2018_ISIC_0014076.npy,/home/tbeliere/Projects/DCU/2026-mcm-XAI-skin-lesion/outputs/pilot/pseudo_concepts/npz/isic2018/ISIC_0014076.npz
isic2018,ISIC_0014076,lime,border_w16_dil6_sigma10_dist,20,0.004059471253868154,0.008086117147620133,0.005532572396946851,1.7391038987428924,0.16309199790574327,0.0031887755102040817,0.785514987244898,/home/tbeliere/Projects/DCU/2026-mcm-XAI-skin-lesion/outputs/pilot/xai_maps/lime/isic2018_ISIC_0014076.npy,/home/tbeliere/Projects/DCU/2026-mcm-XAI-skin-lesion/outputs/pilot/pseudo_concepts/npz/isic2018/ISIC_0014076.npz
isic2018,ISIC_0014076,lime,colour_heterogeneity,20,0.007464952679789599,0.01481928013462567,0.00735184169864559,0.9239673150122608,-0.04525749794102626,0.007952008928571428,0.785514987244898,/home/tbeliere/Projects/DCU/2026-mcm-XAI-skin-lesion/outputs/pilot/xai_maps/lime/isic2018_ISIC_0014076.npy,/home/tbeliere/Projects/DCU/2026-mcm-XAI-skin-lesion/outputs/pilot/pseudo_concepts/npz/isic2018/ISIC_0014076.npz
isic2018,ISIC_0014076,shap,asymmetry,20,0.027672273467151638,0.05385427666310615,0.0483044389268474,0.7396666894850022,-0.07047432709768517,0.06421396683673469,0.20001594387755103,/home/tbeliere/Projects/DCU/2026-mcm-XAI-skin-lesion/outputs/pilot/xai_maps/shap/isic2018_ISIC_0014076.npy,/home/tbeliere/Projects/DCU/2026-mcm-XAI-skin-lesion/outputs/pilot/pseudo_concepts/npz/isic2018/ISIC_0014076.npz
isic2018,ISIC_0014076,shap,border_default,20,0.0005940005940000059,0.001187295933510253,0.0009126312420812297,0.6446360123807845,-0.03839148638848776,0.0014150191326530613,0.20001594387755103,/home/tbeliere/Projects/DCU/2026-mcm-XAI-skin-lesion/outputs/pilot/xai_maps/shap/isic2018_ISIC_0014076.npy,/home/tbeliere/Projects/DCU/2026-mcm-XAI-skin-lesion/outputs/pilot/pseudo_concepts/npz/isic2018/ISIC_0014076.npz
isic2018,ISIC_0014076,shap,border_w8_dil2_sigma5,20,0.0005940005940000059,0.001187295933510253,0.0009126312420812297,0.6446360123807845,-0.03839148638848776,0.0014150191326530613,0.20001594387755103,/home/tbeliere/Projects/DCU/2026-mcm-XAI-skin-lesion/outputs/pilot/xai_maps/shap/isic2018_ISIC_0014076.npy,/home/tbeliere/Projects/DCU/2026-mcm-XAI-skin-lesion/outputs/pilot/pseudo_concepts/npz/isic2018/ISIC_0014076.npz
isic2018,ISIC_0014076,shap,border_w12_dil4_sigma8,20,0.003222341568203083,0.006423982869372762,0.003785247096653713,0.7972516935590681,-0.03992638361564808,0.004743303571428571,0.20001594387755103,/home/tbeliere/Projects/DCU/2026-mcm-XAI-skin-lesion/outputs/pilot/xai_maps/shap/isic2018_ISIC_0014076.npy,/home/tbeliere/Projects/DCU/2026-mcm-XAI-skin-lesion/outputs/pilot/pseudo_concepts/npz/isic2018/ISIC_0014076.npz
isic2018,ISIC_0014076,shap,border_w16_dil6_sigma10,20,0.004024342363561028,0.008016423892845815,0.004214611249642144,1.0961166226219117,-0.035040211330497235,0.0038464604591836736,0.20001594387755103,/home/tbeliere/Projects/DCU/2026-mcm-XAI-skin-lesion/outputs/pilot/xai_maps/shap/isic2018_ISIC_0014076.npy,/home/tbeliere/Projects/DCU/2026-mcm-XAI-skin-lesion/outputs/pilot/pseudo_concepts/npz/isic2018/ISIC_0014076.npz
isic2018,ISIC_0014076,shap,border_w16_dil6_sigma10_dist,20,0.0032470727147463864,0.006473126716353007,0.003518542018426218,1.1037799947401388,-0.03462050302683663,0.0031887755102040817,0.20001594387755103,/home/tbeliere/Projects/DCU/2026-mcm-XAI-skin-lesion/outputs/pilot/xai_maps/shap/isic2018_ISIC_0014076.npy,/home/tbeliere/Projects/DCU/2026-mcm-XAI-skin-lesion/outputs/pilot/pseudo_concepts/npz/isic2018/ISIC_0014076.npz
isic2018,ISIC_0014076,shap,colour_heterogeneity,20,0.02133698737396365,0.04178246286531693,0.016555685818449326,2.1001640759962683,0.3541212560064587,0.007952008928571428,0.20001594387755103,/home/tbeliere/Projects/DCU/2026-mcm-XAI-skin-lesion/outputs/pilot/xai_maps/shap/isic2018_ISIC_0014076.npy,/home/tbeliere/Projects/DCU/2026-mcm-XAI-skin-lesion/outputs/pilot/pseudo_concepts/npz/isic2018/ISIC_0014076.npz
isic2018,ISIC_0000060,gradcam,asymmetry,20,0.02054767219387346,0.04026793211864779,0.15862236564517818,8.986569371306134,0.1848203710742593,0.020547672193877552,1.0,/home/tbeliere/Projects/DCU/2026-mcm-XAI-skin-lesion/outputs/pilot/xai_maps/gradcam/isic2018_ISIC_0000060.npy,/home/tbeliere/Projects/DCU/2026-mcm-XAI-skin-lesion/outputs/pilot/pseudo_concepts/npz/isic2018/ISIC_0000060.npz
isic2018,ISIC_0000060,gradcam,border_default,20,0.0027104591836729294,0.0054062649069793675,0.0,0.0,0.009160424934058978,0.0027104591836734694,1.0,/home/tbeliere/Projects/DCU/2026-mcm-XAI-skin-lesion/outputs/pilot/xai_maps/gradcam/isic2018_ISIC_0000060.npy,/home/tbeliere/Projects/DCU/2026-mcm-XAI-skin-lesion/outputs/pilot/pseudo_concepts/npz/isic2018/ISIC_0000060.npz
isic2018,ISIC_0000060,gradcam,border_w8_dil2_sigma5,20,0.0027104591836729294,0.0054062649069793675,0.0,0.0,0.009160424934058978,0.0027104591836734694,1.0,/home/tbeliere/Projects/DCU/2026-mcm-XAI-skin-lesion/outputs/pilot/xai_maps/gradcam/isic2018_ISIC_0000060.npy,/home/tbeliere/Projects/DCU/2026-mcm-XAI-skin-lesion/outputs/pilot/pseudo_concepts/npz/isic2018/ISIC_0000060.npz
isic2018,ISIC_0000060,gradcam,border_w12_dil4_sigma8,20,0.00452407525510114,0.009007400353151795,0.00036819876625085256,0.08104814566719781,0.0487873747513886,0.004524075255102041,1.0,/home/tbeliere/Projects/DCU/2026-mcm-XAI-skin-lesion/outputs/pilot/xai_maps/gradcam/isic2018_ISIC_0000060.npy,/home/tbeliere/Projects/DCU/2026-mcm-XAI-skin-lesion/outputs/pilot/pseudo_concepts/npz/isic2018/ISIC_0000060.npz
isic2018,ISIC_0000060,gradcam,border_w16_dil6_sigma10,20,0.005560427295917259,0.011059359825584966,0.0015955279580713365,0.28580378070772205,0.07364391647009691,0.005560427295918368,1.0,/home/tbeliere/Projects/DCU/2026-mcm-XAI-skin-lesion/outputs/pilot/xai_maps/gradcam/isic2018_ISIC_0000060.npy,/home/tbeliere/Projects/DCU/2026-mcm-XAI-skin-lesion/outputs/pilot/pseudo_concepts/npz/isic2018/ISIC_0000060.npz
isic2018,ISIC_0000060,gradcam,border_w16_dil6_sigma10_dist,20,0.004982461734692885,0.009915519771544458,0.0015955279580713365,0.31914240322457416,0.0699508504871868,0.0049824617346938774,1.0,/home/tbeliere/Projects/DCU/2026-mcm-XAI-skin-lesion/outputs/pilot/xai_maps/gradcam/isic2018_ISIC_0000060.npy,/home/tbeliere/Projects/DCU/2026-mcm-XAI-skin-lesion/outputs/pilot/pseudo_concepts/npz/isic2018/ISIC_0000060.npz
isic2018,ISIC_0000060,gradcam,colour_heterogeneity,20,0.13153698979589215,0.23249260250806109,0.00407567285463562,0.027019438566863386,-0.04922749279986269,0.13153698979591838,1.0,/home/tbeliere/Projects/DCU/2026-mcm-XAI-skin-lesion/outputs/pilot/xai_maps/gradcam/isic2018_ISIC_0000060.npy,/home/tbeliere/Projects/DCU/2026-mcm-XAI-skin-lesion/outputs/pilot/pseudo_concepts/npz/isic2018/ISIC_0000060.npz
isic2018,ISIC_0000060,lime,asymmetry,20,0.033104231035983915,0.06408691406246088,0.025458554675745728,1.2452429400440963,0.06685024644834901,0.020547672193877552,0.3059829400510204,/home/tbeliere/Projects/DCU/2026-mcm-XAI-skin-lesion/outputs/pilot/xai_maps/lime/isic2018_ISIC_0000060.npy,/home/tbeliere/Projects/DCU/2026-mcm-XAI-skin-lesion/outputs/pilot/pseudo_concepts/npz/isic2018/ISIC_0000060.npz
isic2018,ISIC_0000060,lime,border_default,20,0.0005813953488368337,0.0011621150493891393,0.0024222378136372247,0.8934050446022972,0.004556481544001171,0.0027104591836734694,0.3059829400510204,/home/tbeliere/Projects/DCU/2026-mcm-XAI-skin-lesion/outputs/pilot/xai_maps/lime/isic2018_ISIC_0000060.npy,/home/tbeliere/Projects/DCU/2026-mcm-XAI-skin-lesion/outputs/pilot/pseudo_concepts/npz/isic2018/ISIC_0000060.npz
isic2018,ISIC_0000060,lime,border_w8_dil2_sigma5,20,0.0005813953488368337,0.0011621150493891393,0.0024222378136372247,0.8934050446022972,0.004556481544001171,0.0027104591836734694,0.3059829400510204,/home/tbeliere/Projects/DCU/2026-mcm-XAI-skin-lesion/outputs/pilot/xai_maps/lime/isic2018_ISIC_0000060.npy,/home/tbeliere/Projects/DCU/2026-mcm-XAI-skin-lesion/outputs/pilot/pseudo_concepts/npz/isic2018/ISIC_0000060.npz
isic2018,ISIC_0000060,lime,border_w12_dil4_sigma8,20,0.0023160061760149793,0.004621309370985481,0.004393438241286829,0.9709966466152844,0.04260036788230125,0.004524075255102041,0.3059829400510204,/home/tbeliere/Projects/DCU/2026-mcm-XAI-skin-lesion/outputs/pilot/xai_maps/lime/isic2018_ISIC_0000060.npy,/home/tbeliere/Projects/DCU/2026-mcm-XAI-skin-lesion/outputs/pilot/pseudo_concepts/npz/isic2018/ISIC_0000060.npz
isic2018,ISIC_0000060,lime,border_w16_dil6_sigma10,20,0.003595274781713151,0.007164790173997463,0.005596204603920485,1.0064704726725162,0.06854053694066303,0.005560427295918368,0.3059829400510204,/home/tbeliere/Projects/DCU/2026-mcm-XAI-skin-lesion/outputs/pilot/xai_maps/lime/isic2018_ISIC_0000060.npy,/home/tbeliere/Projects/DCU/2026-mcm-XAI-skin-lesion/outputs/pilot/pseudo_concepts/npz/isic2018/ISIC_0000060.npz
isic2018,ISIC_0000060,lime,border_w16_dil6_sigma10_dist,20,0.003085824493729935,0.006152662949428858,0.004978116334233745,0.9991234838368586,0.06377430681232313,0.0049824617346938774,0.3059829400510204,/home/tbeliere/Projects/DCU/2026-mcm-XAI-skin-lesion/outputs/pilot/xai_maps/lime/isic2018_ISIC_0000060.npy,/home/tbeliere/Projects/DCU/2026-mcm-XAI-skin-lesion/outputs/pilot/pseudo_concepts/npz/isic2018/ISIC_0000060.npz
isic2018,ISIC_0000060,lime,colour_heterogeneity,20,0.024452844276436392,0.04773835011158031,0.07363602953457163,0.5248221376912396,-0.29872489096048194,0.13153698979591838,0.3059829400510204,/home/tbeliere/Projects/DCU/2026-mcm-XAI-skin-lesion/outputs/pilot/xai_maps/lime/isic2018_ISIC_0000060.npy,/home/tbeliere/Projects/DCU/2026-mcm-XAI-skin-lesion/outputs/pilot/pseudo_concepts/npz/isic2018/ISIC_0000060.npz
isic2018,ISIC_0000060,shap,asymmetry,20,0.006823144104797285,0.013553808620210035,0.01301895494348873,0.6287643157440321,-0.04198653282891584,0.020547672193877552,0.20001594387755103,/home/tbeliere/Projects/DCU/2026-mcm-XAI-skin-lesion/outputs/pilot/xai_maps/shap/isic2018_ISIC_0000060.npy,/home/tbeliere/Projects/DCU/2026-mcm-XAI-skin-lesion/outputs/pilot/pseudo_concepts/npz/isic2018/ISIC_0000060.npz
isic2018,ISIC_0000060,shap,border_default,20,0.0,0.0,0.00039636966660214624,0.14589851639612264,-0.049535427402962184,0.0027104591836734694,0.20001594387755103,/home/tbeliere/Projects/DCU/2026-mcm-XAI-skin-lesion/outputs/pilot/xai_maps/shap/isic2018_ISIC_0000060.npy,/home/tbeliere/Projects/DCU/2026-mcm-XAI-skin-lesion/outputs/pilot/pseudo_concepts/npz/isic2018/ISIC_0000060.npz
isic2018,ISIC_0000060,shap,border_w8_dil2_sigma5,20,0.0,0.0,0.00039636966660214624,0.14589851639612264,-0.049535427402962184,0.0027104591836734694,0.20001594387755103,/home/tbeliere/Projects/DCU/2026-mcm-XAI-skin-lesion/outputs/pilot/xai_maps/shap/isic2018_ISIC_0000060.npy,/home/tbeliere/Projects/DCU/2026-mcm-XAI-skin-lesion/outputs/pilot/pseudo_concepts/npz/isic2018/ISIC_0000060.npz
isic2018,ISIC_0000060,shap,border_w12_dil4_sigma8,20,0.0,0.0,0.0007826386610137017,0.17234637005867176,-0.06312298499997862,0.004524075255102041,0.20001594387755103,/home/tbeliere/Projects/DCU/2026-mcm-XAI-skin-lesion/outputs/pilot/xai_maps/shap/isic2018_ISIC_0000060.npy,/home/tbeliere/Projects/DCU/2026-mcm-XAI-skin-lesion/outputs/pilot/pseudo_concepts/npz/isic2018/ISIC_0000060.npz
isic2018,ISIC_0000060,shap,border_w16_dil6_sigma10,20,0.0,0.0,0.0010470382649251692,0.18745094625894107,-0.07389803215092967,0.005560427295918368,0.20001594387755103,/home/tbeliere/Projects/DCU/2026-mcm-XAI-skin-lesion/outputs/pilot/xai_maps/shap/isic2018_ISIC_0000060.npy,/home/tbeliere/Projects/DCU/2026-mcm-XAI-skin-lesion/outputs/pilot/pseudo_concepts/npz/isic2018/ISIC_0000060.npz
isic2018,ISIC_0000060,shap,border_w16_dil6_sigma10_dist,20,0.0,0.0,0.0008940952241757509,0.1787141308158629,-0.07003571031620813,0.0049824617346938774,0.20001594387755103,/home/tbeliere/Projects/DCU/2026-mcm-XAI-skin-lesion/outputs/pilot/xai_maps/shap/isic2018_ISIC_0000060.npy,/home/tbeliere/Projects/DCU/2026-mcm-XAI-skin-lesion/outputs/pilot/pseudo_concepts/npz/isic2018/ISIC_0000060.npz
isic2018,ISIC_0000060,shap,colour_heterogeneity,20,0.40684989429141066,0.5783842269772912,0.37600261170848276,3.978427316667061,0.5909857721766449,0.13153698979591838,0.20001594387755103,/home/tbeliere/Projects/DCU/2026-mcm-XAI-skin-lesion/outputs/pilot/xai_maps/shap/isic2018_ISIC_0000060.npy,/home/tbeliere/Projects/DCU/2026-mcm-XAI-skin-lesion/outputs/pilot/pseudo_concepts/npz/isic2018/ISIC_0000060.npz
isic2018,ISIC_0012369,gradcam,asymmetry,20,0.013293207908160617,0.026237633499198273,0.0,0.0,0.0,0.013293207908163265,1.0,/home/tbeliere/Projects/DCU/2026-mcm-XAI-skin-lesion/outputs/pilot/xai_maps/gradcam/isic2018_ISIC_0012369.npy,/home/tbeliere/Projects/DCU/2026-mcm-XAI-skin-lesion/outputs/pilot/pseudo_concepts/npz/isic2018/ISIC_0012369.npz
isic2018,ISIC_0012369,gradcam,border_default,20,0.0007174744897957754,0.0014339201784431144,0.0,0.0,0.0,0.0007174744897959184,1.0,/home/tbeliere/Projects/DCU/2026-mcm-XAI-skin-lesion/outputs/pilot/xai_maps/gradcam/isic2018_ISIC_0012369.npy,/home/tbeliere/Projects/DCU/2026-mcm-XAI-skin-lesion/outputs/pilot/pseudo_concepts/npz/isic2018/ISIC_0012369.npz
isic2018,ISIC_0012369,gradcam,border_w8_dil2_sigma5,20,0.0007174744897957754,0.0014339201784431144,0.0,0.0,0.0,0.0007174744897959184,1.0,/home/tbeliere/Projects/DCU/2026-mcm-XAI-skin-lesion/outputs/pilot/xai_maps/gradcam/isic2018_ISIC_0012369.npy,/home/tbeliere/Projects/DCU/2026-mcm-XAI-skin-lesion/outputs/pilot/pseudo_concepts/npz/isic2018/ISIC_0012369.npz
isic2018,ISIC_0012369,gradcam,border_w12_dil4_sigma8,20,0.0019730548469383824,0.003938339134758043,0.0,0.0,0.0,0.0019730548469387753,1.0,/home/tbeliere/Projects/DCU/2026-mcm-XAI-skin-lesion/outputs/pilot/xai_maps/gradcam/isic2018_ISIC_0012369.npy,/home/tbeliere/Projects/DCU/2026-mcm-XAI-skin-lesion/outputs/pilot/pseudo_concepts/npz/isic2018/ISIC_0012369.npz
isic2018,ISIC_0012369,gradcam,border_w16_dil6_sigma10,20,0.0037866709183665926,0.007544772267004022,0.0,0.0,0.0,0.003786670918367347,1.0,/home/tbeliere/Projects/DCU/2026-mcm-XAI-skin-lesion/outputs/pilot/xai_maps/gradcam/isic2018_ISIC_0012369.npy,/home/tbeliere/Projects/DCU/2026-mcm-XAI-skin-lesion/outputs/pilot/pseudo_concepts/npz/isic2018/ISIC_0012369.npz
isic2018,ISIC_0012369,gradcam,border_w16_dil6_sigma10_dist,20,0.0031887755102034464,0.006357279084550549,0.0,0.0,0.0,0.0031887755102040817,1.0,/home/tbeliere/Projects/DCU/2026-mcm-XAI-skin-lesion/outputs/pilot/xai_maps/gradcam/isic2018_ISIC_0012369.npy,/home/tbeliere/Projects/DCU/2026-mcm-XAI-skin-lesion/outputs/pilot/pseudo_concepts/npz/isic2018/ISIC_0012369.npz
isic2018,ISIC_0012369,gradcam,colour_heterogeneity,20,0.0178571428571393,0.03508771929823874,0.0,0.0,0.0,0.017857142857142856,1.0,/home/tbeliere/Projects/DCU/2026-mcm-XAI-skin-lesion/outputs/pilot/xai_maps/gradcam/isic2018_ISIC_0012369.npy,/home/tbeliere/Projects/DCU/2026-mcm-XAI-skin-lesion/outputs/pilot/pseudo_concepts/npz/isic2018/ISIC_0012369.npz
isic2018,ISIC_0012369,lime,asymmetry,20,0.012518968133532692,0.02472836268264689,0.010586253909691801,0.794186829241806,-0.041636928605485964,0.013293207908163265,0.8377909757653061,/home/tbeliere/Projects/DCU/2026-mcm-XAI-skin-lesion/outputs/pilot/xai_maps/lime/isic2018_ISIC_0012369.npy,/home/tbeliere/Projects/DCU/2026-mcm-XAI-skin-lesion/outputs/pilot/pseudo_concepts/npz/isic2018/ISIC_0012369.npz
isic2018,ISIC_0012369,lime,border_default,20,0.0008563884197252763,0.0017113112922773012,0.0007217900392971682,1.006019227776445,-0.0437656690564519,0.0007174744897959184,0.8377909757653061,/home/tbeliere/Projects/DCU/2026-mcm-XAI-skin-lesion/outputs/pilot/xai_maps/lime/isic2018_ISIC_0012369.npy,/home/tbeliere/Projects/DCU/2026-mcm-XAI-skin-lesion/outputs/pilot/pseudo_concepts/npz/isic2018/ISIC_0012369.npz
isic2018,ISIC_0012369,lime,border_w8_dil2_sigma5,20,0.0008563884197252763,0.0017113112922773012,0.0007217900392971682,1.006019227776445,-0.0437656690564519,0.0007174744897959184,0.8377909757653061,/home/tbeliere/Projects/DCU/2026-mcm-XAI-skin-lesion/outputs/pilot/xai_maps/lime/isic2018_ISIC_0012369.npy,/home/tbeliere/Projects/DCU/2026-mcm-XAI-skin-lesion/outputs/pilot/pseudo_concepts/npz/isic2018/ISIC_0012369.npz
isic2018,ISIC_0012369,lime,border_w12_dil4_sigma8,20,0.002212021026091808,0.004414277577367474,0.0018646242681843513,0.9449416125945777,-0.0672203433887997,0.0019730548469387753,0.8377909757653061,/home/tbeliere/Projects/DCU/2026-mcm-XAI-skin-lesion/outputs/pilot/xai_maps/lime/isic2018_ISIC_0012369.npy,/home/tbeliere/Projects/DCU/2026-mcm-XAI-skin-lesion/outputs/pilot/pseudo_concepts/npz/isic2018/ISIC_0012369.npz
isic2018,ISIC_0012369,lime,border_w16_dil6_sigma10,20,0.003922780657124264,0.0078149051554674,0.0033082043467786877,0.8732251681830118,-0.0865764123377489,0.003786670918367347,0.8377909757653061,/home/tbeliere/Projects/DCU/2026-mcm-XAI-skin-lesion/outputs/pilot/xai_maps/lime/isic2018_ISIC_0012369.npy,/home/tbeliere/Projects/DCU/2026-mcm-XAI-skin-lesion/outputs/pilot/pseudo_concepts/npz/isic2018/ISIC_0012369.npz
isic2018,ISIC_0012369,lime,border_w16_dil6_sigma10_dist,20,0.0033049598173942405,0.006588146076733752,0.002786911540619622,0.8736232211145842,-0.08203702623348817,0.0031887755102040817,0.8377909757653061,/home/tbeliere/Projects/DCU/2026-mcm-XAI-skin-lesion/outputs/pilot/xai_maps/lime/isic2018_ISIC_0012369.npy,/home/tbeliere/Projects/DCU/2026-mcm-XAI-skin-lesion/outputs/pilot/pseudo_concepts/npz/isic2018/ISIC_0012369.npz
isic2018,ISIC_0012369,lime,colour_heterogeneity,20,0.01968934068021573,0.03861831225396813,0.01662122062714868,0.9296185223902386,-0.16378060179993842,0.017857142857142856,0.8377909757653061,/home/tbeliere/Projects/DCU/2026-mcm-XAI-skin-lesion/outputs/pilot/xai_maps/lime/isic2018_ISIC_0012369.npy,/home/tbeliere/Projects/DCU/2026-mcm-XAI-skin-lesion/outputs/pilot/pseudo_concepts/npz/isic2018/ISIC_0012369.npz
isic2018,ISIC_0012369,shap,asymmetry,20,0.02401454267123611,0.04690273755017574,0.01844317311918188,1.3946924082734238,0.053550521943835076,0.013293207908163265,0.20001594387755103,/home/tbeliere/Projects/DCU/2026-mcm-XAI-skin-lesion/outputs/pilot/xai_maps/shap/isic2018_ISIC_0012369.npy,/home/tbeliere/Projects/DCU/2026-mcm-XAI-skin-lesion/outputs/pilot/pseudo_concepts/npz/isic2018/ISIC_0012369.npz
isic2018,ISIC_0012369,shap,border_default,20,0.0010933306828336215,0.0021842732327222157,0.0008854825753442408,1.2343731574630015,0.03510938589122927,0.0007174744897959184,0.20001594387755103,/home/tbeliere/Projects/DCU/2026-mcm-XAI-skin-lesion/outputs/pilot/xai_maps/shap/isic2018_ISIC_0012369.npy,/home/tbeliere/Projects/DCU/2026-mcm-XAI-skin-lesion/outputs/pilot/pseudo_concepts/npz/isic2018/ISIC_0012369.npz
isic2018,ISIC_0012369,shap,border_w8_dil2_sigma5,20,0.0010933306828336215,0.0021842732327222157,0.0008854825753442408,1.2343731574630015,0.03510938589122927,0.0007174744897959184,0.20001594387755103,/home/tbeliere/Projects/DCU/2026-mcm-XAI-skin-lesion/outputs/pilot/xai_maps/shap/isic2018_ISIC_0012369.npy,/home/tbeliere/Projects/DCU/2026-mcm-XAI-skin-lesion/outputs/pilot/pseudo_concepts/npz/isic2018/ISIC_0012369.npz
isic2018,ISIC_0012369,shap,border_w12_dil4_sigma8,20,0.002968827313208343,0.00592007893437995,0.0024296258871737363,1.2319664949302627,0.05479175147614845,0.0019730548469387753,0.20001594387755103,/home/tbeliere/Projects/DCU/2026-mcm-XAI-skin-lesion/outputs/pilot/xai_maps/shap/isic2018_ISIC_0012369.npy,/home/tbeliere/Projects/DCU/2026-mcm-XAI-skin-lesion/outputs/pilot/pseudo_concepts/npz/isic2018/ISIC_0012369.npz
isic2018,ISIC_0012369,shap,border_w16_dil6_sigma10,20,0.0062979728399859295,0.012517113240746608,0.004950772627873119,1.3089502567008287,0.07181696041543457,0.003786670918367347,0.20001594387755103,/home/tbeliere/Projects/DCU/2026-mcm-XAI-skin-lesion/outputs/pilot/xai_maps/shap/isic2018_ISIC_0012369.npy,/home/tbeliere/Projects/DCU/2026-mcm-XAI-skin-lesion/outputs/pilot/pseudo_concepts/npz/isic2018/ISIC_0012369.npz
isic2018,ISIC_0012369,shap,border_w16_dil6_sigma10_dist,20,0.005126182965294631,0.010200078462132011,0.004080397755044942,1.2807581282571328,0.0660426674740345,0.0031887755102040817,0.20001594387755103,/home/tbeliere/Projects/DCU/2026-mcm-XAI-skin-lesion/outputs/pilot/xai_maps/shap/isic2018_ISIC_0012369.npy,/home/tbeliere/Projects/DCU/2026-mcm-XAI-skin-lesion/outputs/pilot/pseudo_concepts/npz/isic2018/ISIC_0012369.npz
isic2018,ISIC_0012369,shap,colour_heterogeneity,20,0.030445847864991566,0.05909257226485629,0.025570504279705163,1.4432829384642043,0.15350258745896275,0.017857142857142856,0.20001594387755103,/home/tbeliere/Projects/DCU/2026-mcm-XAI-skin-lesion/outputs/pilot/xai_maps/shap/isic2018_ISIC_0012369.npy,/home/tbeliere/Projects/DCU/2026-mcm-XAI-skin-lesion/outputs/pilot/pseudo_concepts/npz/isic2018/ISIC_0012369.npz
isic2018,ISIC_0000282,gradcam,asymmetry,20,0.06271883087223114,0.11803466552061449,0.08182826926596021,1.1123105666737847,0.006460816909660088,0.07417889030612244,0.20408163265306123,/home/tbeliere/Projects/DCU/2026-mcm-XAI-skin-lesion/outputs/pilot/xai_maps/gradcam/isic2018_ISIC_0000282.npy,/home/tbeliere/Projects/DCU/2026-mcm-XAI-skin-lesion/outputs/pilot/pseudo_concepts/npz/isic2018/ISIC_0000282.npz
isic2018,ISIC_0000282,gradcam,border_default,20,0.0,0.0,0.0,0.0,-0.018440159318615323,0.0009167729591836735,0.20408163265306123,/home/tbeliere/Projects/DCU/2026-mcm-XAI-skin-lesion/outputs/pilot/xai_maps/gradcam/isic2018_ISIC_0000282.npy,/home/tbeliere/Projects/DCU/2026-mcm-XAI-skin-lesion/outputs/pilot/pseudo_concepts/npz/isic2018/ISIC_0000282.npz
isic2018,ISIC_0000282,gradcam,border_w8_dil2_sigma5,20,0.0,0.0,0.0,0.0,-0.018440159318615323,0.0009167729591836735,0.20408163265306123,/home/tbeliere/Projects/DCU/2026-mcm-XAI-skin-lesion/outputs/pilot/xai_maps/gradcam/isic2018_ISIC_0000282.npy,/home/tbeliere/Projects/DCU/2026-mcm-XAI-skin-lesion/outputs/pilot/pseudo_concepts/npz/isic2018/ISIC_0000282.npz
isic2018,ISIC_0000282,gradcam,border_w12_dil4_sigma8,20,0.0,0.0,0.0,0.0,-0.024216458729544844,0.002032844387755102,0.20408163265306123,/home/tbeliere/Projects/DCU/2026-mcm-XAI-skin-lesion/outputs/pilot/xai_maps/gradcam/isic2018_ISIC_0000282.npy,/home/tbeliere/Projects/DCU/2026-mcm-XAI-skin-lesion/outputs/pilot/pseudo_concepts/npz/isic2018/ISIC_0000282.npz
isic2018,ISIC_0000282,gradcam,border_w16_dil6_sigma10,20,0.0007655502392337171,0.0015299292407711512,0.0005262359819343103,0.12065840471998973,-0.026143552928671075,0.004344706632653061,0.20408163265306123,/home/tbeliere/Projects/DCU/2026-mcm-XAI-skin-lesion/outputs/pilot/xai_maps/gradcam/isic2018_ISIC_0000282.npy,/home/tbeliere/Projects/DCU/2026-mcm-XAI-skin-lesion/outputs/pilot/pseudo_concepts/npz/isic2018/ISIC_0000282.npz
isic2018,ISIC_0000282,gradcam,border_w16_dil6_sigma10_dist,20,0.0006724303554268276,0.0013439569933749217,0.0004286426234850408,0.12113497285091912,-0.025649364186623697,0.003527582908163265,0.20408163265306123,/home/tbeliere/Projects/DCU/2026-mcm-XAI-skin-lesion/outputs/pilot/xai_maps/gradcam/isic2018_ISIC_0000282.npy,/home/tbeliere/Projects/DCU/2026-mcm-XAI-skin-lesion/outputs/pilot/pseudo_concepts/npz/isic2018/ISIC_0000282.npz
isic2018,ISIC_0000282,gradcam,colour_heterogeneity,20,0.0,0.0,7.88445545720394e-05,0.015621208200672369,0.05163194733969077,0.005022321428571429,0.20408163265306123,/home/tbeliere/Projects/DCU/2026-mcm-XAI-skin-lesion/outputs/pilot/xai_maps/gradcam/isic2018_ISIC_0000282.npy,/home/tbeliere/Projects/DCU/2026-mcm-XAI-skin-lesion/outputs/pilot/pseudo_concepts/npz/isic2018/ISIC_0000282.npz
isic2018,ISIC_0000282,lime,asymmetry,20,0.06247335764693259,0.11759985734662144,0.072199285984933,0.9712363439617344,-0.012591943288956506,0.07417889030612244,0.819953762755102,/home/tbeliere/Projects/DCU/2026-mcm-XAI-skin-lesion/outputs/pilot/xai_maps/lime/isic2018_ISIC_0000282.npy,/home/tbeliere/Projects/DCU/2026-mcm-XAI-skin-lesion/outputs/pilot/pseudo_concepts/npz/isic2018/ISIC_0000282.npz
isic2018,ISIC_0000282,lime,border_default,20,0.0011180788488646353,0.002233660289404139,0.0009174494904162757,1.000738609457538,-0.0074113206520134275,0.0009167729591836735,0.819953762755102,/home/tbeliere/Projects/DCU/2026-mcm-XAI-skin-lesion/outputs/pilot/xai_maps/lime/isic2018_ISIC_0000282.npy,/home/tbeliere/Projects/DCU/2026-mcm-XAI-skin-lesion/outputs/pilot/pseudo_concepts/npz/isic2018/ISIC_0000282.npz
isic2018,ISIC_0000282,lime,border_w8_dil2_sigma5,20,0.0011180788488646353,0.002233660289404139,0.0009174494904162757,1.000738609457538,-0.0074113206520134275,0.0009167729591836735,0.819953762755102,/home/tbeliere/Projects/DCU/2026-mcm-XAI-skin-lesion/outputs/pilot/xai_maps/lime/isic2018_ISIC_0000282.npy,/home/tbeliere/Projects/DCU/2026-mcm-XAI-skin-lesion/outputs/pilot/pseudo_concepts/npz/isic2018/ISIC_0000282.npz
isic2018,ISIC_0000282,lime,border_w12_dil4_sigma8,20,0.0024792183170476694,0.004946173988942647,0.002114122738785331,1.0400672587719613,-0.00941242840641773,0.002032844387755102,0.819953762755102,/home/tbeliere/Projects/DCU/2026-mcm-XAI-skin-lesion/outputs/pilot/xai_maps/lime/isic2018_ISIC_0000282.npy,/home/tbeliere/Projects/DCU/2026-mcm-XAI-skin-lesion/outputs/pilot/pseudo_concepts/npz/isic2018/ISIC_0000282.npz
isic2018,ISIC_0000282,lime,border_w16_dil6_sigma10,20,0.0052987215011410975,0.01054158607349842,0.00440774646482602,1.014573838110736,-0.011197057384705436,0.004344706632653061,0.819953762755102,/home/tbeliere/Projects/DCU/2026-mcm-XAI-skin-lesion/outputs/pilot/xai_maps/lime/isic2018_ISIC_0000282.npy,/home/tbeliere/Projects/DCU/2026-mcm-XAI-skin-lesion/outputs/pilot/pseudo_concepts/npz/isic2018/ISIC_0000282.npz
isic2018,ISIC_0000282,lime,border_w16_dil6_sigma10_dist,20,0.004302172961935661,0.008567487112464347,0.003590019745107166,1.017763380920529,-0.00998730687930102,0.003527582908163265,0.819953762755102,/home/tbeliere/Projects/DCU/2026-mcm-XAI-skin-lesion/outputs/pilot/xai_maps/lime/isic2018_ISIC_0000282.npy,/home/tbeliere/Projects/DCU/2026-mcm-XAI-skin-lesion/outputs/pilot/pseudo_concepts/npz/isic2018/ISIC_0000282.npz
isic2018,ISIC_0000282,lime,colour_heterogeneity,20,0.005709565344151775,0.011354302555923238,0.007878098885096281,1.5731321714637445,0.10720962700276201,0.005022321428571429,0.819953762755102,/home/tbeliere/Projects/DCU/2026-mcm-XAI-skin-lesion/outputs/pilot/xai_maps/lime/isic2018_ISIC_0000282.npy,/home/tbeliere/Projects/DCU/2026-mcm-XAI-skin-lesion/outputs/pilot/pseudo_concepts/npz/isic2018/ISIC_0000282.npz
isic2018,ISIC_0000282,shap,asymmetry,20,0.02886628776545852,0.05611280709401358,0.05775196310670391,0.7649767112271966,-0.07499696528754833,0.07417889030612244,0.20001594387755103,/home/tbeliere/Projects/DCU/2026-mcm-XAI-skin-lesion/outputs/pilot/xai_maps/shap/isic2018_ISIC_0000282.npy,/home/tbeliere/Projects/DCU/2026-mcm-XAI-skin-lesion/outputs/pilot/pseudo_concepts/npz/isic2018/ISIC_0000282.npz
isic2018,ISIC_0000282,shap,border_default,20,0.0005954743946004411,0.0011902400317385536,0.0009264803454112015,1.0105982667075462,-0.017738818087148615,0.0009167729591836735,0.20001594387755103,/home/tbeliere/Projects/DCU/2026-mcm-XAI-skin-lesion/outputs/pilot/xai_maps/shap/isic2018_ISIC_0000282.npy,/home/tbeliere/Projects/DCU/2026-mcm-XAI-skin-lesion/outputs/pilot/pseudo_concepts/npz/isic2018/ISIC_0000282.npz
isic2018,ISIC_0000282,shap,border_w8_dil2_sigma5,20,0.0005954743946004411,0.0011902400317385536,0.0009264803454112015,1.0105982667075462,-0.017738818087148615,0.0009167729591836735,0.20001594387755103,/home/tbeliere/Projects/DCU/2026-mcm-XAI-skin-lesion/outputs/pilot/xai_maps/shap/isic2018_ISIC_0000282.npy,/home/tbeliere/Projects/DCU/2026-mcm-XAI-skin-lesion/outputs/pilot/pseudo_concepts/npz/isic2018/ISIC_0000282.npz
isic2018,ISIC_0000282,shap,border_w12_dil4_sigma8,20,0.001185068141416961,0.002367330834481784,0.0017815133004660429,0.8761439495299697,-0.030552842293071043,0.002032844387755102,0.20001594387755103,/home/tbeliere/Projects/DCU/2026-mcm-XAI-skin-lesion/outputs/pilot/xai_maps/shap/isic2018_ISIC_0000282.npy,/home/tbeliere/Projects/DCU/2026-mcm-XAI-skin-lesion/outputs/pilot/pseudo_concepts/npz/isic2018/ISIC_0000282.npz
isic2018,ISIC_0000282,shap,border_w16_dil6_sigma10,20,0.0026400704018748017,0.005266237565822833,0.0034981634615593457,0.8044711984980762,-0.03844866184207718,0.004344706632653061,0.20001594387755103,/home/tbeliere/Projects/DCU/2026-mcm-XAI-skin-lesion/outputs/pilot/xai_maps/shap/isic2018_ISIC_0000282.npy,/home/tbeliere/Projects/DCU/2026-mcm-XAI-skin-lesion/outputs/pilot/pseudo_concepts/npz/isic2018/ISIC_0000282.npz
isic2018,ISIC_0000282,shap,border_w16_dil6_sigma10_dist,20,0.0020604395604375387,0.004112405757364033,0.002867217848490766,0.8122611313161882,-0.03804119428956234,0.003527582908163265,0.20001594387755103,/home/tbeliere/Projects/DCU/2026-mcm-XAI-skin-lesion/outputs/pilot/xai_maps/shap/isic2018_ISIC_0000282.npy,/home/tbeliere/Projects/DCU/2026-mcm-XAI-skin-lesion/outputs/pilot/pseudo_concepts/npz/isic2018/ISIC_0000282.npz
isic2018,ISIC_0000282,shap,colour_heterogeneity,20,0.016199130778332477,0.031881804043514886,0.013554651735434936,2.722225295235951,0.2893522698996005,0.005022321428571429,0.20001594387755103,/home/tbeliere/Projects/DCU/2026-mcm-XAI-skin-lesion/outputs/pilot/xai_maps/shap/isic2018_ISIC_0000282.npy,/home/tbeliere/Projects/DCU/2026-mcm-XAI-skin-lesion/outputs/pilot/pseudo_concepts/npz/isic2018/ISIC_0000282.npz
isic2018,ISIC_0000215,gradcam,asymmetry,20,0.011952191235050043,0.023622047244075507,0.010368573699715406,0.2278293664699397,-0.07088435002899636,0.04396524234693878,0.20408163265306123,/home/tbeliere/Projects/DCU/2026-mcm-XAI-skin-lesion/outputs/pilot/xai_maps/gradcam/isic2018_ISIC_0000215.npy,/home/tbeliere/Projects/DCU/2026-mcm-XAI-skin-lesion/outputs/pilot/pseudo_concepts/npz/isic2018/ISIC_0000215.npz
isic2018,ISIC_0000215,gradcam,border_default,20,0.0018251681075871033,0.003643685875919413,0.0008030346709726212,0.2125584749611181,-0.050636846753095065,0.0037667410714285715,0.20408163265306123,/home/tbeliere/Projects/DCU/2026-mcm-XAI-skin-lesion/outputs/pilot/xai_maps/gradcam/isic2018_ISIC_0000215.npy,/home/tbeliere/Projects/DCU/2026-mcm-XAI-skin-lesion/outputs/pilot/pseudo_concepts/npz/isic2018/ISIC_0000215.npz
isic2018,ISIC_0000215,gradcam,border_w8_dil2_sigma5,20,0.0018251681075871033,0.003643685875919413,0.0008030346709726212,0.2125584749611181,-0.050636846753095065,0.0037667410714285715,0.20408163265306123,/home/tbeliere/Projects/DCU/2026-mcm-XAI-skin-lesion/outputs/pilot/xai_maps/gradcam/isic2018_ISIC_0000215.npy,/home/tbeliere/Projects/DCU/2026-mcm-XAI-skin-lesion/outputs/pilot/pseudo_concepts/npz/isic2018/ISIC_0000215.npz
isic2018,ISIC_0000215,gradcam,border_w12_dil4_sigma8,20,0.0,0.0,0.000194979991654964,0.04310242782387652,-0.07253429762095472,0.0045041454081632655,0.20408163265306123,/home/tbeliere/Projects/DCU/2026-mcm-XAI-skin-lesion/outputs/pilot/xai_maps/gradcam/isic2018_ISIC_0000215.npy,/home/tbeliere/Projects/DCU/2026-mcm-XAI-skin-lesion/outputs/pilot/pseudo_concepts/npz/isic2018/ISIC_0000215.npz
isic2018,ISIC_0000215,gradcam,border_w16_dil6_sigma10,20,0.0,0.0,0.00020116301104715025,0.0333389435082382,-0.08653186462533946,0.005998883928571429,0.20408163265306123,/home/tbeliere/Projects/DCU/2026-mcm-XAI-skin-lesion/outputs/pilot/xai_maps/gradcam/isic2018_ISIC_0000215.npy,/home/tbeliere/Projects/DCU/2026-mcm-XAI-skin-lesion/outputs/pilot/pseudo_concepts/npz/isic2018/ISIC_0000215.npz
isic2018,ISIC_0000215,gradcam,border_w16_dil6_sigma10_dist,20,0.0,0.0,0.000162936651179392,0.03294165083944806,-0.07988885234401971,0.004922672193877551,0.20408163265306123,/home/tbeliere/Projects/DCU/2026-mcm-XAI-skin-lesion/outputs/pilot/xai_maps/gradcam/isic2018_ISIC_0000215.npy,/home/tbeliere/Projects/DCU/2026-mcm-XAI-skin-lesion/outputs/pilot/pseudo_concepts/npz/isic2018/ISIC_0000215.npz
isic2018,ISIC_0000215,gradcam,colour_heterogeneity,20,0.17994926540525316,0.3050118690373516,0.44801435813799195,2.557673989816739,0.24495689519461858,0.24089205994897958,0.20408163265306123,/home/tbeliere/Projects/DCU/2026-mcm-XAI-skin-lesion/outputs/pilot/xai_maps/gradcam/isic2018_ISIC_0000215.npy,/home/tbeliere/Projects/DCU/2026-mcm-XAI-skin-lesion/outputs/pilot/pseudo_concepts/npz/isic2018/ISIC_0000215.npz
isic2018,ISIC_0000215,lime,asymmetry,20,0.07752776575791322,0.14389933739365243,0.057830263505752065,1.3347201172226473,0.1274823298429067,0.04396524234693878,0.25380660076530615,/home/tbeliere/Projects/DCU/2026-mcm-XAI-skin-lesion/outputs/pilot/xai_maps/lime/isic2018_ISIC_0000215.npy,/home/tbeliere/Projects/DCU/2026-mcm-XAI-skin-lesion/outputs/pilot/pseudo_concepts/npz/isic2018/ISIC_0000215.npz
isic2018,ISIC_0000215,lime,border_default,20,0.00913562895290924,0.018105849582158693,0.005393496078256669,1.4342153126636312,0.11114513453230551,0.0037667410714285715,0.25380660076530615,/home/tbeliere/Projects/DCU/2026-mcm-XAI-skin-lesion/outputs/pilot/xai_maps/lime/isic2018_ISIC_0000215.npy,/home/tbeliere/Projects/DCU/2026-mcm-XAI-skin-lesion/outputs/pilot/pseudo_concepts/npz/isic2018/ISIC_0000215.npz
isic2018,ISIC_0000215,lime,border_w8_dil2_sigma5,20,0.00913562895290924,0.018105849582158693,0.005393496078256669,1.4342153126636312,0.11114513453230551,0.0037667410714285715,0.25380660076530615,/home/tbeliere/Projects/DCU/2026-mcm-XAI-skin-lesion/outputs/pilot/xai_maps/lime/isic2018_ISIC_0000215.npy,/home/tbeliere/Projects/DCU/2026-mcm-XAI-skin-lesion/outputs/pilot/pseudo_concepts/npz/isic2018/ISIC_0000215.npz
isic2018,ISIC_0000215,lime,border_w12_dil4_sigma8,20,0.00761875145766336,0.015122289946751698,0.005710760553448238,1.2694285378795935,0.13210267899982084,0.0045041454081632655,0.25380660076530615,/home/tbeliere/Projects/DCU/2026-mcm-XAI-skin-lesion/outputs/pilot/xai_maps/lime/isic2018_ISIC_0000215.npy,/home/tbeliere/Projects/DCU/2026-mcm-XAI-skin-lesion/outputs/pilot/pseudo_concepts/npz/isic2018/ISIC_0000215.npz
isic2018,ISIC_0000215,lime,border_w16_dil6_sigma10,20,0.007886191433425168,0.015648972077312327,0.007103199083455678,1.1854036697928683,0.13722851686179421,0.005998883928571429,0.25380660076530615,/home/tbeliere/Projects/DCU/2026-mcm-XAI-skin-lesion/outputs/pilot/xai_maps/lime/isic2018_ISIC_0000215.npy,/home/tbeliere/Projects/DCU/2026-mcm-XAI-skin-lesion/outputs/pilot/pseudo_concepts/npz/isic2018/ISIC_0000215.npz
isic2018,ISIC_0000215,lime,border_w16_dil6_sigma10_dist,20,0.006434607333896864,0.01278693575719243,0.0058165153785120945,1.182639068884296,0.12959027186633032,0.004922672193877551,0.25380660076530615,/home/tbeliere/Projects/DCU/2026-mcm-XAI-skin-lesion/outputs/pilot/xai_maps/lime/isic2018_ISIC_0000215.npy,/home/tbeliere/Projects/DCU/2026-mcm-XAI-skin-lesion/outputs/pilot/pseudo_concepts/npz/isic2018/ISIC_0000215.npz
isic2018,ISIC_0000215,lime,colour_heterogeneity,20,0.20407470288614887,0.33897349125761866,0.27205428747677024,1.1777080363686292,-0.007723761191631378,0.24089205994897958,0.25380660076530615,/home/tbeliere/Projects/DCU/2026-mcm-XAI-skin-lesion/outputs/pilot/xai_maps/lime/isic2018_ISIC_0000215.npy,/home/tbeliere/Projects/DCU/2026-mcm-XAI-skin-lesion/outputs/pilot/pseudo_concepts/npz/isic2018/ISIC_0000215.npz
isic2018,ISIC_0000215,shap,asymmetry,20,0.024435146443494194,0.047704623427505546,0.03616616774568328,0.8159516913786224,-0.04089374279240219,0.04396524234693878,0.20001594387755103,/home/tbeliere/Projects/DCU/2026-mcm-XAI-skin-lesion/outputs/pilot/xai_maps/shap/isic2018_ISIC_0000215.npy,/home/tbeliere/Projects/DCU/2026-mcm-XAI-skin-lesion/outputs/pilot/pseudo_concepts/npz/isic2018/ISIC_0000215.npz
isic2018,ISIC_0000215,shap,border_default,20,0.0024509803921544597,0.004889975550117467,0.003174613139913922,0.8423002342050275,-0.010935487013352157,0.0037667410714285715,0.20001594387755103,/home/tbeliere/Projects/DCU/2026-mcm-XAI-skin-lesion/outputs/pilot/xai_maps/shap/isic2018_ISIC_0000215.npy,/home/tbeliere/Projects/DCU/2026-mcm-XAI-skin-lesion/outputs/pilot/pseudo_concepts/npz/isic2018/ISIC_0000215.npz
isic2018,ISIC_0000215,shap,border_w8_dil2_sigma5,20,0.0024509803921544597,0.004889975550117467,0.003174613139913922,0.8423002342050275,-0.010935487013352157,0.0037667410714285715,0.20001594387755103,/home/tbeliere/Projects/DCU/2026-mcm-XAI-skin-lesion/outputs/pilot/xai_maps/shap/isic2018_ISIC_0000215.npy,/home/tbeliere/Projects/DCU/2026-mcm-XAI-skin-lesion/outputs/pilot/pseudo_concepts/npz/isic2018/ISIC_0000215.npz
isic2018,ISIC_0000215,shap,border_w12_dil4_sigma8,20,0.004601076847768378,0.009160007795742388,0.004499957548954587,0.999065645806483,-0.012315767125815518,0.0045041454081632655,0.20001594387755103,/home/tbeliere/Projects/DCU/2026-mcm-XAI-skin-lesion/outputs/pilot/xai_maps/shap/isic2018_ISIC_0000215.npy,/home/tbeliere/Projects/DCU/2026-mcm-XAI-skin-lesion/outputs/pilot/pseudo_concepts/npz/isic2018/ISIC_0000215.npz
isic2018,ISIC_0000215,shap,border_w16_dil6_sigma10,20,0.006425859215260027,0.012769662377853564,0.006041757639036094,1.007190210198958,-0.012657685914826288,0.005998883928571429,0.20001594387755103,/home/tbeliere/Projects/DCU/2026-mcm-XAI-skin-lesion/outputs/pilot/xai_maps/shap/isic2018_ISIC_0000215.npy,/home/tbeliere/Projects/DCU/2026-mcm-XAI-skin-lesion/outputs/pilot/pseudo_concepts/npz/isic2018/ISIC_0000215.npz
isic2018,ISIC_0000215,shap,border_w16_dil6_sigma10_dist,20,0.005475701574258848,0.010891763104141892,0.005068816165755483,1.0298389101892846,-0.008466974402584763,0.004922672193877551,0.20001594387755103,/home/tbeliere/Projects/DCU/2026-mcm-XAI-skin-lesion/outputs/pilot/xai_maps/shap/isic2018_ISIC_0000215.npy,/home/tbeliere/Projects/DCU/2026-mcm-XAI-skin-lesion/outputs/pilot/pseudo_concepts/npz/isic2018/ISIC_0000215.npz
isic2018,ISIC_0000215,shap,colour_heterogeneity,20,0.21789154968333724,0.3578176558331339,0.3254547767797883,1.5204092008886434,0.1956140998560625,0.24089205994897958,0.20001594387755103,/home/tbeliere/Projects/DCU/2026-mcm-XAI-skin-lesion/outputs/pilot/xai_maps/shap/isic2018_ISIC_0000215.npy,/home/tbeliere/Projects/DCU/2026-mcm-XAI-skin-lesion/outputs/pilot/pseudo_concepts/npz/isic2018/ISIC_0000215.npz
isic2018,ISIC_0015485,gradcam,asymmetry,20,0.02802324655678049,0.054518702083129776,0.022497551861591546,0.409015157151594,-0.0539295041382678,0.05327248086734694,0.20408163265306123,/home/tbeliere/Projects/DCU/2026-mcm-XAI-skin-lesion/outputs/pilot/xai_maps/gradcam/isic2018_ISIC_0015485.npy,/home/tbeliere/Projects/DCU/2026-mcm-XAI-skin-lesion/outputs/pilot/pseudo_concepts/npz/isic2018/ISIC_0015485.npz
isic2018,ISIC_0015485,gradcam,border_default,20,0.0,0.0,9.40507262861096e-05,0.0693108288273529,-0.034706582351239273,0.0013552295918367347,0.20408163265306123,/home/tbeliere/Projects/DCU/2026-mcm-XAI-skin-lesion/outputs/pilot/xai_maps/gradcam/isic2018_ISIC_0015485.npy,/home/tbeliere/Projects/DCU/2026-mcm-XAI-skin-lesion/outputs/pilot/pseudo_concepts/npz/isic2018/ISIC_0015485.npz
isic2018,ISIC_0015485,gradcam,border_w8_dil2_sigma5,20,0.0,0.0,9.40507262861096e-05,0.0693108288273529,-0.034706582351239273,0.0013552295918367347,0.20408163265306123,/home/tbeliere/Projects/DCU/2026-mcm-XAI-skin-lesion/outputs/pilot/xai_maps/gradcam/isic2018_ISIC_0015485.npy,/home/tbeliere/Projects/DCU/2026-mcm-XAI-skin-lesion/outputs/pilot/pseudo_concepts/npz/isic2018/ISIC_0015485.npz
isic2018,ISIC_0015485,gradcam,border_w12_dil4_sigma8,20,0.0,0.0,0.0001339510298377456,0.04438275443073959,-0.03567760801274357,0.003009406887755102,0.20408163265306123,/home/tbeliere/Projects/DCU/2026-mcm-XAI-skin-lesion/outputs/pilot/xai_maps/gradcam/isic2018_ISIC_0015485.npy,/home/tbeliere/Projects/DCU/2026-mcm-XAI-skin-lesion/outputs/pilot/pseudo_concepts/npz/isic2018/ISIC_0015485.npz
isic2018,ISIC_0015485,gradcam,border_w16_dil6_sigma10,20,0.0,0.0,0.0001966515193197677,0.04041699826570647,-0.035504105856919405,0.004842952806122449,0.20408163265306123,/home/tbeliere/Projects/DCU/2026-mcm-XAI-skin-lesion/outputs/pilot/xai_maps/gradcam/isic2018_ISIC_0015485.npy,/home/tbeliere/Projects/DCU/2026-mcm-XAI-skin-lesion/outputs/pilot/pseudo_concepts/npz/isic2018/ISIC_0015485.npz
isic2018,ISIC_0015485,gradcam,border_w16_dil6_sigma10_dist,20,0.0,0.0,0.0001738513413263051,0.03930430602876626,-0.03476630409673945,0.004404496173469388,0.20408163265306123,/home/tbeliere/Projects/DCU/2026-mcm-XAI-skin-lesion/outputs/pilot/xai_maps/gradcam/isic2018_ISIC_0015485.npy,/home/tbeliere/Projects/DCU/2026-mcm-XAI-skin-lesion/outputs/pilot/pseudo_concepts/npz/isic2018/ISIC_0015485.npz
isic2018,ISIC_0015485,gradcam,colour_heterogeneity,20,0.02219152059405734,0.043419496536540446,0.05178050740250191,1.6600461458609417,0.16176135043390555,0.03184789540816327,0.20408163265306123,/home/tbeliere/Projects/DCU/2026-mcm-XAI-skin-lesion/outputs/pilot/xai_maps/gradcam/isic2018_ISIC_0015485.npy,/home/tbeliere/Projects/DCU/2026-mcm-XAI-skin-lesion/outputs/pilot/pseudo_concepts/npz/isic2018/ISIC_0015485.npz
isic2018,ISIC_0015485,lime,asymmetry,20,0.021961852861023454,0.0429797899002597,0.04741520698023768,0.8845778895490943,-0.05144793258478286,0.05327248086734694,0.3204719387755102,/home/tbeliere/Projects/DCU/2026-mcm-XAI-skin-lesion/outputs/pilot/xai_maps/lime/isic2018_ISIC_0015485.npy,/home/tbeliere/Projects/DCU/2026-mcm-XAI-skin-lesion/outputs/pilot/pseudo_concepts/npz/isic2018/ISIC_0015485.npz
isic2018,ISIC_0015485,lime,border_default,20,0.0,0.0,0.00111526602374824,0.8227374361137479,-0.0347440981122598,0.0013552295918367347,0.3204719387755102,/home/tbeliere/Projects/DCU/2026-mcm-XAI-skin-lesion/outputs/pilot/xai_maps/lime/isic2018_ISIC_0015485.npy,/home/tbeliere/Projects/DCU/2026-mcm-XAI-skin-lesion/outputs/pilot/pseudo_concepts/npz/isic2018/ISIC_0015485.npz
isic2018,ISIC_0015485,lime,border_w8_dil2_sigma5,20,0.0,0.0,0.00111526602374824,0.8227374361137479,-0.0347440981122598,0.0013552295918367347,0.3204719387755102,/home/tbeliere/Projects/DCU/2026-mcm-XAI-skin-lesion/outputs/pilot/xai_maps/lime/isic2018_ISIC_0015485.npy,/home/tbeliere/Projects/DCU/2026-mcm-XAI-skin-lesion/outputs/pilot/pseudo_concepts/npz/isic2018/ISIC_0015485.npz
isic2018,ISIC_0015485,lime,border_w12_dil4_sigma8,20,0.0,0.0,0.002476546611558592,0.8224955107734055,-0.04035124854152841,0.003009406887755102,0.3204719387755102,/home/tbeliere/Projects/DCU/2026-mcm-XAI-skin-lesion/outputs/pilot/xai_maps/lime/isic2018_ISIC_0015485.npy,/home/tbeliere/Projects/DCU/2026-mcm-XAI-skin-lesion/outputs/pilot/pseudo_concepts/npz/isic2018/ISIC_0015485.npz
isic2018,ISIC_0015485,lime,border_w16_dil6_sigma10,20,0.0,0.0,0.003985435937806211,0.8222265671924274,-0.04515521211164095,0.004842952806122449,0.3204719387755102,/home/tbeliere/Projects/DCU/2026-mcm-XAI-skin-lesion/outputs/pilot/xai_maps/lime/isic2018_ISIC_0015485.npy,/home/tbeliere/Projects/DCU/2026-mcm-XAI-skin-lesion/outputs/pilot/pseudo_concepts/npz/isic2018/ISIC_0015485.npz
isic2018,ISIC_0015485,lime,border_w16_dil6_sigma10_dist,20,0.0,0.0,0.00362461457718178,0.8222909654182958,-0.042881184076782805,0.004404496173469388,0.3204719387755102,/home/tbeliere/Projects/DCU/2026-mcm-XAI-skin-lesion/outputs/pilot/xai_maps/lime/isic2018_ISIC_0015485.npy,/home/tbeliere/Projects/DCU/2026-mcm-XAI-skin-lesion/outputs/pilot/pseudo_concepts/npz/isic2018/ISIC_0015485.npz
isic2018,ISIC_0015485,lime,colour_heterogeneity,20,0.06180551384463823,0.11641588414972484,0.042872138030557345,1.3616580356689132,0.22573286980285517,0.03184789540816327,0.3204719387755102,/home/tbeliere/Projects/DCU/2026-mcm-XAI-skin-lesion/outputs/pilot/xai_maps/lime/isic2018_ISIC_0015485.npy,/home/tbeliere/Projects/DCU/2026-mcm-XAI-skin-lesion/outputs/pilot/pseudo_concepts/npz/isic2018/ISIC_0015485.npz
isic2018,ISIC_0015485,shap,asymmetry,20,0.013800255264826259,0.027224801321876445,0.027426515799362058,0.5011528095133663,-0.09146606741377408,0.05327248086734694,0.20001594387755103,/home/tbeliere/Projects/DCU/2026-mcm-XAI-skin-lesion/outputs/pilot/xai_maps/shap/isic2018_ISIC_0015485.npy,/home/tbeliere/Projects/DCU/2026-mcm-XAI-skin-lesion/outputs/pilot/pseudo_concepts/npz/isic2018/ISIC_0015485.npz
isic2018,ISIC_0015485,shap,border_default,20,0.00029700029700000294,0.0005938242280279158,0.000759599236565464,0.5601605713327501,-0.05252527039360273,0.0013552295918367347,0.20001594387755103,/home/tbeliere/Projects/DCU/2026-mcm-XAI-skin-lesion/outputs/pilot/xai_maps/shap/isic2018_ISIC_0015485.npy,/home/tbeliere/Projects/DCU/2026-mcm-XAI-skin-lesion/outputs/pilot/pseudo_concepts/npz/isic2018/ISIC_0015485.npz
isic2018,ISIC_0015485,shap,border_w8_dil2_sigma5,20,0.00029700029700000294,0.0005938242280279158,0.000759599236565464,0.5601605713327501,-0.05252527039360273,0.0013552295918367347,0.20001594387755103,/home/tbeliere/Projects/DCU/2026-mcm-XAI-skin-lesion/outputs/pilot/xai_maps/shap/isic2018_ISIC_0015485.npy,/home/tbeliere/Projects/DCU/2026-mcm-XAI-skin-lesion/outputs/pilot/pseudo_concepts/npz/isic2018/ISIC_0015485.npz
isic2018,ISIC_0015485,shap,border_w12_dil4_sigma8,20,0.0011793611793600202,0.0023559438500025953,0.0019361155437071804,0.6426625708794633,-0.06592822091280086,0.003009406887755102,0.20001594387755103,/home/tbeliere/Projects/DCU/2026-mcm-XAI-skin-lesion/outputs/pilot/xai_maps/shap/isic2018_ISIC_0015485.npy,/home/tbeliere/Projects/DCU/2026-mcm-XAI-skin-lesion/outputs/pilot/pseudo_concepts/npz/isic2018/ISIC_0015485.npz
isic2018,ISIC_0015485,shap,border_w16_dil6_sigma10,20,0.0016565971545491555,0.0033077147582417474,0.003063133977199718,0.6313637399379006,-0.08054683204691288,0.004842952806122449,0.20001594387755103,/home/tbeliere/Projects/DCU/2026-mcm-XAI-skin-lesion/outputs/pilot/xai_maps/shap/isic2018_ISIC_0015485.npy,/home/tbeliere/Projects/DCU/2026-mcm-XAI-skin-lesion/outputs/pilot/pseudo_concepts/npz/isic2018/ISIC_0015485.npz
isic2018,ISIC_0015485,shap,border_w16_dil6_sigma10_dist,20,0.0016601562499983786,0.0033148093984563566,0.0028463515916650546,0.6452277725776628,-0.07322176974559855,0.004404496173469388,0.20001594387755103,/home/tbeliere/Projects/DCU/2026-mcm-XAI-skin-lesion/outputs/pilot/xai_maps/shap/isic2018_ISIC_0015485.npy,/home/tbeliere/Projects/DCU/2026-mcm-XAI-skin-lesion/outputs/pilot/pseudo_concepts/npz/isic2018/ISIC_0015485.npz
isic2018,ISIC_0015485,shap,colour_heterogeneity,20,0.12145748987842542,0.21660649819475966,0.09593188483789129,3.225704762299988,0.38409668718824613,0.03184789540816327,0.20001594387755103,/home/tbeliere/Projects/DCU/2026-mcm-XAI-skin-lesion/outputs/pilot/xai_maps/shap/isic2018_ISIC_0015485.npy,/home/tbeliere/Projects/DCU/2026-mcm-XAI-skin-lesion/outputs/pilot/pseudo_concepts/npz/isic2018/ISIC_0015485.npz
isic2018,ISIC_0010604,gradcam,asymmetry,20,0.07531489158161765,0.14007969604297285,0.25973250089080113,4.307749642362097,0.19995044121956523,0.07531489158163265,1.0,/home/tbeliere/Projects/DCU/2026-mcm-XAI-skin-lesion/outputs/pilot/xai_maps/gradcam/isic2018_ISIC_0010604.npy,/home/tbeliere/Projects/DCU/2026-mcm-XAI-skin-lesion/outputs/pilot/pseudo_concepts/npz/isic2018/ISIC_0010604.npz
isic2018,ISIC_0010604,gradcam,border_default,20,0.012296715561222039,0.024294686275663124,0.02658950436658353,2.194074895062058,0.07958797665709397,0.01229671556122449,1.0,/home/tbeliere/Projects/DCU/2026-mcm-XAI-skin-lesion/outputs/pilot/xai_maps/gradcam/isic2018_ISIC_0010604.npy,/home/tbeliere/Projects/DCU/2026-mcm-XAI-skin-lesion/outputs/pilot/pseudo_concepts/npz/isic2018/ISIC_0010604.npz
isic2018,ISIC_0010604,gradcam,border_w8_dil2_sigma5,20,0.012296715561222039,0.024294686275663124,0.02658950436658353,2.194074895062058,0.07958797665709397,0.01229671556122449,1.0,/home/tbeliere/Projects/DCU/2026-mcm-XAI-skin-lesion/outputs/pilot/xai_maps/gradcam/isic2018_ISIC_0010604.npy,/home/tbeliere/Projects/DCU/2026-mcm-XAI-skin-lesion/outputs/pilot/pseudo_concepts/npz/isic2018/ISIC_0010604.npz
isic2018,ISIC_0010604,gradcam,border_w12_dil4_sigma8,20,0.002351721938775042,0.004692408637212254,0.00420674678323459,1.7921260028924673,0.09726121517263286,0.00235172193877551,1.0,/home/tbeliere/Projects/DCU/2026-mcm-XAI-skin-lesion/outputs/pilot/xai_maps/gradcam/isic2018_ISIC_0010604.npy,/home/tbeliere/Projects/DCU/2026-mcm-XAI-skin-lesion/outputs/pilot/pseudo_concepts/npz/isic2018/ISIC_0010604.npz
isic2018,ISIC_0010604,gradcam,border_w16_dil6_sigma10,20,0.002431441326530128,0.004851087518389429,0.005894095852461811,2.432558948643829,0.1094482182880206,0.0024314413265306123,1.0,/home/tbeliere/Projects/DCU/2026-mcm-XAI-skin-lesion/outputs/pilot/xai_maps/gradcam/isic2018_ISIC_0010604.npy,/home/tbeliere/Projects/DCU/2026-mcm-XAI-skin-lesion/outputs/pilot/pseudo_concepts/npz/isic2018/ISIC_0010604.npz
isic2018,ISIC_0010604,gradcam,border_w16_dil6_sigma10_dist,20,0.0019531249999996108,0.003898635477582071,0.0050062856614645984,2.5710826407274454,0.10224785217661846,0.001953125,1.0,/home/tbeliere/Projects/DCU/2026-mcm-XAI-skin-lesion/outputs/pilot/xai_maps/gradcam/isic2018_ISIC_0010604.npy,/home/tbeliere/Projects/DCU/2026-mcm-XAI-skin-lesion/outputs/pilot/pseudo_concepts/npz/isic2018/ISIC_0010604.npz
isic2018,ISIC_0010604,gradcam,colour_heterogeneity,20,0.05397002551019333,0.10241282807652553,0.0,0.0,-0.07359975508889126,0.05397002551020408,1.0,/home/tbeliere/Projects/DCU/2026-mcm-XAI-skin-lesion/outputs/pilot/xai_maps/gradcam/isic2018_ISIC_0010604.npy,/home/tbeliere/Projects/DCU/2026-mcm-XAI-skin-lesion/outputs/pilot/pseudo_concepts/npz/isic2018/ISIC_0010604.npz
isic2018,ISIC_0010604,lime,asymmetry,20,0.10389003436423262,0.18822533246994366,0.1036139544599417,1.4191755872894811,0.16135789043419663,0.07531489158163265,0.7249481823979592,/home/tbeliere/Projects/DCU/2026-mcm-XAI-skin-lesion/outputs/pilot/xai_maps/lime/isic2018_ISIC_0010604.npy,/home/tbeliere/Projects/DCU/2026-mcm-XAI-skin-lesion/outputs/pilot/pseudo_concepts/npz/isic2018/ISIC_0010604.npz
isic2018,ISIC_0010604,lime,border_default,20,0.016962199312710115,0.03335856401383182,0.018069772299969672,1.478119043955199,0.14988277150582668,0.01229671556122449,0.7249481823979592,/home/tbeliere/Projects/DCU/2026-mcm-XAI-skin-lesion/outputs/pilot/xai_maps/lime/isic2018_ISIC_0010604.npy,/home/tbeliere/Projects/DCU/2026-mcm-XAI-skin-lesion/outputs/pilot/pseudo_concepts/npz/isic2018/ISIC_0010604.npz
isic2018,ISIC_0010604,lime,border_w8_dil2_sigma5,20,0.016962199312710115,0.03335856401383182,0.018069772299969672,1.478119043955199,0.14988277150582668,0.01229671556122449,0.7249481823979592,/home/tbeliere/Projects/DCU/2026-mcm-XAI-skin-lesion/outputs/pilot/xai_maps/lime/isic2018_ISIC_0010604.npy,/home/tbeliere/Projects/DCU/2026-mcm-XAI-skin-lesion/outputs/pilot/pseudo_concepts/npz/isic2018/ISIC_0010604.npz
isic2018,ISIC_0010604,lime,border_w12_dil4_sigma8,20,0.0032439862542946413,0.006466993670017136,0.003081261750572863,1.311173959611877,0.1738792729173767,0.00235172193877551,0.7249481823979592,/home/tbeliere/Projects/DCU/2026-mcm-XAI-skin-lesion/outputs/pilot/xai_maps/lime/isic2018_ISIC_0010604.npy,/home/tbeliere/Projects/DCU/2026-mcm-XAI-skin-lesion/outputs/pilot/pseudo_concepts/npz/isic2018/ISIC_0010604.npz
isic2018,ISIC_0010604,lime,border_w16_dil6_sigma10,20,0.0033539518900334423,0.006685480998436397,0.00318571130143974,1.3112065461817544,0.19176106670590873,0.0024314413265306123,0.7249481823979592,/home/tbeliere/Projects/DCU/2026-mcm-XAI-skin-lesion/outputs/pilot/xai_maps/lime/isic2018_ISIC_0010604.npy,/home/tbeliere/Projects/DCU/2026-mcm-XAI-skin-lesion/outputs/pilot/pseudo_concepts/npz/isic2018/ISIC_0010604.npz
isic2018,ISIC_0010604,lime,border_w16_dil6_sigma10_dist,20,0.002694158075600634,0.0053738381816671585,0.0025590139962384795,1.3110110510550614,0.1780980134756545,0.001953125,0.7249481823979592,/home/tbeliere/Projects/DCU/2026-mcm-XAI-skin-lesion/outputs/pilot/xai_maps/lime/isic2018_ISIC_0010604.npy,/home/tbeliere/Projects/DCU/2026-mcm-XAI-skin-lesion/outputs/pilot/pseudo_concepts/npz/isic2018/ISIC_0010604.npz
isic2018,ISIC_0010604,lime,colour_heterogeneity,20,0.037014434302686,0.0713865363457075,0.036426780864823254,0.662656366326917,-0.1294241945690223,0.05397002551020408,0.7249481823979592,/home/tbeliere/Projects/DCU/2026-mcm-XAI-skin-lesion/outputs/pilot/xai_maps/lime/isic2018_ISIC_0010604.npy,/home/tbeliere/Projects/DCU/2026-mcm-XAI-skin-lesion/outputs/pilot/pseudo_concepts/npz/isic2018/ISIC_0010604.npz
isic2018,ISIC_0010604,shap,asymmetry,20,0.022651565622901285,0.044299674267068906,0.047897059634441644,0.6176434330373534,-0.11053010949163851,0.07531489158163265,0.20001594387755103,/home/tbeliere/Projects/DCU/2026-mcm-XAI-skin-lesion/outputs/pilot/xai_maps/shap/isic2018_ISIC_0010604.npy,/home/tbeliere/Projects/DCU/2026-mcm-XAI-skin-lesion/outputs/pilot/pseudo_concepts/npz/isic2018/ISIC_0010604.npz
isic2018,ISIC_0010604,shap,border_default,20,0.0032962893200194983,0.006570918989949713,0.007040252647215107,0.5695000298222239,-0.07765234851944079,0.01229671556122449,0.20001594387755103,/home/tbeliere/Projects/DCU/2026-mcm-XAI-skin-lesion/outputs/pilot/xai_maps/shap/isic2018_ISIC_0010604.npy,/home/tbeliere/Projects/DCU/2026-mcm-XAI-skin-lesion/outputs/pilot/pseudo_concepts/npz/isic2018/ISIC_0010604.npz
isic2018,ISIC_0010604,shap,border_w8_dil2_sigma5,20,0.0032962893200194983,0.006570918989949713,0.007040252647215107,0.5695000298222239,-0.07765234851944079,0.01229671556122449,0.20001594387755103,/home/tbeliere/Projects/DCU/2026-mcm-XAI-skin-lesion/outputs/pilot/xai_maps/shap/isic2018_ISIC_0010604.npy,/home/tbeliere/Projects/DCU/2026-mcm-XAI-skin-lesion/outputs/pilot/pseudo_concepts/npz/isic2018/ISIC_0010604.npz
isic2018,ISIC_0010604,shap,border_w12_dil4_sigma8,20,0.0012819248594800492,0.0025605672641298397,0.0016146695696863144,0.6860831912431087,-0.08443817410592154,0.00235172193877551,0.20001594387755103,/home/tbeliere/Projects/DCU/2026-mcm-XAI-skin-lesion/outputs/pilot/xai_maps/shap/isic2018_ISIC_0010604.npy,/home/tbeliere/Projects/DCU/2026-mcm-XAI-skin-lesion/outputs/pilot/pseudo_concepts/npz/isic2018/ISIC_0010604.npz
isic2018,ISIC_0010604,shap,border_w16_dil6_sigma10,20,0.000886786875553368,0.0017720023626680724,0.0016656854231964404,0.6845352051000084,-0.08892675745317287,0.0024314413265306123,0.20001594387755103,/home/tbeliere/Projects/DCU/2026-mcm-XAI-skin-lesion/outputs/pilot/xai_maps/shap/isic2018_ISIC_0010604.npy,/home/tbeliere/Projects/DCU/2026-mcm-XAI-skin-lesion/outputs/pilot/pseudo_concepts/npz/isic2018/ISIC_0010604.npz
isic2018,ISIC_0010604,shap,border_w16_dil6_sigma10_dist,20,0.0007900454276113074,0.001578843497136788,0.0013578237258738274,0.6947910532196271,-0.08534550559209268,0.001953125,0.20001594387755103,/home/tbeliere/Projects/DCU/2026-mcm-XAI-skin-lesion/outputs/pilot/xai_maps/shap/isic2018_ISIC_0010604.npy,/home/tbeliere/Projects/DCU/2026-mcm-XAI-skin-lesion/outputs/pilot/pseudo_concepts/npz/isic2018/ISIC_0010604.npz
isic2018,ISIC_0010604,shap,colour_heterogeneity,20,0.0662650602409084,0.12429378531063692,0.06857298587733947,1.2904949303640272,0.11371578859651578,0.05397002551020408,0.20001594387755103,/home/tbeliere/Projects/DCU/2026-mcm-XAI-skin-lesion/outputs/pilot/xai_maps/shap/isic2018_ISIC_0010604.npy,/home/tbeliere/Projects/DCU/2026-mcm-XAI-skin-lesion/outputs/pilot/pseudo_concepts/npz/isic2018/ISIC_0010604.npz
isic2018,ISIC_0010329,gradcam,asymmetry,20,0.0,0.0,0.004518213791944727,0.03545686001355046,-0.15753863443730873,0.11348054846938775,0.20408163265306123,/home/tbeliere/Projects/DCU/2026-mcm-XAI-skin-lesion/outputs/pilot/xai_maps/gradcam/isic2018_ISIC_0010329.npy,/home/tbeliere/Projects/DCU/2026-mcm-XAI-skin-lesion/outputs/pilot/pseudo_concepts/npz/isic2018/ISIC_0010329.npz
isic2018,ISIC_0010329,gradcam,border_default,20,0.0,0.0,0.0002419703017862193,0.058424821787882344,-0.0610071971558301,0.00412547831632653,0.20408163265306123,/home/tbeliere/Projects/DCU/2026-mcm-XAI-skin-lesion/outputs/pilot/xai_maps/gradcam/isic2018_ISIC_0010329.npy,/home/tbeliere/Projects/DCU/2026-mcm-XAI-skin-lesion/outputs/pilot/pseudo_concepts/npz/isic2018/ISIC_0010329.npz
isic2018,ISIC_0010329,gradcam,border_w8_dil2_sigma5,20,0.0,0.0,0.0002419703017862193,0.058424821787882344,-0.0610071971558301,0.00412547831632653,0.20408163265306123,/home/tbeliere/Projects/DCU/2026-mcm-XAI-skin-lesion/outputs/pilot/xai_maps/gradcam/isic2018_ISIC_0010329.npy,/home/tbeliere/Projects/DCU/2026-mcm-XAI-skin-lesion/outputs/pilot/pseudo_concepts/npz/isic2018/ISIC_0010329.npz
isic2018,ISIC_0010329,gradcam,border_w12_dil4_sigma8,20,0.0,0.0,0.0006463476640397467,0.13181083972010593,-0.07759649640458575,0.0048828125,0.20408163265306123,/home/tbeliere/Projects/DCU/2026-mcm-XAI-skin-lesion/outputs/pilot/xai_maps/gradcam/isic2018_ISIC_0010329.npy,/home/tbeliere/Projects/DCU/2026-mcm-XAI-skin-lesion/outputs/pilot/pseudo_concepts/npz/isic2018/ISIC_0010329.npz
isic2018,ISIC_0010329,gradcam,border_w16_dil6_sigma10,20,0.0,0.0,0.0009681807755484573,0.11133228822442703,-0.0908816602937818,0.008629623724489796,0.20408163265306123,/home/tbeliere/Projects/DCU/2026-mcm-XAI-skin-lesion/outputs/pilot/xai_maps/gradcam/isic2018_ISIC_0010329.npy,/home/tbeliere/Projects/DCU/2026-mcm-XAI-skin-lesion/outputs/pilot/pseudo_concepts/npz/isic2018/ISIC_0010329.npz
isic2018,ISIC_0010329,gradcam,border_w16_dil6_sigma10_dist,20,0.0,0.0,0.0007791965061694164,0.10912876671474273,-0.08553885741843113,0.007095025510204082,0.20408163265306123,/home/tbeliere/Projects/DCU/2026-mcm-XAI-skin-lesion/outputs/pilot/xai_maps/gradcam/isic2018_ISIC_0010329.npy,/home/tbeliere/Projects/DCU/2026-mcm-XAI-skin-lesion/outputs/pilot/pseudo_concepts/npz/isic2018/ISIC_0010329.npz
isic2018,ISIC_0010329,gradcam,colour_heterogeneity,20,0.018757017370042428,0.0368233387357946,0.03167623138165928,0.28385058379616585,-0.041772169735898264,0.10333625637755102,0.20408163265306123,/home/tbeliere/Projects/DCU/2026-mcm-XAI-skin-lesion/outputs/pilot/xai_maps/gradcam/isic2018_ISIC_0010329.npy,/home/tbeliere/Projects/DCU/2026-mcm-XAI-skin-lesion/outputs/pilot/pseudo_concepts/npz/isic2018/ISIC_0010329.npz
isic2018,ISIC_0010329,lime,asymmetry,20,0.13938269438102968,0.244663527133435,0.15178708559135012,1.397966480740695,0.1952766494780667,0.11348054846938775,0.7921715561224489,/home/tbeliere/Projects/DCU/2026-mcm-XAI-skin-lesion/outputs/pilot/xai_maps/lime/isic2018_ISIC_0010329.npy,/home/tbeliere/Projects/DCU/2026-mcm-XAI-skin-lesion/outputs/pilot/pseudo_concepts/npz/isic2018/ISIC_0010329.npz
isic2018,ISIC_0010329,lime,border_default,20,0.005207809197945757,0.010361656863969376,0.006121508655678907,1.486810072533067,0.11213480554401302,0.00412547831632653,0.7921715561224489,/home/tbeliere/Projects/DCU/2026-mcm-XAI-skin-lesion/outputs/pilot/xai_maps/lime/isic2018_ISIC_0010329.npy,/home/tbeliere/Projects/DCU/2026-mcm-XAI-skin-lesion/outputs/pilot/pseudo_concepts/npz/isic2018/ISIC_0010329.npz
isic2018,ISIC_0010329,lime,border_w8_dil2_sigma5,20,0.005207809197945757,0.010361656863969376,0.006121508655678907,1.486810072533067,0.11213480554401302,0.00412547831632653,0.7921715561224489,/home/tbeliere/Projects/DCU/2026-mcm-XAI-skin-lesion/outputs/pilot/xai_maps/lime/isic2018_ISIC_0010329.npy,/home/tbeliere/Projects/DCU/2026-mcm-XAI-skin-lesion/outputs/pilot/pseudo_concepts/npz/isic2018/ISIC_0010329.npz
isic2018,ISIC_0010329,lime,border_w12_dil4_sigma8,20,0.006163832142496185,0.01225214412521885,0.006011804199483945,1.2326158723616194,0.1284711015041452,0.0048828125,0.7921715561224489,/home/tbeliere/Projects/DCU/2026-mcm-XAI-skin-lesion/outputs/pilot/xai_maps/lime/isic2018_ISIC_0010329.npy,/home/tbeliere/Projects/DCU/2026-mcm-XAI-skin-lesion/outputs/pilot/pseudo_concepts/npz/isic2018/ISIC_0010329.npz
isic2018,ISIC_0010329,lime,border_w16_dil6_sigma10,20,0.010893629868166728,0.02155247505039159,0.010312218882326476,1.19701046342692,0.14115941315381578,0.008629623724489796,0.7921715561224489,/home/tbeliere/Projects/DCU/2026-mcm-XAI-skin-lesion/outputs/pilot/xai_maps/lime/isic2018_ISIC_0010329.npy,/home/tbeliere/Projects/DCU/2026-mcm-XAI-skin-lesion/outputs/pilot/pseudo_concepts/npz/isic2018/ISIC_0010329.npz
isic2018,ISIC_0010329,lime,border_w16_dil6_sigma10_dist,20,0.00895642548052507,0.01775384001595408,0.00842530223577312,1.1890873559532287,0.13285702242275954,0.007095025510204082,0.7921715561224489,/home/tbeliere/Projects/DCU/2026-mcm-XAI-skin-lesion/outputs/pilot/xai_maps/lime/isic2018_ISIC_0010329.npy,/home/tbeliere/Projects/DCU/2026-mcm-XAI-skin-lesion/outputs/pilot/pseudo_concepts/npz/isic2018/ISIC_0010329.npz
isic2018,ISIC_0010329,lime,colour_heterogeneity,20,0.12684639498429423,0.2251352012996628,0.137547447177244,1.383866516154127,0.07836941334836846,0.10333625637755102,0.7921715561224489,/home/tbeliere/Projects/DCU/2026-mcm-XAI-skin-lesion/outputs/pilot/xai_maps/lime/isic2018_ISIC_0010329.npy,/home/tbeliere/Projects/DCU/2026-mcm-XAI-skin-lesion/outputs/pilot/pseudo_concepts/npz/isic2018/ISIC_0010329.npz
isic2018,ISIC_0010329,shap,asymmetry,20,0.022623846053814442,0.04424666242845248,0.06853979126260094,0.574837719307627,-0.15175297114445085,0.11348054846938775,0.20001594387755103,/home/tbeliere/Projects/DCU/2026-mcm-XAI-skin-lesion/outputs/pilot/xai_maps/shap/isic2018_ISIC_0010329.npy,/home/tbeliere/Projects/DCU/2026-mcm-XAI-skin-lesion/outputs/pilot/pseudo_concepts/npz/isic2018/ISIC_0010329.npz
isic2018,ISIC_0010329,shap,border_default,20,0.0004883766360612538,0.0009762764814986075,0.00184384520039969,0.44591923895522356,-0.0618125318189972,0.00412547831632653,0.20001594387755103,/home/tbeliere/Projects/DCU/2026-mcm-XAI-skin-lesion/outputs/pilot/xai_maps/shap/isic2018_ISIC_0010329.npy,/home/tbeliere/Projects/DCU/2026-mcm-XAI-skin-lesion/outputs/pilot/pseudo_concepts/npz/isic2018/ISIC_0010329.npz
isic2018,ISIC_0010329,shap,border_w8_dil2_sigma5,20,0.0004883766360612538,0.0009762764814986075,0.00184384520039969,0.44591923895522356,-0.0618125318189972,0.00412547831632653,0.20001594387755103,/home/tbeliere/Projects/DCU/2026-mcm-XAI-skin-lesion/outputs/pilot/xai_maps/shap/isic2018_ISIC_0010329.npy,/home/tbeliere/Projects/DCU/2026-mcm-XAI-skin-lesion/outputs/pilot/pseudo_concepts/npz/isic2018/ISIC_0010329.npz
isic2018,ISIC_0010329,shap,border_w12_dil4_sigma8,20,0.0019491277653231173,0.003890672113603841,0.003004358946138404,0.6141333134220973,-0.07069719292658075,0.0048828125,0.20001594387755103,/home/tbeliere/Projects/DCU/2026-mcm-XAI-skin-lesion/outputs/pilot/xai_maps/shap/isic2018_ISIC_0010329.npy,/home/tbeliere/Projects/DCU/2026-mcm-XAI-skin-lesion/outputs/pilot/pseudo_concepts/npz/isic2018/ISIC_0010329.npz
isic2018,ISIC_0010329,shap,border_w16_dil6_sigma10,20,0.0040280042198100816,0.008023688986524,0.00596609280885508,0.6894976494880791,-0.07670657005441743,0.008629623724489796,0.20001594387755103,/home/tbeliere/Projects/DCU/2026-mcm-XAI-skin-lesion/outputs/pilot/xai_maps/shap/isic2018_ISIC_0010329.npy,/home/tbeliere/Projects/DCU/2026-mcm-XAI-skin-lesion/outputs/pilot/pseudo_concepts/npz/isic2018/ISIC_0010329.npz
isic2018,ISIC_0010329,shap,border_w16_dil6_sigma10_dist,20,0.002798417446682622,0.005581216320240973,0.0047034511745374175,0.6613292694245972,-0.07263030382794883,0.007095025510204082,0.20001594387755103,/home/tbeliere/Projects/DCU/2026-mcm-XAI-skin-lesion/outputs/pilot/xai_maps/shap/isic2018_ISIC_0010329.npy,/home/tbeliere/Projects/DCU/2026-mcm-XAI-skin-lesion/outputs/pilot/pseudo_concepts/npz/isic2018/ISIC_0010329.npz
isic2018,ISIC_0010329,shap,colour_heterogeneity,20,0.052773550975202116,0.10025622495230256,0.09095939197581382,0.8682425509960289,0.011736183898985383,0.10333625637755102,0.20001594387755103,/home/tbeliere/Projects/DCU/2026-mcm-XAI-skin-lesion/outputs/pilot/xai_maps/shap/isic2018_ISIC_0010329.npy,/home/tbeliere/Projects/DCU/2026-mcm-XAI-skin-lesion/outputs/pilot/pseudo_concepts/npz/isic2018/ISIC_0010329.npz
isic2018,ISIC_0011295,gradcam,asymmetry,20,0.031100290583498703,0.06032447254165563,0.015822843750761432,0.26315123073624247,-0.07761292727713057,0.05757732780612245,0.20408163265306123,/home/tbeliere/Projects/DCU/2026-mcm-XAI-skin-lesion/outputs/pilot/xai_maps/gradcam/isic2018_ISIC_0011295.npy,/home/tbeliere/Projects/DCU/2026-mcm-XAI-skin-lesion/outputs/pilot/pseudo_concepts/npz/isic2018/ISIC_0011295.npz
isic2018,ISIC_0011295,gradcam,border_default,20,0.0,0.0,0.00064497191099554,0.34385448860938805,-0.029177661350146548,0.0018734056122448979,0.20408163265306123,/home/tbeliere/Projects/DCU/2026-mcm-XAI-skin-lesion/outputs/pilot/xai_maps/gradcam/isic2018_ISIC_0011295.npy,/home/tbeliere/Projects/DCU/2026-mcm-XAI-skin-lesion/outputs/pilot/pseudo_concepts/npz/isic2018/ISIC_0011295.npz
isic2018,ISIC_0011295,gradcam,border_w8_dil2_sigma5,20,0.0,0.0,0.00064497191099554,0.34385448860938805,-0.029177661350146548,0.0018734056122448979,0.20408163265306123,/home/tbeliere/Projects/DCU/2026-mcm-XAI-skin-lesion/outputs/pilot/xai_maps/gradcam/isic2018_ISIC_0011295.npy,/home/tbeliere/Projects/DCU/2026-mcm-XAI-skin-lesion/outputs/pilot/pseudo_concepts/npz/isic2018/ISIC_0011295.npz
isic2018,ISIC_0011295,gradcam,border_w12_dil4_sigma8,20,0.0,0.0,0.0007401732957953327,0.3636361040741021,-0.03783072707671297,0.002032844387755102,0.20408163265306123,/home/tbeliere/Projects/DCU/2026-mcm-XAI-skin-lesion/outputs/pilot/xai_maps/gradcam/isic2018_ISIC_0011295.npy,/home/tbeliere/Projects/DCU/2026-mcm-XAI-skin-lesion/outputs/pilot/pseudo_concepts/npz/isic2018/ISIC_0011295.npz
isic2018,ISIC_0011295,gradcam,border_w16_dil6_sigma10,20,0.0,0.0,0.0010639184596241279,0.35520172174546466,-0.04113592838474305,0.0029894770408163264,0.20408163265306123,/home/tbeliere/Projects/DCU/2026-mcm-XAI-skin-lesion/outputs/pilot/xai_maps/gradcam/isic2018_ISIC_0011295.npy,/home/tbeliere/Projects/DCU/2026-mcm-XAI-skin-lesion/outputs/pilot/pseudo_concepts/npz/isic2018/ISIC_0011295.npz
isic2018,ISIC_0011295,gradcam,border_w16_dil6_sigma10_dist,20,0.0,0.0,0.0008847442407850167,0.3545722737628107,-0.041090817320160324,0.0024912308673469387,0.20408163265306123,/home/tbeliere/Projects/DCU/2026-mcm-XAI-skin-lesion/outputs/pilot/xai_maps/gradcam/isic2018_ISIC_0011295.npy,/home/tbeliere/Projects/DCU/2026-mcm-XAI-skin-lesion/outputs/pilot/pseudo_concepts/npz/isic2018/ISIC_0011295.npz
isic2018,ISIC_0011295,gradcam,colour_heterogeneity,20,0.14637893196770563,0.25537617254785566,0.19043461175285725,1.938021341091371,0.2353393102975608,0.10823899872448979,0.20408163265306123,/home/tbeliere/Projects/DCU/2026-mcm-XAI-skin-lesion/outputs/pilot/xai_maps/gradcam/isic2018_ISIC_0011295.npy,/home/tbeliere/Projects/DCU/2026-mcm-XAI-skin-lesion/outputs/pilot/pseudo_concepts/npz/isic2018/ISIC_0011295.npz
isic2018,ISIC_0011295,lime,asymmetry,20,0.05545110750944237,0.10507565365162362,0.05338598522960401,0.9230995514112798,-0.04067393164516553,0.05757732780612245,0.9158163265306123,/home/tbeliere/Projects/DCU/2026-mcm-XAI-skin-lesion/outputs/pilot/xai_maps/lime/isic2018_ISIC_0011295.npy,/home/tbeliere/Projects/DCU/2026-mcm-XAI-skin-lesion/outputs/pilot/pseudo_concepts/npz/isic2018/ISIC_0011295.npz
isic2018,ISIC_0011295,lime,border_default,20,0.0020456128133700285,0.004082873648090153,0.0031705048127111915,1.6945770626295416,0.10518461905950649,0.0018734056122448979,0.9158163265306123,/home/tbeliere/Projects/DCU/2026-mcm-XAI-skin-lesion/outputs/pilot/xai_maps/lime/isic2018_ISIC_0011295.npy,/home/tbeliere/Projects/DCU/2026-mcm-XAI-skin-lesion/outputs/pilot/pseudo_concepts/npz/isic2018/ISIC_0011295.npz
isic2018,ISIC_0011295,lime,border_w8_dil2_sigma5,20,0.0020456128133700285,0.004082873648090153,0.0031705048127111915,1.6945770626295416,0.10518461905950649,0.0018734056122448979,0.9158163265306123,/home/tbeliere/Projects/DCU/2026-mcm-XAI-skin-lesion/outputs/pilot/xai_maps/lime/isic2018_ISIC_0011295.npy,/home/tbeliere/Projects/DCU/2026-mcm-XAI-skin-lesion/outputs/pilot/pseudo_concepts/npz/isic2018/ISIC_0011295.npz
isic2018,ISIC_0011295,lime,border_w12_dil4_sigma8,20,0.002219707520890882,0.004429582663828456,0.0036451312816799327,1.7960202295194219,0.1355396807863195,0.002032844387755102,0.9158163265306123,/home/tbeliere/Projects/DCU/2026-mcm-XAI-skin-lesion/outputs/pilot/xai_maps/lime/isic2018_ISIC_0011295.npy,/home/tbeliere/Projects/DCU/2026-mcm-XAI-skin-lesion/outputs/pilot/pseudo_concepts/npz/isic2018/ISIC_0011295.npz
isic2018,ISIC_0011295,lime,border_w16_dil6_sigma10,20,0.003264275766016003,0.006507309878094984,0.005220891158656153,1.7503402953398806,0.14705569612313418,0.0029894770408163264,0.9158163265306123,/home/tbeliere/Projects/DCU/2026-mcm-XAI-skin-lesion/outputs/pilot/xai_maps/lime/isic2018_ISIC_0011295.npy,/home/tbeliere/Projects/DCU/2026-mcm-XAI-skin-lesion/outputs/pilot/pseudo_concepts/npz/isic2018/ISIC_0011295.npz
isic2018,ISIC_0011295,lime,border_w16_dil6_sigma10_dist,20,0.0027202298050133357,0.0054257004579279415,0.00432859339699492,1.7407383984532785,0.14041169803583997,0.0024912308673469387,0.9158163265306123,/home/tbeliere/Projects/DCU/2026-mcm-XAI-skin-lesion/outputs/pilot/xai_maps/lime/isic2018_ISIC_0011295.npy,/home/tbeliere/Projects/DCU/2026-mcm-XAI-skin-lesion/outputs/pilot/pseudo_concepts/npz/isic2018/ISIC_0011295.npz
isic2018,ISIC_0011295,lime,colour_heterogeneity,20,0.09290651919598152,0.17001732090376778,0.10090558730275438,0.9246441953557427,-0.02329167604171166,0.10823899872448979,0.9158163265306123,/home/tbeliere/Projects/DCU/2026-mcm-XAI-skin-lesion/outputs/pilot/xai_maps/lime/isic2018_ISIC_0011295.npy,/home/tbeliere/Projects/DCU/2026-mcm-XAI-skin-lesion/outputs/pilot/pseudo_concepts/npz/isic2018/ISIC_0011295.npz
isic2018,ISIC_0011295,shap,asymmetry,20,0.0724361101891201,0.135087040618851,0.07135230493608068,1.2576248912387415,0.05732864251052053,0.05757732780612245,0.20001594387755103,/home/tbeliere/Projects/DCU/2026-mcm-XAI-skin-lesion/outputs/pilot/xai_maps/shap/isic2018_ISIC_0011295.npy,/home/tbeliere/Projects/DCU/2026-mcm-XAI-skin-lesion/outputs/pilot/pseudo_concepts/npz/isic2018/ISIC_0011295.npz
isic2018,ISIC_0011295,shap,border_default,20,0.0004938271604933394,0.0009871668311934973,0.0009721076316846781,0.5184304393368697,-0.03408561714738958,0.0018734056122448979,0.20001594387755103,/home/tbeliere/Projects/DCU/2026-mcm-XAI-skin-lesion/outputs/pilot/xai_maps/shap/isic2018_ISIC_0011295.npy,/home/tbeliere/Projects/DCU/2026-mcm-XAI-skin-lesion/outputs/pilot/pseudo_concepts/npz/isic2018/ISIC_0011295.npz
isic2018,ISIC_0011295,shap,border_w8_dil2_sigma5,20,0.0004938271604933394,0.0009871668311934973,0.0009721076316846781,0.5184304393368697,-0.03408561714738958,0.0018734056122448979,0.20001594387755103,/home/tbeliere/Projects/DCU/2026-mcm-XAI-skin-lesion/outputs/pilot/xai_maps/shap/isic2018_ISIC_0011295.npy,/home/tbeliere/Projects/DCU/2026-mcm-XAI-skin-lesion/outputs/pilot/pseudo_concepts/npz/isic2018/ISIC_0011295.npz
isic2018,ISIC_0011295,shap,border_w12_dil4_sigma8,20,0.001185068141416961,0.002367330834481784,0.001484910916332469,0.7300586928134449,-0.02577434678772554,0.002032844387755102,0.20001594387755103,/home/tbeliere/Projects/DCU/2026-mcm-XAI-skin-lesion/outputs/pilot/xai_maps/shap/isic2018_ISIC_0011295.npy,/home/tbeliere/Projects/DCU/2026-mcm-XAI-skin-lesion/outputs/pilot/pseudo_concepts/npz/isic2018/ISIC_0011295.npz
isic2018,ISIC_0011295,shap,border_w16_dil6_sigma10,20,0.002065912444661027,0.004123306499112386,0.002292929150864225,0.7664644969573591,-0.021478853752080525,0.0029894770408163264,0.20001594387755103,/home/tbeliere/Projects/DCU/2026-mcm-XAI-skin-lesion/outputs/pilot/xai_maps/shap/isic2018_ISIC_0011295.npy,/home/tbeliere/Projects/DCU/2026-mcm-XAI-skin-lesion/outputs/pilot/pseudo_concepts/npz/isic2018/ISIC_0011295.npz
isic2018,ISIC_0011295,shap,border_w16_dil6_sigma10_dist,20,0.0017746228926335652,0.0035429583702356626,0.0018977564521747675,0.7613214265000583,-0.021121405081596684,0.0024912308673469387,0.20001594387755103,/home/tbeliere/Projects/DCU/2026-mcm-XAI-skin-lesion/outputs/pilot/xai_maps/shap/isic2018_ISIC_0011295.npy,/home/tbeliere/Projects/DCU/2026-mcm-XAI-skin-lesion/outputs/pilot/pseudo_concepts/npz/isic2018/ISIC_0011295.npz
isic2018,ISIC_0011295,shap,colour_heterogeneity,20,0.11249370639422247,0.2022370207537323,0.1393820252173637,1.3343230080969413,0.14678480747465125,0.10823899872448979,0.20001594387755103,/home/tbeliere/Projects/DCU/2026-mcm-XAI-skin-lesion/outputs/pilot/xai_maps/shap/isic2018_ISIC_0011295.npy,/home/tbeliere/Projects/DCU/2026-mcm-XAI-skin-lesion/outputs/pilot/pseudo_concepts/npz/isic2018/ISIC_0011295.npz
isic2018,ISIC_0015150,gradcam,asymmetry,20,0.03717564870256389,0.07168631224434954,0.020162965685779976,0.4422260297061653,-0.04820106683733743,0.04446348852040816,0.20408163265306123,/home/tbeliere/Projects/DCU/2026-mcm-XAI-skin-lesion/outputs/pilot/xai_maps/gradcam/isic2018_ISIC_0015150.npy,/home/tbeliere/Projects/DCU/2026-mcm-XAI-skin-lesion/outputs/pilot/pseudo_concepts/npz/isic2018/ISIC_0015150.npz
isic2018,ISIC_0015150,gradcam,border_default,20,0.0,0.0,4.355329082405727e-05,0.04366494191387245,-0.05658474890139334,0.0009964923469387755,0.20408163265306123,/home/tbeliere/Projects/DCU/2026-mcm-XAI-skin-lesion/outputs/pilot/xai_maps/gradcam/isic2018_ISIC_0015150.npy,/home/tbeliere/Projects/DCU/2026-mcm-XAI-skin-lesion/outputs/pilot/pseudo_concepts/npz/isic2018/ISIC_0015150.npz
isic2018,ISIC_0015150,gradcam,border_w8_dil2_sigma5,20,0.0,0.0,4.355329082405727e-05,0.04366494191387245,-0.05658474890139334,0.0009964923469387755,0.20408163265306123,/home/tbeliere/Projects/DCU/2026-mcm-XAI-skin-lesion/outputs/pilot/xai_maps/gradcam/isic2018_ISIC_0015150.npy,/home/tbeliere/Projects/DCU/2026-mcm-XAI-skin-lesion/outputs/pilot/pseudo_concepts/npz/isic2018/ISIC_0015150.npz
isic2018,ISIC_0015150,gradcam,border_w12_dil4_sigma8,20,0.0,0.0,8.436962816772638e-05,0.025116142509677298,-0.06293370353893092,0.0033482142857142855,0.20408163265306123,/home/tbeliere/Projects/DCU/2026-mcm-XAI-skin-lesion/outputs/pilot/xai_maps/gradcam/isic2018_ISIC_0015150.npy,/home/tbeliere/Projects/DCU/2026-mcm-XAI-skin-lesion/outputs/pilot/pseudo_concepts/npz/isic2018/ISIC_0015150.npz
isic2018,ISIC_0015150,gradcam,border_w16_dil6_sigma10,20,0.0,0.0,4.109001135630047e-05,0.014478745884729067,-0.06134471763441343,0.0028300382653061226,0.20408163265306123,/home/tbeliere/Projects/DCU/2026-mcm-XAI-skin-lesion/outputs/pilot/xai_maps/gradcam/isic2018_ISIC_0015150.npy,/home/tbeliere/Projects/DCU/2026-mcm-XAI-skin-lesion/outputs/pilot/pseudo_concepts/npz/isic2018/ISIC_0015150.npz
isic2018,ISIC_0015150,gradcam,border_w16_dil6_sigma10_dist,20,0.0,0.0,3.915282747738004e-05,0.014406500030984346,-0.05892971294419376,0.0027104591836734694,0.20408163265306123,/home/tbeliere/Projects/DCU/2026-mcm-XAI-skin-lesion/outputs/pilot/xai_maps/gradcam/isic2018_ISIC_0015150.npy,/home/tbeliere/Projects/DCU/2026-mcm-XAI-skin-lesion/outputs/pilot/pseudo_concepts/npz/isic2018/ISIC_0015150.npz
isic2018,ISIC_0015150,gradcam,colour_heterogeneity,20,0.339548393141254,0.5069595019930706,0.4894001316142581,10.895775993154045,0.6398398474211285,0.08085538903061225,0.20408163265306123,/home/tbeliere/Projects/DCU/2026-mcm-XAI-skin-lesion/outputs/pilot/xai_maps/gradcam/isic2018_ISIC_0015150.npy,/home/tbeliere/Projects/DCU/2026-mcm-XAI-skin-lesion/outputs/pilot/pseudo_concepts/npz/isic2018/ISIC_0015150.npz
isic2018,ISIC_0015150,lime,asymmetry,20,0.05280085767887108,0.10030549898160622,0.048582859264994824,1.0973769671380098,0.04144557357575788,0.04446348852040816,0.2686742665816326,/home/tbeliere/Projects/DCU/2026-mcm-XAI-skin-lesion/outputs/pilot/xai_maps/lime/isic2018_ISIC_0015150.npy,/home/tbeliere/Projects/DCU/2026-mcm-XAI-skin-lesion/outputs/pilot/pseudo_concepts/npz/isic2018/ISIC_0015150.npz
isic2018,ISIC_0015150,lime,border_default,20,0.0037089236703481128,0.007390436774807929,0.001688077111361877,1.6951927364591541,0.11297494826203698,0.0009964923469387755,0.2686742665816326,/home/tbeliere/Projects/DCU/2026-mcm-XAI-skin-lesion/outputs/pilot/xai_maps/lime/isic2018_ISIC_0015150.npy,/home/tbeliere/Projects/DCU/2026-mcm-XAI-skin-lesion/outputs/pilot/pseudo_concepts/npz/isic2018/ISIC_0015150.npz
isic2018,ISIC_0015150,lime,border_w8_dil2_sigma5,20,0.0037089236703481128,0.007390436774807929,0.001688077111361877,1.6951927364591541,0.11297494826203698,0.0009964923469387755,0.2686742665816326,/home/tbeliere/Projects/DCU/2026-mcm-XAI-skin-lesion/outputs/pilot/xai_maps/lime/isic2018_ISIC_0015150.npy,/home/tbeliere/Projects/DCU/2026-mcm-XAI-skin-lesion/outputs/pilot/pseudo_concepts/npz/isic2018/ISIC_0015150.npz
isic2018,ISIC_0015150,lime,border_w12_dil4_sigma8,20,0.012461983532369658,0.024617188072368217,0.005671939094175907,1.697977938930719,0.12870247173034158,0.0033482142857142855,0.2686742665816326,/home/tbeliere/Projects/DCU/2026-mcm-XAI-skin-lesion/outputs/pilot/xai_maps/lime/isic2018_ISIC_0015150.npy,/home/tbeliere/Projects/DCU/2026-mcm-XAI-skin-lesion/outputs/pilot/pseudo_concepts/npz/isic2018/ISIC_0015150.npz
isic2018,ISIC_0015150,lime,border_w16_dil6_sigma10,20,0.010533343223788641,0.020847096821536484,0.0047941389962677305,1.6973624311588957,0.14423931696335676,0.0028300382653061226,0.2686742665816326,/home/tbeliere/Projects/DCU/2026-mcm-XAI-skin-lesion/outputs/pilot/xai_maps/lime/isic2018_ISIC_0015150.npy,/home/tbeliere/Projects/DCU/2026-mcm-XAI-skin-lesion/outputs/pilot/pseudo_concepts/npz/isic2018/ISIC_0015150.npz
isic2018,ISIC_0015150,lime,border_w16_dil6_sigma10_dist,20,0.010088272383346867,0.019975031210971595,0.004591569742904306,1.6972204278548624,0.14070787241815327,0.0027104591836734694,0.2686742665816326,/home/tbeliere/Projects/DCU/2026-mcm-XAI-skin-lesion/outputs/pilot/xai_maps/lime/isic2018_ISIC_0015150.npy,/home/tbeliere/Projects/DCU/2026-mcm-XAI-skin-lesion/outputs/pilot/pseudo_concepts/npz/isic2018/ISIC_0015150.npz
isic2018,ISIC_0015150,lime,colour_heterogeneity,20,0.12951632639909222,0.22933059641907325,0.10177416904400757,1.2880326822718702,0.17868455709465744,0.08085538903061225,0.2686742665816326,/home/tbeliere/Projects/DCU/2026-mcm-XAI-skin-lesion/outputs/pilot/xai_maps/lime/isic2018_ISIC_0015150.npy,/home/tbeliere/Projects/DCU/2026-mcm-XAI-skin-lesion/outputs/pilot/pseudo_concepts/npz/isic2018/ISIC_0015150.npz
isic2018,ISIC_0015150,shap,asymmetry,20,0.03153380423811677,0.06113964294443536,0.03922144617918341,0.8772916380838285,-0.018035566813131166,0.04446348852040816,0.20001594387755103,/home/tbeliere/Projects/DCU/2026-mcm-XAI-skin-lesion/outputs/pilot/xai_maps/shap/isic2018_ISIC_0015150.npy,/home/tbeliere/Projects/DCU/2026-mcm-XAI-skin-lesion/outputs/pilot/pseudo_concepts/npz/isic2018/ISIC_0015150.npz
isic2018,ISIC_0015150,shap,border_default,20,0.0004959825414140502,0.000991473329366457,0.0007863493606814465,0.7889511212092157,-0.0261150687510709,0.0009964923469387755,0.20001594387755103,/home/tbeliere/Projects/DCU/2026-mcm-XAI-skin-lesion/outputs/pilot/xai_maps/shap/isic2018_ISIC_0015150.npy,/home/tbeliere/Projects/DCU/2026-mcm-XAI-skin-lesion/outputs/pilot/pseudo_concepts/npz/isic2018/ISIC_0015150.npz
isic2018,ISIC_0015150,shap,border_w8_dil2_sigma5,20,0.0004959825414140502,0.000991473329366457,0.0007863493606814465,0.7889511212092157,-0.0261150687510709,0.0009964923469387755,0.20001594387755103,/home/tbeliere/Projects/DCU/2026-mcm-XAI-skin-lesion/outputs/pilot/xai_maps/shap/isic2018_ISIC_0015150.npy,/home/tbeliere/Projects/DCU/2026-mcm-XAI-skin-lesion/outputs/pilot/pseudo_concepts/npz/isic2018/ISIC_0015150.npz
isic2018,ISIC_0015150,shap,border_w12_dil4_sigma8,20,0.0011773940345357365,0.002352018816148224,0.0021649765822054886,0.6458394348112622,-0.025626327919840465,0.0033482142857142855,0.20001594387755103,/home/tbeliere/Projects/DCU/2026-mcm-XAI-skin-lesion/outputs/pilot/xai_maps/shap/isic2018_ISIC_0015150.npy,/home/tbeliere/Projects/DCU/2026-mcm-XAI-skin-lesion/outputs/pilot/pseudo_concepts/npz/isic2018/ISIC_0015150.npz
isic2018,ISIC_0015150,shap,border_w16_dil6_sigma10,20,0.0001965408805029515,0.0003930045195515887,0.0013228928091802785,0.4667414585487097,-0.027638475182598727,0.0028300382653061226,0.20001594387755103,/home/tbeliere/Projects/DCU/2026-mcm-XAI-skin-lesion/outputs/pilot/xai_maps/shap/isic2018_ISIC_0015150.npy,/home/tbeliere/Projects/DCU/2026-mcm-XAI-skin-lesion/outputs/pilot/pseudo_concepts/npz/isic2018/ISIC_0015150.npz
isic2018,ISIC_0015150,shap,border_w16_dil6_sigma10_dist,20,0.00019665683382478203,0.0003932363350369708,0.0012706785055801272,0.46812971334352577,-0.0301791738952639,0.0027104591836734694,0.20001594387755103,/home/tbeliere/Projects/DCU/2026-mcm-XAI-skin-lesion/outputs/pilot/xai_maps/shap/isic2018_ISIC_0015150.npy,/home/tbeliere/Projects/DCU/2026-mcm-XAI-skin-lesion/outputs/pilot/pseudo_concepts/npz/isic2018/ISIC_0015150.npz
isic2018,ISIC_0015150,shap,colour_heterogeneity,20,0.26952526799363163,0.42460796139897494,0.26428558322507734,4.083559468458013,0.5907757747996776,0.08085538903061225,0.20001594387755103,/home/tbeliere/Projects/DCU/2026-mcm-XAI-skin-lesion/outputs/pilot/xai_maps/shap/isic2018_ISIC_0015150.npy,/home/tbeliere/Projects/DCU/2026-mcm-XAI-skin-lesion/outputs/pilot/pseudo_concepts/npz/isic2018/ISIC_0015150.npz
isic2018,ISIC_0014968,gradcam,asymmetry,20,0.038552257015015405,0.0742423055837777,0.03097844078694819,0.6022999003386245,-0.06182452781531593,0.05040258290816327,0.20408163265306123,/home/tbeliere/Projects/DCU/2026-mcm-XAI-skin-lesion/outputs/pilot/xai_maps/gradcam/isic2018_ISIC_0014968.npy,/home/tbeliere/Projects/DCU/2026-mcm-XAI-skin-lesion/outputs/pilot/pseudo_concepts/npz/isic2018/ISIC_0014968.npz
isic2018,ISIC_0014968,gradcam,border_default,20,0.0,0.0,0.0,0.0,-0.031183284261117338,0.0003786670918367347,0.20408163265306123,/home/tbeliere/Projects/DCU/2026-mcm-XAI-skin-lesion/outputs/pilot/xai_maps/gradcam/isic2018_ISIC_0014968.npy,/home/tbeliere/Projects/DCU/2026-mcm-XAI-skin-lesion/outputs/pilot/pseudo_concepts/npz/isic2018/ISIC_0014968.npz
isic2018,ISIC_0014968,gradcam,border_w8_dil2_sigma5,20,0.0,0.0,0.0,0.0,-0.031183284261117338,0.0003786670918367347,0.20408163265306123,/home/tbeliere/Projects/DCU/2026-mcm-XAI-skin-lesion/outputs/pilot/xai_maps/gradcam/isic2018_ISIC_0014968.npy,/home/tbeliere/Projects/DCU/2026-mcm-XAI-skin-lesion/outputs/pilot/pseudo_concepts/npz/isic2018/ISIC_0014968.npz
isic2018,ISIC_0014968,gradcam,border_w12_dil4_sigma8,20,0.0,0.0,0.0,0.0,-0.036894523376376005,0.0005181760204081633,0.20408163265306123,/home/tbeliere/Projects/DCU/2026-mcm-XAI-skin-lesion/outputs/pilot/xai_maps/gradcam/isic2018_ISIC_0014968.npy,/home/tbeliere/Projects/DCU/2026-mcm-XAI-skin-lesion/outputs/pilot/pseudo_concepts/npz/isic2018/ISIC_0014968.npz
isic2018,ISIC_0014968,gradcam,border_w16_dil6_sigma10,20,0.0,0.0,0.0,0.0,-0.03705737354759619,0.0005978954081632653,0.20408163265306123,/home/tbeliere/Projects/DCU/2026-mcm-XAI-skin-lesion/outputs/pilot/xai_maps/gradcam/isic2018_ISIC_0014968.npy,/home/tbeliere/Projects/DCU/2026-mcm-XAI-skin-lesion/outputs/pilot/pseudo_concepts/npz/isic2018/ISIC_0014968.npz
isic2018,ISIC_0014968,gradcam,border_w16_dil6_sigma10_dist,20,0.0,0.0,0.0,0.0,-0.036620731165970685,0.0005978954081632653,0.20408163265306123,/home/tbeliere/Projects/DCU/2026-mcm-XAI-skin-lesion/outputs/pilot/xai_maps/gradcam/isic2018_ISIC_0014968.npy,/home/tbeliere/Projects/DCU/2026-mcm-XAI-skin-lesion/outputs/pilot/pseudo_concepts/npz/isic2018/ISIC_0014968.npz
isic2018,ISIC_0014968,gradcam,colour_heterogeneity,20,0.07346905930628995,0.1368815592202872,0.07734507535898962,1.2730081777185518,0.20950475039430136,0.06178252551020408,0.20408163265306123,/home/tbeliere/Projects/DCU/2026-mcm-XAI-skin-lesion/outputs/pilot/xai_maps/gradcam/isic2018_ISIC_0014968.npy,/home/tbeliere/Projects/DCU/2026-mcm-XAI-skin-lesion/outputs/pilot/pseudo_concepts/npz/isic2018/ISIC_0014968.npz
isic2018,ISIC_0014968,lime,asymmetry,20,0.0587034895584935,0.11089694166017032,0.057405903059823515,1.1474098424340564,0.06766182606117511,0.05040258290816327,0.25978555484693877,/home/tbeliere/Projects/DCU/2026-mcm-XAI-skin-lesion/outputs/pilot/xai_maps/lime/isic2018_ISIC_0014968.npy,/home/tbeliere/Projects/DCU/2026-mcm-XAI-skin-lesion/outputs/pilot/pseudo_concepts/npz/isic2018/ISIC_0014968.npz
isic2018,ISIC_0014968,lime,border_default,20,0.0,0.0,0.0003215542919034926,0.8491256105219529,-0.0038598611601401416,0.0003786670918367347,0.25978555484693877,/home/tbeliere/Projects/DCU/2026-mcm-XAI-skin-lesion/outputs/pilot/xai_maps/lime/isic2018_ISIC_0014968.npy,/home/tbeliere/Projects/DCU/2026-mcm-XAI-skin-lesion/outputs/pilot/pseudo_concepts/npz/isic2018/ISIC_0014968.npz
isic2018,ISIC_0014968,lime,border_w8_dil2_sigma5,20,0.0,0.0,0.0003215542919034926,0.8491256105219529,-0.0038598611601401416,0.0003786670918367347,0.25978555484693877,/home/tbeliere/Projects/DCU/2026-mcm-XAI-skin-lesion/outputs/pilot/xai_maps/lime/isic2018_ISIC_0014968.npy,/home/tbeliere/Projects/DCU/2026-mcm-XAI-skin-lesion/outputs/pilot/pseudo_concepts/npz/isic2018/ISIC_0014968.npz
isic2018,ISIC_0014968,lime,border_w12_dil4_sigma8,20,0.0,0.0,0.0004400216626047793,0.8491077329649842,0.0010909407712822844,0.0005181760204081633,0.25978555484693877,/home/tbeliere/Projects/DCU/2026-mcm-XAI-skin-lesion/outputs/pilot/xai_maps/lime/isic2018_ISIC_0014968.npy,/home/tbeliere/Projects/DCU/2026-mcm-XAI-skin-lesion/outputs/pilot/pseudo_concepts/npz/isic2018/ISIC_0014968.npz
isic2018,ISIC_0014968,lime,border_w16_dil6_sigma10,20,0.0,0.0,0.0005077173030055145,0.849097505278141,0.007340571346900272,0.0005978954081632653,0.25978555484693877,/home/tbeliere/Projects/DCU/2026-mcm-XAI-skin-lesion/outputs/pilot/xai_maps/lime/isic2018_ISIC_0014968.npy,/home/tbeliere/Projects/DCU/2026-mcm-XAI-skin-lesion/outputs/pilot/pseudo_concepts/npz/isic2018/ISIC_0014968.npz
isic2018,ISIC_0014968,lime,border_w16_dil6_sigma10_dist,20,0.0,0.0,0.0005077173030055145,0.849097505278141,0.005740829501411615,0.0005978954081632653,0.25978555484693877,/home/tbeliere/Projects/DCU/2026-mcm-XAI-skin-lesion/outputs/pilot/xai_maps/lime/isic2018_ISIC_0014968.npy,/home/tbeliere/Projects/DCU/2026-mcm-XAI-skin-lesion/outputs/pilot/pseudo_concepts/npz/isic2018/ISIC_0014968.npz
isic2018,ISIC_0014968,lime,colour_heterogeneity,20,0.05540293040289416,0.10498915401295011,0.06541091253721046,1.0628387339758159,-0.09162090262936638,0.06178252551020408,0.25978555484693877,/home/tbeliere/Projects/DCU/2026-mcm-XAI-skin-lesion/outputs/pilot/xai_maps/lime/isic2018_ISIC_0014968.npy,/home/tbeliere/Projects/DCU/2026-mcm-XAI-skin-lesion/outputs/pilot/pseudo_concepts/npz/isic2018/ISIC_0014968.npz
isic2018,ISIC_0014968,shap,asymmetry,20,0.02088072798178349,0.04090728213287632,0.040320860491698036,0.7915719668418012,-0.039276176220414245,0.05040258290816327,0.20001594387755103,/home/tbeliere/Projects/DCU/2026-mcm-XAI-skin-lesion/outputs/pilot/xai_maps/shap/isic2018_ISIC_0014968.npy,/home/tbeliere/Projects/DCU/2026-mcm-XAI-skin-lesion/outputs/pilot/pseudo_concepts/npz/isic2018/ISIC_0014968.npz
isic2018,ISIC_0014968,shap,border_default,20,0.0,0.0,0.0001443130426490875,0.3810185180260336,-0.02409394543153277,0.0003786670918367347,0.20001594387755103,/home/tbeliere/Projects/DCU/2026-mcm-XAI-skin-lesion/outputs/pilot/xai_maps/shap/isic2018_ISIC_0014968.npy,/home/tbeliere/Projects/DCU/2026-mcm-XAI-skin-lesion/outputs/pilot/pseudo_concepts/npz/isic2018/ISIC_0014968.npz
isic2018,ISIC_0014968,shap,border_w8_dil2_sigma5,20,0.0,0.0,0.0001443130426490875,0.3810185180260336,-0.02409394543153277,0.0003786670918367347,0.20001594387755103,/home/tbeliere/Projects/DCU/2026-mcm-XAI-skin-lesion/outputs/pilot/xai_maps/shap/isic2018_ISIC_0014968.npy,/home/tbeliere/Projects/DCU/2026-mcm-XAI-skin-lesion/outputs/pilot/pseudo_concepts/npz/isic2018/ISIC_0014968.npz
isic2018,ISIC_0014968,shap,border_w12_dil4_sigma8,20,0.0,0.0,0.0002369987051254472,0.45724231262291004,-0.02706694865027973,0.0005181760204081633,0.20001594387755103,/home/tbeliere/Projects/DCU/2026-mcm-XAI-skin-lesion/outputs/pilot/xai_maps/shap/isic2018_ISIC_0014968.npy,/home/tbeliere/Projects/DCU/2026-mcm-XAI-skin-lesion/outputs/pilot/pseudo_concepts/npz/isic2018/ISIC_0014968.npz
isic2018,ISIC_0014968,shap,border_w16_dil6_sigma10,20,0.0,0.0,0.00026391032869675933,0.4412513045828028,-0.0248199881100302,0.0005978954081632653,0.20001594387755103,/home/tbeliere/Projects/DCU/2026-mcm-XAI-skin-lesion/outputs/pilot/xai_maps/shap/isic2018_ISIC_0014968.npy,/home/tbeliere/Projects/DCU/2026-mcm-XAI-skin-lesion/outputs/pilot/pseudo_concepts/npz/isic2018/ISIC_0014968.npz
isic2018,ISIC_0014968,shap,border_w16_dil6_sigma10_dist,20,0.0,0.0,0.00026391032869675933,0.4412513045828028,-0.027878137698001328,0.0005978954081632653,0.20001594387755103,/home/tbeliere/Projects/DCU/2026-mcm-XAI-skin-lesion/outputs/pilot/xai_maps/shap/isic2018_ISIC_0014968.npy,/home/tbeliere/Projects/DCU/2026-mcm-XAI-skin-lesion/outputs/pilot/pseudo_concepts/npz/isic2018/ISIC_0014968.npz
isic2018,ISIC_0014968,shap,colour_heterogeneity,20,0.04278796538855061,0.08206455542015677,0.06439776843161298,1.045243203366532,0.32779016474435746,0.06178252551020408,0.20001594387755103,/home/tbeliere/Projects/DCU/2026-mcm-XAI-skin-lesion/outputs/pilot/xai_maps/shap/isic2018_ISIC_0014968.npy,/home/tbeliere/Projects/DCU/2026-mcm-XAI-skin-lesion/outputs/pilot/pseudo_concepts/npz/isic2018/ISIC_0014968.npz
isic2018,ISIC_0014857,gradcam,asymmetry,20,0.028879892037767287,0.056138509968483644,0.027769264299728254,0.25760930112224567,-0.09699116533501684,0.09980867346938775,0.20408163265306123,/home/tbeliere/Projects/DCU/2026-mcm-XAI-skin-lesion/outputs/pilot/xai_maps/gradcam/isic2018_ISIC_0014857.npy,/home/tbeliere/Projects/DCU/2026-mcm-XAI-skin-lesion/outputs/pilot/pseudo_concepts/npz/isic2018/ISIC_0014857.npz
isic2018,ISIC_0014857,gradcam,border_default,20,0.0014560279557353367,0.002907822041288254,0.0006895269648858904,0.4489408767994605,-0.04710242737381604,0.0015345982142857143,0.20408163265306123,/home/tbeliere/Projects/DCU/2026-mcm-XAI-skin-lesion/outputs/pilot/xai_maps/gradcam/isic2018_ISIC_0014857.npy,/home/tbeliere/Projects/DCU/2026-mcm-XAI-skin-lesion/outputs/pilot/pseudo_concepts/npz/isic2018/ISIC_0014857.npz
isic2018,ISIC_0014857,gradcam,border_w8_dil2_sigma5,20,0.0014560279557353367,0.002907822041288254,0.0006895269648858904,0.4489408767994605,-0.04710242737381604,0.0015345982142857143,0.20408163265306123,/home/tbeliere/Projects/DCU/2026-mcm-XAI-skin-lesion/outputs/pilot/xai_maps/gradcam/isic2018_ISIC_0014857.npy,/home/tbeliere/Projects/DCU/2026-mcm-XAI-skin-lesion/outputs/pilot/pseudo_concepts/npz/isic2018/ISIC_0014857.npz
isic2018,ISIC_0014857,gradcam,border_w12_dil4_sigma8,20,0.0024168600154655675,0.004822065772972493,0.001343274056607967,0.5218391762648014,-0.05772438330979961,0.002570950255102041,0.20408163265306123,/home/tbeliere/Projects/DCU/2026-mcm-XAI-skin-lesion/outputs/pilot/xai_maps/gradcam/isic2018_ISIC_0014857.npy,/home/tbeliere/Projects/DCU/2026-mcm-XAI-skin-lesion/outputs/pilot/pseudo_concepts/npz/isic2018/ISIC_0014857.npz
isic2018,ISIC_0014857,gradcam,border_w16_dil6_sigma10,20,0.004949081564666461,0.009849417558471588,0.002832662688924105,0.443978814989329,-0.06562806420616162,0.006357621173469388,0.20408163265306123,/home/tbeliere/Projects/DCU/2026-mcm-XAI-skin-lesion/outputs/pilot/xai_maps/gradcam/isic2018_ISIC_0014857.npy,/home/tbeliere/Projects/DCU/2026-mcm-XAI-skin-lesion/outputs/pilot/pseudo_concepts/npz/isic2018/ISIC_0014857.npz
isic2018,ISIC_0014857,gradcam,border_w16_dil6_sigma10_dist,20,0.003448606188328912,0.006873508353215395,0.0019959399005628035,0.42501524806997315,-0.06222042728301057,0.004683514030612245,0.20408163265306123,/home/tbeliere/Projects/DCU/2026-mcm-XAI-skin-lesion/outputs/pilot/xai_maps/gradcam/isic2018_ISIC_0014857.npy,/home/tbeliere/Projects/DCU/2026-mcm-XAI-skin-lesion/outputs/pilot/pseudo_concepts/npz/isic2018/ISIC_0014857.npz
isic2018,ISIC_0014857,gradcam,colour_heterogeneity,20,0.07274134261939182,0.13561767357967933,0.0810769586927924,5.1200622926899655,0.3951467236706319,0.016940369897959183,0.20408163265306123,/home/tbeliere/Projects/DCU/2026-mcm-XAI-skin-lesion/outputs/pilot/xai_maps/gradcam/isic2018_ISIC_0014857.npy,/home/tbeliere/Projects/DCU/2026-mcm-XAI-skin-lesion/outputs/pilot/pseudo_concepts/npz/isic2018/ISIC_0014857.npz
isic2018,ISIC_0014857,lime,asymmetry,20,0.11250898634073678,0.20226171243937757,0.11952839138089964,1.2243969264632097,0.13429054356305284,0.09980867346938775,0.8871173469387755,/home/tbeliere/Projects/DCU/2026-mcm-XAI-skin-lesion/outputs/pilot/xai_maps/lime/isic2018_ISIC_0014857.npy,/home/tbeliere/Projects/DCU/2026-mcm-XAI-skin-lesion/outputs/pilot/pseudo_concepts/npz/isic2018/ISIC_0014857.npz
isic2018,ISIC_0014857,lime,border_default,20,0.0017298705966926381,0.003453766624054486,0.0016068766576959298,1.0471750930568926,0.019852665689257677,0.0015345982142857143,0.8871173469387755,/home/tbeliere/Projects/DCU/2026-mcm-XAI-skin-lesion/outputs/pilot/xai_maps/lime/isic2018_ISIC_0014857.npy,/home/tbeliere/Projects/DCU/2026-mcm-XAI-skin-lesion/outputs/pilot/pseudo_concepts/npz/isic2018/ISIC_0014857.npz
isic2018,ISIC_0014857,lime,border_w8_dil2_sigma5,20,0.0017298705966926381,0.003453766624054486,0.0016068766576959298,1.0471750930568926,0.019852665689257677,0.0015345982142857143,0.8871173469387755,/home/tbeliere/Projects/DCU/2026-mcm-XAI-skin-lesion/outputs/pilot/xai_maps/lime/isic2018_ISIC_0014857.npy,/home/tbeliere/Projects/DCU/2026-mcm-XAI-skin-lesion/outputs/pilot/pseudo_concepts/npz/isic2018/ISIC_0014857.npz
isic2018,ISIC_0014857,lime,border_w12_dil4_sigma8,20,0.0028980948957577964,0.005779440424720374,0.0024974348053346377,0.9713337023667591,0.017345587214411755,0.002570950255102041,0.8871173469387755,/home/tbeliere/Projects/DCU/2026-mcm-XAI-skin-lesion/outputs/pilot/xai_maps/lime/isic2018_ISIC_0014857.npy,/home/tbeliere/Projects/DCU/2026-mcm-XAI-skin-lesion/outputs/pilot/pseudo_concepts/npz/isic2018/ISIC_0014857.npz
isic2018,ISIC_0014857,lime,border_w16_dil6_sigma10,20,0.007166606757726643,0.014231223929866782,0.006175827154277128,0.9712276522162877,0.015845117395110252,0.006357621173469388,0.8871173469387755,/home/tbeliere/Projects/DCU/2026-mcm-XAI-skin-lesion/outputs/pilot/xai_maps/lime/isic2018_ISIC_0014857.npy,/home/tbeliere/Projects/DCU/2026-mcm-XAI-skin-lesion/outputs/pilot/pseudo_concepts/npz/isic2018/ISIC_0014857.npz
isic2018,ISIC_0014857,lime,border_w16_dil6_sigma10_dist,20,0.005279475197698311,0.010503497441166893,0.004549590536849921,0.9712746578029979,0.015627628076840656,0.004683514030612245,0.8871173469387755,/home/tbeliere/Projects/DCU/2026-mcm-XAI-skin-lesion/outputs/pilot/xai_maps/lime/isic2018_ISIC_0014857.npy,/home/tbeliere/Projects/DCU/2026-mcm-XAI-skin-lesion/outputs/pilot/pseudo_concepts/npz/isic2018/ISIC_0014857.npz
isic2018,ISIC_0014857,lime,colour_heterogeneity,20,0.018638282583306694,0.036594506415053,0.023038352080218753,1.3684561239383306,-0.24056501683789575,0.016940369897959183,0.8871173469387755,/home/tbeliere/Projects/DCU/2026-mcm-XAI-skin-lesion/outputs/pilot/xai_maps/lime/isic2018_ISIC_0014857.npy,/home/tbeliere/Projects/DCU/2026-mcm-XAI-skin-lesion/outputs/pilot/pseudo_concepts/npz/isic2018/ISIC_0014857.npz
isic2018,ISIC_0014857,shap,asymmetry,20,0.03366772021435092,0.06514224940171155,0.07488262845148551,0.7300468571666573,-0.07749714818943278,0.09980867346938775,0.20001594387755103,/home/tbeliere/Projects/DCU/2026-mcm-XAI-skin-lesion/outputs/pilot/xai_maps/shap/isic2018_ISIC_0014857.npy,/home/tbeliere/Projects/DCU/2026-mcm-XAI-skin-lesion/outputs/pilot/pseudo_concepts/npz/isic2018/ISIC_0014857.npz
isic2018,ISIC_0014857,shap,border_default,20,0.0008907363420418737,0.001779887273804232,0.0012420522166781912,0.8091292294127292,-0.0566316262914917,0.0015345982142857143,0.20001594387755103,/home/tbeliere/Projects/DCU/2026-mcm-XAI-skin-lesion/outputs/pilot/xai_maps/shap/isic2018_ISIC_0014857.npy,/home/tbeliere/Projects/DCU/2026-mcm-XAI-skin-lesion/outputs/pilot/pseudo_concepts/npz/isic2018/ISIC_0014857.npz
isic2018,ISIC_0014857,shap,border_w8_dil2_sigma5,20,0.0008907363420418737,0.001779887273804232,0.0012420522166781912,0.8091292294127292,-0.0566316262914917,0.0015345982142857143,0.20001594387755103,/home/tbeliere/Projects/DCU/2026-mcm-XAI-skin-lesion/outputs/pilot/xai_maps/shap/isic2018_ISIC_0014857.npy,/home/tbeliere/Projects/DCU/2026-mcm-XAI-skin-lesion/outputs/pilot/pseudo_concepts/npz/isic2018/ISIC_0014857.npz
isic2018,ISIC_0014857,shap,border_w12_dil4_sigma8,20,0.0011819166748732572,0.0023610427938983167,0.0019013176646600987,0.7390425236919268,-0.06944732320511059,0.002570950255102041,0.20001594387755103,/home/tbeliere/Projects/DCU/2026-mcm-XAI-skin-lesion/outputs/pilot/xai_maps/shap/isic2018_ISIC_0014857.npy,/home/tbeliere/Projects/DCU/2026-mcm-XAI-skin-lesion/outputs/pilot/pseudo_concepts/npz/isic2018/ISIC_0014857.npz
isic2018,ISIC_0014857,shap,border_w16_dil6_sigma10,20,0.002323105217304885,0.004635441815543567,0.004385005371730643,0.6883575116098273,-0.0771276877000188,0.006357621173469388,0.20001594387755103,/home/tbeliere/Projects/DCU/2026-mcm-XAI-skin-lesion/outputs/pilot/xai_maps/shap/isic2018_ISIC_0014857.npy,/home/tbeliere/Projects/DCU/2026-mcm-XAI-skin-lesion/outputs/pilot/pseudo_concepts/npz/isic2018/ISIC_0014857.npz
isic2018,ISIC_0014857,shap,border_w16_dil6_sigma10_dist,20,0.0017555837315890415,0.00350501411741456,0.0032374180214156745,0.6902339998485629,-0.0739292986027952,0.004683514030612245,0.20001594387755103,/home/tbeliere/Projects/DCU/2026-mcm-XAI-skin-lesion/outputs/pilot/xai_maps/shap/isic2018_ISIC_0014857.npy,/home/tbeliere/Projects/DCU/2026-mcm-XAI-skin-lesion/outputs/pilot/pseudo_concepts/npz/isic2018/ISIC_0014857.npz
isic2018,ISIC_0014857,shap,colour_heterogeneity,20,0.04673076923072429,0.08928899503941824,0.03378038496411801,2.02882997438662,0.4533922063670801,0.016940369897959183,0.20001594387755103,/home/tbeliere/Projects/DCU/2026-mcm-XAI-skin-lesion/outputs/pilot/xai_maps/shap/isic2018_ISIC_0014857.npy,/home/tbeliere/Projects/DCU/2026-mcm-XAI-skin-lesion/outputs/pilot/pseudo_concepts/npz/isic2018/ISIC_0014857.npz
isic2018,ISIC_0015166,gradcam,asymmetry,20,0.0,0.0,0.002728632562107347,0.05198149696714408,-0.10243171859036461,0.05000398596938776,0.20408163265306123,/home/tbeliere/Projects/DCU/2026-mcm-XAI-skin-lesion/outputs/pilot/xai_maps/gradcam/isic2018_ISIC_0015166.npy,/home/tbeliere/Projects/DCU/2026-mcm-XAI-skin-lesion/outputs/pilot/pseudo_concepts/npz/isic2018/ISIC_0015166.npz
isic2018,ISIC_0015166,gradcam,border_default,20,0.0,0.0,7.724328466206229e-05,0.03683758712900173,-0.07859299819443899,0.0020926339285714285,0.20408163265306123,/home/tbeliere/Projects/DCU/2026-mcm-XAI-skin-lesion/outputs/pilot/xai_maps/gradcam/isic2018_ISIC_0015166.npy,/home/tbeliere/Projects/DCU/2026-mcm-XAI-skin-lesion/outputs/pilot/pseudo_concepts/npz/isic2018/ISIC_0015166.npz
isic2018,ISIC_0015166,gradcam,border_w8_dil2_sigma5,20,0.0,0.0,7.724328466206229e-05,0.03683758712900173,-0.07859299819443899,0.0020926339285714285,0.20408163265306123,/home/tbeliere/Projects/DCU/2026-mcm-XAI-skin-lesion/outputs/pilot/xai_maps/gradcam/isic2018_ISIC_0015166.npy,/home/tbeliere/Projects/DCU/2026-mcm-XAI-skin-lesion/outputs/pilot/pseudo_concepts/npz/isic2018/ISIC_0015166.npz
isic2018,ISIC_0015166,gradcam,border_w12_dil4_sigma8,20,0.0,0.0,0.0002329427776109717,0.05364193166822654,-0.09129421120851614,0.004324776785714286,0.20408163265306123,/home/tbeliere/Projects/DCU/2026-mcm-XAI-skin-lesion/outputs/pilot/xai_maps/gradcam/isic2018_ISIC_0015166.npy,/home/tbeliere/Projects/DCU/2026-mcm-XAI-skin-lesion/outputs/pilot/pseudo_concepts/npz/isic2018/ISIC_0015166.npz
isic2018,ISIC_0015166,gradcam,border_w16_dil6_sigma10,20,0.0,0.0,0.0003371411609526454,0.0678970091497045,-0.10118945339280425,0.004942602040816327,0.20408163265306123,/home/tbeliere/Projects/DCU/2026-mcm-XAI-skin-lesion/outputs/pilot/xai_maps/gradcam/isic2018_ISIC_0015166.npy,/home/tbeliere/Projects/DCU/2026-mcm-XAI-skin-lesion/outputs/pilot/pseudo_concepts/npz/isic2018/ISIC_0015166.npz
isic2018,ISIC_0015166,gradcam,border_w16_dil6_sigma10_dist,20,0.0,0.0,0.000262436565314118,0.06592579574658312,-0.09531565371214236,0.003966039540816327,0.20408163265306123,/home/tbeliere/Projects/DCU/2026-mcm-XAI-skin-lesion/outputs/pilot/xai_maps/gradcam/isic2018_ISIC_0015166.npy,/home/tbeliere/Projects/DCU/2026-mcm-XAI-skin-lesion/outputs/pilot/pseudo_concepts/npz/isic2018/ISIC_0015166.npz
isic2018,ISIC_0015166,gradcam,colour_heterogeneity,20,0.041845720324028286,0.08032997498135078,0.041306565627565586,0.432160721806254,0.24434649866215052,0.09066087372448979,0.20408163265306123,/home/tbeliere/Projects/DCU/2026-mcm-XAI-skin-lesion/outputs/pilot/xai_maps/gradcam/isic2018_ISIC_0015166.npy,/home/tbeliere/Projects/DCU/2026-mcm-XAI-skin-lesion/outputs/pilot/pseudo_concepts/npz/isic2018/ISIC_0015166.npz
isic2018,ISIC_0015166,lime,asymmetry,20,0.05294697716752412,0.10056912326194037,0.05371748458029843,1.0784797905224175,0.04238933700745223,0.05000398596938776,0.2266422193877551,/home/tbeliere/Projects/DCU/2026-mcm-XAI-skin-lesion/outputs/pilot/xai_maps/lime/isic2018_ISIC_0015166.npy,/home/tbeliere/Projects/DCU/2026-mcm-XAI-skin-lesion/outputs/pilot/pseudo_concepts/npz/isic2018/ISIC_0015166.npz
isic2018,ISIC_0015166,lime,border_default,20,0.005167279733749196,0.010281432430068587,0.002748726200052712,1.314388736069165,0.0403636670318093,0.0020926339285714285,0.2266422193877551,/home/tbeliere/Projects/DCU/2026-mcm-XAI-skin-lesion/outputs/pilot/xai_maps/lime/isic2018_ISIC_0015166.npy,/home/tbeliere/Projects/DCU/2026-mcm-XAI-skin-lesion/outputs/pilot/pseudo_concepts/npz/isic2018/ISIC_0015166.npz
isic2018,ISIC_0015166,lime,border_w8_dil2_sigma5,20,0.005167279733749196,0.010281432430068587,0.002748726200052712,1.314388736069165,0.0403636670318093,0.0020926339285714285,0.2266422193877551,/home/tbeliere/Projects/DCU/2026-mcm-XAI-skin-lesion/outputs/pilot/xai_maps/lime/isic2018_ISIC_0015166.npy,/home/tbeliere/Projects/DCU/2026-mcm-XAI-skin-lesion/outputs/pilot/pseudo_concepts/npz/isic2018/ISIC_0015166.npz
isic2018,ISIC_0015166,lime,border_w12_dil4_sigma8,20,0.010903698534533405,0.021572180515987943,0.005732099758646509,1.3272853381411185,0.06454529238075701,0.004324776785714286,0.2266422193877551,/home/tbeliere/Projects/DCU/2026-mcm-XAI-skin-lesion/outputs/pilot/xai_maps/lime/isic2018_ISIC_0015166.npy,/home/tbeliere/Projects/DCU/2026-mcm-XAI-skin-lesion/outputs/pilot/pseudo_concepts/npz/isic2018/ISIC_0015166.npz
isic2018,ISIC_0015166,lime,border_w16_dil6_sigma10,20,0.010434782608686577,0.020654044750412517,0.006167873424508525,1.2494385772958638,0.07941062374046597,0.004942602040816327,0.2266422193877551,/home/tbeliere/Projects/DCU/2026-mcm-XAI-skin-lesion/outputs/pilot/xai_maps/lime/isic2018_ISIC_0015166.npy,/home/tbeliere/Projects/DCU/2026-mcm-XAI-skin-lesion/outputs/pilot/pseudo_concepts/npz/isic2018/ISIC_0015166.npz
isic2018,ISIC_0015166,lime,border_w16_dil6_sigma10_dist,20,0.008453895764329393,0.016766053063679225,0.004961115580582944,1.252150104945967,0.07086877422550908,0.003966039540816327,0.2266422193877551,/home/tbeliere/Projects/DCU/2026-mcm-XAI-skin-lesion/outputs/pilot/xai_maps/lime/isic2018_ISIC_0015166.npy,/home/tbeliere/Projects/DCU/2026-mcm-XAI-skin-lesion/outputs/pilot/pseudo_concepts/npz/isic2018/ISIC_0015166.npz
isic2018,ISIC_0015166,lime,colour_heterogeneity,20,0.08291388926671002,0.15313108473076242,0.096004290694524,1.065197723902764,0.2857121197319667,0.09066087372448979,0.2266422193877551,/home/tbeliere/Projects/DCU/2026-mcm-XAI-skin-lesion/outputs/pilot/xai_maps/lime/isic2018_ISIC_0015166.npy,/home/tbeliere/Projects/DCU/2026-mcm-XAI-skin-lesion/outputs/pilot/pseudo_concepts/npz/isic2018/ISIC_0015166.npz
isic2018,ISIC_0015166,shap,asymmetry,20,0.016859852476277165,0.03316062176163159,0.03404768847406595,0.6696517296278748,-0.053087618212136,0.05000398596938776,0.20001594387755103,/home/tbeliere/Projects/DCU/2026-mcm-XAI-skin-lesion/outputs/pilot/xai_maps/shap/isic2018_ISIC_0015166.npy,/home/tbeliere/Projects/DCU/2026-mcm-XAI-skin-lesion/outputs/pilot/pseudo_concepts/npz/isic2018/ISIC_0015166.npz
isic2018,ISIC_0015166,shap,border_default,20,0.00039459406135898724,0.0007888768366031072,0.0007959085767848404,0.379844472754538,-0.0476628666513441,0.0020926339285714285,0.20001594387755103,/home/tbeliere/Projects/DCU/2026-mcm-XAI-skin-lesion/outputs/pilot/xai_maps/shap/isic2018_ISIC_0015166.npy,/home/tbeliere/Projects/DCU/2026-mcm-XAI-skin-lesion/outputs/pilot/pseudo_concepts/npz/isic2018/ISIC_0015166.npz
isic2018,ISIC_0015166,shap,border_w8_dil2_sigma5,20,0.00039459406135898724,0.0007888768366031072,0.0007959085767848404,0.379844472754538,-0.0476628666513441,0.0020926339285714285,0.20001594387755103,/home/tbeliere/Projects/DCU/2026-mcm-XAI-skin-lesion/outputs/pilot/xai_maps/shap/isic2018_ISIC_0015166.npy,/home/tbeliere/Projects/DCU/2026-mcm-XAI-skin-lesion/outputs/pilot/pseudo_concepts/npz/isic2018/ISIC_0015166.npz
isic2018,ISIC_0015166,shap,border_w12_dil4_sigma8,20,0.0003902819787292513,0.0007802594362617963,0.00143429191705507,0.33068518312749834,-0.05552460044553052,0.004324776785714286,0.20001594387755103,/home/tbeliere/Projects/DCU/2026-mcm-XAI-skin-lesion/outputs/pilot/xai_maps/shap/isic2018_ISIC_0015166.npy,/home/tbeliere/Projects/DCU/2026-mcm-XAI-skin-lesion/outputs/pilot/pseudo_concepts/npz/isic2018/ISIC_0015166.npz
isic2018,ISIC_0015166,shap,border_w16_dil6_sigma10,20,0.0,0.0,0.0013686169928819295,0.27591101578469146,-0.060306334036086554,0.004942602040816327,0.20001594387755103,/home/tbeliere/Projects/DCU/2026-mcm-XAI-skin-lesion/outputs/pilot/xai_maps/shap/isic2018_ISIC_0015166.npy,/home/tbeliere/Projects/DCU/2026-mcm-XAI-skin-lesion/outputs/pilot/pseudo_concepts/npz/isic2018/ISIC_0015166.npz
isic2018,ISIC_0015166,shap,border_w16_dil6_sigma10_dist,20,0.0,0.0,0.0010310615017891976,0.2592086903684822,-0.06013979276468197,0.003966039540816327,0.20001594387755103,/home/tbeliere/Projects/DCU/2026-mcm-XAI-skin-lesion/outputs/pilot/xai_maps/shap/isic2018_ISIC_0015166.npy,/home/tbeliere/Projects/DCU/2026-mcm-XAI-skin-lesion/outputs/pilot/pseudo_concepts/npz/isic2018/ISIC_0015166.npz
isic2018,ISIC_0015166,shap,colour_heterogeneity,20,0.04988482579898511,0.09502913952684605,0.08071495845517035,0.8806628625614407,0.298150108360492,0.09066087372448979,0.20001594387755103,/home/tbeliere/Projects/DCU/2026-mcm-XAI-skin-lesion/outputs/pilot/xai_maps/shap/isic2018_ISIC_0015166.npy,/home/tbeliere/Projects/DCU/2026-mcm-XAI-skin-lesion/outputs/pilot/pseudo_concepts/npz/isic2018/ISIC_0015166.npz
